all_created_after_regular_close,asset,cause_classification,created_local_date_match_count,created_regular_session_count,created_valid_count,executed_local_date_match_count,executed_regular_session_count,executed_valid_count,lag_over_300_seconds_count,lag_over_3600_seconds_count,lag_seconds_max,lag_seconds_min,lag_seconds_p50,lag_seconds_p95,lag_seconds_p99,max_created_at_utc,max_executed_at_utc,min_created_at_utc,min_executed_at_utc,negative_lag_count,raw_source_status,regular_session_close_utc,regular_session_open_utc,session_date,source_row_count,source_temporal_state,timestamp_schema,timestamp_unit,valid_timestamp_pair_count
False,AAPL,NO_TEMPORAL_ANOMALY_OBSERVED,158546,158545,158546,158546,158546,158546,0,0,7.83511,0.032629,0.0710615,0.146749,2.3934892999999975,2025-07-07T20:00:00.042225Z,2025-07-07T19:59:59.957504Z,2025-07-07T13:30:00.098240Z,2025-07-07T13:30:00.003477Z,0,PRESENT_NONEMPTY,2025-07-07T20:00:00Z,2025-07-07T13:30:00Z,2025-07-07,158546,SOURCE_AVAILABLE,executed_at_and_created_at_timestamp,nanoseconds_normalized_from_arrow_unit,158546
False,AMZN,NO_TEMPORAL_ANOMALY_OBSERVED,105405,105405,105405,105405,105405,105405,0,0,3.815367,0.032308,0.070429,0.13761319999999988,1.2410285599999982,2025-07-07T19:59:59.997655Z,2025-07-07T19:59:59.921350Z,2025-07-07T13:30:00.165234Z,2025-07-07T13:30:00.021868Z,0,PRESENT_NONEMPTY,2025-07-07T20:00:00Z,2025-07-07T13:30:00Z,2025-07-07,105405,SOURCE_AVAILABLE,executed_at_and_created_at_timestamp,nanoseconds_normalized_from_arrow_unit,105405
False,META,NO_TEMPORAL_ANOMALY_OBSERVED,73495,73492,73495,73495,73495,73495,0,0,5.00398,0.032387,0.070876,0.1554209,0.929658839999994,2025-07-07T20:00:00.036009Z,2025-07-07T19:59:59.941250Z,2025-07-07T13:30:00.134442Z,2025-07-07T13:30:00.019169Z,0,PRESENT_NONEMPTY,2025-07-07T20:00:00Z,2025-07-07T13:30:00Z,2025-07-07,73495,SOURCE_AVAILABLE,executed_at_and_created_at_timestamp,nanoseconds_normalized_from_arrow_unit,73495
False,MSFT,NO_TEMPORAL_ANOMALY_OBSERVED,32597,32593,32597,32597,32597,32597,0,0,11.528234,0.03418,0.074261,0.4565465999999969,6.475594360000007,2025-07-07T20:00:00.070564Z,2025-07-07T19:59:59.945794Z,2025-07-07T13:30:01.657305Z,2025-07-07T13:30:00.273495Z,0,PRESENT_NONEMPTY,2025-07-07T20:00:00Z,2025-07-07T13:30:00Z,2025-07-07,32597,SOURCE_AVAILABLE,executed_at_and_created_at_timestamp,nanoseconds_normalized_from_arrow_unit,32597
False,NVDA,NO_TEMPORAL_ANOMALY_OBSERVED,193236,193236,193236,193236,193236,193236,0,0,4.894787,0.031668,0.071036,0.155545,2.8585964499999994,2025-07-07T19:59:59.991769Z,2025-07-07T19:59:59.909969Z,2025-07-07T13:30:00.070029Z,2025-07-07T13:30:00.003985Z,0,PRESENT_NONEMPTY,2025-07-07T20:00:00Z,2025-07-07T13:30:00Z,2025-07-07,193236,SOURCE_AVAILABLE,executed_at_and_created_at_timestamp,nanoseconds_normalized_from_arrow_unit,193236
False,QQQ,NO_TEMPORAL_ANOMALY_OBSERVED,495496,495493,495496,495496,495496,495496,0,0,3.833755,0.031047,0.072425,0.18899625,1.0476904499999942,2025-07-07T20:00:00.165634Z,2025-07-07T19:59:59.898752Z,2025-07-07T13:30:00.096406Z,2025-07-07T13:30:00.002551Z,0,PRESENT_NONEMPTY,2025-07-07T20:00:00Z,2025-07-07T13:30:00Z,2025-07-07,495496,SOURCE_AVAILABLE,executed_at_and_created_at_timestamp,nanoseconds_normalized_from_arrow_unit,495496
False,SPY,NO_TEMPORAL_ANOMALY_OBSERVED,1051415,1050930,1051415,1051415,1051415,1051415,0,0,6.935908,0.031186,0.074277,0.6455024999999996,3.421034759999999,2025-07-07T20:00:03.773703Z,2025-07-07T19:59:59.991640Z,2025-07-07T13:30:00.099549Z,2025-07-07T13:30:00.002876Z,0,PRESENT_NONEMPTY,2025-07-07T20:00:00Z,2025-07-07T13:30:00Z,2025-07-07,1051415,SOURCE_AVAILABLE,executed_at_and_created_at_timestamp,nanoseconds_normalized_from_arrow_unit,1051415
False,TSLA,NO_TEMPORAL_ANOMALY_OBSERVED,520828,520810,520828,520828,520828,520828,0,0,9.197463,0.030931,0.077056,0.36342449999999965,3.480079,2025-07-07T20:00:00.310640Z,2025-07-07T19:59:59.984720Z,2025-07-07T13:30:00.172213Z,2025-07-07T13:30:00.002700Z,0,PRESENT_NONEMPTY,2025-07-07T20:00:00Z,2025-07-07T13:30:00Z,2025-07-07,520828,SOURCE_AVAILABLE,executed_at_and_created_at_timestamp,nanoseconds_normalized_from_arrow_unit,520828
False,AAPL,NO_TEMPORAL_ANOMALY_OBSERVED,109437,109436,109437,109437,109437,109437,0,0,2.250819,0.033093,0.068846,0.112706,0.23928576,2025-07-08T20:00:00.030792Z,2025-07-08T19:59:59.946822Z,2025-07-08T13:30:00.070114Z,2025-07-08T13:30:00.031163Z,0,PRESENT_NONEMPTY,2025-07-08T20:00:00Z,2025-07-08T13:30:00Z,2025-07-08,109437,SOURCE_AVAILABLE,executed_at_and_created_at_timestamp,nanoseconds_normalized_from_arrow_unit,109437
False,AMZN,NO_TEMPORAL_ANOMALY_OBSERVED,132146,132145,132146,132146,132146,132146,0,0,2.312446,0.032233,0.069068,0.109946,0.22876865000000007,2025-07-08T20:00:00.030792Z,2025-07-08T19:59:59.955385Z,2025-07-08T13:30:00.070114Z,2025-07-08T13:30:00.020459Z,0,PRESENT_NONEMPTY,2025-07-08T20:00:00Z,2025-07-08T13:30:00Z,2025-07-08,132146,SOURCE_AVAILABLE,executed_at_and_created_at_timestamp,nanoseconds_normalized_from_arrow_unit,132146
False,META,NO_TEMPORAL_ANOMALY_OBSERVED,62228,62228,62228,62228,62228,62228,0,0,2.458576,0.032684,0.070255,0.12242554999999973,0.2674366599999998,2025-07-08T19:59:59.038217Z,2025-07-08T19:59:58.921280Z,2025-07-08T13:30:00.067967Z,2025-07-08T13:30:00.020066Z,0,PRESENT_NONEMPTY,2025-07-08T20:00:00Z,2025-07-08T13:30:00Z,2025-07-08,62228,SOURCE_AVAILABLE,executed_at_and_created_at_timestamp,nanoseconds_normalized_from_arrow_unit,62228
False,MSFT,NO_TEMPORAL_ANOMALY_OBSERVED,30293,30293,30293,30293,30293,30293,0,0,1.974438,0.033472,0.069714,0.12591859999999994,0.41129831999999517,2025-07-08T19:59:59.940700Z,2025-07-08T19:59:59.851324Z,2025-07-08T13:30:00.332545Z,2025-07-08T13:30:00.276542Z,0,PRESENT_NONEMPTY,2025-07-08T20:00:00Z,2025-07-08T13:30:00Z,2025-07-08,30293,SOURCE_AVAILABLE,executed_at_and_created_at_timestamp,nanoseconds_normalized_from_arrow_unit,30293
False,NVDA,NO_TEMPORAL_ANOMALY_OBSERVED,190572,190571,190572,190572,190572,190572,0,0,13.974735,0.031414,0.069528,0.11313089999999996,0.18176138000000017,2025-07-08T20:00:00.020991Z,2025-07-08T19:59:59.916503Z,2025-07-08T13:30:00.068316Z,2025-07-08T13:30:00.002138Z,0,PRESENT_NONEMPTY,2025-07-08T20:00:00Z,2025-07-08T13:30:00Z,2025-07-08,190572,SOURCE_AVAILABLE,executed_at_and_created_at_timestamp,nanoseconds_normalized_from_arrow_unit,190572
False,QQQ,NO_TEMPORAL_ANOMALY_OBSERVED,422971,422964,422971,422971,422971,422971,0,0,3.056611,0.031635,0.071165,0.140917,0.40193549999999995,2025-07-08T20:00:00.108139Z,2025-07-08T19:59:59.996315Z,2025-07-08T13:30:00.072705Z,2025-07-08T13:30:00.004116Z,0,PRESENT_NONEMPTY,2025-07-08T20:00:00Z,2025-07-08T13:30:00Z,2025-07-08,422971,SOURCE_AVAILABLE,executed_at_and_created_at_timestamp,nanoseconds_normalized_from_arrow_unit,422971
False,SPY,NO_TEMPORAL_ANOMALY_OBSERVED,854400,854205,854400,854400,854400,854400,0,0,6.465609,0.031489,0.073383,0.353698,1.8211565000000023,2025-07-08T20:00:04.973526Z,2025-07-08T19:59:59.998808Z,2025-07-08T13:30:00.067787Z,2025-07-08T13:30:00.002680Z,0,PRESENT_NONEMPTY,2025-07-08T20:00:00Z,2025-07-08T13:30:00Z,2025-07-08,854400,SOURCE_AVAILABLE,executed_at_and_created_at_timestamp,nanoseconds_normalized_from_arrow_unit,854400
False,TSLA,NO_TEMPORAL_ANOMALY_OBSERVED,438704,438635,438704,438704,438704,438704,0,0,3.261492,0.031791,0.074252,0.1708383999999999,0.43465672999999977,2025-07-08T20:00:01.350786Z,2025-07-08T19:59:59.943440Z,2025-07-08T13:30:00.114360Z,2025-07-08T13:30:00.002456Z,0,PRESENT_NONEMPTY,2025-07-08T20:00:00Z,2025-07-08T13:30:00Z,2025-07-08,438704,SOURCE_AVAILABLE,executed_at_and_created_at_timestamp,nanoseconds_normalized_from_arrow_unit,438704
False,AAPL,NO_TEMPORAL_ANOMALY_OBSERVED,131860,131860,131860,131860,131860,131860,0,0,6.659246,0.032252,0.069112,0.114257,0.31222200000000105,2025-07-09T19:59:59.895935Z,2025-07-09T19:59:59.774762Z,2025-07-09T13:30:00.098598Z,2025-07-09T13:30:00.002839Z,0,PRESENT_NONEMPTY,2025-07-09T20:00:00Z,2025-07-09T13:30:00Z,2025-07-09,131860,SOURCE_AVAILABLE,executed_at_and_created_at_timestamp,nanoseconds_normalized_from_arrow_unit,131860
False,AMZN,NO_TEMPORAL_ANOMALY_OBSERVED,100589,100589,100589,100589,100589,100589,0,0,5.02756,0.031964,0.06903,0.11799719999999984,0.46782424,2025-07-09T19:59:59.895935Z,2025-07-09T19:59:59.823299Z,2025-07-09T13:30:00.098598Z,2025-07-09T13:30:00.018278Z,0,PRESENT_NONEMPTY,2025-07-09T20:00:00Z,2025-07-09T13:30:00Z,2025-07-09,100589,SOURCE_AVAILABLE,executed_at_and_created_at_timestamp,nanoseconds_normalized_from_arrow_unit,100589
False,META,NO_TEMPORAL_ANOMALY_OBSERVED,121656,121656,121656,121656,121656,121656,0,0,3.473578,0.032079,0.070219,0.1264035,0.36475924999999904,2025-07-09T19:59:59.847576Z,2025-07-09T19:59:59.767393Z,2025-07-09T13:30:00.155630Z,2025-07-09T13:30:00.056946Z,0,PRESENT_NONEMPTY,2025-07-09T20:00:00Z,2025-07-09T13:30:00Z,2025-07-09,121656,SOURCE_AVAILABLE,executed_at_and_created_at_timestamp,nanoseconds_normalized_from_arrow_unit,121656
False,MSFT,NO_TEMPORAL_ANOMALY_OBSERVED,74657,74641,74657,74657,74657,74657,0,0,2.2686,0.032309,0.072138,0.1756036,0.6982259200000104,2025-07-09T20:00:00.084478Z,2025-07-09T19:59:59.999023Z,2025-07-09T13:30:00.388869Z,2025-07-09T13:30:00.340567Z,0,PRESENT_NONEMPTY,2025-07-09T20:00:00Z,2025-07-09T13:30:00Z,2025-07-09,74657,SOURCE_AVAILABLE,executed_at_and_created_at_timestamp,nanoseconds_normalized_from_arrow_unit,74657
False,NVDA,NO_TEMPORAL_ANOMALY_OBSERVED,357330,357330,357330,357330,357330,357330,0,0,2.188418,0.030908,0.071232,0.13046774999999994,0.32604674000000194,2025-07-09T19:59:59.961079Z,2025-07-09T19:59:59.830523Z,2025-07-09T13:30:00.074558Z,2025-07-09T13:30:00.005074Z,0,PRESENT_NONEMPTY,2025-07-09T20:00:00Z,2025-07-09T13:30:00Z,2025-07-09,357330,SOURCE_AVAILABLE,executed_at_and_created_at_timestamp,nanoseconds_normalized_from_arrow_unit,357330
False,QQQ,NO_TEMPORAL_ANOMALY_OBSERVED,477112,477109,477112,477112,477112,477112,0,0,4.454673,0.031134,0.072231,0.18350314999999967,0.6919469000000001,2025-07-09T20:00:00.073894Z,2025-07-09T19:59:59.934940Z,2025-07-09T13:30:00.071710Z,2025-07-09T13:30:00.002219Z,0,PRESENT_NONEMPTY,2025-07-09T20:00:00Z,2025-07-09T13:30:00Z,2025-07-09,477112,SOURCE_AVAILABLE,executed_at_and_created_at_timestamp,nanoseconds_normalized_from_arrow_unit,477112
False,SPY,NO_TEMPORAL_ANOMALY_OBSERVED,876765,876694,876765,876765,876765,876765,0,0,6.579034,0.030627,0.073903,0.6921279999999993,3.10674,2025-07-09T20:00:02.937997Z,2025-07-09T19:59:59.991520Z,2025-07-09T13:30:00.070426Z,2025-07-09T13:30:00.003305Z,0,PRESENT_NONEMPTY,2025-07-09T20:00:00Z,2025-07-09T13:30:00Z,2025-07-09,876765,SOURCE_AVAILABLE,executed_at_and_created_at_timestamp,nanoseconds_normalized_from_arrow_unit,876765
False,TSLA,NO_TEMPORAL_ANOMALY_OBSERVED,306099,306095,306099,306099,306099,306099,0,0,5.13407,0.031149,0.072117,0.19167779999999912,1.4272117000000035,2025-07-09T20:00:00.178281Z,2025-07-09T19:59:59.978734Z,2025-07-09T13:30:00.073015Z,2025-07-09T13:30:00.006277Z,0,PRESENT_NONEMPTY,2025-07-09T20:00:00Z,2025-07-09T13:30:00Z,2025-07-09,306099,SOURCE_AVAILABLE,executed_at_and_created_at_timestamp,nanoseconds_normalized_from_arrow_unit,306099
False,AAPL,NO_TEMPORAL_ANOMALY_OBSERVED,148996,148996,148996,148996,148996,148996,0,0,6.670968,0.032211,0.06986,0.114095,0.24827624999999995,2025-07-10T19:59:59.791998Z,2025-07-10T19:59:59.712762Z,2025-07-10T13:30:00.099074Z,2025-07-10T13:30:00.003936Z,0,PRESENT_NONEMPTY,2025-07-10T20:00:00Z,2025-07-10T13:30:00Z,2025-07-10,148996,SOURCE_AVAILABLE,executed_at_and_created_at_timestamp,nanoseconds_normalized_from_arrow_unit,148996
False,AMZN,NO_TEMPORAL_ANOMALY_OBSERVED,80210,80210,80210,80210,80210,80210,0,0,5.552623,0.032155,0.0689485,0.10618920000000001,0.27098651000000196,2025-07-10T19:59:59.638696Z,2025-07-10T19:59:59.554890Z,2025-07-10T13:30:00.065016Z,2025-07-10T13:30:00.006475Z,0,PRESENT_NONEMPTY,2025-07-10T20:00:00Z,2025-07-10T13:30:00Z,2025-07-10,80210,SOURCE_AVAILABLE,executed_at_and_created_at_timestamp,nanoseconds_normalized_from_arrow_unit,80210
False,META,NO_TEMPORAL_ANOMALY_OBSERVED,99413,99403,99413,99413,99413,99413,0,0,3.572174,0.032436,0.070729,0.14120159999999946,0.5552497200000156,2025-07-10T20:00:00.096721Z,2025-07-10T19:59:59.979819Z,2025-07-10T13:30:00.096796Z,2025-07-10T13:30:00.006616Z,0,PRESENT_NONEMPTY,2025-07-10T20:00:00Z,2025-07-10T13:30:00Z,2025-07-10,99413,SOURCE_AVAILABLE,executed_at_and_created_at_timestamp,nanoseconds_normalized_from_arrow_unit,99413
False,MSFT,NO_TEMPORAL_ANOMALY_OBSERVED,53760,53760,53760,53760,53760,53760,0,0,5.318255,0.032647,0.0724525,0.15021524999999997,0.9160002399999982,2025-07-10T19:59:59.978526Z,2025-07-10T19:59:59.822215Z,2025-07-10T13:30:00.287714Z,2025-07-10T13:30:00.151679Z,0,PRESENT_NONEMPTY,2025-07-10T20:00:00Z,2025-07-10T13:30:00Z,2025-07-10,53760,SOURCE_AVAILABLE,executed_at_and_created_at_timestamp,nanoseconds_normalized_from_arrow_unit,53760
False,NVDA,NO_TEMPORAL_ANOMALY_OBSERVED,291437,291437,291437,291437,291437,291437,0,0,2.712765,0.032012,0.070838,0.12150820000000001,0.216212,2025-07-10T19:59:59.907865Z,2025-07-10T19:59:59.820081Z,2025-07-10T13:30:00.067460Z,2025-07-10T13:30:00.005285Z,0,PRESENT_NONEMPTY,2025-07-10T20:00:00Z,2025-07-10T13:30:00Z,2025-07-10,291437,SOURCE_AVAILABLE,executed_at_and_created_at_timestamp,nanoseconds_normalized_from_arrow_unit,291437
False,QQQ,NO_TEMPORAL_ANOMALY_OBSERVED,458660,458655,458660,458660,458660,458660,0,0,25.064548,0.031697,0.071562,0.13424309999999975,0.31570140999999996,2025-07-10T20:00:00.331407Z,2025-07-10T19:59:59.998673Z,2025-07-10T13:30:00.131911Z,2025-07-10T13:30:00.002187Z,0,PRESENT_NONEMPTY,2025-07-10T20:00:00Z,2025-07-10T13:30:00Z,2025-07-10,458660,SOURCE_AVAILABLE,executed_at_and_created_at_timestamp,nanoseconds_normalized_from_arrow_unit,458660
False,SPY,NO_TEMPORAL_ANOMALY_OBSERVED,795244,794963,795244,795244,795244,795244,0,0,32.186661,0.030806,0.072239,0.3453002499999999,2.179479,2025-07-10T20:00:03.891990Z,2025-07-10T19:59:59.919918Z,2025-07-10T13:30:00.066445Z,2025-07-10T13:30:00.002874Z,0,PRESENT_NONEMPTY,2025-07-10T20:00:00Z,2025-07-10T13:30:00Z,2025-07-10,795244,SOURCE_AVAILABLE,executed_at_and_created_at_timestamp,nanoseconds_normalized_from_arrow_unit,795244
False,TSLA,NO_TEMPORAL_ANOMALY_OBSERVED,536513,536493,536513,536513,536513,536513,0,0,9.374202,0.030918,0.075359,0.24270999999999895,1.043101,2025-07-10T20:00:00.218875Z,2025-07-10T19:59:59.996778Z,2025-07-10T13:30:00.157734Z,2025-07-10T13:30:00.012169Z,0,PRESENT_NONEMPTY,2025-07-10T20:00:00Z,2025-07-10T13:30:00Z,2025-07-10,536513,SOURCE_AVAILABLE,executed_at_and_created_at_timestamp,nanoseconds_normalized_from_arrow_unit,536513
False,AAPL,NO_TEMPORAL_ANOMALY_OBSERVED,111223,111221,111223,111223,111223,111223,0,0,3.995039,0.032977,0.06877,0.11137159999999997,1.2521423999999932,2025-07-11T20:00:00.025347Z,2025-07-11T19:59:59.962236Z,2025-07-11T13:30:00.159756Z,2025-07-11T13:30:00.003321Z,0,PRESENT_NONEMPTY,2025-07-11T20:00:00Z,2025-07-11T13:30:00Z,2025-07-11,111223,SOURCE_AVAILABLE,executed_at_and_created_at_timestamp,nanoseconds_normalized_from_arrow_unit,111223
False,AMZN,NO_TEMPORAL_ANOMALY_OBSERVED,160674,160674,160674,160674,160674,160674,0,0,3.416911,0.032199,0.069335,0.12116840000000002,0.523932,2025-07-11T19:59:59.934024Z,2025-07-11T19:59:59.847530Z,2025-07-11T13:30:00.067339Z,2025-07-11T13:30:00.004380Z,0,PRESENT_NONEMPTY,2025-07-11T20:00:00Z,2025-07-11T13:30:00Z,2025-07-11,160674,SOURCE_AVAILABLE,executed_at_and_created_at_timestamp,nanoseconds_normalized_from_arrow_unit,160674
False,META,NO_TEMPORAL_ANOMALY_OBSERVED,130321,130321,130321,130321,130321,130321,0,0,8.461841,0.031184,0.070911,0.125715,0.29296300000000025,2025-07-11T19:59:59.999900Z,2025-07-11T19:59:59.904570Z,2025-07-11T13:30:00.067932Z,2025-07-11T13:30:00.014707Z,0,PRESENT_NONEMPTY,2025-07-11T20:00:00Z,2025-07-11T13:30:00Z,2025-07-11,130321,SOURCE_AVAILABLE,executed_at_and_created_at_timestamp,nanoseconds_normalized_from_arrow_unit,130321
False,MSFT,NO_TEMPORAL_ANOMALY_OBSERVED,59490,59490,59490,59490,59490,59490,0,0,7.076287,0.032297,0.0702525,0.14866054999999992,1.27840255,2025-07-11T19:59:59.927778Z,2025-07-11T19:59:59.829686Z,2025-07-11T13:30:00.539883Z,2025-07-11T13:30:00.417510Z,0,PRESENT_NONEMPTY,2025-07-11T20:00:00Z,2025-07-11T13:30:00Z,2025-07-11,59490,SOURCE_AVAILABLE,executed_at_and_created_at_timestamp,nanoseconds_normalized_from_arrow_unit,59490
False,NVDA,NO_TEMPORAL_ANOMALY_OBSERVED,457664,457663,457664,457664,457664,457664,0,0,2.458283,0.031468,0.0708245,0.116168,0.176425,2025-07-11T20:00:00.034221Z,2025-07-11T19:59:59.990486Z,2025-07-11T13:30:00.135394Z,2025-07-11T13:30:00.003084Z,0,PRESENT_NONEMPTY,2025-07-11T20:00:00Z,2025-07-11T13:30:00Z,2025-07-11,457664,SOURCE_AVAILABLE,executed_at_and_created_at_timestamp,nanoseconds_normalized_from_arrow_unit,457664
False,QQQ,NO_TEMPORAL_ANOMALY_OBSERVED,425234,425231,425234,425234,425234,425234,0,0,3.651243,0.031308,0.0715855,0.14413639999999991,0.403997,2025-07-11T20:00:00.181826Z,2025-07-11T19:59:59.999063Z,2025-07-11T13:30:00.069863Z,2025-07-11T13:30:00.002296Z,0,PRESENT_NONEMPTY,2025-07-11T20:00:00Z,2025-07-11T13:30:00Z,2025-07-11,425234,SOURCE_AVAILABLE,executed_at_and_created_at_timestamp,nanoseconds_normalized_from_arrow_unit,425234
False,SPY,NO_TEMPORAL_ANOMALY_OBSERVED,797414,797316,797414,797414,797414,797414,0,0,6.222381,0.03123,0.073604,0.3842637,2.0765237,2025-07-11T20:00:03.221139Z,2025-07-11T19:59:59.943124Z,2025-07-11T13:30:00.069186Z,2025-07-11T13:30:00.002944Z,0,PRESENT_NONEMPTY,2025-07-11T20:00:00Z,2025-07-11T13:30:00Z,2025-07-11,797414,SOURCE_AVAILABLE,executed_at_and_created_at_timestamp,nanoseconds_normalized_from_arrow_unit,797414
False,TSLA,NO_TEMPORAL_ANOMALY_OBSERVED,482278,482262,482278,482278,482278,482278,0,0,3.808282,0.030956,0.072517,0.19949514999999998,0.5363768799999915,2025-07-11T20:00:00.343008Z,2025-07-11T19:59:59.943882Z,2025-07-11T13:30:00.108757Z,2025-07-11T13:30:00.006029Z,0,PRESENT_NONEMPTY,2025-07-11T20:00:00Z,2025-07-11T13:30:00Z,2025-07-11,482278,SOURCE_AVAILABLE,executed_at_and_created_at_timestamp,nanoseconds_normalized_from_arrow_unit,482278
False,AAPL,NO_TEMPORAL_ANOMALY_OBSERVED,112659,112648,112659,112659,112659,112659,0,0,7.034433,0.032986,0.069888,0.11689639999999987,0.3740476199999999,2025-07-14T20:00:00.073057Z,2025-07-14T19:59:59.998032Z,2025-07-14T13:30:00.097478Z,2025-07-14T13:30:00.003799Z,0,PRESENT_NONEMPTY,2025-07-14T20:00:00Z,2025-07-14T13:30:00Z,2025-07-14,112659,SOURCE_AVAILABLE,executed_at_and_created_at_timestamp,nanoseconds_normalized_from_arrow_unit,112659
False,AMZN,NO_TEMPORAL_ANOMALY_OBSERVED,83697,83697,83697,83697,83697,83697,0,0,9.377064,0.032991,0.070381,0.14546939999999994,1.0119715999999095,2025-07-14T19:59:59.316532Z,2025-07-14T19:59:59.235721Z,2025-07-14T13:30:00.124947Z,2025-07-14T13:30:00.006847Z,0,PRESENT_NONEMPTY,2025-07-14T20:00:00Z,2025-07-14T13:30:00Z,2025-07-14,83697,SOURCE_AVAILABLE,executed_at_and_created_at_timestamp,nanoseconds_normalized_from_arrow_unit,83697
False,META,NO_TEMPORAL_ANOMALY_OBSERVED,69140,69138,69140,69140,69140,69140,0,0,17.375763,0.033065,0.073798,0.20672925000000142,7.995145410000001,2025-07-14T20:00:00.040756Z,2025-07-14T19:59:59.951786Z,2025-07-14T13:30:00.362425Z,2025-07-14T13:30:00.141405Z,0,PRESENT_NONEMPTY,2025-07-14T20:00:00Z,2025-07-14T13:30:00Z,2025-07-14,69140,SOURCE_AVAILABLE,executed_at_and_created_at_timestamp,nanoseconds_normalized_from_arrow_unit,69140
False,MSFT,NO_TEMPORAL_ANOMALY_OBSERVED,30709,30709,30709,30709,30709,30709,0,0,5.194228,0.0335,0.072378,0.18288099999999974,2.469875,2025-07-14T19:59:59.790756Z,2025-07-14T19:59:59.693728Z,2025-07-14T13:30:00.362425Z,2025-07-14T13:30:00.241118Z,0,PRESENT_NONEMPTY,2025-07-14T20:00:00Z,2025-07-14T13:30:00Z,2025-07-14,30709,SOURCE_AVAILABLE,executed_at_and_created_at_timestamp,nanoseconds_normalized_from_arrow_unit,30709
False,NVDA,NO_TEMPORAL_ANOMALY_OBSERVED,228158,228156,228158,228158,228158,228158,0,0,122.039682,0.031836,0.0753965,1.2084301499999954,54.093029879999804,2025-07-14T20:00:00.039869Z,2025-07-14T19:59:59.940922Z,2025-07-14T13:30:00.070456Z,2025-07-14T13:30:00.003493Z,0,PRESENT_NONEMPTY,2025-07-14T20:00:00Z,2025-07-14T13:30:00Z,2025-07-14,228158,SOURCE_AVAILABLE,executed_at_and_created_at_timestamp,nanoseconds_normalized_from_arrow_unit,228158
False,QQQ,NO_TEMPORAL_ANOMALY_OBSERVED,423029,423023,423029,423029,423029,423029,0,0,43.431212,0.031905,0.073695,0.1925381999999996,0.9710337199999951,2025-07-14T20:00:00.106842Z,2025-07-14T19:59:59.950881Z,2025-07-14T13:30:00.136621Z,2025-07-14T13:30:00.002287Z,0,PRESENT_NONEMPTY,2025-07-14T20:00:00Z,2025-07-14T13:30:00Z,2025-07-14,423029,SOURCE_AVAILABLE,executed_at_and_created_at_timestamp,nanoseconds_normalized_from_arrow_unit,423029
False,SPY,NO_TEMPORAL_ANOMALY_OBSERVED,741641,741325,741641,741641,741641,741641,0,0,6.680309,0.031437,0.081175,3.234227,4.638956399999999,2025-07-14T20:00:03.825101Z,2025-07-14T19:59:59.992340Z,2025-07-14T13:30:00.065593Z,2025-07-14T13:30:00.002560Z,0,PRESENT_NONEMPTY,2025-07-14T20:00:00Z,2025-07-14T13:30:00Z,2025-07-14,741641,SOURCE_AVAILABLE,executed_at_and_created_at_timestamp,nanoseconds_normalized_from_arrow_unit,741641
False,TSLA,NO_TEMPORAL_ANOMALY_OBSERVED,304792,304792,304792,304792,304792,304792,0,0,13.965059,0.03095,0.071848,0.214736,1.7152355300000466,2025-07-14T19:59:59.938069Z,2025-07-14T19:59:59.820377Z,2025-07-14T13:30:00.125766Z,2025-07-14T13:30:00.006127Z,0,PRESENT_NONEMPTY,2025-07-14T20:00:00Z,2025-07-14T13:30:00Z,2025-07-14,304792,SOURCE_AVAILABLE,executed_at_and_created_at_timestamp,nanoseconds_normalized_from_arrow_unit,304792
False,AAPL,NO_TEMPORAL_ANOMALY_OBSERVED,125837,125835,125837,125837,125837,125837,0,0,14.462754,0.032074,0.069953,0.12106379999999994,0.3389659599999996,2025-07-15T20:00:00.077686Z,2025-07-15T19:59:59.990928Z,2025-07-15T13:30:00.161902Z,2025-07-15T13:30:00.017542Z,0,PRESENT_NONEMPTY,2025-07-15T20:00:00Z,2025-07-15T13:30:00Z,2025-07-15,125837,SOURCE_AVAILABLE,executed_at_and_created_at_timestamp,nanoseconds_normalized_from_arrow_unit,125837
False,AMZN,NO_TEMPORAL_ANOMALY_OBSERVED,77147,77145,77147,77147,77147,77147,0,0,22.134324,0.033088,0.070354,0.12902439999999998,1.266212519999957,2025-07-15T20:00:00.077686Z,2025-07-15T19:59:59.995703Z,2025-07-15T13:30:00.161902Z,2025-07-15T13:30:00.003112Z,0,PRESENT_NONEMPTY,2025-07-15T20:00:00Z,2025-07-15T13:30:00Z,2025-07-15,77147,SOURCE_AVAILABLE,executed_at_and_created_at_timestamp,nanoseconds_normalized_from_arrow_unit,77147
False,META,NO_TEMPORAL_ANOMALY_OBSERVED,95465,95465,95465,95465,95465,95465,0,0,7.877996,0.032835,0.073417,0.140137,1.777304200000001,2025-07-15T19:59:59.870617Z,2025-07-15T19:59:59.784219Z,2025-07-15T13:30:00.130921Z,2025-07-15T13:30:00.006734Z,0,PRESENT_NONEMPTY,2025-07-15T20:00:00Z,2025-07-15T13:30:00Z,2025-07-15,95465,SOURCE_AVAILABLE,executed_at_and_created_at_timestamp,nanoseconds_normalized_from_arrow_unit,95465
False,MSFT,NO_TEMPORAL_ANOMALY_OBSERVED,53664,53653,53664,53664,53664,53664,0,0,3.786002,0.033005,0.072604,0.14572029999999994,1.56074248,2025-07-15T20:00:00.100058Z,2025-07-15T19:59:59.918408Z,2025-07-15T13:30:00.357434Z,2025-07-15T13:30:00.297415Z,0,PRESENT_NONEMPTY,2025-07-15T20:00:00Z,2025-07-15T13:30:00Z,2025-07-15,53664,SOURCE_AVAILABLE,executed_at_and_created_at_timestamp,nanoseconds_normalized_from_arrow_unit,53664
False,NVDA,NO_TEMPORAL_ANOMALY_OBSERVED,463449,463427,463449,463449,463449,463449,0,0,3.417443,0.031292,0.076699,0.245084,1.0206118400000124,2025-07-15T20:00:00.162740Z,2025-07-15T19:59:59.995768Z,2025-07-15T13:30:00.069111Z,2025-07-15T13:30:00.006048Z,0,PRESENT_NONEMPTY,2025-07-15T20:00:00Z,2025-07-15T13:30:00Z,2025-07-15,463449,SOURCE_AVAILABLE,executed_at_and_created_at_timestamp,nanoseconds_normalized_from_arrow_unit,463449
False,QQQ,NO_TEMPORAL_ANOMALY_OBSERVED,470321,470249,470321,470321,470321,470321,0,0,15.589453,0.031656,0.074898,0.275292,2.1601651999999936,2025-07-15T20:00:01.810985Z,2025-07-15T19:59:59.999350Z,2025-07-15T13:30:00.102189Z,2025-07-15T13:30:00.002482Z,0,PRESENT_NONEMPTY,2025-07-15T20:00:00Z,2025-07-15T13:30:00Z,2025-07-15,470321,SOURCE_AVAILABLE,executed_at_and_created_at_timestamp,nanoseconds_normalized_from_arrow_unit,470321
False,SPY,NO_TEMPORAL_ANOMALY_OBSERVED,947022,946486,947022,947022,947022,947022,0,0,11.775085,0.031424,0.093807,3.157601999999998,4.457148170000001,2025-07-15T20:00:04.609584Z,2025-07-15T19:59:59.999065Z,2025-07-15T13:30:00.071458Z,2025-07-15T13:30:00.002236Z,0,PRESENT_NONEMPTY,2025-07-15T20:00:00Z,2025-07-15T13:30:00Z,2025-07-15,947022,SOURCE_AVAILABLE,executed_at_and_created_at_timestamp,nanoseconds_normalized_from_arrow_unit,947022
False,TSLA,NO_TEMPORAL_ANOMALY_OBSERVED,288832,288784,288832,288832,288832,288832,0,0,9.535919,0.031172,0.072108,0.21988470000000007,2.3792237900000006,2025-07-15T20:00:00.243147Z,2025-07-15T19:59:59.993814Z,2025-07-15T13:30:00.069238Z,2025-07-15T13:30:00.007661Z,0,PRESENT_NONEMPTY,2025-07-15T20:00:00Z,2025-07-15T13:30:00Z,2025-07-15,288832,SOURCE_AVAILABLE,executed_at_and_created_at_timestamp,nanoseconds_normalized_from_arrow_unit,288832
False,AAPL,NO_TEMPORAL_ANOMALY_OBSERVED,134557,134555,134557,134557,134557,134557,0,0,12.698415,0.031761,0.069775,0.13671099999999997,0.7113674400000005,2025-07-16T20:00:00.001703Z,2025-07-16T19:59:59.943277Z,2025-07-16T13:30:00.160846Z,2025-07-16T13:30:00.040189Z,0,PRESENT_NONEMPTY,2025-07-16T20:00:00Z,2025-07-16T13:30:00Z,2025-07-16,134557,SOURCE_AVAILABLE,executed_at_and_created_at_timestamp,nanoseconds_normalized_from_arrow_unit,134557
False,AMZN,NO_TEMPORAL_ANOMALY_OBSERVED,89057,89055,89057,89057,89057,89057,0,0,12.447489,0.031761,0.07053,0.14557819999999996,0.5744671600000004,2025-07-16T20:00:00.066918Z,2025-07-16T19:59:59.993244Z,2025-07-16T13:30:00.095906Z,2025-07-16T13:30:00.002206Z,0,PRESENT_NONEMPTY,2025-07-16T20:00:00Z,2025-07-16T13:30:00Z,2025-07-16,89057,SOURCE_AVAILABLE,executed_at_and_created_at_timestamp,nanoseconds_normalized_from_arrow_unit,89057
False,META,NO_TEMPORAL_ANOMALY_OBSERVED,103027,103019,103027,103027,103027,103027,0,0,6.236489,0.032744,0.07404,0.16122179999999983,1.8114271,2025-07-16T20:00:00.076294Z,2025-07-16T19:59:59.993235Z,2025-07-16T13:30:00.496671Z,2025-07-16T13:30:00.338412Z,0,PRESENT_NONEMPTY,2025-07-16T20:00:00Z,2025-07-16T13:30:00Z,2025-07-16,103027,SOURCE_AVAILABLE,executed_at_and_created_at_timestamp,nanoseconds_normalized_from_arrow_unit,103027
False,MSFT,NO_TEMPORAL_ANOMALY_OBSERVED,38251,38251,38251,38251,38251,38251,0,0,4.572993,0.032799,0.074103,0.28450149999999996,2.2176785,2025-07-16T19:59:59.852166Z,2025-07-16T19:59:59.767289Z,2025-07-16T13:30:00.196567Z,2025-07-16T13:30:00.122404Z,0,PRESENT_NONEMPTY,2025-07-16T20:00:00Z,2025-07-16T13:30:00Z,2025-07-16,38251,SOURCE_AVAILABLE,executed_at_and_created_at_timestamp,nanoseconds_normalized_from_arrow_unit,38251
False,NVDA,NO_TEMPORAL_ANOMALY_OBSERVED,252187,252187,252187,252187,252187,252187,0,0,4.28138,0.031601,0.072439,0.17897839999999995,1.3325539199999807,2025-07-16T19:59:59.882036Z,2025-07-16T19:59:59.807876Z,2025-07-16T13:30:00.067685Z,2025-07-16T13:30:00.002468Z,0,PRESENT_NONEMPTY,2025-07-16T20:00:00Z,2025-07-16T13:30:00Z,2025-07-16,252187,SOURCE_AVAILABLE,executed_at_and_created_at_timestamp,nanoseconds_normalized_from_arrow_unit,252187
False,QQQ,NO_TEMPORAL_ANOMALY_OBSERVED,559850,559845,559850,559850,559850,559850,0,0,14.66741,0.031798,0.0793095,0.6674381499999991,4.502973380000026,2025-07-16T20:00:00.100904Z,2025-07-16T19:59:59.987560Z,2025-07-16T13:30:00.068360Z,2025-07-16T13:30:00.002367Z,0,PRESENT_NONEMPTY,2025-07-16T20:00:00Z,2025-07-16T13:30:00Z,2025-07-16,559850,SOURCE_AVAILABLE,executed_at_and_created_at_timestamp,nanoseconds_normalized_from_arrow_unit,559850
False,SPY,NO_TEMPORAL_ANOMALY_OBSERVED,1048235,1047976,1048235,1048235,1048235,1048235,0,0,69.446192,0.031021,0.132788,4.435988499999998,10.877909920000006,2025-07-16T20:00:04.252088Z,2025-07-16T19:59:59.996810Z,2025-07-16T13:30:00.068659Z,2025-07-16T13:30:00.002790Z,0,PRESENT_NONEMPTY,2025-07-16T20:00:00Z,2025-07-16T13:30:00Z,2025-07-16,1048235,SOURCE_AVAILABLE,executed_at_and_created_at_timestamp,nanoseconds_normalized_from_arrow_unit,1048235
False,TSLA,NO_TEMPORAL_ANOMALY_OBSERVED,417607,417601,417607,417607,417607,417607,0,0,15.408418,0.030323,0.073298,0.259772,1.8910804400000005,2025-07-16T20:00:00.280467Z,2025-07-16T19:59:59.981420Z,2025-07-16T13:30:00.069089Z,2025-07-16T13:30:00.005937Z,0,PRESENT_NONEMPTY,2025-07-16T20:00:00Z,2025-07-16T13:30:00Z,2025-07-16,417607,SOURCE_AVAILABLE,executed_at_and_created_at_timestamp,nanoseconds_normalized_from_arrow_unit,417607
False,AAPL,NO_TEMPORAL_ANOMALY_OBSERVED,118572,118570,118572,118572,118572,118572,0,0,3.698653,0.033528,0.0724495,0.120615,0.5419541699999892,2025-07-17T20:00:00.033226Z,2025-07-17T19:59:59.962552Z,2025-07-17T13:30:00.104891Z,2025-07-17T13:30:00.018291Z,0,PRESENT_NONEMPTY,2025-07-17T20:00:00Z,2025-07-17T13:30:00Z,2025-07-17,118572,SOURCE_AVAILABLE,executed_at_and_created_at_timestamp,nanoseconds_normalized_from_arrow_unit,118572
False,AMZN,NO_TEMPORAL_ANOMALY_OBSERVED,68525,68522,68525,68525,68525,68525,0,0,4.096455,0.033713,0.072046,0.11884519999999991,0.5011461999999997,2025-07-17T20:00:00.071577Z,2025-07-17T19:59:59.990685Z,2025-07-17T13:30:00.104891Z,2025-07-17T13:30:00.006807Z,0,PRESENT_NONEMPTY,2025-07-17T20:00:00Z,2025-07-17T13:30:00Z,2025-07-17,68525,SOURCE_AVAILABLE,executed_at_and_created_at_timestamp,nanoseconds_normalized_from_arrow_unit,68525
False,META,NO_TEMPORAL_ANOMALY_OBSERVED,98586,98586,98586,98586,98586,98586,0,0,10.175427,0.034403,0.075104,0.13706675000000001,2.159034149999996,2025-07-17T19:59:59.664856Z,2025-07-17T19:59:59.502428Z,2025-07-17T13:30:00.136710Z,2025-07-17T13:30:00.056202Z,0,PRESENT_NONEMPTY,2025-07-17T20:00:00Z,2025-07-17T13:30:00Z,2025-07-17,98586,SOURCE_AVAILABLE,executed_at_and_created_at_timestamp,nanoseconds_normalized_from_arrow_unit,98586
False,MSFT,NO_TEMPORAL_ANOMALY_OBSERVED,78403,78399,78403,78403,78403,78403,0,0,7.002213,0.034649,0.075289,0.13835619999999962,1.9974014999999998,2025-07-17T20:00:00.170521Z,2025-07-17T19:59:59.921650Z,2025-07-17T13:30:00.335181Z,2025-07-17T13:30:00.188585Z,0,PRESENT_NONEMPTY,2025-07-17T20:00:00Z,2025-07-17T13:30:00Z,2025-07-17,78403,SOURCE_AVAILABLE,executed_at_and_created_at_timestamp,nanoseconds_normalized_from_arrow_unit,78403
False,NVDA,NO_TEMPORAL_ANOMALY_OBSERVED,311426,311418,311426,311426,311426,311426,0,0,3.726973,0.032157,0.07487,0.17943150000000002,0.43965175,2025-07-17T20:00:00.040835Z,2025-07-17T19:59:59.945299Z,2025-07-17T13:30:00.069467Z,2025-07-17T13:30:00.005499Z,0,PRESENT_NONEMPTY,2025-07-17T20:00:00Z,2025-07-17T13:30:00Z,2025-07-17,311426,SOURCE_AVAILABLE,executed_at_and_created_at_timestamp,nanoseconds_normalized_from_arrow_unit,311426
False,QQQ,NO_TEMPORAL_ANOMALY_OBSERVED,436939,436930,436939,436939,436939,436939,0,0,8.076161,0.032067,0.07716,0.26626619999999995,1.7752212199999888,2025-07-17T20:00:00.155317Z,2025-07-17T19:59:59.951367Z,2025-07-17T13:30:00.138463Z,2025-07-17T13:30:00.002258Z,0,PRESENT_NONEMPTY,2025-07-17T20:00:00Z,2025-07-17T13:30:00Z,2025-07-17,436939,SOURCE_AVAILABLE,executed_at_and_created_at_timestamp,nanoseconds_normalized_from_arrow_unit,436939
False,SPY,NO_TEMPORAL_ANOMALY_OBSERVED,814030,813599,814030,814030,814030,814030,0,0,13.702184,0.032153,0.080854,2.33209975,5.562890199999999,2025-07-17T20:00:04.832576Z,2025-07-17T19:59:59.999425Z,2025-07-17T13:30:00.067678Z,2025-07-17T13:30:00.002257Z,0,PRESENT_NONEMPTY,2025-07-17T20:00:00Z,2025-07-17T13:30:00Z,2025-07-17,814030,SOURCE_AVAILABLE,executed_at_and_created_at_timestamp,nanoseconds_normalized_from_arrow_unit,814030
False,TSLA,NO_TEMPORAL_ANOMALY_OBSERVED,340098,340097,340098,340098,340098,340098,0,0,6.439227,0.033186,0.075183,0.1781168999999998,0.7010992399999998,2025-07-17T20:00:00.034236Z,2025-07-17T19:59:59.954605Z,2025-07-17T13:30:00.133001Z,2025-07-17T13:30:00.004529Z,0,PRESENT_NONEMPTY,2025-07-17T20:00:00Z,2025-07-17T13:30:00Z,2025-07-17,340098,SOURCE_AVAILABLE,executed_at_and_created_at_timestamp,nanoseconds_normalized_from_arrow_unit,340098
False,AAPL,NO_TEMPORAL_ANOMALY_OBSERVED,138226,138226,138226,138226,138226,138226,0,0,3.101353,0.032103,0.068721,0.11127725,0.39582625,2025-07-18T19:59:59.914255Z,2025-07-18T19:59:59.852463Z,2025-07-18T13:30:00.099770Z,2025-07-18T13:30:00.005092Z,0,PRESENT_NONEMPTY,2025-07-18T20:00:00Z,2025-07-18T13:30:00Z,2025-07-18,138226,SOURCE_AVAILABLE,executed_at_and_created_at_timestamp,nanoseconds_normalized_from_arrow_unit,138226
False,AMZN,NO_TEMPORAL_ANOMALY_OBSERVED,97858,97857,97858,97858,97858,97858,0,0,4.07971,0.032152,0.068566,0.11048434999999995,0.4298198999999977,2025-07-18T20:00:00.026824Z,2025-07-18T19:59:59.947835Z,2025-07-18T13:30:00.066820Z,2025-07-18T13:30:00.005313Z,0,PRESENT_NONEMPTY,2025-07-18T20:00:00Z,2025-07-18T13:30:00Z,2025-07-18,97858,SOURCE_AVAILABLE,executed_at_and_created_at_timestamp,nanoseconds_normalized_from_arrow_unit,97858
False,META,NO_TEMPORAL_ANOMALY_OBSERVED,129531,129529,129531,129531,129531,129531,0,0,14.152035,0.033765,0.072567,0.12064949999999999,0.6838701999999969,2025-07-18T20:00:00.089455Z,2025-07-18T19:59:59.990745Z,2025-07-18T13:30:00.264671Z,2025-07-18T13:30:00.149887Z,0,PRESENT_NONEMPTY,2025-07-18T20:00:00Z,2025-07-18T13:30:00Z,2025-07-18,129531,SOURCE_AVAILABLE,executed_at_and_created_at_timestamp,nanoseconds_normalized_from_arrow_unit,129531
False,MSFT,NO_TEMPORAL_ANOMALY_OBSERVED,61325,61325,61325,61325,61325,61325,0,0,3.575665,0.033191,0.072249,0.14076699999999995,0.952400480000011,2025-07-18T19:59:59.791882Z,2025-07-18T19:59:59.707930Z,2025-07-18T13:30:00.456875Z,2025-07-18T13:30:00.351407Z,0,PRESENT_NONEMPTY,2025-07-18T20:00:00Z,2025-07-18T13:30:00Z,2025-07-18,61325,SOURCE_AVAILABLE,executed_at_and_created_at_timestamp,nanoseconds_normalized_from_arrow_unit,61325
False,NVDA,NO_TEMPORAL_ANOMALY_OBSERVED,289688,289686,289688,289688,289688,289688,0,0,3.672569,0.031962,0.072193,0.15355924999999981,0.42448159000000113,2025-07-18T20:00:00.043095Z,2025-07-18T19:59:59.965293Z,2025-07-18T13:30:00.070451Z,2025-07-18T13:30:00.003906Z,0,PRESENT_NONEMPTY,2025-07-18T20:00:00Z,2025-07-18T13:30:00Z,2025-07-18,289688,SOURCE_AVAILABLE,executed_at_and_created_at_timestamp,nanoseconds_normalized_from_arrow_unit,289688
False,QQQ,RECORD_CREATION_DELAY_OBSERVED_PROVIDER_CAUSE_UNRESOLVED,435447,435437,435447,435447,435447,435447,1001,0,439.773643,0.031424,0.074886,0.31907929999999957,5.0731237799999835,2025-07-18T20:00:00.186331Z,2025-07-18T19:59:59.978503Z,2025-07-18T13:30:00.161732Z,2025-07-18T13:30:00.002403Z,0,PRESENT_NONEMPTY,2025-07-18T20:00:00Z,2025-07-18T13:30:00Z,2025-07-18,435447,RECORD_CREATION_DELAY_OBSERVED,executed_at_and_created_at_timestamp,nanoseconds_normalized_from_arrow_unit,435447
False,SPY,NO_TEMPORAL_ANOMALY_OBSERVED,770820,770612,770820,770820,770820,770820,0,0,284.606305,0.030955,0.082535,3.5634163999999897,124.92495306999818,2025-07-18T20:00:03.331270Z,2025-07-18T19:59:59.992342Z,2025-07-18T13:30:00.065366Z,2025-07-18T13:30:00.002406Z,0,PRESENT_NONEMPTY,2025-07-18T20:00:00Z,2025-07-18T13:30:00Z,2025-07-18,770820,SOURCE_AVAILABLE,executed_at_and_created_at_timestamp,nanoseconds_normalized_from_arrow_unit,770820
False,TSLA,NO_TEMPORAL_ANOMALY_OBSERVED,567361,567350,567361,567361,567361,567361,0,0,7.166851,0.030319,0.072573,0.181988,0.6030832000000033,2025-07-18T20:00:00.084020Z,2025-07-18T19:59:59.999809Z,2025-07-18T13:30:00.166508Z,2025-07-18T13:30:00.007805Z,0,PRESENT_NONEMPTY,2025-07-18T20:00:00Z,2025-07-18T13:30:00Z,2025-07-18,567361,SOURCE_AVAILABLE,executed_at_and_created_at_timestamp,nanoseconds_normalized_from_arrow_unit,567361
False,AAPL,NO_TEMPORAL_ANOMALY_OBSERVED,216737,216736,216737,216737,216737,216737,0,0,7.669134,0.031201,0.069415,0.10754439999999997,0.2648100399999983,2025-07-21T20:00:00.010894Z,2025-07-21T19:59:59.917129Z,2025-07-21T13:30:00.067264Z,2025-07-21T13:30:00.005741Z,0,PRESENT_NONEMPTY,2025-07-21T20:00:00Z,2025-07-21T13:30:00Z,2025-07-21,216737,SOURCE_AVAILABLE,executed_at_and_created_at_timestamp,nanoseconds_normalized_from_arrow_unit,216737
False,AMZN,NO_TEMPORAL_ANOMALY_OBSERVED,101696,101695,101696,101696,101696,101696,0,0,9.713387,0.032143,0.068738,0.108323,0.925677,2025-07-21T20:00:00.033267Z,2025-07-21T19:59:59.928467Z,2025-07-21T13:30:00.099241Z,2025-07-21T13:30:00.007357Z,0,PRESENT_NONEMPTY,2025-07-21T20:00:00Z,2025-07-21T13:30:00Z,2025-07-21,101696,SOURCE_AVAILABLE,executed_at_and_created_at_timestamp,nanoseconds_normalized_from_arrow_unit,101696
False,META,NO_TEMPORAL_ANOMALY_OBSERVED,84445,84436,84445,84445,84445,84445,0,0,7.964369,0.032847,0.074634,0.1299944,0.8256363999999997,2025-07-21T20:00:00.124165Z,2025-07-21T19:59:59.943551Z,2025-07-21T13:30:00.220652Z,2025-07-21T13:30:00.059463Z,0,PRESENT_NONEMPTY,2025-07-21T20:00:00Z,2025-07-21T13:30:00Z,2025-07-21,84445,SOURCE_AVAILABLE,executed_at_and_created_at_timestamp,nanoseconds_normalized_from_arrow_unit,84445
False,MSFT,NO_TEMPORAL_ANOMALY_OBSERVED,40799,40799,40799,40799,40799,40799,0,0,4.710772,0.033559,0.0735,0.14501779999999997,2.4277873199999997,2025-07-21T19:59:59.304901Z,2025-07-21T19:59:59.250730Z,2025-07-21T13:30:00.460374Z,2025-07-21T13:30:00.331316Z,0,PRESENT_NONEMPTY,2025-07-21T20:00:00Z,2025-07-21T13:30:00Z,2025-07-21,40799,SOURCE_AVAILABLE,executed_at_and_created_at_timestamp,nanoseconds_normalized_from_arrow_unit,40799
False,NVDA,NO_TEMPORAL_ANOMALY_OBSERVED,196235,196235,196235,196235,196235,196235,0,0,5.115786,0.031217,0.070967,0.1431586,0.4769076800000014,2025-07-21T19:59:59.964245Z,2025-07-21T19:59:59.906644Z,2025-07-21T13:30:00.100996Z,2025-07-21T13:30:00.002713Z,0,PRESENT_NONEMPTY,2025-07-21T20:00:00Z,2025-07-21T13:30:00Z,2025-07-21,196235,SOURCE_AVAILABLE,executed_at_and_created_at_timestamp,nanoseconds_normalized_from_arrow_unit,196235
False,QQQ,NO_TEMPORAL_ANOMALY_OBSERVED,454023,454017,454023,454023,454023,454023,0,0,7.545826,0.031573,0.073064,0.17794489999999996,0.8755352799999961,2025-07-21T20:00:00.175312Z,2025-07-21T19:59:59.959696Z,2025-07-21T13:30:00.069105Z,2025-07-21T13:30:00.003403Z,0,PRESENT_NONEMPTY,2025-07-21T20:00:00Z,2025-07-21T13:30:00Z,2025-07-21,454023,SOURCE_AVAILABLE,executed_at_and_created_at_timestamp,nanoseconds_normalized_from_arrow_unit,454023
False,SPY,NO_TEMPORAL_ANOMALY_OBSERVED,800568,800226,800568,800568,800568,800568,0,0,7.511563,0.030399,0.0752995,0.6215794499999988,3.3979525199999943,2025-07-21T20:00:05.748966Z,2025-07-21T19:59:59.999117Z,2025-07-21T13:30:00.068377Z,2025-07-21T13:30:00.002581Z,0,PRESENT_NONEMPTY,2025-07-21T20:00:00Z,2025-07-21T13:30:00Z,2025-07-21,800568,SOURCE_AVAILABLE,executed_at_and_created_at_timestamp,nanoseconds_normalized_from_arrow_unit,800568
False,TSLA,NO_TEMPORAL_ANOMALY_OBSERVED,240227,240225,240227,240227,240227,240227,0,0,8.162844,0.031787,0.076241,0.2836001999999987,2.937590599999999,2025-07-21T20:00:00.056834Z,2025-07-21T19:59:59.958996Z,2025-07-21T13:30:00.065997Z,2025-07-21T13:30:00.005396Z,0,PRESENT_NONEMPTY,2025-07-21T20:00:00Z,2025-07-21T13:30:00Z,2025-07-21,240227,SOURCE_AVAILABLE,executed_at_and_created_at_timestamp,nanoseconds_normalized_from_arrow_unit,240227
False,AAPL,NO_TEMPORAL_ANOMALY_OBSERVED,137517,137498,137517,137517,137517,137517,0,0,3.493046,0.032038,0.068348,0.10563979999999999,0.16682151999999947,2025-07-22T20:00:00.080768Z,2025-07-22T19:59:59.991160Z,2025-07-22T13:30:00.139993Z,2025-07-22T13:30:00.005622Z,0,PRESENT_NONEMPTY,2025-07-22T20:00:00Z,2025-07-22T13:30:00Z,2025-07-22,137517,SOURCE_AVAILABLE,executed_at_and_created_at_timestamp,nanoseconds_normalized_from_arrow_unit,137517
False,AMZN,NO_TEMPORAL_ANOMALY_OBSERVED,72123,72122,72123,72123,72123,72123,0,0,5.019874,0.032201,0.069248,0.11778139999999979,0.383905,2025-07-22T20:00:00.025500Z,2025-07-22T19:59:59.952265Z,2025-07-22T13:30:00.071467Z,2025-07-22T13:30:00.006811Z,0,PRESENT_NONEMPTY,2025-07-22T20:00:00Z,2025-07-22T13:30:00Z,2025-07-22,72123,SOURCE_AVAILABLE,executed_at_and_created_at_timestamp,nanoseconds_normalized_from_arrow_unit,72123
False,META,NO_TEMPORAL_ANOMALY_OBSERVED,65376,65373,65376,65376,65376,65376,0,0,8.50754,0.033006,0.0751705,0.1361365,0.8384147500000001,2025-07-22T20:00:00.120286Z,2025-07-22T19:59:59.954079Z,2025-07-22T13:30:00.366839Z,2025-07-22T13:30:00.270962Z,0,PRESENT_NONEMPTY,2025-07-22T20:00:00Z,2025-07-22T13:30:00Z,2025-07-22,65376,SOURCE_AVAILABLE,executed_at_and_created_at_timestamp,nanoseconds_normalized_from_arrow_unit,65376
False,MSFT,NO_TEMPORAL_ANOMALY_OBSERVED,36320,36320,36320,36320,36320,36320,0,0,5.831222,0.032708,0.070867,0.12457664999999996,0.4074337999999705,2025-07-22T19:59:59.931752Z,2025-07-22T19:59:59.760613Z,2025-07-22T13:30:00.293405Z,2025-07-22T13:30:00.183819Z,0,PRESENT_NONEMPTY,2025-07-22T20:00:00Z,2025-07-22T13:30:00Z,2025-07-22,36320,SOURCE_AVAILABLE,executed_at_and_created_at_timestamp,nanoseconds_normalized_from_arrow_unit,36320
False,NVDA,NO_TEMPORAL_ANOMALY_OBSERVED,329048,329023,329048,329048,329048,329048,0,0,1.880355,0.032011,0.0765,0.2387862499999998,0.9484949499999995,2025-07-22T20:00:00.119796Z,2025-07-22T19:59:59.996759Z,2025-07-22T13:30:00.070002Z,2025-07-22T13:30:00.003905Z,0,PRESENT_NONEMPTY,2025-07-22T20:00:00Z,2025-07-22T13:30:00Z,2025-07-22,329048,SOURCE_AVAILABLE,executed_at_and_created_at_timestamp,nanoseconds_normalized_from_arrow_unit,329048
False,QQQ,NO_TEMPORAL_ANOMALY_OBSERVED,512936,512920,512936,512936,512936,512936,0,0,152.928837,0.031817,0.080093,1.38956175,34.126670450000155,2025-07-22T20:00:00.259613Z,2025-07-22T19:59:59.949193Z,2025-07-22T13:30:00.066891Z,2025-07-22T13:30:00.002528Z,0,PRESENT_NONEMPTY,2025-07-22T20:00:00Z,2025-07-22T13:30:00Z,2025-07-22,512936,SOURCE_AVAILABLE,executed_at_and_created_at_timestamp,nanoseconds_normalized_from_arrow_unit,512936
False,SPY,NO_TEMPORAL_ANOMALY_OBSERVED,841327,840682,841327,841327,841327,841327,0,0,118.930105,0.031127,0.087069,4.243480399999999,6.414230099999994,2025-07-22T20:00:04.445754Z,2025-07-22T19:59:59.990148Z,2025-07-22T13:30:00.069515Z,2025-07-22T13:30:00.002226Z,0,PRESENT_NONEMPTY,2025-07-22T20:00:00Z,2025-07-22T13:30:00Z,2025-07-22,841327,SOURCE_AVAILABLE,executed_at_and_created_at_timestamp,nanoseconds_normalized_from_arrow_unit,841327
False,TSLA,NO_TEMPORAL_ANOMALY_OBSERVED,244813,244812,244813,244813,244813,244813,0,0,4.490375,0.031715,0.074956,0.23402719999999996,1.3500894000000028,2025-07-22T20:00:00.210714Z,2025-07-22T19:59:59.976884Z,2025-07-22T13:30:00.446736Z,2025-07-22T13:30:00.006403Z,0,PRESENT_NONEMPTY,2025-07-22T20:00:00Z,2025-07-22T13:30:00Z,2025-07-22,244813,SOURCE_AVAILABLE,executed_at_and_created_at_timestamp,nanoseconds_normalized_from_arrow_unit,244813
False,AAPL,NO_TEMPORAL_ANOMALY_OBSERVED,131524,131522,131524,131524,131524,131524,0,0,15.213357,0.03117,0.067877,0.102564,0.333053,2025-07-23T20:00:00.021362Z,2025-07-23T19:59:59.934520Z,2025-07-23T13:30:00.096775Z,2025-07-23T13:30:00.004874Z,0,PRESENT_NONEMPTY,2025-07-23T20:00:00Z,2025-07-23T13:30:00Z,2025-07-23,131524,SOURCE_AVAILABLE,executed_at_and_created_at_timestamp,nanoseconds_normalized_from_arrow_unit,131524
False,AMZN,NO_TEMPORAL_ANOMALY_OBSERVED,51971,51971,51971,51971,51971,51971,0,0,19.085192,0.032246,0.067627,0.1266455,0.7237179000000249,2025-07-23T19:59:59.292997Z,2025-07-23T19:59:59.202835Z,2025-07-23T13:30:00.067747Z,2025-07-23T13:30:00.004269Z,0,PRESENT_NONEMPTY,2025-07-23T20:00:00Z,2025-07-23T13:30:00Z,2025-07-23,51971,SOURCE_AVAILABLE,executed_at_and_created_at_timestamp,nanoseconds_normalized_from_arrow_unit,51971
False,META,NO_TEMPORAL_ANOMALY_OBSERVED,61975,61967,61975,61975,61975,61975,0,0,2.620403,0.032743,0.072706,0.1372725,0.4742971800000003,2025-07-23T20:00:00.152298Z,2025-07-23T19:59:59.997569Z,2025-07-23T13:30:00.160097Z,2025-07-23T13:30:00.082188Z,0,PRESENT_NONEMPTY,2025-07-23T20:00:00Z,2025-07-23T13:30:00Z,2025-07-23,61975,SOURCE_AVAILABLE,executed_at_and_created_at_timestamp,nanoseconds_normalized_from_arrow_unit,61975
False,MSFT,NO_TEMPORAL_ANOMALY_OBSERVED,49884,49883,49884,49884,49884,49884,0,0,2.513375,0.034362,0.073426,0.13824955,0.566638489999998,2025-07-23T20:00:00.187842Z,2025-07-23T19:59:59.998506Z,2025-07-23T13:30:00.343491Z,2025-07-23T13:30:00.137214Z,0,PRESENT_NONEMPTY,2025-07-23T20:00:00Z,2025-07-23T13:30:00Z,2025-07-23,49884,SOURCE_AVAILABLE,executed_at_and_created_at_timestamp,nanoseconds_normalized_from_arrow_unit,49884
False,NVDA,NO_TEMPORAL_ANOMALY_OBSERVED,264987,264984,264987,264987,264987,264987,0,0,3.363745,0.031567,0.07232,0.15720729999999983,0.7112873200000075,2025-07-23T20:00:00.060684Z,2025-07-23T19:59:59.934616Z,2025-07-23T13:30:00.099502Z,2025-07-23T13:30:00.004403Z,0,PRESENT_NONEMPTY,2025-07-23T20:00:00Z,2025-07-23T13:30:00Z,2025-07-23,264987,SOURCE_AVAILABLE,executed_at_and_created_at_timestamp,nanoseconds_normalized_from_arrow_unit,264987
False,QQQ,NO_TEMPORAL_ANOMALY_OBSERVED,463580,463551,463580,463580,463580,463580,0,0,6.452898,0.031606,0.075234,0.325215,2.3977822000000004,2025-07-23T20:00:00.557137Z,2025-07-23T19:59:59.939551Z,2025-07-23T13:30:00.164278Z,2025-07-23T13:30:00.002747Z,0,PRESENT_NONEMPTY,2025-07-23T20:00:00Z,2025-07-23T13:30:00Z,2025-07-23,463580,SOURCE_AVAILABLE,executed_at_and_created_at_timestamp,nanoseconds_normalized_from_arrow_unit,463580
False,SPY,NO_TEMPORAL_ANOMALY_OBSERVED,825704,824916,825704,825704,825704,825704,0,0,10.80738,0.030795,0.08018,3.5812661999999986,4.939049399999999,2025-07-23T20:00:03.083279Z,2025-07-23T19:59:59.999713Z,2025-07-23T13:30:00.065460Z,2025-07-23T13:30:00.002707Z,0,PRESENT_NONEMPTY,2025-07-23T20:00:00Z,2025-07-23T13:30:00Z,2025-07-23,825704,SOURCE_AVAILABLE,executed_at_and_created_at_timestamp,nanoseconds_normalized_from_arrow_unit,825704
False,TSLA,NO_TEMPORAL_ANOMALY_OBSERVED,299813,299792,299813,299813,299813,299813,0,0,9.027516,0.031542,0.073877,0.1863841999999978,0.7565680400000002,2025-07-23T20:00:00.104073Z,2025-07-23T19:59:59.993787Z,2025-07-23T13:30:00.099402Z,2025-07-23T13:30:00.007845Z,0,PRESENT_NONEMPTY,2025-07-23T20:00:00Z,2025-07-23T13:30:00Z,2025-07-23,299813,SOURCE_AVAILABLE,executed_at_and_created_at_timestamp,nanoseconds_normalized_from_arrow_unit,299813
False,AAPL,NO_TEMPORAL_ANOMALY_OBSERVED,122077,122077,122077,122077,122077,122077,0,0,5.279036,0.032168,0.068291,0.1108912,0.2423578400000001,2025-07-24T19:59:59.992643Z,2025-07-24T19:59:59.897507Z,2025-07-24T13:30:00.479254Z,2025-07-24T13:30:00.276038Z,0,PRESENT_NONEMPTY,2025-07-24T20:00:00Z,2025-07-24T13:30:00Z,2025-07-24,122077,SOURCE_AVAILABLE,executed_at_and_created_at_timestamp,nanoseconds_normalized_from_arrow_unit,122077
False,AMZN,NO_TEMPORAL_ANOMALY_OBSERVED,138560,138560,138560,138560,138560,138560,0,0,5.267925,0.031397,0.069456,0.11275109999999998,0.2593600100000037,2025-07-24T19:59:59.783914Z,2025-07-24T19:59:59.700935Z,2025-07-24T13:30:00.188395Z,2025-07-24T13:30:00.017770Z,0,PRESENT_NONEMPTY,2025-07-24T20:00:00Z,2025-07-24T13:30:00Z,2025-07-24,138560,SOURCE_AVAILABLE,executed_at_and_created_at_timestamp,nanoseconds_normalized_from_arrow_unit,138560
False,META,NO_TEMPORAL_ANOMALY_OBSERVED,84339,84336,84339,84339,84339,84339,0,0,8.618885,0.032709,0.073284,0.12216729999999998,1.7991898999999905,2025-07-24T20:00:00.109806Z,2025-07-24T19:59:59.990910Z,2025-07-24T13:30:00.411783Z,2025-07-24T13:30:00.161079Z,0,PRESENT_NONEMPTY,2025-07-24T20:00:00Z,2025-07-24T13:30:00Z,2025-07-24,84339,SOURCE_AVAILABLE,executed_at_and_created_at_timestamp,nanoseconds_normalized_from_arrow_unit,84339
False,MSFT,NO_TEMPORAL_ANOMALY_OBSERVED,53145,53142,53145,53145,53145,53145,0,0,7.336044,0.033307,0.071756,0.11634359999999999,1.539135,2025-07-24T20:00:00.051827Z,2025-07-24T19:59:59.963684Z,2025-07-24T13:30:00.245736Z,2025-07-24T13:30:00.018860Z,0,PRESENT_NONEMPTY,2025-07-24T20:00:00Z,2025-07-24T13:30:00Z,2025-07-24,53145,SOURCE_AVAILABLE,executed_at_and_created_at_timestamp,nanoseconds_normalized_from_arrow_unit,53145
False,NVDA,NO_TEMPORAL_ANOMALY_OBSERVED,254277,254276,254277,254277,254277,254277,0,0,2.783777,0.031495,0.071092,0.13018639999999995,0.2539517199999997,2025-07-24T20:00:00.062896Z,2025-07-24T19:59:59.964016Z,2025-07-24T13:30:00.100590Z,2025-07-24T13:30:00.002977Z,0,PRESENT_NONEMPTY,2025-07-24T20:00:00Z,2025-07-24T13:30:00Z,2025-07-24,254277,SOURCE_AVAILABLE,executed_at_and_created_at_timestamp,nanoseconds_normalized_from_arrow_unit,254277
False,QQQ,NO_TEMPORAL_ANOMALY_OBSERVED,423825,423813,423825,423825,423825,423825,0,0,4.824347,0.031504,0.072294,0.16748459999999998,0.6595748800000003,2025-07-24T20:00:00.172250Z,2025-07-24T19:59:59.990307Z,2025-07-24T13:30:00.100596Z,2025-07-24T13:30:00.002268Z,0,PRESENT_NONEMPTY,2025-07-24T20:00:00Z,2025-07-24T13:30:00Z,2025-07-24,423825,SOURCE_AVAILABLE,executed_at_and_created_at_timestamp,nanoseconds_normalized_from_arrow_unit,423825
False,SPY,NO_TEMPORAL_ANOMALY_OBSERVED,793053,792526,793053,793053,793053,793053,0,0,12.34174,0.03124,0.074818,0.5484115999999992,3.1246153999999944,2025-07-24T20:00:04.103693Z,2025-07-24T19:59:59.994809Z,2025-07-24T13:30:00.064933Z,2025-07-24T13:30:00.002546Z,0,PRESENT_NONEMPTY,2025-07-24T20:00:00Z,2025-07-24T13:30:00Z,2025-07-24,793053,SOURCE_AVAILABLE,executed_at_and_created_at_timestamp,nanoseconds_normalized_from_arrow_unit,793053
False,TSLA,NO_TEMPORAL_ANOMALY_OBSERVED,704027,704014,704027,704027,704027,704027,0,0,13.994146,0.032055,0.082681,0.3998518999999983,8.858769799999996,2025-07-24T20:00:00.200719Z,2025-07-24T19:59:59.996941Z,2025-07-24T13:30:00.100245Z,2025-07-24T13:30:00.005764Z,0,PRESENT_NONEMPTY,2025-07-24T20:00:00Z,2025-07-24T13:30:00Z,2025-07-24,704027,SOURCE_AVAILABLE,executed_at_and_created_at_timestamp,nanoseconds_normalized_from_arrow_unit,704027
False,AAPL,NO_TEMPORAL_ANOMALY_OBSERVED,112301,112295,112301,112301,112301,112301,0,0,2.675268,0.031342,0.066063,0.105626,0.241107,2025-07-25T20:00:00.017805Z,2025-07-25T19:59:59.905919Z,2025-07-25T13:30:00.101628Z,2025-07-25T13:30:00.005336Z,0,PRESENT_NONEMPTY,2025-07-25T20:00:00Z,2025-07-25T13:30:00Z,2025-07-25,112301,SOURCE_AVAILABLE,executed_at_and_created_at_timestamp,nanoseconds_normalized_from_arrow_unit,112301
False,AMZN,NO_TEMPORAL_ANOMALY_OBSERVED,76392,76392,76392,76392,76392,76392,0,0,3.540893,0.03169,0.0672275,0.10976824999999998,0.3080956999999992,2025-07-25T19:59:58.632274Z,2025-07-25T19:59:58.550132Z,2025-07-25T13:30:00.070178Z,2025-07-25T13:30:00.012799Z,0,PRESENT_NONEMPTY,2025-07-25T20:00:00Z,2025-07-25T13:30:00Z,2025-07-25,76392,SOURCE_AVAILABLE,executed_at_and_created_at_timestamp,nanoseconds_normalized_from_arrow_unit,76392
False,META,NO_TEMPORAL_ANOMALY_OBSERVED,86770,86769,86770,86770,86770,86770,0,0,6.419379,0.031911,0.07026299999999999,0.10875585000000002,0.20204878999999928,2025-07-25T20:00:00.016419Z,2025-07-25T19:59:59.948790Z,2025-07-25T13:30:00.328060Z,2025-07-25T13:30:00.193390Z,0,PRESENT_NONEMPTY,2025-07-25T20:00:00Z,2025-07-25T13:30:00Z,2025-07-25,86770,SOURCE_AVAILABLE,executed_at_and_created_at_timestamp,nanoseconds_normalized_from_arrow_unit,86770
False,MSFT,NO_TEMPORAL_ANOMALY_OBSERVED,72495,72494,72495,72495,72495,72495,0,0,5.799174,0.033379,0.070227,0.115737,0.6951940799999832,2025-07-25T20:00:00.016419Z,2025-07-25T19:59:59.910353Z,2025-07-25T13:30:00.377001Z,2025-07-25T13:30:00.178260Z,0,PRESENT_NONEMPTY,2025-07-25T20:00:00Z,2025-07-25T13:30:00Z,2025-07-25,72495,SOURCE_AVAILABLE,executed_at_and_created_at_timestamp,nanoseconds_normalized_from_arrow_unit,72495
False,NVDA,NO_TEMPORAL_ANOMALY_OBSERVED,277662,277654,277662,277662,277662,277662,0,0,1.479244,0.03093,0.068967,0.12313485000000003,0.194487,2025-07-25T20:00:00.072651Z,2025-07-25T19:59:59.983491Z,2025-07-25T13:30:00.067317Z,2025-07-25T13:30:00.003791Z,0,PRESENT_NONEMPTY,2025-07-25T20:00:00Z,2025-07-25T13:30:00Z,2025-07-25,277662,SOURCE_AVAILABLE,executed_at_and_created_at_timestamp,nanoseconds_normalized_from_arrow_unit,277662
False,QQQ,NO_TEMPORAL_ANOMALY_OBSERVED,385526,385521,385526,385526,385526,385526,0,0,4.147281,0.030925,0.070939,0.13536825,0.5963207500000001,2025-07-25T20:00:00.034709Z,2025-07-25T19:59:59.873160Z,2025-07-25T13:30:00.068207Z,2025-07-25T13:30:00.002370Z,0,PRESENT_NONEMPTY,2025-07-25T20:00:00Z,2025-07-25T13:30:00Z,2025-07-25,385526,SOURCE_AVAILABLE,executed_at_and_created_at_timestamp,nanoseconds_normalized_from_arrow_unit,385526
False,SPY,NO_TEMPORAL_ANOMALY_OBSERVED,678736,678664,678736,678736,678736,678736,0,0,5.128334,0.031183,0.072333,0.30434,1.4736629500000336,2025-07-25T20:00:01.751446Z,2025-07-25T19:59:59.999485Z,2025-07-25T13:30:00.066065Z,2025-07-25T13:30:00.002220Z,0,PRESENT_NONEMPTY,2025-07-25T20:00:00Z,2025-07-25T13:30:00Z,2025-07-25,678736,SOURCE_AVAILABLE,executed_at_and_created_at_timestamp,nanoseconds_normalized_from_arrow_unit,678736
False,TSLA,NO_TEMPORAL_ANOMALY_OBSERVED,938635,938626,938635,938635,938635,938635,0,0,11.994125,0.031299,0.074703,0.15596129999999991,0.5451283200000033,2025-07-25T20:00:00.077413Z,2025-07-25T19:59:59.995981Z,2025-07-25T13:30:00.222296Z,2025-07-25T13:30:00.114833Z,0,PRESENT_NONEMPTY,2025-07-25T20:00:00Z,2025-07-25T13:30:00Z,2025-07-25,938635,SOURCE_AVAILABLE,executed_at_and_created_at_timestamp,nanoseconds_normalized_from_arrow_unit,938635
False,AAPL,NO_TEMPORAL_ANOMALY_OBSERVED,72698,72697,72698,72698,72698,72698,0,0,3.552692,0.032008,0.067766,0.10226289999999998,0.4315049399999986,2025-07-28T20:00:00.045758Z,2025-07-28T19:59:59.983374Z,2025-07-28T13:30:00.100360Z,2025-07-28T13:30:00.006527Z,0,PRESENT_NONEMPTY,2025-07-28T20:00:00Z,2025-07-28T13:30:00Z,2025-07-28,72698,SOURCE_AVAILABLE,executed_at_and_created_at_timestamp,nanoseconds_normalized_from_arrow_unit,72698
False,AMZN,NO_TEMPORAL_ANOMALY_OBSERVED,61110,61110,61110,61110,61110,61110,0,0,4.095079,0.03161,0.06728,0.10416219999999998,1.15040355,2025-07-28T19:59:59.892698Z,2025-07-28T19:59:59.824058Z,2025-07-28T13:30:00.069737Z,2025-07-28T13:30:00.005263Z,0,PRESENT_NONEMPTY,2025-07-28T20:00:00Z,2025-07-28T13:30:00Z,2025-07-28,61110,SOURCE_AVAILABLE,executed_at_and_created_at_timestamp,nanoseconds_normalized_from_arrow_unit,61110
False,META,NO_TEMPORAL_ANOMALY_OBSERVED,54742,54742,54742,54742,54742,54742,0,0,4.769811,0.032329,0.07116,0.11373185,1.0022475899999996,2025-07-28T19:59:59.448462Z,2025-07-28T19:59:59.349749Z,2025-07-28T13:30:00.153480Z,2025-07-28T13:30:00.085141Z,0,PRESENT_NONEMPTY,2025-07-28T20:00:00Z,2025-07-28T13:30:00Z,2025-07-28,54742,SOURCE_AVAILABLE,executed_at_and_created_at_timestamp,nanoseconds_normalized_from_arrow_unit,54742
False,MSFT,NO_TEMPORAL_ANOMALY_OBSERVED,38566,38566,38566,38566,38566,38566,0,0,3.880776,0.033721,0.0703155,0.11438999999999999,1.9284033999999999,2025-07-28T19:59:59.143216Z,2025-07-28T19:59:59.042714Z,2025-07-28T13:30:00.386078Z,2025-07-28T13:30:00.213017Z,0,PRESENT_NONEMPTY,2025-07-28T20:00:00Z,2025-07-28T13:30:00Z,2025-07-28,38566,SOURCE_AVAILABLE,executed_at_and_created_at_timestamp,nanoseconds_normalized_from_arrow_unit,38566
False,NVDA,NO_TEMPORAL_ANOMALY_OBSERVED,237376,237370,237376,237376,237376,237376,0,0,3.213081,0.032122,0.0724815,0.1488155,0.3055585,2025-07-28T20:00:00.095359Z,2025-07-28T19:59:59.980776Z,2025-07-28T13:30:00.102395Z,2025-07-28T13:30:00.004877Z,0,PRESENT_NONEMPTY,2025-07-28T20:00:00Z,2025-07-28T13:30:00Z,2025-07-28,237376,SOURCE_AVAILABLE,executed_at_and_created_at_timestamp,nanoseconds_normalized_from_arrow_unit,237376
False,QQQ,NO_TEMPORAL_ANOMALY_OBSERVED,400696,400692,400696,400696,400696,400696,0,0,14.83416,0.032534,0.073269,0.17903025,0.9445429499999951,2025-07-28T20:00:00.017590Z,2025-07-28T19:59:59.940479Z,2025-07-28T13:30:00.103244Z,2025-07-28T13:30:00.004617Z,0,PRESENT_NONEMPTY,2025-07-28T20:00:00Z,2025-07-28T13:30:00Z,2025-07-28,400696,SOURCE_AVAILABLE,executed_at_and_created_at_timestamp,nanoseconds_normalized_from_arrow_unit,400696
False,SPY,NO_TEMPORAL_ANOMALY_OBSERVED,779245,778859,779245,779245,779245,779245,0,0,7.213783,0.031145,0.074185,0.6882723999999962,3.3910654399999833,2025-07-28T20:00:03.850069Z,2025-07-28T19:59:59.993501Z,2025-07-28T13:30:00.069757Z,2025-07-28T13:30:00.004900Z,0,PRESENT_NONEMPTY,2025-07-28T20:00:00Z,2025-07-28T13:30:00Z,2025-07-28,779245,SOURCE_AVAILABLE,executed_at_and_created_at_timestamp,nanoseconds_normalized_from_arrow_unit,779245
False,TSLA,NO_TEMPORAL_ANOMALY_OBSERVED,464901,464895,464901,464901,464901,464901,0,0,6.49289,0.031847,0.075078,0.166731,0.454155,2025-07-28T20:00:00.100605Z,2025-07-28T19:59:59.994607Z,2025-07-28T13:30:00.069757Z,2025-07-28T13:30:00.006759Z,0,PRESENT_NONEMPTY,2025-07-28T20:00:00Z,2025-07-28T13:30:00Z,2025-07-28,464901,SOURCE_AVAILABLE,executed_at_and_created_at_timestamp,nanoseconds_normalized_from_arrow_unit,464901
False,AAPL,NO_TEMPORAL_ANOMALY_OBSERVED,86832,86831,86832,86832,86832,86832,0,0,6.027136,0.032765,0.0699335,0.1291727,0.30624434000000095,2025-07-29T20:00:00.068494Z,2025-07-29T19:59:59.991104Z,2025-07-29T13:30:00.103361Z,2025-07-29T13:30:00.002908Z,0,PRESENT_NONEMPTY,2025-07-29T20:00:00Z,2025-07-29T13:30:00Z,2025-07-29,86832,SOURCE_AVAILABLE,executed_at_and_created_at_timestamp,nanoseconds_normalized_from_arrow_unit,86832
False,AMZN,NO_TEMPORAL_ANOMALY_OBSERVED,53239,53237,53239,53239,53239,53239,0,0,7.989203,0.032121,0.06885,0.1294711,1.399998,2025-07-29T20:00:00.034841Z,2025-07-29T19:59:59.981059Z,2025-07-29T13:30:00.103361Z,2025-07-29T13:30:00.016945Z,0,PRESENT_NONEMPTY,2025-07-29T20:00:00Z,2025-07-29T13:30:00Z,2025-07-29,53239,SOURCE_AVAILABLE,executed_at_and_created_at_timestamp,nanoseconds_normalized_from_arrow_unit,53239
False,META,NO_TEMPORAL_ANOMALY_OBSERVED,61875,61872,61875,61875,61875,61875,0,0,10.458842,0.033271,0.072882,0.15112949999999997,3.5575842200000114,2025-07-29T20:00:00.037660Z,2025-07-29T19:59:59.943749Z,2025-07-29T13:30:00.274268Z,2025-07-29T13:30:00.171046Z,0,PRESENT_NONEMPTY,2025-07-29T20:00:00Z,2025-07-29T13:30:00Z,2025-07-29,61875,SOURCE_AVAILABLE,executed_at_and_created_at_timestamp,nanoseconds_normalized_from_arrow_unit,61875
False,MSFT,NO_TEMPORAL_ANOMALY_OBSERVED,37330,37327,37330,37330,37330,37330,0,0,4.339661,0.032753,0.072327,0.14426565,1.9610049299999956,2025-07-29T20:00:00.068961Z,2025-07-29T19:59:59.991732Z,2025-07-29T13:30:00.130016Z,2025-07-29T13:30:00.006278Z,0,PRESENT_NONEMPTY,2025-07-29T20:00:00Z,2025-07-29T13:30:00Z,2025-07-29,37330,SOURCE_AVAILABLE,executed_at_and_created_at_timestamp,nanoseconds_normalized_from_arrow_unit,37330
False,NVDA,NO_TEMPORAL_ANOMALY_OBSERVED,287762,287762,287762,287762,287762,287762,0,0,4.617187,0.031789,0.074488,0.18554825000000041,0.5274345100000001,2025-07-29T19:59:59.959393Z,2025-07-29T19:59:59.910467Z,2025-07-29T13:30:00.068138Z,2025-07-29T13:30:00.005117Z,0,PRESENT_NONEMPTY,2025-07-29T20:00:00Z,2025-07-29T13:30:00Z,2025-07-29,287762,SOURCE_AVAILABLE,executed_at_and_created_at_timestamp,nanoseconds_normalized_from_arrow_unit,287762
False,QQQ,NO_TEMPORAL_ANOMALY_OBSERVED,524601,524598,524601,524601,524601,524601,0,0,8.042421,0.031626,0.074559,0.207922,1.012546,2025-07-29T20:00:00.146553Z,2025-07-29T19:59:59.995266Z,2025-07-29T13:30:00.120861Z,2025-07-29T13:30:00.002365Z,0,PRESENT_NONEMPTY,2025-07-29T20:00:00Z,2025-07-29T13:30:00Z,2025-07-29,524601,SOURCE_AVAILABLE,executed_at_and_created_at_timestamp,nanoseconds_normalized_from_arrow_unit,524601
False,SPY,NO_TEMPORAL_ANOMALY_OBSERVED,830957,830600,830957,830957,830957,830957,0,0,10.884166,0.030928,0.07726,1.0468987999999972,3.232089159999998,2025-07-29T20:00:06.439379Z,2025-07-29T19:59:59.998346Z,2025-07-29T13:30:00.069680Z,2025-07-29T13:30:00.002683Z,0,PRESENT_NONEMPTY,2025-07-29T20:00:00Z,2025-07-29T13:30:00Z,2025-07-29,830957,SOURCE_AVAILABLE,executed_at_and_created_at_timestamp,nanoseconds_normalized_from_arrow_unit,830957
False,TSLA,NO_TEMPORAL_ANOMALY_OBSERVED,331190,331186,331190,331190,331190,331190,0,0,6.478184,0.032135,0.075321,0.196493,0.7820274899999992,2025-07-29T20:00:00.040366Z,2025-07-29T19:59:59.963853Z,2025-07-29T13:30:00.069680Z,2025-07-29T13:30:00.005021Z,0,PRESENT_NONEMPTY,2025-07-29T20:00:00Z,2025-07-29T13:30:00Z,2025-07-29,331190,SOURCE_AVAILABLE,executed_at_and_created_at_timestamp,nanoseconds_normalized_from_arrow_unit,331190
False,AAPL,NO_TEMPORAL_ANOMALY_OBSERVED,86901,86900,86901,86901,86901,86901,0,0,11.062909,0.032715,0.073267,0.121112,0.356501,2025-07-30T20:00:00.027352Z,2025-07-30T19:59:59.954117Z,2025-07-30T13:30:00.069944Z,2025-07-30T13:30:00.002938Z,0,PRESENT_NONEMPTY,2025-07-30T20:00:00Z,2025-07-30T13:30:00Z,2025-07-30,86901,SOURCE_AVAILABLE,executed_at_and_created_at_timestamp,nanoseconds_normalized_from_arrow_unit,86901
False,AMZN,NO_TEMPORAL_ANOMALY_OBSERVED,46197,46197,46197,46197,46197,46197,0,0,23.302977,0.033015,0.072622,0.12122459999999996,0.3766085600000018,2025-07-30T19:59:59.543674Z,2025-07-30T19:59:59.490306Z,2025-07-30T13:30:00.097622Z,2025-07-30T13:30:00.003262Z,0,PRESENT_NONEMPTY,2025-07-30T20:00:00Z,2025-07-30T13:30:00Z,2025-07-30,46197,SOURCE_AVAILABLE,executed_at_and_created_at_timestamp,nanoseconds_normalized_from_arrow_unit,46197
False,META,NO_TEMPORAL_ANOMALY_OBSERVED,124143,124141,124143,124143,124143,124143,0,0,5.52566,0.034341,0.078935,0.13754919999999995,0.5303231000000005,2025-07-30T20:00:00.030862Z,2025-07-30T19:59:59.949177Z,2025-07-30T13:30:00.391333Z,2025-07-30T13:30:00.250550Z,0,PRESENT_NONEMPTY,2025-07-30T20:00:00Z,2025-07-30T13:30:00Z,2025-07-30,124143,SOURCE_AVAILABLE,executed_at_and_created_at_timestamp,nanoseconds_normalized_from_arrow_unit,124143
False,MSFT,NO_TEMPORAL_ANOMALY_OBSERVED,83570,83562,83570,83570,83570,83570,0,0,3.687098,0.033881,0.079506,0.146589,0.4379748999999991,2025-07-30T20:00:00.097231Z,2025-07-30T19:59:59.960084Z,2025-07-30T13:30:00.326044Z,2025-07-30T13:30:00.201136Z,0,PRESENT_NONEMPTY,2025-07-30T20:00:00Z,2025-07-30T13:30:00Z,2025-07-30,83570,SOURCE_AVAILABLE,executed_at_and_created_at_timestamp,nanoseconds_normalized_from_arrow_unit,83570
False,NVDA,NO_TEMPORAL_ANOMALY_OBSERVED,336887,336879,336887,336887,336887,336887,0,0,10.982012,0.032165,0.076995,0.14673590000000009,0.32126780000000027,2025-07-30T20:00:00.076323Z,2025-07-30T19:59:59.994867Z,2025-07-30T13:30:00.071078Z,2025-07-30T13:30:00.003987Z,0,PRESENT_NONEMPTY,2025-07-30T20:00:00Z,2025-07-30T13:30:00Z,2025-07-30,336887,SOURCE_AVAILABLE,executed_at_and_created_at_timestamp,nanoseconds_normalized_from_arrow_unit,336887
False,QQQ,NO_TEMPORAL_ANOMALY_OBSERVED,437933,437931,437933,437933,437933,437933,0,0,4.556053,0.03261,0.081441,0.33914739999999755,1.1803678799999986,2025-07-30T20:00:00.167067Z,2025-07-30T19:59:59.963342Z,2025-07-30T13:30:00.067548Z,2025-07-30T13:30:00.002511Z,0,PRESENT_NONEMPTY,2025-07-30T20:00:00Z,2025-07-30T13:30:00Z,2025-07-30,437933,SOURCE_AVAILABLE,executed_at_and_created_at_timestamp,nanoseconds_normalized_from_arrow_unit,437933
False,SPY,NO_TEMPORAL_ANOMALY_OBSERVED,870896,870576,870896,870896,870896,870896,0,0,16.635791,0.032391,0.093022,3.954695,7.712743150000014,2025-07-30T20:00:04.571492Z,2025-07-30T19:59:59.985055Z,2025-07-30T13:30:00.071435Z,2025-07-30T13:30:00.002449Z,0,PRESENT_NONEMPTY,2025-07-30T20:00:00Z,2025-07-30T13:30:00Z,2025-07-30,870896,SOURCE_AVAILABLE,executed_at_and_created_at_timestamp,nanoseconds_normalized_from_arrow_unit,870896
False,TSLA,NO_TEMPORAL_ANOMALY_OBSERVED,346254,346248,346254,346254,346254,346254,0,0,9.996964,0.031927,0.0787525,0.21420869999999997,1.1566961699999996,2025-07-30T20:00:00.172882Z,2025-07-30T19:59:59.976141Z,2025-07-30T13:30:00.100338Z,2025-07-30T13:30:00.002783Z,0,PRESENT_NONEMPTY,2025-07-30T20:00:00Z,2025-07-30T13:30:00Z,2025-07-30,346254,SOURCE_AVAILABLE,executed_at_and_created_at_timestamp,nanoseconds_normalized_from_arrow_unit,346254
False,AAPL,NO_TEMPORAL_ANOMALY_OBSERVED,192165,192150,192165,192165,192165,192165,0,0,7.113898,0.032522,0.070403,0.12318519999999995,0.34705043999996815,2025-07-31T20:00:00.109323Z,2025-07-31T19:59:59.982285Z,2025-07-31T13:30:00.102783Z,2025-07-31T13:30:00.006723Z,0,PRESENT_NONEMPTY,2025-07-31T20:00:00Z,2025-07-31T13:30:00Z,2025-07-31,192165,SOURCE_AVAILABLE,executed_at_and_created_at_timestamp,nanoseconds_normalized_from_arrow_unit,192165
False,AMZN,NO_TEMPORAL_ANOMALY_OBSERVED,242468,242458,242468,242468,242468,242468,0,0,8.846371,0.03178,0.070511,0.117721,0.30243020999999953,2025-07-31T20:00:00.109323Z,2025-07-31T19:59:59.975524Z,2025-07-31T13:30:00.072032Z,2025-07-31T13:30:00.003872Z,0,PRESENT_NONEMPTY,2025-07-31T20:00:00Z,2025-07-31T13:30:00Z,2025-07-31,242468,SOURCE_AVAILABLE,executed_at_and_created_at_timestamp,nanoseconds_normalized_from_arrow_unit,242468
False,META,NO_TEMPORAL_ANOMALY_OBSERVED,330143,330141,330143,330143,330143,330143,0,0,21.508786,0.032891,0.080859,1.8347924999999992,17.648200960000015,2025-07-31T20:00:00.096889Z,2025-07-31T19:59:59.947023Z,2025-07-31T13:30:00.332514Z,2025-07-31T13:30:00.259840Z,0,PRESENT_NONEMPTY,2025-07-31T20:00:00Z,2025-07-31T13:30:00Z,2025-07-31,330143,SOURCE_AVAILABLE,executed_at_and_created_at_timestamp,nanoseconds_normalized_from_arrow_unit,330143
False,MSFT,NO_TEMPORAL_ANOMALY_OBSERVED,228219,228217,228219,228219,228219,228219,0,0,14.836485,0.033537,0.07983,1.6991670999999995,10.531518660000007,2025-07-31T20:00:00.096889Z,2025-07-31T19:59:59.932318Z,2025-07-31T13:30:00.964919Z,2025-07-31T13:30:00.172876Z,0,PRESENT_NONEMPTY,2025-07-31T20:00:00Z,2025-07-31T13:30:00Z,2025-07-31,228219,SOURCE_AVAILABLE,executed_at_and_created_at_timestamp,nanoseconds_normalized_from_arrow_unit,228219
False,NVDA,NO_TEMPORAL_ANOMALY_OBSERVED,389421,389412,389421,389421,389421,389421,0,0,4.195419,0.03131,0.071482,0.137059,0.7429327999999992,2025-07-31T20:00:00.096668Z,2025-07-31T19:59:59.956754Z,2025-07-31T13:30:00.071228Z,2025-07-31T13:30:00.004172Z,0,PRESENT_NONEMPTY,2025-07-31T20:00:00Z,2025-07-31T13:30:00Z,2025-07-31,389421,SOURCE_AVAILABLE,executed_at_and_created_at_timestamp,nanoseconds_normalized_from_arrow_unit,389421
False,QQQ,NO_TEMPORAL_ANOMALY_OBSERVED,649127,649122,649127,649127,649127,649127,0,0,22.103485,0.032786,0.077497,0.19228669999999998,0.546937,2025-07-31T20:00:00.149294Z,2025-07-31T19:59:59.984248Z,2025-07-31T13:30:00.072798Z,2025-07-31T13:30:00.003128Z,0,PRESENT_NONEMPTY,2025-07-31T20:00:00Z,2025-07-31T13:30:00Z,2025-07-31,649127,SOURCE_AVAILABLE,executed_at_and_created_at_timestamp,nanoseconds_normalized_from_arrow_unit,649127
False,SPY,NO_TEMPORAL_ANOMALY_OBSERVED,1063101,1062261,1063101,1063101,1063101,1063101,0,0,19.944806,0.030536,0.088543,3.075431,4.44883,2025-07-31T20:00:17.665521Z,2025-07-31T19:59:59.999975Z,2025-07-31T13:30:00.070608Z,2025-07-31T13:30:00.003823Z,0,PRESENT_NONEMPTY,2025-07-31T20:00:00Z,2025-07-31T13:30:00Z,2025-07-31,1063101,SOURCE_AVAILABLE,executed_at_and_created_at_timestamp,nanoseconds_normalized_from_arrow_unit,1063101
False,TSLA,NO_TEMPORAL_ANOMALY_OBSERVED,414708,414568,414708,414708,414708,414708,0,0,8.923307,0.031566,0.0745595,0.172453,0.649991,2025-07-31T20:00:00.850041Z,2025-07-31T19:59:59.959323Z,2025-07-31T13:30:00.098761Z,2025-07-31T13:30:00.005007Z,0,PRESENT_NONEMPTY,2025-07-31T20:00:00Z,2025-07-31T13:30:00Z,2025-07-31,414708,SOURCE_AVAILABLE,executed_at_and_created_at_timestamp,nanoseconds_normalized_from_arrow_unit,414708
False,AAPL,NO_TEMPORAL_ANOMALY_OBSERVED,306107,306104,306107,306107,306107,306107,0,0,10.239288,0.032092,0.072329,0.13821370000000002,3.5615453600000198,2025-08-01T20:00:00.043539Z,2025-08-01T19:59:59.976423Z,2025-08-01T13:30:00.072744Z,2025-08-01T13:30:00.031227Z,0,PRESENT_NONEMPTY,2025-08-01T20:00:00Z,2025-08-01T13:30:00Z,2025-08-01,306107,SOURCE_AVAILABLE,executed_at_and_created_at_timestamp,nanoseconds_normalized_from_arrow_unit,306107
False,AMZN,NO_TEMPORAL_ANOMALY_OBSERVED,294220,294219,294220,294220,294220,294220,0,0,12.473044,0.031524,0.073173,0.16344014999999998,5.754321019999999,2025-08-01T20:00:00.014772Z,2025-08-01T19:59:59.934982Z,2025-08-01T13:30:00.096867Z,2025-08-01T13:30:00.016554Z,0,PRESENT_NONEMPTY,2025-08-01T20:00:00Z,2025-08-01T13:30:00Z,2025-08-01,294220,SOURCE_AVAILABLE,executed_at_and_created_at_timestamp,nanoseconds_normalized_from_arrow_unit,294220
False,META,NO_TEMPORAL_ANOMALY_OBSERVED,185133,185133,185133,185133,185133,185133,0,0,24.84077,0.03373,0.078311,0.2234963999999998,7.911706279999998,2025-08-01T19:59:59.970803Z,2025-08-01T19:59:59.885062Z,2025-08-01T13:30:00.229777Z,2025-08-01T13:30:00.128962Z,0,PRESENT_NONEMPTY,2025-08-01T20:00:00Z,2025-08-01T13:30:00Z,2025-08-01,185133,SOURCE_AVAILABLE,executed_at_and_created_at_timestamp,nanoseconds_normalized_from_arrow_unit,185133
False,MSFT,NO_TEMPORAL_ANOMALY_OBSERVED,123797,123795,123797,123797,123797,123797,0,0,13.206699,0.033611,0.076168,0.18296899999999994,1.7339340399999903,2025-08-01T20:00:00.041325Z,2025-08-01T19:59:59.956069Z,2025-08-01T13:30:00.447197Z,2025-08-01T13:30:00.251515Z,0,PRESENT_NONEMPTY,2025-08-01T20:00:00Z,2025-08-01T13:30:00Z,2025-08-01,123797,SOURCE_AVAILABLE,executed_at_and_created_at_timestamp,nanoseconds_normalized_from_arrow_unit,123797
False,NVDA,NO_TEMPORAL_ANOMALY_OBSERVED,430140,430119,430140,430140,430140,430140,0,0,3.71055,0.031629,0.071649,0.13476,0.3823658999999973,2025-08-01T20:00:00.108534Z,2025-08-01T19:59:59.996250Z,2025-08-01T13:30:00.099876Z,2025-08-01T13:30:00.003232Z,0,PRESENT_NONEMPTY,2025-08-01T20:00:00Z,2025-08-01T13:30:00Z,2025-08-01,430140,SOURCE_AVAILABLE,executed_at_and_created_at_timestamp,nanoseconds_normalized_from_arrow_unit,430140
False,QQQ,NO_TEMPORAL_ANOMALY_OBSERVED,727629,727625,727629,727629,727629,727629,0,0,10.270067,0.032301,0.080178,0.22086079999999994,1.0153248799999999,2025-08-01T20:00:00.130124Z,2025-08-01T19:59:59.983510Z,2025-08-01T13:30:00.072890Z,2025-08-01T13:30:00.002219Z,0,PRESENT_NONEMPTY,2025-08-01T20:00:00Z,2025-08-01T13:30:00Z,2025-08-01,727629,SOURCE_AVAILABLE,executed_at_and_created_at_timestamp,nanoseconds_normalized_from_arrow_unit,727629
False,SPY,NO_TEMPORAL_ANOMALY_OBSERVED,1286923,1286686,1286923,1286923,1286923,1286923,0,0,165.418403,0.031532,0.087838,4.626347699999999,86.6027822,2025-08-01T20:00:08.193339Z,2025-08-01T19:59:59.947819Z,2025-08-01T13:30:00.068507Z,2025-08-01T13:30:00.003268Z,0,PRESENT_NONEMPTY,2025-08-01T20:00:00Z,2025-08-01T13:30:00Z,2025-08-01,1286923,SOURCE_AVAILABLE,executed_at_and_created_at_timestamp,nanoseconds_normalized_from_arrow_unit,1286923
False,TSLA,NO_TEMPORAL_ANOMALY_OBSERVED,580012,580008,580012,580012,580012,580012,0,0,16.757775,0.031753,0.0793485,0.227564,1.1502961700000078,2025-08-01T20:00:00.069218Z,2025-08-01T19:59:59.962568Z,2025-08-01T13:30:00.100826Z,2025-08-01T13:30:00.005470Z,0,PRESENT_NONEMPTY,2025-08-01T20:00:00Z,2025-08-01T13:30:00Z,2025-08-01,580012,SOURCE_AVAILABLE,executed_at_and_created_at_timestamp,nanoseconds_normalized_from_arrow_unit,580012
False,AAPL,NO_TEMPORAL_ANOMALY_OBSERVED,167890,167889,167890,167890,167890,167890,0,0,3.372354,0.032414,0.068921,0.10645154999999999,0.22326439999999942,2025-08-04T20:00:00.025061Z,2025-08-04T19:59:59.949337Z,2025-08-04T13:30:00.095736Z,2025-08-04T13:30:00.005262Z,0,PRESENT_NONEMPTY,2025-08-04T20:00:00Z,2025-08-04T13:30:00Z,2025-08-04,167890,SOURCE_AVAILABLE,executed_at_and_created_at_timestamp,nanoseconds_normalized_from_arrow_unit,167890
False,AMZN,NO_TEMPORAL_ANOMALY_OBSERVED,167983,167983,167983,167983,167983,167983,0,0,3.256284,0.032165,0.068679,0.1049778,0.2146889199999997,2025-08-04T19:59:59.788357Z,2025-08-04T19:59:59.712972Z,2025-08-04T13:30:00.067727Z,2025-08-04T13:30:00.005391Z,0,PRESENT_NONEMPTY,2025-08-04T20:00:00Z,2025-08-04T13:30:00Z,2025-08-04,167983,SOURCE_AVAILABLE,executed_at_and_created_at_timestamp,nanoseconds_normalized_from_arrow_unit,167983
False,META,NO_TEMPORAL_ANOMALY_OBSERVED,113578,113576,113578,113578,113578,113578,0,0,5.377498,0.033971,0.074189,0.1391056,2.212871,2025-08-04T20:00:00.000244Z,2025-08-04T19:59:59.905484Z,2025-08-04T13:30:00.264662Z,2025-08-04T13:30:00.198060Z,0,PRESENT_NONEMPTY,2025-08-04T20:00:00Z,2025-08-04T13:30:00Z,2025-08-04,113578,SOURCE_AVAILABLE,executed_at_and_created_at_timestamp,nanoseconds_normalized_from_arrow_unit,113578
False,MSFT,NO_TEMPORAL_ANOMALY_OBSERVED,80584,80584,80584,80584,80584,80584,0,0,3.511565,0.032963,0.0727795,0.12958764999999975,1.7658443499999998,2025-08-04T19:59:59.428497Z,2025-08-04T19:59:59.340812Z,2025-08-04T13:30:00.348571Z,2025-08-04T13:30:00.261672Z,0,PRESENT_NONEMPTY,2025-08-04T20:00:00Z,2025-08-04T13:30:00Z,2025-08-04,80584,SOURCE_AVAILABLE,executed_at_and_created_at_timestamp,nanoseconds_normalized_from_arrow_unit,80584
False,NVDA,NO_TEMPORAL_ANOMALY_OBSERVED,253370,253357,253370,253370,253370,253370,0,0,2.257299,0.031712,0.070488,0.128338,0.21451233999999997,2025-08-04T20:00:00.086042Z,2025-08-04T19:59:59.978963Z,2025-08-04T13:30:00.105715Z,2025-08-04T13:30:00.005907Z,0,PRESENT_NONEMPTY,2025-08-04T20:00:00Z,2025-08-04T13:30:00Z,2025-08-04,253370,SOURCE_AVAILABLE,executed_at_and_created_at_timestamp,nanoseconds_normalized_from_arrow_unit,253370
False,QQQ,NO_TEMPORAL_ANOMALY_OBSERVED,508540,508537,508540,508540,508540,508540,0,0,3.59211,0.032629,0.074692,0.141894,0.310784,2025-08-04T20:00:00.064870Z,2025-08-04T19:59:59.921457Z,2025-08-04T13:30:00.131616Z,2025-08-04T13:30:00.002117Z,0,PRESENT_NONEMPTY,2025-08-04T20:00:00Z,2025-08-04T13:30:00Z,2025-08-04,508540,SOURCE_AVAILABLE,executed_at_and_created_at_timestamp,nanoseconds_normalized_from_arrow_unit,508540
False,SPY,NO_TEMPORAL_ANOMALY_OBSERVED,907583,907323,907583,907583,907583,907583,0,0,13.480918,0.03088,0.073933,1.0735543999999697,3.6717201199999945,2025-08-04T20:00:04.082570Z,2025-08-04T19:59:59.976505Z,2025-08-04T13:30:00.101819Z,2025-08-04T13:30:00.002918Z,0,PRESENT_NONEMPTY,2025-08-04T20:00:00Z,2025-08-04T13:30:00Z,2025-08-04,907583,SOURCE_AVAILABLE,executed_at_and_created_at_timestamp,nanoseconds_normalized_from_arrow_unit,907583
False,TSLA,NO_TEMPORAL_ANOMALY_OBSERVED,325578,325574,325578,325578,325578,325578,0,0,14.724676,0.031798,0.07244249999999999,0.13998114999999997,0.3485587999999989,2025-08-04T20:00:00.141107Z,2025-08-04T19:59:59.995611Z,2025-08-04T13:30:00.069630Z,2025-08-04T13:30:00.009141Z,0,PRESENT_NONEMPTY,2025-08-04T20:00:00Z,2025-08-04T13:30:00Z,2025-08-04,325578,SOURCE_AVAILABLE,executed_at_and_created_at_timestamp,nanoseconds_normalized_from_arrow_unit,325578
False,AAPL,NO_TEMPORAL_ANOMALY_OBSERVED,96336,96336,96336,96336,96336,96336,0,0,1.642596,0.031133,0.068227,0.11089,0.2257642499999996,2025-08-05T19:59:59.469812Z,2025-08-05T19:59:59.407954Z,2025-08-05T13:30:00.108813Z,2025-08-05T13:30:00.002862Z,0,PRESENT_NONEMPTY,2025-08-05T20:00:00Z,2025-08-05T13:30:00Z,2025-08-05,96336,SOURCE_AVAILABLE,executed_at_and_created_at_timestamp,nanoseconds_normalized_from_arrow_unit,96336
False,AMZN,NO_TEMPORAL_ANOMALY_OBSERVED,117247,117246,117247,117247,117247,117247,0,0,1.72336,0.032134,0.068974,0.11249139999999996,0.27025869999999996,2025-08-05T20:00:00.025719Z,2025-08-05T19:59:59.972222Z,2025-08-05T13:30:00.067052Z,2025-08-05T13:30:00.003964Z,0,PRESENT_NONEMPTY,2025-08-05T20:00:00Z,2025-08-05T13:30:00Z,2025-08-05,117247,SOURCE_AVAILABLE,executed_at_and_created_at_timestamp,nanoseconds_normalized_from_arrow_unit,117247
False,META,NO_TEMPORAL_ANOMALY_OBSERVED,91730,91730,91730,91730,91730,91730,0,0,8.578966,0.032922,0.0736325,0.1397611,1.1220191200000063,2025-08-05T19:59:59.990096Z,2025-08-05T19:59:59.897439Z,2025-08-05T13:30:00.754891Z,2025-08-05T13:30:00.277970Z,0,PRESENT_NONEMPTY,2025-08-05T20:00:00Z,2025-08-05T13:30:00Z,2025-08-05,91730,SOURCE_AVAILABLE,executed_at_and_created_at_timestamp,nanoseconds_normalized_from_arrow_unit,91730
False,MSFT,NO_TEMPORAL_ANOMALY_OBSERVED,52382,52382,52382,52382,52382,52382,0,0,4.281206,0.033586,0.0726835,0.13918504999999995,0.50921328,2025-08-05T19:59:59.847053Z,2025-08-05T19:59:59.752619Z,2025-08-05T13:30:00.192995Z,2025-08-05T13:30:00.026949Z,0,PRESENT_NONEMPTY,2025-08-05T20:00:00Z,2025-08-05T13:30:00Z,2025-08-05,52382,SOURCE_AVAILABLE,executed_at_and_created_at_timestamp,nanoseconds_normalized_from_arrow_unit,52382
False,NVDA,NO_TEMPORAL_ANOMALY_OBSERVED,232889,232889,232889,232889,232889,232889,0,0,1.842111,0.032033,0.07132,0.13725359999999998,0.31500207999999963,2025-08-05T19:59:59.995068Z,2025-08-05T19:59:59.925962Z,2025-08-05T13:30:00.103932Z,2025-08-05T13:30:00.004889Z,0,PRESENT_NONEMPTY,2025-08-05T20:00:00Z,2025-08-05T13:30:00Z,2025-08-05,232889,SOURCE_AVAILABLE,executed_at_and_created_at_timestamp,nanoseconds_normalized_from_arrow_unit,232889
False,QQQ,NO_TEMPORAL_ANOMALY_OBSERVED,583611,583608,583611,583611,583611,583611,0,0,6.038245,0.032833,0.077266,0.1982,0.5107977000000036,2025-08-05T20:00:00.027775Z,2025-08-05T19:59:59.885491Z,2025-08-05T13:30:00.068644Z,2025-08-05T13:30:00.002269Z,0,PRESENT_NONEMPTY,2025-08-05T20:00:00Z,2025-08-05T13:30:00Z,2025-08-05,583611,SOURCE_AVAILABLE,executed_at_and_created_at_timestamp,nanoseconds_normalized_from_arrow_unit,583611
False,SPY,NO_TEMPORAL_ANOMALY_OBSERVED,1069587,1069442,1069587,1069587,1069587,1069587,0,0,7.929588,0.031288,0.077522,1.3302241999999997,3.839881459999996,2025-08-05T20:00:06.633219Z,2025-08-05T19:59:59.993594Z,2025-08-05T13:30:00.065807Z,2025-08-05T13:30:00.004254Z,0,PRESENT_NONEMPTY,2025-08-05T20:00:00Z,2025-08-05T13:30:00Z,2025-08-05,1069587,SOURCE_AVAILABLE,executed_at_and_created_at_timestamp,nanoseconds_normalized_from_arrow_unit,1069587
False,TSLA,NO_TEMPORAL_ANOMALY_OBSERVED,244633,244621,244633,244633,244633,244633,0,0,13.562763,0.032129,0.07255,0.14933559999999996,0.41453283999999974,2025-08-05T20:00:00.125812Z,2025-08-05T19:59:59.908181Z,2025-08-05T13:30:00.189883Z,2025-08-05T13:30:00.006402Z,0,PRESENT_NONEMPTY,2025-08-05T20:00:00Z,2025-08-05T13:30:00Z,2025-08-05,244633,SOURCE_AVAILABLE,executed_at_and_created_at_timestamp,nanoseconds_normalized_from_arrow_unit,244633
False,AAPL,NO_TEMPORAL_ANOMALY_OBSERVED,326004,326001,326004,326004,326004,326004,0,0,13.50877,0.031291,0.071583,0.133691,0.6709570599999861,2025-08-06T20:00:00.064061Z,2025-08-06T19:59:59.987048Z,2025-08-06T13:30:00.129959Z,2025-08-06T13:30:00.004904Z,0,PRESENT_NONEMPTY,2025-08-06T20:00:00Z,2025-08-06T13:30:00Z,2025-08-06,326004,SOURCE_AVAILABLE,executed_at_and_created_at_timestamp,nanoseconds_normalized_from_arrow_unit,326004
False,AMZN,NO_TEMPORAL_ANOMALY_OBSERVED,153434,153434,153434,153434,153434,153434,0,0,13.017008,0.032059,0.069828,0.11353145000000005,0.4772713900000233,2025-08-06T19:59:59.905933Z,2025-08-06T19:59:59.830842Z,2025-08-06T13:30:00.158159Z,2025-08-06T13:30:00.032298Z,0,PRESENT_NONEMPTY,2025-08-06T20:00:00Z,2025-08-06T13:30:00Z,2025-08-06,153434,SOURCE_AVAILABLE,executed_at_and_created_at_timestamp,nanoseconds_normalized_from_arrow_unit,153434
False,META,NO_TEMPORAL_ANOMALY_OBSERVED,72833,72833,72833,72833,72833,72833,0,0,13.194013,0.033245,0.072965,0.1465051999999991,1.971987,2025-08-06T19:59:59.963217Z,2025-08-06T19:59:59.905768Z,2025-08-06T13:30:01.250435Z,2025-08-06T13:30:00.139294Z,0,PRESENT_NONEMPTY,2025-08-06T20:00:00Z,2025-08-06T13:30:00Z,2025-08-06,72833,SOURCE_AVAILABLE,executed_at_and_created_at_timestamp,nanoseconds_normalized_from_arrow_unit,72833
False,MSFT,NO_TEMPORAL_ANOMALY_OBSERVED,49499,49499,49499,49499,49499,49499,0,0,8.484813,0.032803,0.07176,0.13747209999999999,1.4984822599999006,2025-08-06T19:59:59.735094Z,2025-08-06T19:59:59.658925Z,2025-08-06T13:30:01.807355Z,2025-08-06T13:30:00.221518Z,0,PRESENT_NONEMPTY,2025-08-06T20:00:00Z,2025-08-06T13:30:00Z,2025-08-06,49499,SOURCE_AVAILABLE,executed_at_and_created_at_timestamp,nanoseconds_normalized_from_arrow_unit,49499
False,NVDA,NO_TEMPORAL_ANOMALY_OBSERVED,210486,210486,210486,210486,210486,210486,0,0,10.976415,0.031607,0.071426,0.17164375,0.8700023999999998,2025-08-06T19:59:59.814935Z,2025-08-06T19:59:59.729205Z,2025-08-06T13:30:00.068430Z,2025-08-06T13:30:00.003077Z,0,PRESENT_NONEMPTY,2025-08-06T20:00:00Z,2025-08-06T13:30:00Z,2025-08-06,210486,SOURCE_AVAILABLE,executed_at_and_created_at_timestamp,nanoseconds_normalized_from_arrow_unit,210486
False,QQQ,NO_TEMPORAL_ANOMALY_OBSERVED,544125,544122,544125,544125,544125,544125,0,0,8.302483,0.031784,0.075972,0.18683519999999995,0.6190678000000016,2025-08-06T20:00:00.091928Z,2025-08-06T19:59:59.955964Z,2025-08-06T13:30:00.070235Z,2025-08-06T13:30:00.002342Z,0,PRESENT_NONEMPTY,2025-08-06T20:00:00Z,2025-08-06T13:30:00Z,2025-08-06,544125,SOURCE_AVAILABLE,executed_at_and_created_at_timestamp,nanoseconds_normalized_from_arrow_unit,544125
False,SPY,NO_TEMPORAL_ANOMALY_OBSERVED,918479,918360,918479,918479,918479,918479,0,0,13.560308,0.03088,0.076861,2.2397367999999998,3.531223339999999,2025-08-06T20:00:04.075903Z,2025-08-06T19:59:59.964776Z,2025-08-06T13:30:00.100257Z,2025-08-06T13:30:00.002143Z,0,PRESENT_NONEMPTY,2025-08-06T20:00:00Z,2025-08-06T13:30:00Z,2025-08-06,918479,SOURCE_AVAILABLE,executed_at_and_created_at_timestamp,nanoseconds_normalized_from_arrow_unit,918479
False,TSLA,NO_TEMPORAL_ANOMALY_OBSERVED,368474,368456,368474,368474,368474,368474,0,0,8.836309,0.031511,0.0746705,0.17655234999999997,0.6357882600000081,2025-08-06T20:00:00.137233Z,2025-08-06T19:59:59.984733Z,2025-08-06T13:30:00.161413Z,2025-08-06T13:30:00.008479Z,0,PRESENT_NONEMPTY,2025-08-06T20:00:00Z,2025-08-06T13:30:00Z,2025-08-06,368474,SOURCE_AVAILABLE,executed_at_and_created_at_timestamp,nanoseconds_normalized_from_arrow_unit,368474
False,AAPL,NO_TEMPORAL_ANOMALY_OBSERVED,274480,274478,274480,274480,274480,274480,0,0,8.589081,0.032588,0.072632,0.14591874999999982,1.8036541000000001,2025-08-07T20:00:00.058972Z,2025-08-07T19:59:59.990295Z,2025-08-07T13:30:00.098653Z,2025-08-07T13:30:00.012101Z,0,PRESENT_NONEMPTY,2025-08-07T20:00:00Z,2025-08-07T13:30:00Z,2025-08-07,274480,SOURCE_AVAILABLE,executed_at_and_created_at_timestamp,nanoseconds_normalized_from_arrow_unit,274480
False,AMZN,NO_TEMPORAL_ANOMALY_OBSERVED,135568,135566,135568,135568,135568,135568,0,0,7.350526,0.031448,0.072572,0.1477974499999999,1.5882567499999927,2025-08-07T20:00:00.058972Z,2025-08-07T19:59:59.992769Z,2025-08-07T13:30:00.069754Z,2025-08-07T13:30:00.003333Z,0,PRESENT_NONEMPTY,2025-08-07T20:00:00Z,2025-08-07T13:30:00Z,2025-08-07,135568,SOURCE_AVAILABLE,executed_at_and_created_at_timestamp,nanoseconds_normalized_from_arrow_unit,135568
False,META,NO_TEMPORAL_ANOMALY_OBSERVED,74047,74047,74047,74047,74047,74047,0,0,8.987678,0.033587,0.074336,0.16303289999999995,1.1744896999999368,2025-08-07T19:59:59.824011Z,2025-08-07T19:59:59.734117Z,2025-08-07T13:30:00.898180Z,2025-08-07T13:30:00.712785Z,0,PRESENT_NONEMPTY,2025-08-07T20:00:00Z,2025-08-07T13:30:00Z,2025-08-07,74047,SOURCE_AVAILABLE,executed_at_and_created_at_timestamp,nanoseconds_normalized_from_arrow_unit,74047
False,MSFT,NO_TEMPORAL_ANOMALY_OBSERVED,73599,73595,73599,73599,73599,73599,0,0,8.220226,0.033547,0.073005,0.16322239999999943,1.3426887000000003,2025-08-07T20:00:00.050705Z,2025-08-07T19:59:59.982291Z,2025-08-07T13:30:00.407413Z,2025-08-07T13:30:00.215131Z,0,PRESENT_NONEMPTY,2025-08-07T20:00:00Z,2025-08-07T13:30:00Z,2025-08-07,73599,SOURCE_AVAILABLE,executed_at_and_created_at_timestamp,nanoseconds_normalized_from_arrow_unit,73599
False,NVDA,NO_TEMPORAL_ANOMALY_OBSERVED,315263,315261,315263,315263,315263,315263,0,0,6.407975,0.032363,0.07278,0.15023659999999986,0.6335623000000011,2025-08-07T20:00:00.046500Z,2025-08-07T19:59:59.981747Z,2025-08-07T13:30:00.070787Z,2025-08-07T13:30:00.003668Z,0,PRESENT_NONEMPTY,2025-08-07T20:00:00Z,2025-08-07T13:30:00Z,2025-08-07,315263,SOURCE_AVAILABLE,executed_at_and_created_at_timestamp,nanoseconds_normalized_from_arrow_unit,315263
False,QQQ,NO_TEMPORAL_ANOMALY_OBSERVED,624602,624601,624602,624602,624602,624602,0,0,6.970563,0.032001,0.078889,0.2512448999999999,1.295428829999999,2025-08-07T20:00:00.101746Z,2025-08-07T19:59:59.986564Z,2025-08-07T13:30:00.069705Z,2025-08-07T13:30:00.002532Z,0,PRESENT_NONEMPTY,2025-08-07T20:00:00Z,2025-08-07T13:30:00Z,2025-08-07,624602,SOURCE_AVAILABLE,executed_at_and_created_at_timestamp,nanoseconds_normalized_from_arrow_unit,624602
False,SPY,NO_TEMPORAL_ANOMALY_OBSERVED,1077156,1076696,1077156,1077156,1077156,1077156,0,0,23.958598,0.031828,0.0811795,2.167224,4.181071299999996,2025-08-07T20:00:06.177090Z,2025-08-07T19:59:59.996823Z,2025-08-07T13:30:00.071076Z,2025-08-07T13:30:00.002072Z,0,PRESENT_NONEMPTY,2025-08-07T20:00:00Z,2025-08-07T13:30:00Z,2025-08-07,1077156,SOURCE_AVAILABLE,executed_at_and_created_at_timestamp,nanoseconds_normalized_from_arrow_unit,1077156
False,TSLA,NO_TEMPORAL_ANOMALY_OBSERVED,318504,318457,318504,318504,318504,318504,0,0,41.588835,0.030862,0.075149,0.20502824999999988,2.7786914699999956,2025-08-07T20:00:00.083397Z,2025-08-07T19:59:59.997451Z,2025-08-07T13:30:00.107205Z,2025-08-07T13:30:00.011484Z,0,PRESENT_NONEMPTY,2025-08-07T20:00:00Z,2025-08-07T13:30:00Z,2025-08-07,318504,SOURCE_AVAILABLE,executed_at_and_created_at_timestamp,nanoseconds_normalized_from_arrow_unit,318504
False,AAPL,NO_TEMPORAL_ANOMALY_OBSERVED,506589,506578,506589,506589,506589,506589,0,0,4.53753,0.032034,0.070239,0.11417059999999997,0.18008863999999988,2025-08-08T20:00:00.010805Z,2025-08-08T19:59:59.935938Z,2025-08-08T13:30:00.285240Z,2025-08-08T13:30:00.108539Z,0,PRESENT_NONEMPTY,2025-08-08T20:00:00Z,2025-08-08T13:30:00Z,2025-08-08,506589,SOURCE_AVAILABLE,executed_at_and_created_at_timestamp,nanoseconds_normalized_from_arrow_unit,506589
False,AMZN,NO_TEMPORAL_ANOMALY_OBSERVED,83366,83366,83366,83366,83366,83366,0,0,5.12794,0.032202,0.070037,0.110541,0.28263775,2025-08-08T19:59:59.986013Z,2025-08-08T19:59:59.915544Z,2025-08-08T13:30:00.158875Z,2025-08-08T13:30:00.013034Z,0,PRESENT_NONEMPTY,2025-08-08T20:00:00Z,2025-08-08T13:30:00Z,2025-08-08,83366,SOURCE_AVAILABLE,executed_at_and_created_at_timestamp,nanoseconds_normalized_from_arrow_unit,83366
False,META,NO_TEMPORAL_ANOMALY_OBSERVED,88417,88417,88417,88417,88417,88417,0,0,9.602215,0.033056,0.072423,0.1192472,0.21942771999999947,2025-08-08T19:59:59.966850Z,2025-08-08T19:59:59.922045Z,2025-08-08T13:30:00.127256Z,2025-08-08T13:30:00.007138Z,0,PRESENT_NONEMPTY,2025-08-08T20:00:00Z,2025-08-08T13:30:00Z,2025-08-08,88417,SOURCE_AVAILABLE,executed_at_and_created_at_timestamp,nanoseconds_normalized_from_arrow_unit,88417
False,MSFT,NO_TEMPORAL_ANOMALY_OBSERVED,65038,65038,65038,65038,65038,65038,0,0,4.222581,0.032859,0.072338,0.11860514999999999,0.5482391599999988,2025-08-08T19:59:59.635810Z,2025-08-08T19:59:59.552144Z,2025-08-08T13:30:00.286890Z,2025-08-08T13:30:00.180093Z,0,PRESENT_NONEMPTY,2025-08-08T20:00:00Z,2025-08-08T13:30:00Z,2025-08-08,65038,SOURCE_AVAILABLE,executed_at_and_created_at_timestamp,nanoseconds_normalized_from_arrow_unit,65038
False,NVDA,NO_TEMPORAL_ANOMALY_OBSERVED,291514,291511,291514,291514,291514,291514,0,0,4.173926,0.031727,0.070058,0.11738604999999994,0.18005695999999996,2025-08-08T20:00:00.054317Z,2025-08-08T19:59:59.922824Z,2025-08-08T13:30:00.068597Z,2025-08-08T13:30:00.003312Z,0,PRESENT_NONEMPTY,2025-08-08T20:00:00Z,2025-08-08T13:30:00Z,2025-08-08,291514,SOURCE_AVAILABLE,executed_at_and_created_at_timestamp,nanoseconds_normalized_from_arrow_unit,291514
False,QQQ,NO_TEMPORAL_ANOMALY_OBSERVED,479496,479492,479496,479496,479496,479496,0,0,4.099111,0.032103,0.072923,0.14787925000000002,0.27479929999999947,2025-08-08T20:00:00.073942Z,2025-08-08T19:59:59.928548Z,2025-08-08T13:30:00.100566Z,2025-08-08T13:30:00.002951Z,0,PRESENT_NONEMPTY,2025-08-08T20:00:00Z,2025-08-08T13:30:00Z,2025-08-08,479496,SOURCE_AVAILABLE,executed_at_and_created_at_timestamp,nanoseconds_normalized_from_arrow_unit,479496
False,SPY,NO_TEMPORAL_ANOMALY_OBSERVED,889832,889550,889832,889832,889832,889832,0,0,66.580707,0.031526,0.074939,0.7150585999999987,2.581727789999984,2025-08-08T20:00:06.055649Z,2025-08-08T19:59:59.952429Z,2025-08-08T13:30:00.067233Z,2025-08-08T13:30:00.002267Z,0,PRESENT_NONEMPTY,2025-08-08T20:00:00Z,2025-08-08T13:30:00Z,2025-08-08,889832,SOURCE_AVAILABLE,executed_at_and_created_at_timestamp,nanoseconds_normalized_from_arrow_unit,889832
False,TSLA,NO_TEMPORAL_ANOMALY_OBSERVED,681255,681251,681255,681255,681255,681255,0,0,6.086077,0.031571,0.075817,0.162476,0.31681475999999975,2025-08-08T20:00:00.058437Z,2025-08-08T19:59:59.984171Z,2025-08-08T13:30:00.130967Z,2025-08-08T13:30:00.007724Z,0,PRESENT_NONEMPTY,2025-08-08T20:00:00Z,2025-08-08T13:30:00Z,2025-08-08,681255,SOURCE_AVAILABLE,executed_at_and_created_at_timestamp,nanoseconds_normalized_from_arrow_unit,681255
False,AAPL,NO_TEMPORAL_ANOMALY_OBSERVED,195470,195470,195470,195470,195470,195470,0,0,26.86472,0.032139,0.071648,0.15754614999999986,4.6193816199999995,2025-08-11T19:59:59.984817Z,2025-08-11T19:59:59.909483Z,2025-08-11T13:30:00.069469Z,2025-08-11T13:30:00.004121Z,0,PRESENT_NONEMPTY,2025-08-11T20:00:00Z,2025-08-11T13:30:00Z,2025-08-11,195470,SOURCE_AVAILABLE,executed_at_and_created_at_timestamp,nanoseconds_normalized_from_arrow_unit,195470
False,AMZN,NO_TEMPORAL_ANOMALY_OBSERVED,68191,68191,68191,68191,68191,68191,0,0,26.782967,0.032112,0.0696,0.1405565,2.706708,2025-08-11T19:59:59.786104Z,2025-08-11T19:59:59.718003Z,2025-08-11T13:30:00.155137Z,2025-08-11T13:30:00.004777Z,0,PRESENT_NONEMPTY,2025-08-11T20:00:00Z,2025-08-11T13:30:00Z,2025-08-11,68191,SOURCE_AVAILABLE,executed_at_and_created_at_timestamp,nanoseconds_normalized_from_arrow_unit,68191
False,META,NO_TEMPORAL_ANOMALY_OBSERVED,56815,56815,56815,56815,56815,56815,0,0,23.689824,0.033212,0.074616,0.21999009999999988,2.794568,2025-08-11T19:59:59.751081Z,2025-08-11T19:59:59.677474Z,2025-08-11T13:30:00.587831Z,2025-08-11T13:30:00.505571Z,0,PRESENT_NONEMPTY,2025-08-11T20:00:00Z,2025-08-11T13:30:00Z,2025-08-11,56815,SOURCE_AVAILABLE,executed_at_and_created_at_timestamp,nanoseconds_normalized_from_arrow_unit,56815
False,MSFT,NO_TEMPORAL_ANOMALY_OBSERVED,66469,66469,66469,66469,66469,66469,0,0,23.897476,0.033615,0.074515,0.240055,2.5369391999999964,2025-08-11T19:59:59.970954Z,2025-08-11T19:59:59.902037Z,2025-08-11T13:30:00.317128Z,2025-08-11T13:30:00.250525Z,0,PRESENT_NONEMPTY,2025-08-11T20:00:00Z,2025-08-11T13:30:00Z,2025-08-11,66469,SOURCE_AVAILABLE,executed_at_and_created_at_timestamp,nanoseconds_normalized_from_arrow_unit,66469
False,NVDA,NO_TEMPORAL_ANOMALY_OBSERVED,226291,226290,226291,226291,226291,226291,0,0,24.263559,0.032214,0.072699,0.16264,2.905260900000002,2025-08-11T20:00:00.010760Z,2025-08-11T19:59:59.927755Z,2025-08-11T13:30:00.100789Z,2025-08-11T13:30:00.004730Z,0,PRESENT_NONEMPTY,2025-08-11T20:00:00Z,2025-08-11T13:30:00Z,2025-08-11,226291,SOURCE_AVAILABLE,executed_at_and_created_at_timestamp,nanoseconds_normalized_from_arrow_unit,226291
False,QQQ,NO_TEMPORAL_ANOMALY_OBSERVED,465251,465249,465251,465251,465251,465251,0,0,34.773069,0.032272,0.074157,0.217226,1.8730265,2025-08-11T20:00:00.069743Z,2025-08-11T19:59:59.909479Z,2025-08-11T13:30:00.068592Z,2025-08-11T13:30:00.004641Z,0,PRESENT_NONEMPTY,2025-08-11T20:00:00Z,2025-08-11T13:30:00Z,2025-08-11,465251,SOURCE_AVAILABLE,executed_at_and_created_at_timestamp,nanoseconds_normalized_from_arrow_unit,465251
False,SPY,NO_TEMPORAL_ANOMALY_OBSERVED,855385,855103,855385,855385,855385,855385,0,0,49.336599,0.031112,0.07569,0.9716567999999958,5.584639960000018,2025-08-11T20:00:05.566711Z,2025-08-11T19:59:59.980040Z,2025-08-11T13:30:00.071517Z,2025-08-11T13:30:00.004011Z,0,PRESENT_NONEMPTY,2025-08-11T20:00:00Z,2025-08-11T13:30:00Z,2025-08-11,855385,SOURCE_AVAILABLE,executed_at_and_created_at_timestamp,nanoseconds_normalized_from_arrow_unit,855385
False,TSLA,NO_TEMPORAL_ANOMALY_OBSERVED,507783,507776,507783,507783,507783,507783,0,0,34.685571,0.031505,0.079597,0.367399,5.778040779999989,2025-08-11T20:00:00.043924Z,2025-08-11T19:59:59.911792Z,2025-08-11T13:30:00.099508Z,2025-08-11T13:30:00.004373Z,0,PRESENT_NONEMPTY,2025-08-11T20:00:00Z,2025-08-11T13:30:00Z,2025-08-11,507783,SOURCE_AVAILABLE,executed_at_and_created_at_timestamp,nanoseconds_normalized_from_arrow_unit,507783
False,AAPL,NO_TEMPORAL_ANOMALY_OBSERVED,162219,162216,162219,162219,162219,162219,0,0,20.630142,0.032005,0.071727,0.15333450000000004,0.7513991200000008,2025-08-12T20:00:00.017751Z,2025-08-12T19:59:59.934136Z,2025-08-12T13:30:00.132266Z,2025-08-12T13:30:00.012574Z,0,PRESENT_NONEMPTY,2025-08-12T20:00:00Z,2025-08-12T13:30:00Z,2025-08-12,162219,SOURCE_AVAILABLE,executed_at_and_created_at_timestamp,nanoseconds_normalized_from_arrow_unit,162219
False,AMZN,NO_TEMPORAL_ANOMALY_OBSERVED,76961,76961,76961,76961,76961,76961,0,0,21.301593,0.031675,0.070496,0.132632,0.781972599999916,2025-08-12T19:59:59.286954Z,2025-08-12T19:59:59.129377Z,2025-08-12T13:30:00.071248Z,2025-08-12T13:30:00.016436Z,0,PRESENT_NONEMPTY,2025-08-12T20:00:00Z,2025-08-12T13:30:00Z,2025-08-12,76961,SOURCE_AVAILABLE,executed_at_and_created_at_timestamp,nanoseconds_normalized_from_arrow_unit,76961
False,META,NO_TEMPORAL_ANOMALY_OBSERVED,161646,161646,161646,161646,161646,161646,0,0,20.654751,0.03368,0.077638,0.2132525,2.889886399999998,2025-08-12T19:59:59.981391Z,2025-08-12T19:59:59.860582Z,2025-08-12T13:30:00.159735Z,2025-08-12T13:30:00.056277Z,0,PRESENT_NONEMPTY,2025-08-12T20:00:00Z,2025-08-12T13:30:00Z,2025-08-12,161646,SOURCE_AVAILABLE,executed_at_and_created_at_timestamp,nanoseconds_normalized_from_arrow_unit,161646
False,MSFT,NO_TEMPORAL_ANOMALY_OBSERVED,64761,64760,64761,64761,64761,64761,0,0,21.023972,0.032251,0.074971,0.188132,1.0299744000000013,2025-08-12T20:00:00.018613Z,2025-08-12T19:59:59.901190Z,2025-08-12T13:30:00.265992Z,2025-08-12T13:30:00.091291Z,0,PRESENT_NONEMPTY,2025-08-12T20:00:00Z,2025-08-12T13:30:00Z,2025-08-12,64761,SOURCE_AVAILABLE,executed_at_and_created_at_timestamp,nanoseconds_normalized_from_arrow_unit,64761
False,NVDA,NO_TEMPORAL_ANOMALY_OBSERVED,236260,236260,236260,236260,236260,236260,0,0,17.879788,0.03244,0.072932,0.12943605,0.4434847100000015,2025-08-12T19:59:59.898263Z,2025-08-12T19:59:59.830183Z,2025-08-12T13:30:00.067889Z,2025-08-12T13:30:00.004609Z,0,PRESENT_NONEMPTY,2025-08-12T20:00:00Z,2025-08-12T13:30:00Z,2025-08-12,236260,SOURCE_AVAILABLE,executed_at_and_created_at_timestamp,nanoseconds_normalized_from_arrow_unit,236260
False,QQQ,NO_TEMPORAL_ANOMALY_OBSERVED,524629,524626,524629,524629,524629,524629,0,0,20.944162,0.031962,0.075612,0.22215439999999967,1.2900368399999729,2025-08-12T20:00:00.155398Z,2025-08-12T19:59:59.984432Z,2025-08-12T13:30:00.070014Z,2025-08-12T13:30:00.002880Z,0,PRESENT_NONEMPTY,2025-08-12T20:00:00Z,2025-08-12T13:30:00Z,2025-08-12,524629,SOURCE_AVAILABLE,executed_at_and_created_at_timestamp,nanoseconds_normalized_from_arrow_unit,524629
False,SPY,NO_TEMPORAL_ANOMALY_OBSERVED,952901,952661,952901,952901,952901,952901,0,0,22.592486,0.031664,0.079052,3.666335,5.389123,2025-08-12T20:00:06.869778Z,2025-08-12T19:59:59.991747Z,2025-08-12T13:30:00.066486Z,2025-08-12T13:30:00.003430Z,0,PRESENT_NONEMPTY,2025-08-12T20:00:00Z,2025-08-12T13:30:00Z,2025-08-12,952901,SOURCE_AVAILABLE,executed_at_and_created_at_timestamp,nanoseconds_normalized_from_arrow_unit,952901
False,TSLA,NO_TEMPORAL_ANOMALY_OBSERVED,393013,393007,393013,393013,393013,393013,0,0,22.058463,0.03218,0.077065,0.24594379999999957,1.2164213200000085,2025-08-12T20:00:00.220815Z,2025-08-12T19:59:59.903597Z,2025-08-12T13:30:00.067175Z,2025-08-12T13:30:00.012017Z,0,PRESENT_NONEMPTY,2025-08-12T20:00:00Z,2025-08-12T13:30:00Z,2025-08-12,393013,SOURCE_AVAILABLE,executed_at_and_created_at_timestamp,nanoseconds_normalized_from_arrow_unit,393013
False,AAPL,NO_TEMPORAL_ANOMALY_OBSERVED,250776,250773,250776,250776,250776,250776,0,0,208.504835,0.032682,0.072982,0.303728,147.33733175,2025-08-13T20:00:00.056967Z,2025-08-13T19:59:59.969976Z,2025-08-13T13:30:00.070661Z,2025-08-13T13:30:00.004502Z,0,PRESENT_NONEMPTY,2025-08-13T20:00:00Z,2025-08-13T13:30:00Z,2025-08-13,250776,SOURCE_AVAILABLE,executed_at_and_created_at_timestamp,nanoseconds_normalized_from_arrow_unit,250776
False,AMZN,NO_TEMPORAL_ANOMALY_OBSERVED,99322,99319,99322,99322,99322,99322,0,0,141.933611,0.032156,0.070893,0.1387638,2.301404359999999,2025-08-13T20:00:00.006129Z,2025-08-13T19:59:59.913925Z,2025-08-13T13:30:00.104802Z,2025-08-13T13:30:00.008784Z,0,PRESENT_NONEMPTY,2025-08-13T20:00:00Z,2025-08-13T13:30:00Z,2025-08-13,99322,SOURCE_AVAILABLE,executed_at_and_created_at_timestamp,nanoseconds_normalized_from_arrow_unit,99322
False,META,NO_TEMPORAL_ANOMALY_OBSERVED,78016,78015,78016,78016,78016,78016,0,0,254.942694,0.033473,0.076108,0.27822674999999997,62.68105985000032,2025-08-13T20:00:00.019106Z,2025-08-13T19:59:59.957659Z,2025-08-13T13:30:00.353350Z,2025-08-13T13:30:00.272134Z,0,PRESENT_NONEMPTY,2025-08-13T20:00:00Z,2025-08-13T13:30:00Z,2025-08-13,78016,SOURCE_AVAILABLE,executed_at_and_created_at_timestamp,nanoseconds_normalized_from_arrow_unit,78016
False,MSFT,NO_TEMPORAL_ANOMALY_OBSERVED,70055,70053,70055,70055,70055,70055,0,0,244.254521,0.032836,0.075687,0.22909540000000012,10.147555300000564,2025-08-13T20:00:00.062976Z,2025-08-13T19:59:59.977727Z,2025-08-13T13:30:00.493456Z,2025-08-13T13:30:00.321540Z,0,PRESENT_NONEMPTY,2025-08-13T20:00:00Z,2025-08-13T13:30:00Z,2025-08-13,70055,SOURCE_AVAILABLE,executed_at_and_created_at_timestamp,nanoseconds_normalized_from_arrow_unit,70055
False,NVDA,NO_TEMPORAL_ANOMALY_OBSERVED,296959,296957,296959,296959,296959,296959,0,0,6.298909,0.032539,0.07165,0.127756,0.2863982799999978,2025-08-13T20:00:00.015332Z,2025-08-13T19:59:59.918738Z,2025-08-13T13:30:00.070867Z,2025-08-13T13:30:00.003354Z,0,PRESENT_NONEMPTY,2025-08-13T20:00:00Z,2025-08-13T13:30:00Z,2025-08-13,296959,SOURCE_AVAILABLE,executed_at_and_created_at_timestamp,nanoseconds_normalized_from_arrow_unit,296959
False,QQQ,NO_TEMPORAL_ANOMALY_OBSERVED,523809,523806,523809,523809,523809,523809,0,0,6.890101,0.031772,0.074576,0.17012159999999998,0.5644970799999995,2025-08-13T20:00:00.063983Z,2025-08-13T19:59:59.997032Z,2025-08-13T13:30:00.102780Z,2025-08-13T13:30:00.002970Z,0,PRESENT_NONEMPTY,2025-08-13T20:00:00Z,2025-08-13T13:30:00Z,2025-08-13,523809,SOURCE_AVAILABLE,executed_at_and_created_at_timestamp,nanoseconds_normalized_from_arrow_unit,523809
False,SPY,NO_TEMPORAL_ANOMALY_OBSERVED,940361,940202,940361,940361,940361,940361,0,0,7.57643,0.031732,0.074035,0.356049,1.8759790000000047,2025-08-13T20:00:04.957104Z,2025-08-13T19:59:59.995813Z,2025-08-13T13:30:00.065458Z,2025-08-13T13:30:00.002208Z,0,PRESENT_NONEMPTY,2025-08-13T20:00:00Z,2025-08-13T13:30:00Z,2025-08-13,940361,SOURCE_AVAILABLE,executed_at_and_created_at_timestamp,nanoseconds_normalized_from_arrow_unit,940361
False,TSLA,NO_TEMPORAL_ANOMALY_OBSERVED,369983,369983,369983,369983,369983,369983,0,0,8.473426,0.031827,0.077003,0.21358179999999924,2.18896872,2025-08-13T19:59:59.980039Z,2025-08-13T19:59:59.915702Z,2025-08-13T13:30:00.130007Z,2025-08-13T13:30:00.007846Z,0,PRESENT_NONEMPTY,2025-08-13T20:00:00Z,2025-08-13T13:30:00Z,2025-08-13,369983,SOURCE_AVAILABLE,executed_at_and_created_at_timestamp,nanoseconds_normalized_from_arrow_unit,369983
False,AAPL,NO_TEMPORAL_ANOMALY_OBSERVED,166602,166601,166602,166602,166602,166602,0,0,16.148738,0.032095,0.07191,0.14441399999999963,9.47155972999999,2025-08-14T20:00:00.016648Z,2025-08-14T19:59:59.930839Z,2025-08-14T13:30:00.101956Z,2025-08-14T13:30:00.005245Z,0,PRESENT_NONEMPTY,2025-08-14T20:00:00Z,2025-08-14T13:30:00Z,2025-08-14,166602,SOURCE_AVAILABLE,executed_at_and_created_at_timestamp,nanoseconds_normalized_from_arrow_unit,166602
False,AMZN,NO_TEMPORAL_ANOMALY_OBSERVED,235653,235653,235653,235653,235653,235653,0,0,19.221151,0.031872,0.072434,0.17910819999999997,14.469149080000001,2025-08-14T19:59:59.842220Z,2025-08-14T19:59:59.769445Z,2025-08-14T13:30:00.070654Z,2025-08-14T13:30:00.004093Z,0,PRESENT_NONEMPTY,2025-08-14T20:00:00Z,2025-08-14T13:30:00Z,2025-08-14,235653,SOURCE_AVAILABLE,executed_at_and_created_at_timestamp,nanoseconds_normalized_from_arrow_unit,235653
False,META,NO_TEMPORAL_ANOMALY_OBSERVED,86712,86712,86712,86712,86712,86712,0,0,34.177322,0.033297,0.0749995,0.22874114999999992,22.686453109999995,2025-08-14T19:59:59.991299Z,2025-08-14T19:59:59.919689Z,2025-08-14T13:30:00.287548Z,2025-08-14T13:30:00.213756Z,0,PRESENT_NONEMPTY,2025-08-14T20:00:00Z,2025-08-14T13:30:00Z,2025-08-14,86712,SOURCE_AVAILABLE,executed_at_and_created_at_timestamp,nanoseconds_normalized_from_arrow_unit,86712
False,MSFT,NO_TEMPORAL_ANOMALY_OBSERVED,69929,69929,69929,69929,69929,69929,0,0,21.529001,0.033551,0.075417,0.21433119999999892,9.099825520000007,2025-08-14T19:59:59.958629Z,2025-08-14T19:59:59.824237Z,2025-08-14T13:30:00.548153Z,2025-08-14T13:30:00.272831Z,0,PRESENT_NONEMPTY,2025-08-14T20:00:00Z,2025-08-14T13:30:00Z,2025-08-14,69929,SOURCE_AVAILABLE,executed_at_and_created_at_timestamp,nanoseconds_normalized_from_arrow_unit,69929
False,NVDA,NO_TEMPORAL_ANOMALY_OBSERVED,244038,244038,244038,244038,244038,244038,0,0,4.18822,0.031884,0.071446,0.136168,0.4016417500000011,2025-08-14T19:59:59.955887Z,2025-08-14T19:59:59.893355Z,2025-08-14T13:30:00.097291Z,2025-08-14T13:30:00.002426Z,0,PRESENT_NONEMPTY,2025-08-14T20:00:00Z,2025-08-14T13:30:00Z,2025-08-14,244038,SOURCE_AVAILABLE,executed_at_and_created_at_timestamp,nanoseconds_normalized_from_arrow_unit,244038
False,QQQ,NO_TEMPORAL_ANOMALY_OBSERVED,518446,518440,518446,518446,518446,518446,0,0,12.274365,0.03201,0.075438,0.23495025,2.353794499999995,2025-08-14T20:00:00.476174Z,2025-08-14T19:59:59.983177Z,2025-08-14T13:30:00.132953Z,2025-08-14T13:30:00.002966Z,0,PRESENT_NONEMPTY,2025-08-14T20:00:00Z,2025-08-14T13:30:00Z,2025-08-14,518446,SOURCE_AVAILABLE,executed_at_and_created_at_timestamp,nanoseconds_normalized_from_arrow_unit,518446
False,SPY,NO_TEMPORAL_ANOMALY_OBSERVED,894890,894441,894890,894890,894890,894890,0,0,11.371632,0.031539,0.075122,0.7221744499999972,4.205503479999998,2025-08-14T20:00:07.185048Z,2025-08-14T19:59:59.983394Z,2025-08-14T13:30:00.070740Z,2025-08-14T13:30:00.002816Z,0,PRESENT_NONEMPTY,2025-08-14T20:00:00Z,2025-08-14T13:30:00Z,2025-08-14,894890,SOURCE_AVAILABLE,executed_at_and_created_at_timestamp,nanoseconds_normalized_from_arrow_unit,894890
False,TSLA,NO_TEMPORAL_ANOMALY_OBSERVED,375518,375518,375518,375518,375518,375518,0,0,10.404921,0.032085,0.077053,0.1997456999999994,2.4799590100002225,2025-08-14T19:59:59.969949Z,2025-08-14T19:59:59.890020Z,2025-08-14T13:30:00.109146Z,2025-08-14T13:30:00.005362Z,0,PRESENT_NONEMPTY,2025-08-14T20:00:00Z,2025-08-14T13:30:00Z,2025-08-14,375518,SOURCE_AVAILABLE,executed_at_and_created_at_timestamp,nanoseconds_normalized_from_arrow_unit,375518
False,AAPL,NO_TEMPORAL_ANOMALY_OBSERVED,149873,149872,149873,149873,149873,149873,0,0,3.731296,0.032026,0.07023,0.126644,0.386934,2025-08-15T20:00:00.044170Z,2025-08-15T19:59:59.969402Z,2025-08-15T13:30:00.099401Z,2025-08-15T13:30:00.028668Z,0,PRESENT_NONEMPTY,2025-08-15T20:00:00Z,2025-08-15T13:30:00Z,2025-08-15,149873,SOURCE_AVAILABLE,executed_at_and_created_at_timestamp,nanoseconds_normalized_from_arrow_unit,149873
False,AMZN,NO_TEMPORAL_ANOMALY_OBSERVED,129687,129687,129687,129687,129687,129687,0,0,3.094349,0.032875,0.0707,0.12138879999999999,0.31775938,2025-08-15T19:59:59.992196Z,2025-08-15T19:59:59.901394Z,2025-08-15T13:30:00.099401Z,2025-08-15T13:30:00.005388Z,0,PRESENT_NONEMPTY,2025-08-15T20:00:00Z,2025-08-15T13:30:00Z,2025-08-15,129687,SOURCE_AVAILABLE,executed_at_and_created_at_timestamp,nanoseconds_normalized_from_arrow_unit,129687
False,META,NO_TEMPORAL_ANOMALY_OBSERVED,140495,140495,140495,140495,140495,140495,0,0,7.25113,0.03326,0.07542,0.14808219999999994,0.39795203999999995,2025-08-15T19:59:59.953790Z,2025-08-15T19:59:59.884324Z,2025-08-15T13:30:00.202095Z,2025-08-15T13:30:00.012608Z,0,PRESENT_NONEMPTY,2025-08-15T20:00:00Z,2025-08-15T13:30:00Z,2025-08-15,140495,SOURCE_AVAILABLE,executed_at_and_created_at_timestamp,nanoseconds_normalized_from_arrow_unit,140495
False,MSFT,NO_TEMPORAL_ANOMALY_OBSERVED,72533,72533,72533,72533,72533,72533,0,0,4.620851,0.034291,0.07428,0.1610988,0.974153,2025-08-15T19:59:59.953790Z,2025-08-15T19:59:59.899786Z,2025-08-15T13:30:00.483004Z,2025-08-15T13:30:00.360652Z,0,PRESENT_NONEMPTY,2025-08-15T20:00:00Z,2025-08-15T13:30:00Z,2025-08-15,72533,SOURCE_AVAILABLE,executed_at_and_created_at_timestamp,nanoseconds_normalized_from_arrow_unit,72533
False,NVDA,NO_TEMPORAL_ANOMALY_OBSERVED,323935,323935,323935,323935,323935,323935,0,0,5.024036,0.030698,0.070193,0.128181,0.25014331999999995,2025-08-15T19:59:59.919163Z,2025-08-15T19:59:59.858501Z,2025-08-15T13:30:00.069020Z,2025-08-15T13:30:00.002877Z,0,PRESENT_NONEMPTY,2025-08-15T20:00:00Z,2025-08-15T13:30:00Z,2025-08-15,323935,SOURCE_AVAILABLE,executed_at_and_created_at_timestamp,nanoseconds_normalized_from_arrow_unit,323935
False,QQQ,NO_TEMPORAL_ANOMALY_OBSERVED,486751,486748,486751,486751,486751,486751,0,0,4.41949,0.032777,0.074607,0.173563,0.51254,2025-08-15T20:00:00.059171Z,2025-08-15T19:59:59.993196Z,2025-08-15T13:30:00.139821Z,2025-08-15T13:30:00.002314Z,0,PRESENT_NONEMPTY,2025-08-15T20:00:00Z,2025-08-15T13:30:00Z,2025-08-15,486751,SOURCE_AVAILABLE,executed_at_and_created_at_timestamp,nanoseconds_normalized_from_arrow_unit,486751
False,SPY,NO_TEMPORAL_ANOMALY_OBSERVED,791787,791652,791787,791787,791787,791787,0,0,12.551574,0.031748,0.074912,0.540029999999999,2.796367500000001,2025-08-15T20:00:05.146848Z,2025-08-15T19:59:59.996762Z,2025-08-15T13:30:00.096488Z,2025-08-15T13:30:00.002250Z,0,PRESENT_NONEMPTY,2025-08-15T20:00:00Z,2025-08-15T13:30:00Z,2025-08-15,791787,SOURCE_AVAILABLE,executed_at_and_created_at_timestamp,nanoseconds_normalized_from_arrow_unit,791787
False,TSLA,NO_TEMPORAL_ANOMALY_OBSERVED,503683,503679,503683,503683,503683,503683,0,0,6.915495,0.03174,0.074636,0.159908,0.547391,2025-08-15T20:00:00.088296Z,2025-08-15T19:59:59.999273Z,2025-08-15T13:30:00.099833Z,2025-08-15T13:30:00.005450Z,0,PRESENT_NONEMPTY,2025-08-15T20:00:00Z,2025-08-15T13:30:00Z,2025-08-15,503683,SOURCE_AVAILABLE,executed_at_and_created_at_timestamp,nanoseconds_normalized_from_arrow_unit,503683
False,AAPL,NO_TEMPORAL_ANOMALY_OBSERVED,108057,108057,108057,108057,108057,108057,0,0,14.899668,0.032993,0.070706,0.13110459999999996,3.908946040000022,2025-08-18T19:59:59.991470Z,2025-08-18T19:59:59.907377Z,2025-08-18T13:30:00.068899Z,2025-08-18T13:30:00.013222Z,0,PRESENT_NONEMPTY,2025-08-18T20:00:00Z,2025-08-18T13:30:00Z,2025-08-18,108057,SOURCE_AVAILABLE,executed_at_and_created_at_timestamp,nanoseconds_normalized_from_arrow_unit,108057
False,AMZN,NO_TEMPORAL_ANOMALY_OBSERVED,63222,63221,63222,63222,63222,63222,0,0,15.660968,0.031798,0.069244,0.12565019999999996,1.9983290100000617,2025-08-18T20:00:00.056484Z,2025-08-18T19:59:59.981754Z,2025-08-18T13:30:00.100552Z,2025-08-18T13:30:00.002814Z,0,PRESENT_NONEMPTY,2025-08-18T20:00:00Z,2025-08-18T13:30:00Z,2025-08-18,63222,SOURCE_AVAILABLE,executed_at_and_created_at_timestamp,nanoseconds_normalized_from_arrow_unit,63222
False,META,NO_TEMPORAL_ANOMALY_OBSERVED,120199,120197,120199,120199,120199,120199,0,0,13.15012,0.03388,0.074852,0.14675659999999996,2.106065580000063,2025-08-18T20:00:00.052428Z,2025-08-18T19:59:59.999752Z,2025-08-18T13:30:00.282323Z,2025-08-18T13:30:00.189646Z,0,PRESENT_NONEMPTY,2025-08-18T20:00:00Z,2025-08-18T13:30:00Z,2025-08-18,120199,SOURCE_AVAILABLE,executed_at_and_created_at_timestamp,nanoseconds_normalized_from_arrow_unit,120199
False,MSFT,NO_TEMPORAL_ANOMALY_OBSERVED,79362,79361,79362,79362,79362,79362,0,0,11.212076,0.033226,0.072838,0.15433384999999988,0.5975980399999997,2025-08-18T20:00:00.006209Z,2025-08-18T19:59:59.918404Z,2025-08-18T13:30:00.131889Z,2025-08-18T13:30:00.028327Z,0,PRESENT_NONEMPTY,2025-08-18T20:00:00Z,2025-08-18T13:30:00Z,2025-08-18,79362,SOURCE_AVAILABLE,executed_at_and_created_at_timestamp,nanoseconds_normalized_from_arrow_unit,79362
False,NVDA,NO_TEMPORAL_ANOMALY_OBSERVED,213248,213245,213248,213248,213248,213248,0,0,14.695331,0.032482,0.0754965,0.20767919999999995,0.681564,2025-08-18T20:00:00.117592Z,2025-08-18T19:59:59.954633Z,2025-08-18T13:30:00.069699Z,2025-08-18T13:30:00.004883Z,0,PRESENT_NONEMPTY,2025-08-18T20:00:00Z,2025-08-18T13:30:00Z,2025-08-18,213248,SOURCE_AVAILABLE,executed_at_and_created_at_timestamp,nanoseconds_normalized_from_arrow_unit,213248
False,QQQ,NO_TEMPORAL_ANOMALY_OBSERVED,442442,442440,442442,442442,442442,442442,0,0,21.761385,0.032157,0.0718035,0.1287618999999999,0.30567062999999817,2025-08-18T20:00:00.057323Z,2025-08-18T19:59:59.974694Z,2025-08-18T13:30:00.107701Z,2025-08-18T13:30:00.002322Z,0,PRESENT_NONEMPTY,2025-08-18T20:00:00Z,2025-08-18T13:30:00Z,2025-08-18,442442,SOURCE_AVAILABLE,executed_at_and_created_at_timestamp,nanoseconds_normalized_from_arrow_unit,442442
False,SPY,NO_TEMPORAL_ANOMALY_OBSERVED,693735,693709,693735,693735,693735,693735,0,0,24.868216,0.031103,0.069791,0.16875969999999937,0.555507800000001,2025-08-18T20:00:01.267862Z,2025-08-18T19:59:59.991750Z,2025-08-18T13:30:00.075800Z,2025-08-18T13:30:00.002499Z,0,PRESENT_NONEMPTY,2025-08-18T20:00:00Z,2025-08-18T13:30:00Z,2025-08-18,693735,SOURCE_AVAILABLE,executed_at_and_created_at_timestamp,nanoseconds_normalized_from_arrow_unit,693735
False,TSLA,NO_TEMPORAL_ANOMALY_OBSERVED,243495,243490,243495,243495,243495,243495,0,0,14.931645,0.031603,0.071935,0.15953909999999993,1.4754157999999966,2025-08-18T20:00:00.035335Z,2025-08-18T19:59:59.958365Z,2025-08-18T13:30:00.154464Z,2025-08-18T13:30:00.003768Z,0,PRESENT_NONEMPTY,2025-08-18T20:00:00Z,2025-08-18T13:30:00Z,2025-08-18,243495,SOURCE_AVAILABLE,executed_at_and_created_at_timestamp,nanoseconds_normalized_from_arrow_unit,243495
False,AAPL,NO_TEMPORAL_ANOMALY_OBSERVED,106417,106416,106417,106417,106417,106417,0,0,5.958301,0.032569,0.07055,0.1132362,0.21145755999999877,2025-08-19T20:00:00.017707Z,2025-08-19T19:59:59.968808Z,2025-08-19T13:30:00.354034Z,2025-08-19T13:30:00.177051Z,0,PRESENT_NONEMPTY,2025-08-19T20:00:00Z,2025-08-19T13:30:00Z,2025-08-19,106417,SOURCE_AVAILABLE,executed_at_and_created_at_timestamp,nanoseconds_normalized_from_arrow_unit,106417
False,AMZN,NO_TEMPORAL_ANOMALY_OBSERVED,60899,60897,60899,60899,60899,60899,0,0,5.585002,0.032813,0.07053,0.11976869999999999,0.44009233999997177,2025-08-19T20:00:00.017707Z,2025-08-19T19:59:59.955633Z,2025-08-19T13:30:00.099246Z,2025-08-19T13:30:00.009342Z,0,PRESENT_NONEMPTY,2025-08-19T20:00:00Z,2025-08-19T13:30:00Z,2025-08-19,60899,SOURCE_AVAILABLE,executed_at_and_created_at_timestamp,nanoseconds_normalized_from_arrow_unit,60899
False,META,NO_TEMPORAL_ANOMALY_OBSERVED,96867,96864,96867,96867,96867,96867,0,0,6.31506,0.032861,0.072271,0.12472,0.218202,2025-08-19T20:00:00.070958Z,2025-08-19T19:59:59.991004Z,2025-08-19T13:30:00.453674Z,2025-08-19T13:30:00.361202Z,0,PRESENT_NONEMPTY,2025-08-19T20:00:00Z,2025-08-19T13:30:00Z,2025-08-19,96867,SOURCE_AVAILABLE,executed_at_and_created_at_timestamp,nanoseconds_normalized_from_arrow_unit,96867
False,MSFT,NO_TEMPORAL_ANOMALY_OBSERVED,64213,64213,64213,64213,64213,64213,0,0,5.525643,0.034058,0.073952,0.15293079999999995,0.359768,2025-08-19T19:59:59.905059Z,2025-08-19T19:59:59.847021Z,2025-08-19T13:30:00.389328Z,2025-08-19T13:30:00.301230Z,0,PRESENT_NONEMPTY,2025-08-19T20:00:00Z,2025-08-19T13:30:00Z,2025-08-19,64213,SOURCE_AVAILABLE,executed_at_and_created_at_timestamp,nanoseconds_normalized_from_arrow_unit,64213
False,NVDA,NO_TEMPORAL_ANOMALY_OBSERVED,296791,296791,296791,296791,296791,296791,0,0,4.918002,0.031977,0.076973,0.2283705,0.53369,2025-08-19T19:59:59.767945Z,2025-08-19T19:59:59.674186Z,2025-08-19T13:30:00.073524Z,2025-08-19T13:30:00.002438Z,0,PRESENT_NONEMPTY,2025-08-19T20:00:00Z,2025-08-19T13:30:00Z,2025-08-19,296791,SOURCE_AVAILABLE,executed_at_and_created_at_timestamp,nanoseconds_normalized_from_arrow_unit,296791
False,QQQ,NO_TEMPORAL_ANOMALY_OBSERVED,652185,652183,652185,652185,652185,652185,0,0,4.078989,0.032144,0.074053,0.16055659999999985,0.3266352000000023,2025-08-19T20:00:00.085572Z,2025-08-19T19:59:59.996881Z,2025-08-19T13:30:00.100629Z,2025-08-19T13:30:00.002667Z,0,PRESENT_NONEMPTY,2025-08-19T20:00:00Z,2025-08-19T13:30:00Z,2025-08-19,652185,SOURCE_AVAILABLE,executed_at_and_created_at_timestamp,nanoseconds_normalized_from_arrow_unit,652185
False,SPY,NO_TEMPORAL_ANOMALY_OBSERVED,941258,941193,941258,941258,941258,941258,0,0,5.721601,0.031171,0.073214,0.2283471499999999,0.552123,2025-08-19T20:00:01.375983Z,2025-08-19T19:59:59.998480Z,2025-08-19T13:30:00.070072Z,2025-08-19T13:30:00.002643Z,0,PRESENT_NONEMPTY,2025-08-19T20:00:00Z,2025-08-19T13:30:00Z,2025-08-19,941258,SOURCE_AVAILABLE,executed_at_and_created_at_timestamp,nanoseconds_normalized_from_arrow_unit,941258
False,TSLA,NO_TEMPORAL_ANOMALY_OBSERVED,364814,364809,364814,364814,364814,364814,0,0,6.987838,0.031386,0.073876,0.17322204999999993,0.4808447499999994,2025-08-19T20:00:00.061911Z,2025-08-19T19:59:59.986069Z,2025-08-19T13:30:00.109995Z,2025-08-19T13:30:00.005444Z,0,PRESENT_NONEMPTY,2025-08-19T20:00:00Z,2025-08-19T13:30:00Z,2025-08-19,364814,SOURCE_AVAILABLE,executed_at_and_created_at_timestamp,nanoseconds_normalized_from_arrow_unit,364814
False,AAPL,RECORD_CREATION_DELAY_OBSERVED_PROVIDER_CAUSE_UNRESOLVED,109684,109684,109684,109684,109684,109684,79,0,310.202759,0.032415,0.073039,0.1544987999999994,146.87022446999956,2025-08-20T19:59:59.964550Z,2025-08-20T19:59:59.889637Z,2025-08-20T13:30:00.134578Z,2025-08-20T13:30:00.007612Z,0,PRESENT_NONEMPTY,2025-08-20T20:00:00Z,2025-08-20T13:30:00Z,2025-08-20,109684,RECORD_CREATION_DELAY_OBSERVED,executed_at_and_created_at_timestamp,nanoseconds_normalized_from_arrow_unit,109684
False,AMZN,RECORD_CREATION_DELAY_OBSERVED_PROVIDER_CAUSE_UNRESOLVED,83246,83245,83246,83246,83246,83246,56,0,311.337026,0.032589,0.072819,0.1714895,147.2198751,2025-08-20T20:00:00.046978Z,2025-08-20T19:59:59.979803Z,2025-08-20T13:30:00.068461Z,2025-08-20T13:30:00.003203Z,0,PRESENT_NONEMPTY,2025-08-20T20:00:00Z,2025-08-20T13:30:00Z,2025-08-20,83246,RECORD_CREATION_DELAY_OBSERVED,executed_at_and_created_at_timestamp,nanoseconds_normalized_from_arrow_unit,83246
False,META,RECORD_CREATION_DELAY_OBSERVED_PROVIDER_CAUSE_UNRESOLVED,105495,105494,105495,105495,105495,105495,234,0,331.030064,0.033148,0.075345,0.18579129999999905,138.06478591999945,2025-08-20T20:00:00.134627Z,2025-08-20T19:59:59.990796Z,2025-08-20T13:30:00.068420Z,2025-08-20T13:30:00.006851Z,0,PRESENT_NONEMPTY,2025-08-20T20:00:00Z,2025-08-20T13:30:00Z,2025-08-20,105495,RECORD_CREATION_DELAY_OBSERVED,executed_at_and_created_at_timestamp,nanoseconds_normalized_from_arrow_unit,105495
False,MSFT,RECORD_CREATION_DELAY_OBSERVED_PROVIDER_CAUSE_UNRESOLVED,65404,65403,65404,65404,65404,65404,71,0,325.461184,0.032617,0.0757245,0.20861799999999991,170.51241717,2025-08-20T20:00:00.090225Z,2025-08-20T19:59:59.990860Z,2025-08-20T13:30:00.601485Z,2025-08-20T13:30:00.340869Z,0,PRESENT_NONEMPTY,2025-08-20T20:00:00Z,2025-08-20T13:30:00Z,2025-08-20,65404,RECORD_CREATION_DELAY_OBSERVED,executed_at_and_created_at_timestamp,nanoseconds_normalized_from_arrow_unit,65404
False,NVDA,NO_TEMPORAL_ANOMALY_OBSERVED,395641,395633,395641,395641,395641,395641,0,0,8.432026,0.032204,0.081517,0.478174,1.6805835999999983,2025-08-20T20:00:00.124161Z,2025-08-20T19:59:59.963943Z,2025-08-20T13:30:00.070682Z,2025-08-20T13:30:00.004700Z,0,PRESENT_NONEMPTY,2025-08-20T20:00:00Z,2025-08-20T13:30:00Z,2025-08-20,395641,SOURCE_AVAILABLE,executed_at_and_created_at_timestamp,nanoseconds_normalized_from_arrow_unit,395641
False,QQQ,NO_TEMPORAL_ANOMALY_OBSERVED,749192,749183,749192,749192,749192,749192,0,0,12.703036,0.031623,0.07722,0.19339489999999993,0.5565484499999999,2025-08-20T20:00:00.021680Z,2025-08-20T19:59:59.935531Z,2025-08-20T13:30:00.065728Z,2025-08-20T13:30:00.002324Z,0,PRESENT_NONEMPTY,2025-08-20T20:00:00Z,2025-08-20T13:30:00Z,2025-08-20,749192,SOURCE_AVAILABLE,executed_at_and_created_at_timestamp,nanoseconds_normalized_from_arrow_unit,749192
False,SPY,NO_TEMPORAL_ANOMALY_OBSERVED,1144909,1144839,1144909,1144909,1144909,1144909,0,0,28.079192,0.03055,0.074821,0.3709681999999997,1.8569979999999888,2025-08-20T20:00:02.576714Z,2025-08-20T19:59:59.999948Z,2025-08-20T13:30:00.099671Z,2025-08-20T13:30:00.002120Z,0,PRESENT_NONEMPTY,2025-08-20T20:00:00Z,2025-08-20T13:30:00Z,2025-08-20,1144909,SOURCE_AVAILABLE,executed_at_and_created_at_timestamp,nanoseconds_normalized_from_arrow_unit,1144909
False,TSLA,NO_TEMPORAL_ANOMALY_OBSERVED,374707,374705,374707,374707,374707,374707,0,0,12.349661,0.03061,0.076695,0.2471980000000001,1.040602,2025-08-20T20:00:00.070484Z,2025-08-20T19:59:59.891414Z,2025-08-20T13:30:00.066143Z,2025-08-20T13:30:00.003439Z,0,PRESENT_NONEMPTY,2025-08-20T20:00:00Z,2025-08-20T13:30:00Z,2025-08-20,374707,SOURCE_AVAILABLE,executed_at_and_created_at_timestamp,nanoseconds_normalized_from_arrow_unit,374707
False,AAPL,RECORD_CREATION_DELAY_OBSERVED_PROVIDER_CAUSE_UNRESOLVED,99410,99410,99410,99410,99410,99410,1939,0,660.977933,0.033788,0.071075,0.2657939999999988,443.9876339700016,2025-08-21T19:59:59.616679Z,2025-08-21T19:59:59.555553Z,2025-08-21T13:30:00.068801Z,2025-08-21T13:30:00.018867Z,0,PRESENT_NONEMPTY,2025-08-21T20:00:00Z,2025-08-21T13:30:00Z,2025-08-21,99410,RECORD_CREATION_DELAY_OBSERVED,executed_at_and_created_at_timestamp,nanoseconds_normalized_from_arrow_unit,99410
False,AMZN,RECORD_CREATION_DELAY_OBSERVED_PROVIDER_CAUSE_UNRESOLVED,65983,65979,65983,65983,65983,65983,1724,0,660.065067,0.032481,0.071721,2.597032,543.34850838,2025-08-21T20:00:00.051165Z,2025-08-21T19:59:59.944929Z,2025-08-21T13:30:00.098514Z,2025-08-21T13:30:00.022450Z,0,PRESENT_NONEMPTY,2025-08-21T20:00:00Z,2025-08-21T13:30:00Z,2025-08-21,65983,RECORD_CREATION_DELAY_OBSERVED,executed_at_and_created_at_timestamp,nanoseconds_normalized_from_arrow_unit,65983
False,META,RECORD_CREATION_DELAY_OBSERVED_PROVIDER_CAUSE_UNRESOLVED,84254,84254,84254,84254,84254,84254,2890,0,661.647802,0.033062,0.072468,36.41140389999876,609.3432905400001,2025-08-21T19:59:59.858492Z,2025-08-21T19:59:59.764441Z,2025-08-21T13:30:00.103398Z,2025-08-21T13:30:00.037225Z,0,PRESENT_NONEMPTY,2025-08-21T20:00:00Z,2025-08-21T13:30:00Z,2025-08-21,84254,RECORD_CREATION_DELAY_OBSERVED,executed_at_and_created_at_timestamp,nanoseconds_normalized_from_arrow_unit,84254
False,MSFT,RECORD_CREATION_DELAY_OBSERVED_PROVIDER_CAUSE_UNRESOLVED,49935,49935,49935,49935,49935,49935,2726,0,660.194083,0.033063,0.075243,346.0306547,614.47981486,2025-08-21T19:59:59.944493Z,2025-08-21T19:59:59.894506Z,2025-08-21T13:30:00.646893Z,2025-08-21T13:30:00.390970Z,0,PRESENT_NONEMPTY,2025-08-21T20:00:00Z,2025-08-21T13:30:00Z,2025-08-21,49935,RECORD_CREATION_DELAY_OBSERVED,executed_at_and_created_at_timestamp,nanoseconds_normalized_from_arrow_unit,49935
False,NVDA,RECORD_CREATION_DELAY_OBSERVED_PROVIDER_CAUSE_UNRESOLVED,233202,233195,233202,233202,233202,233202,8264,0,662.006238,0.031768,0.078761,71.73519944999772,560.3961611499991,2025-08-21T20:00:00.628314Z,2025-08-21T19:59:59.728634Z,2025-08-21T13:30:00.065686Z,2025-08-21T13:30:00.003063Z,0,PRESENT_NONEMPTY,2025-08-21T20:00:00Z,2025-08-21T13:30:00Z,2025-08-21,233202,RECORD_CREATION_DELAY_OBSERVED,executed_at_and_created_at_timestamp,nanoseconds_normalized_from_arrow_unit,233202
False,QQQ,RECORD_CREATION_DELAY_OBSERVED_PROVIDER_CAUSE_UNRESOLVED,572523,572522,572523,572523,572523,572523,27969,0,758.275002,0.031731,0.075818,288.42044320000014,704.9104492600001,2025-08-21T20:00:00.024308Z,2025-08-21T19:59:59.967097Z,2025-08-21T13:30:00.098084Z,2025-08-21T13:30:00.002344Z,0,PRESENT_NONEMPTY,2025-08-21T20:00:00Z,2025-08-21T13:30:00Z,2025-08-21,572523,RECORD_CREATION_DELAY_OBSERVED,executed_at_and_created_at_timestamp,nanoseconds_normalized_from_arrow_unit,572523
False,SPY,RECORD_CREATION_DELAY_OBSERVED_PROVIDER_CAUSE_UNRESOLVED,945260,945208,945260,945260,945260,945260,33685,0,663.108615,0.030896,0.075421,129.7692122999988,602.8980397600003,2025-08-21T20:00:02.486662Z,2025-08-21T19:59:59.936564Z,2025-08-21T13:30:00.068860Z,2025-08-21T13:30:00.002736Z,0,PRESENT_NONEMPTY,2025-08-21T20:00:00Z,2025-08-21T13:30:00Z,2025-08-21,945260,RECORD_CREATION_DELAY_OBSERVED,executed_at_and_created_at_timestamp,nanoseconds_normalized_from_arrow_unit,945260
False,TSLA,RECORD_CREATION_DELAY_OBSERVED_PROVIDER_CAUSE_UNRESOLVED,265095,265090,265095,265095,265095,265095,9618,0,663.426665,0.030999,0.074872,111.47770119999998,598.3310044799999,2025-08-21T20:00:00.002093Z,2025-08-21T19:59:59.918698Z,2025-08-21T13:30:00.100944Z,2025-08-21T13:30:00.005463Z,0,PRESENT_NONEMPTY,2025-08-21T20:00:00Z,2025-08-21T13:30:00Z,2025-08-21,265095,RECORD_CREATION_DELAY_OBSERVED,executed_at_and_created_at_timestamp,nanoseconds_normalized_from_arrow_unit,265095
False,AAPL,NO_TEMPORAL_ANOMALY_OBSERVED,133957,133957,133957,133957,133957,133957,0,0,28.647344,0.033461,0.070999,0.12736719999999999,0.323018,2025-08-22T19:59:59.922046Z,2025-08-22T19:59:59.840854Z,2025-08-22T13:30:00.133789Z,2025-08-22T13:30:00.005208Z,0,PRESENT_NONEMPTY,2025-08-22T20:00:00Z,2025-08-22T13:30:00Z,2025-08-22,133957,SOURCE_AVAILABLE,executed_at_and_created_at_timestamp,nanoseconds_normalized_from_arrow_unit,133957
False,AMZN,NO_TEMPORAL_ANOMALY_OBSERVED,102964,102963,102964,102964,102964,102964,0,0,29.468623,0.032248,0.0702385,0.12391729999999984,0.30827793999999925,2025-08-22T20:00:00.040485Z,2025-08-22T19:59:59.983577Z,2025-08-22T13:30:00.164794Z,2025-08-22T13:30:00.036226Z,0,PRESENT_NONEMPTY,2025-08-22T20:00:00Z,2025-08-22T13:30:00Z,2025-08-22,102964,SOURCE_AVAILABLE,executed_at_and_created_at_timestamp,nanoseconds_normalized_from_arrow_unit,102964
False,META,NO_TEMPORAL_ANOMALY_OBSERVED,112773,112773,112773,112773,112773,112773,0,0,63.104779,0.032228,0.073702,0.17371539999999955,1.374984,2025-08-22T19:59:59.796036Z,2025-08-22T19:59:59.631519Z,2025-08-22T13:30:00.401865Z,2025-08-22T13:30:00.246314Z,0,PRESENT_NONEMPTY,2025-08-22T20:00:00Z,2025-08-22T13:30:00Z,2025-08-22,112773,SOURCE_AVAILABLE,executed_at_and_created_at_timestamp,nanoseconds_normalized_from_arrow_unit,112773
False,MSFT,NO_TEMPORAL_ANOMALY_OBSERVED,76856,76856,76856,76856,76856,76856,0,0,63.085728,0.033531,0.0741065,0.163597,0.772441199999999,2025-08-22T19:59:59.986761Z,2025-08-22T19:59:59.897993Z,2025-08-22T13:30:00.277506Z,2025-08-22T13:30:00.159939Z,0,PRESENT_NONEMPTY,2025-08-22T20:00:00Z,2025-08-22T13:30:00Z,2025-08-22,76856,SOURCE_AVAILABLE,executed_at_and_created_at_timestamp,nanoseconds_normalized_from_arrow_unit,76856
False,NVDA,NO_TEMPORAL_ANOMALY_OBSERVED,364170,364168,364170,364170,364170,364170,0,0,29.209508,0.031866,0.079782,0.5055815999999996,5.665108389999975,2025-08-22T20:00:00.041334Z,2025-08-22T19:59:59.984154Z,2025-08-22T13:30:00.070280Z,2025-08-22T13:30:00.003612Z,0,PRESENT_NONEMPTY,2025-08-22T20:00:00Z,2025-08-22T13:30:00Z,2025-08-22,364170,SOURCE_AVAILABLE,executed_at_and_created_at_timestamp,nanoseconds_normalized_from_arrow_unit,364170
False,QQQ,NO_TEMPORAL_ANOMALY_OBSERVED,572164,572158,572164,572164,572164,572164,0,0,6.363121,0.032801,0.077599,0.277137,2.0928719499999993,2025-08-22T20:00:00.057787Z,2025-08-22T19:59:59.867449Z,2025-08-22T13:30:00.124229Z,2025-08-22T13:30:00.003008Z,0,PRESENT_NONEMPTY,2025-08-22T20:00:00Z,2025-08-22T13:30:00Z,2025-08-22,572164,SOURCE_AVAILABLE,executed_at_and_created_at_timestamp,nanoseconds_normalized_from_arrow_unit,572164
False,SPY,NO_TEMPORAL_ANOMALY_OBSERVED,1053845,1053768,1053845,1053845,1053845,1053845,0,0,59.926227,0.030309,0.075391,0.728342999999998,2.3731333199999987,2025-08-22T20:00:02.127008Z,2025-08-22T19:59:59.995030Z,2025-08-22T13:30:00.067684Z,2025-08-22T13:30:00.002683Z,0,PRESENT_NONEMPTY,2025-08-22T20:00:00Z,2025-08-22T13:30:00Z,2025-08-22,1053845,SOURCE_AVAILABLE,executed_at_and_created_at_timestamp,nanoseconds_normalized_from_arrow_unit,1053845
False,TSLA,NO_TEMPORAL_ANOMALY_OBSERVED,595476,595458,595476,595476,595476,595476,0,0,5.05994,0.030802,0.076045,0.316141,1.7560075,2025-08-22T20:00:00.181319Z,2025-08-22T19:59:59.993142Z,2025-08-22T13:30:00.100804Z,2025-08-22T13:30:00.017653Z,0,PRESENT_NONEMPTY,2025-08-22T20:00:00Z,2025-08-22T13:30:00Z,2025-08-22,595476,SOURCE_AVAILABLE,executed_at_and_created_at_timestamp,nanoseconds_normalized_from_arrow_unit,595476
False,AAPL,NO_TEMPORAL_ANOMALY_OBSERVED,101146,101146,101146,101146,101146,101146,0,0,8.086016,0.032979,0.069406,0.10324074999999999,0.4324326000000005,2025-08-25T19:59:59.944406Z,2025-08-25T19:59:59.878050Z,2025-08-25T13:30:00.073343Z,2025-08-25T13:30:00.005028Z,0,PRESENT_NONEMPTY,2025-08-25T20:00:00Z,2025-08-25T13:30:00Z,2025-08-25,101146,SOURCE_AVAILABLE,executed_at_and_created_at_timestamp,nanoseconds_normalized_from_arrow_unit,101146
False,AMZN,NO_TEMPORAL_ANOMALY_OBSERVED,57863,57863,57863,57863,57863,57863,0,0,6.073148,0.033065,0.069393,0.13046199999999994,1.149505,2025-08-25T19:59:59.631077Z,2025-08-25T19:59:59.559036Z,2025-08-25T13:30:00.291791Z,2025-08-25T13:30:00.112952Z,0,PRESENT_NONEMPTY,2025-08-25T20:00:00Z,2025-08-25T13:30:00Z,2025-08-25,57863,SOURCE_AVAILABLE,executed_at_and_created_at_timestamp,nanoseconds_normalized_from_arrow_unit,57863
False,META,NO_TEMPORAL_ANOMALY_OBSERVED,49192,49188,49192,49192,49192,49192,0,0,10.475351,0.033574,0.07463,0.16350009999999987,4.253298039999972,2025-08-25T20:00:00.091214Z,2025-08-25T19:59:59.986039Z,2025-08-25T13:30:00.480918Z,2025-08-25T13:30:00.245698Z,0,PRESENT_NONEMPTY,2025-08-25T20:00:00Z,2025-08-25T13:30:00Z,2025-08-25,49192,SOURCE_AVAILABLE,executed_at_and_created_at_timestamp,nanoseconds_normalized_from_arrow_unit,49192
False,MSFT,NO_TEMPORAL_ANOMALY_OBSERVED,43697,43694,43697,43697,43697,43697,0,0,5.788447,0.032287,0.071914,0.15905539999999982,2.662083,2025-08-25T20:00:00.108964Z,2025-08-25T19:59:59.994655Z,2025-08-25T13:30:00.103245Z,2025-08-25T13:30:00.028200Z,0,PRESENT_NONEMPTY,2025-08-25T20:00:00Z,2025-08-25T13:30:00Z,2025-08-25,43697,SOURCE_AVAILABLE,executed_at_and_created_at_timestamp,nanoseconds_normalized_from_arrow_unit,43697
False,NVDA,NO_TEMPORAL_ANOMALY_OBSERVED,264596,264577,264596,264596,264596,264596,0,0,32.73864,0.031811,0.0728525,0.1485955,4.271703349999997,2025-08-25T20:00:00.022335Z,2025-08-25T19:59:59.922417Z,2025-08-25T13:30:00.158983Z,2025-08-25T13:30:00.004235Z,0,PRESENT_NONEMPTY,2025-08-25T20:00:00Z,2025-08-25T13:30:00Z,2025-08-25,264596,SOURCE_AVAILABLE,executed_at_and_created_at_timestamp,nanoseconds_normalized_from_arrow_unit,264596
False,QQQ,NO_TEMPORAL_ANOMALY_OBSERVED,471851,471844,471851,471851,471851,471851,0,0,6.128458,0.032429,0.072955,0.14773150000000002,0.41320049999999997,2025-08-25T20:00:00.330712Z,2025-08-25T19:59:59.976571Z,2025-08-25T13:30:00.412640Z,2025-08-25T13:30:00.002205Z,0,PRESENT_NONEMPTY,2025-08-25T20:00:00Z,2025-08-25T13:30:00Z,2025-08-25,471851,SOURCE_AVAILABLE,executed_at_and_created_at_timestamp,nanoseconds_normalized_from_arrow_unit,471851
False,SPY,NO_TEMPORAL_ANOMALY_OBSERVED,709895,709742,709895,709895,709895,709895,0,0,7.09621,0.031883,0.072275,0.24829239999999944,1.009728039999998,2025-08-25T20:00:02.649256Z,2025-08-25T19:59:59.986480Z,2025-08-25T13:30:00.071921Z,2025-08-25T13:30:00.002576Z,0,PRESENT_NONEMPTY,2025-08-25T20:00:00Z,2025-08-25T13:30:00Z,2025-08-25,709895,SOURCE_AVAILABLE,executed_at_and_created_at_timestamp,nanoseconds_normalized_from_arrow_unit,709895
False,TSLA,NO_TEMPORAL_ANOMALY_OBSERVED,443343,443343,443343,443343,443343,443343,0,0,10.77829,0.031344,0.076185,0.16654779999999994,2.9976705600000577,2025-08-25T19:59:59.931578Z,2025-08-25T19:59:59.846031Z,2025-08-25T13:30:00.213282Z,2025-08-25T13:30:00.005404Z,0,PRESENT_NONEMPTY,2025-08-25T20:00:00Z,2025-08-25T13:30:00Z,2025-08-25,443343,SOURCE_AVAILABLE,executed_at_and_created_at_timestamp,nanoseconds_normalized_from_arrow_unit,443343
False,AAPL,NO_TEMPORAL_ANOMALY_OBSERVED,103301,103287,103301,103301,103301,103301,0,0,3.935214,0.033136,0.069378,0.109171,0.275215,2025-08-26T20:00:00.076465Z,2025-08-26T19:59:59.996972Z,2025-08-26T13:30:00.068588Z,2025-08-26T13:30:00.016001Z,0,PRESENT_NONEMPTY,2025-08-26T20:00:00Z,2025-08-26T13:30:00Z,2025-08-26,103301,SOURCE_AVAILABLE,executed_at_and_created_at_timestamp,nanoseconds_normalized_from_arrow_unit,103301
False,AMZN,NO_TEMPORAL_ANOMALY_OBSERVED,45355,45355,45355,45355,45355,45355,0,0,7.681459,0.032136,0.068867,0.13633049999999958,2.1613941399999708,2025-08-26T19:59:58.745973Z,2025-08-26T19:59:58.657801Z,2025-08-26T13:30:00.068588Z,2025-08-26T13:30:00.003278Z,0,PRESENT_NONEMPTY,2025-08-26T20:00:00Z,2025-08-26T13:30:00Z,2025-08-26,45355,SOURCE_AVAILABLE,executed_at_and_created_at_timestamp,nanoseconds_normalized_from_arrow_unit,45355
False,META,NO_TEMPORAL_ANOMALY_OBSERVED,44660,44659,44660,44660,44660,44660,0,0,19.030572,0.032916,0.07256750000000001,0.15438379999999993,0.8367854999999911,2025-08-26T20:00:00.089602Z,2025-08-26T19:59:59.980516Z,2025-08-26T13:30:00.640255Z,2025-08-26T13:30:00.528917Z,0,PRESENT_NONEMPTY,2025-08-26T20:00:00Z,2025-08-26T13:30:00Z,2025-08-26,44660,SOURCE_AVAILABLE,executed_at_and_created_at_timestamp,nanoseconds_normalized_from_arrow_unit,44660
False,MSFT,NO_TEMPORAL_ANOMALY_OBSERVED,73510,73497,73510,73510,73510,73510,0,0,5.789937,0.033811,0.0715695,0.15030440000000014,0.9050434000000002,2025-08-26T20:00:00.089602Z,2025-08-26T19:59:59.978855Z,2025-08-26T13:30:00.331971Z,2025-08-26T13:30:00.271856Z,0,PRESENT_NONEMPTY,2025-08-26T20:00:00Z,2025-08-26T13:30:00Z,2025-08-26,73510,SOURCE_AVAILABLE,executed_at_and_created_at_timestamp,nanoseconds_normalized_from_arrow_unit,73510
False,NVDA,NO_TEMPORAL_ANOMALY_OBSERVED,235694,235693,235694,235694,235694,235694,0,0,64.418859,0.031532,0.071722,0.14410509999999987,0.7550319200000012,2025-08-26T20:00:00.045061Z,2025-08-26T19:59:59.961413Z,2025-08-26T13:30:00.071482Z,2025-08-26T13:30:00.004147Z,0,PRESENT_NONEMPTY,2025-08-26T20:00:00Z,2025-08-26T13:30:00Z,2025-08-26,235694,SOURCE_AVAILABLE,executed_at_and_created_at_timestamp,nanoseconds_normalized_from_arrow_unit,235694
False,QQQ,NO_TEMPORAL_ANOMALY_OBSERVED,457768,457760,457768,457768,457768,457768,0,0,5.360006,0.032845,0.073985,0.141542,0.3657126500000001,2025-08-26T20:00:00.384286Z,2025-08-26T19:59:59.947140Z,2025-08-26T13:30:00.140352Z,2025-08-26T13:30:00.002595Z,0,PRESENT_NONEMPTY,2025-08-26T20:00:00Z,2025-08-26T13:30:00Z,2025-08-26,457768,SOURCE_AVAILABLE,executed_at_and_created_at_timestamp,nanoseconds_normalized_from_arrow_unit,457768
False,SPY,NO_TEMPORAL_ANOMALY_OBSERVED,711140,710971,711140,711140,711140,711140,0,0,66.875772,0.031692,0.071951,0.3358890499999999,2.0799330499999997,2025-08-26T20:00:03.203081Z,2025-08-26T19:59:59.995449Z,2025-08-26T13:30:00.096083Z,2025-08-26T13:30:00.002661Z,0,PRESENT_NONEMPTY,2025-08-26T20:00:00Z,2025-08-26T13:30:00Z,2025-08-26,711140,SOURCE_AVAILABLE,executed_at_and_created_at_timestamp,nanoseconds_normalized_from_arrow_unit,711140
False,TSLA,NO_TEMPORAL_ANOMALY_OBSERVED,311213,311203,311213,311213,311213,311213,0,0,72.724526,0.032567,0.07874,0.3042735999999997,14.693550080000001,2025-08-26T20:00:00.276880Z,2025-08-26T19:59:59.952299Z,2025-08-26T13:30:00.070491Z,2025-08-26T13:30:00.002797Z,0,PRESENT_NONEMPTY,2025-08-26T20:00:00Z,2025-08-26T13:30:00Z,2025-08-26,311213,SOURCE_AVAILABLE,executed_at_and_created_at_timestamp,nanoseconds_normalized_from_arrow_unit,311213
False,AAPL,NO_TEMPORAL_ANOMALY_OBSERVED,90155,90155,90155,90155,90155,90155,0,0,33.305179,0.032203,0.068927,0.11116530000000001,0.490637,2025-08-27T19:59:59.573650Z,2025-08-27T19:59:59.512179Z,2025-08-27T13:30:00.066567Z,2025-08-27T13:30:00.004663Z,0,PRESENT_NONEMPTY,2025-08-27T20:00:00Z,2025-08-27T13:30:00Z,2025-08-27,90155,SOURCE_AVAILABLE,executed_at_and_created_at_timestamp,nanoseconds_normalized_from_arrow_unit,90155
False,AMZN,NO_TEMPORAL_ANOMALY_OBSERVED,49048,49048,49048,49048,49048,49048,0,0,34.116949,0.03199,0.069229,0.12874164999999999,0.60516795,2025-08-27T19:59:59.979256Z,2025-08-27T19:59:59.902424Z,2025-08-27T13:30:00.262083Z,2025-08-27T13:30:00.143709Z,0,PRESENT_NONEMPTY,2025-08-27T20:00:00Z,2025-08-27T13:30:00Z,2025-08-27,49048,SOURCE_AVAILABLE,executed_at_and_created_at_timestamp,nanoseconds_normalized_from_arrow_unit,49048
False,META,NO_TEMPORAL_ANOMALY_OBSERVED,62470,62467,62470,62470,62470,62470,0,0,34.605695,0.033387,0.073283,0.1437586499999999,0.4707385599999966,2025-08-27T20:00:00.091849Z,2025-08-27T19:59:59.990796Z,2025-08-27T13:30:00.308196Z,2025-08-27T13:30:00.129867Z,0,PRESENT_NONEMPTY,2025-08-27T20:00:00Z,2025-08-27T13:30:00Z,2025-08-27,62470,SOURCE_AVAILABLE,executed_at_and_created_at_timestamp,nanoseconds_normalized_from_arrow_unit,62470
False,MSFT,NO_TEMPORAL_ANOMALY_OBSERVED,63811,63811,63811,63811,63811,63811,0,0,33.513015,0.033117,0.072596,0.152087,1.3775341000000008,2025-08-27T19:59:59.921178Z,2025-08-27T19:59:59.844057Z,2025-08-27T13:30:00.338703Z,2025-08-27T13:30:00.268793Z,0,PRESENT_NONEMPTY,2025-08-27T20:00:00Z,2025-08-27T13:30:00Z,2025-08-27,63811,SOURCE_AVAILABLE,executed_at_and_created_at_timestamp,nanoseconds_normalized_from_arrow_unit,63811
False,NVDA,NO_TEMPORAL_ANOMALY_OBSERVED,482565,482560,482565,482565,482565,482565,0,0,33.797536,0.03117,0.070346,0.13123179999999998,0.40696479999999746,2025-08-27T20:00:00.048345Z,2025-08-27T19:59:59.983546Z,2025-08-27T13:30:00.071099Z,2025-08-27T13:30:00.003899Z,0,PRESENT_NONEMPTY,2025-08-27T20:00:00Z,2025-08-27T13:30:00Z,2025-08-27,482565,SOURCE_AVAILABLE,executed_at_and_created_at_timestamp,nanoseconds_normalized_from_arrow_unit,482565
False,QQQ,NO_TEMPORAL_ANOMALY_OBSERVED,402656,402654,402656,402656,402656,402656,0,0,7.311601,0.031759,0.072472,0.15484625000000002,0.5431023000000019,2025-08-27T20:00:00.034554Z,2025-08-27T19:59:59.952354Z,2025-08-27T13:30:00.098100Z,2025-08-27T13:30:00.002465Z,0,PRESENT_NONEMPTY,2025-08-27T20:00:00Z,2025-08-27T13:30:00Z,2025-08-27,402656,SOURCE_AVAILABLE,executed_at_and_created_at_timestamp,nanoseconds_normalized_from_arrow_unit,402656
False,SPY,NO_TEMPORAL_ANOMALY_OBSERVED,601548,601490,601548,601548,601548,601548,0,0,31.874201,0.03134,0.070928,0.2298856000000001,0.7917640500000023,2025-08-27T20:00:01.003592Z,2025-08-27T19:59:59.997794Z,2025-08-27T13:30:00.098456Z,2025-08-27T13:30:00.002442Z,0,PRESENT_NONEMPTY,2025-08-27T20:00:00Z,2025-08-27T13:30:00Z,2025-08-27,601548,SOURCE_AVAILABLE,executed_at_and_created_at_timestamp,nanoseconds_normalized_from_arrow_unit,601548
False,TSLA,NO_TEMPORAL_ANOMALY_OBSERVED,337726,337700,337726,337726,337726,337726,0,0,37.616187,0.031787,0.075611,0.23922425,6.182737,2025-08-27T20:00:00.145018Z,2025-08-27T19:59:59.974878Z,2025-08-27T13:30:00.096410Z,2025-08-27T13:30:00.014634Z,0,PRESENT_NONEMPTY,2025-08-27T20:00:00Z,2025-08-27T13:30:00Z,2025-08-27,337726,SOURCE_AVAILABLE,executed_at_and_created_at_timestamp,nanoseconds_normalized_from_arrow_unit,337726
False,AAPL,NO_TEMPORAL_ANOMALY_OBSERVED,120701,120701,120701,120701,120701,120701,0,0,3.773321,0.032658,0.07003,0.12179,0.375341,2025-08-28T19:59:59.820082Z,2025-08-28T19:59:59.735130Z,2025-08-28T13:30:00.220492Z,2025-08-28T13:30:00.064579Z,0,PRESENT_NONEMPTY,2025-08-28T20:00:00Z,2025-08-28T13:30:00Z,2025-08-28,120701,SOURCE_AVAILABLE,executed_at_and_created_at_timestamp,nanoseconds_normalized_from_arrow_unit,120701
False,AMZN,NO_TEMPORAL_ANOMALY_OBSERVED,88119,88119,88119,88119,88119,88119,0,0,8.017915,0.032281,0.069798,0.12205209999999998,0.29687347999999986,2025-08-28T19:59:59.993243Z,2025-08-28T19:59:59.904697Z,2025-08-28T13:30:00.130690Z,2025-08-28T13:30:00.004233Z,0,PRESENT_NONEMPTY,2025-08-28T20:00:00Z,2025-08-28T13:30:00Z,2025-08-28,88119,SOURCE_AVAILABLE,executed_at_and_created_at_timestamp,nanoseconds_normalized_from_arrow_unit,88119
False,META,NO_TEMPORAL_ANOMALY_OBSERVED,59967,59967,59967,59967,59967,59967,0,0,24.471778,0.033969,0.075458,0.2208300999999997,7.8162202,2025-08-28T19:59:59.676748Z,2025-08-28T19:59:59.568277Z,2025-08-28T13:30:00.317659Z,2025-08-28T13:30:00.121296Z,0,PRESENT_NONEMPTY,2025-08-28T20:00:00Z,2025-08-28T13:30:00Z,2025-08-28,59967,SOURCE_AVAILABLE,executed_at_and_created_at_timestamp,nanoseconds_normalized_from_arrow_unit,59967
False,MSFT,NO_TEMPORAL_ANOMALY_OBSERVED,55771,55771,55771,55771,55771,55771,0,0,6.290416,0.033533,0.074311,0.192262,1.6376191000000007,2025-08-28T19:59:59.982376Z,2025-08-28T19:59:59.904113Z,2025-08-28T13:30:00.382350Z,2025-08-28T13:30:00.293147Z,0,PRESENT_NONEMPTY,2025-08-28T20:00:00Z,2025-08-28T13:30:00Z,2025-08-28,55771,SOURCE_AVAILABLE,executed_at_and_created_at_timestamp,nanoseconds_normalized_from_arrow_unit,55771
False,NVDA,NO_TEMPORAL_ANOMALY_OBSERVED,679429,679418,679429,679429,679429,679429,0,0,8.085723,0.03218,0.076571,0.18187959999999997,3.4247883999999993,2025-08-28T20:00:00.090240Z,2025-08-28T19:59:59.983882Z,2025-08-28T13:30:00.071278Z,2025-08-28T13:30:00.002923Z,0,PRESENT_NONEMPTY,2025-08-28T20:00:00Z,2025-08-28T13:30:00Z,2025-08-28,679429,SOURCE_AVAILABLE,executed_at_and_created_at_timestamp,nanoseconds_normalized_from_arrow_unit,679429
False,QQQ,NO_TEMPORAL_ANOMALY_OBSERVED,493071,493059,493071,493071,493071,493071,0,0,3.23749,0.031357,0.074018,0.1543505,0.42596059999999997,2025-08-28T20:00:00.274866Z,2025-08-28T19:59:59.945802Z,2025-08-28T13:30:00.097859Z,2025-08-28T13:30:00.002184Z,0,PRESENT_NONEMPTY,2025-08-28T20:00:00Z,2025-08-28T13:30:00Z,2025-08-28,493071,SOURCE_AVAILABLE,executed_at_and_created_at_timestamp,nanoseconds_normalized_from_arrow_unit,493071
False,SPY,NO_TEMPORAL_ANOMALY_OBSERVED,768302,768261,768302,768302,768302,768302,0,0,6.454457,0.030557,0.073683,0.3105568999999999,1.172785949999999,2025-08-28T20:00:01.732050Z,2025-08-28T19:59:59.981712Z,2025-08-28T13:30:00.068693Z,2025-08-28T13:30:00.002522Z,0,PRESENT_NONEMPTY,2025-08-28T20:00:00Z,2025-08-28T13:30:00Z,2025-08-28,768302,SOURCE_AVAILABLE,executed_at_and_created_at_timestamp,nanoseconds_normalized_from_arrow_unit,768302
False,TSLA,NO_TEMPORAL_ANOMALY_OBSERVED,402336,402319,402336,402336,402336,402336,0,0,6.911287,0.031987,0.079065,0.32445375,0.884363550000002,2025-08-28T20:00:00.276171Z,2025-08-28T19:59:59.990296Z,2025-08-28T13:30:00.067527Z,2025-08-28T13:30:00.017292Z,0,PRESENT_NONEMPTY,2025-08-28T20:00:00Z,2025-08-28T13:30:00Z,2025-08-28,402336,SOURCE_AVAILABLE,executed_at_and_created_at_timestamp,nanoseconds_normalized_from_arrow_unit,402336
False,AAPL,NO_TEMPORAL_ANOMALY_OBSERVED,129618,129618,129618,129618,129618,129618,0,0,5.482377,0.032686,0.070646,0.11449389999999997,0.226402,2025-08-29T19:59:59.904956Z,2025-08-29T19:59:59.810402Z,2025-08-29T13:30:00.166300Z,2025-08-29T13:30:00.003740Z,0,PRESENT_NONEMPTY,2025-08-29T20:00:00Z,2025-08-29T13:30:00Z,2025-08-29,129618,SOURCE_AVAILABLE,executed_at_and_created_at_timestamp,nanoseconds_normalized_from_arrow_unit,129618
False,AMZN,NO_TEMPORAL_ANOMALY_OBSERVED,69564,69564,69564,69564,69564,69564,0,0,7.055483,0.03334,0.069906,0.12493264999999976,0.31728065999999994,2025-08-29T19:59:59.748626Z,2025-08-29T19:59:59.666221Z,2025-08-29T13:30:00.197618Z,2025-08-29T13:30:00.004270Z,0,PRESENT_NONEMPTY,2025-08-29T20:00:00Z,2025-08-29T13:30:00Z,2025-08-29,69564,SOURCE_AVAILABLE,executed_at_and_created_at_timestamp,nanoseconds_normalized_from_arrow_unit,69564
False,META,NO_TEMPORAL_ANOMALY_OBSERVED,87329,87329,87329,87329,87329,87329,0,0,10.550842,0.033976,0.073778,0.141983,0.7480666000000186,2025-08-29T19:59:59.418696Z,2025-08-29T19:59:59.326515Z,2025-08-29T13:30:00.476934Z,2025-08-29T13:30:00.013277Z,0,PRESENT_NONEMPTY,2025-08-29T20:00:00Z,2025-08-29T13:30:00Z,2025-08-29,87329,SOURCE_AVAILABLE,executed_at_and_created_at_timestamp,nanoseconds_normalized_from_arrow_unit,87329
False,MSFT,NO_TEMPORAL_ANOMALY_OBSERVED,57320,57317,57320,57320,57320,57320,0,0,5.726447,0.032274,0.071238,0.14787324999999982,0.7919414999999999,2025-08-29T20:00:00.181493Z,2025-08-29T19:59:59.992025Z,2025-08-29T13:30:01.706678Z,2025-08-29T13:30:00.314851Z,0,PRESENT_NONEMPTY,2025-08-29T20:00:00Z,2025-08-29T13:30:00Z,2025-08-29,57320,SOURCE_AVAILABLE,executed_at_and_created_at_timestamp,nanoseconds_normalized_from_arrow_unit,57320
False,NVDA,NO_TEMPORAL_ANOMALY_OBSERVED,531590,531578,531590,531590,531590,531590,0,0,8.171272,0.031037,0.073168,0.166243,0.418501,2025-08-29T20:00:00.120103Z,2025-08-29T19:59:59.986137Z,2025-08-29T13:30:00.100134Z,2025-08-29T13:30:00.004165Z,0,PRESENT_NONEMPTY,2025-08-29T20:00:00Z,2025-08-29T13:30:00Z,2025-08-29,531590,SOURCE_AVAILABLE,executed_at_and_created_at_timestamp,nanoseconds_normalized_from_arrow_unit,531590
False,QQQ,NO_TEMPORAL_ANOMALY_OBSERVED,584934,584927,584934,584934,584934,584934,0,0,4.107888,0.031219,0.074634,0.2422203999999999,0.7311510200000003,2025-08-29T20:00:00.315637Z,2025-08-29T19:59:59.987381Z,2025-08-29T13:30:00.098467Z,2025-08-29T13:30:00.002927Z,0,PRESENT_NONEMPTY,2025-08-29T20:00:00Z,2025-08-29T13:30:00Z,2025-08-29,584934,SOURCE_AVAILABLE,executed_at_and_created_at_timestamp,nanoseconds_normalized_from_arrow_unit,584934
False,SPY,NO_TEMPORAL_ANOMALY_OBSERVED,830399,829818,830399,830399,830399,830399,0,0,14.595162,0.03098,0.075393,0.4422689999999996,1.5144261,2025-08-29T20:00:03.454425Z,2025-08-29T19:59:59.999970Z,2025-08-29T13:30:00.099882Z,2025-08-29T13:30:00.002221Z,0,PRESENT_NONEMPTY,2025-08-29T20:00:00Z,2025-08-29T13:30:00Z,2025-08-29,830399,SOURCE_AVAILABLE,executed_at_and_created_at_timestamp,nanoseconds_normalized_from_arrow_unit,830399
False,TSLA,NO_TEMPORAL_ANOMALY_OBSERVED,539352,539341,539352,539352,539352,539352,0,0,10.661604,0.03182,0.0762915,0.19880524999999977,0.5455075399999996,2025-08-29T20:00:00.186532Z,2025-08-29T19:59:59.998851Z,2025-08-29T13:30:00.200978Z,2025-08-29T13:30:00.016563Z,0,PRESENT_NONEMPTY,2025-08-29T20:00:00Z,2025-08-29T13:30:00Z,2025-08-29,539352,SOURCE_AVAILABLE,executed_at_and_created_at_timestamp,nanoseconds_normalized_from_arrow_unit,539352
False,AAPL,NO_TEMPORAL_ANOMALY_OBSERVED,93947,93944,93947,93947,93947,93947,0,0,9.485223,0.032195,0.070574,0.15408699999999997,2.923529,2025-09-02T20:00:00.097655Z,2025-09-02T19:59:59.998628Z,2025-09-02T13:30:00.097709Z,2025-09-02T13:30:00.002611Z,0,PRESENT_NONEMPTY,2025-09-02T20:00:00Z,2025-09-02T13:30:00Z,2025-09-02,93947,SOURCE_AVAILABLE,executed_at_and_created_at_timestamp,nanoseconds_normalized_from_arrow_unit,93947
False,AMZN,NO_TEMPORAL_ANOMALY_OBSERVED,72021,72021,72021,72021,72021,72021,0,0,12.204977,0.033692,0.074973,0.191163,7.048566,2025-09-02T19:59:59.713035Z,2025-09-02T19:59:59.632705Z,2025-09-02T13:30:00.221773Z,2025-09-02T13:30:00.005244Z,0,PRESENT_NONEMPTY,2025-09-02T20:00:00Z,2025-09-02T13:30:00Z,2025-09-02,72021,SOURCE_AVAILABLE,executed_at_and_created_at_timestamp,nanoseconds_normalized_from_arrow_unit,72021
False,META,NO_TEMPORAL_ANOMALY_OBSERVED,60567,60560,60567,60567,60567,60567,0,0,27.837774,0.032676,0.075748,0.27781069999999997,12.499588600000001,2025-09-02T20:00:00.423028Z,2025-09-02T19:59:59.886672Z,2025-09-02T13:30:00.516249Z,2025-09-02T13:30:00.228773Z,0,PRESENT_NONEMPTY,2025-09-02T20:00:00Z,2025-09-02T13:30:00Z,2025-09-02,60567,SOURCE_AVAILABLE,executed_at_and_created_at_timestamp,nanoseconds_normalized_from_arrow_unit,60567
False,MSFT,NO_TEMPORAL_ANOMALY_OBSERVED,46137,46126,46137,46137,46137,46137,0,0,10.316741,0.034172,0.078149,0.5731667999999971,6.506283719999992,2025-09-02T20:00:00.534834Z,2025-09-02T19:59:59.942940Z,2025-09-02T13:30:00.516249Z,2025-09-02T13:30:00.279334Z,0,PRESENT_NONEMPTY,2025-09-02T20:00:00Z,2025-09-02T13:30:00Z,2025-09-02,46137,SOURCE_AVAILABLE,executed_at_and_created_at_timestamp,nanoseconds_normalized_from_arrow_unit,46137
False,NVDA,NO_TEMPORAL_ANOMALY_OBSERVED,387939,387931,387939,387939,387939,387939,0,0,16.369337,0.030532,0.074562,0.17825329999999992,2.0860752599999994,2025-09-02T20:00:00.264551Z,2025-09-02T19:59:59.995471Z,2025-09-02T13:30:00.069813Z,2025-09-02T13:30:00.003518Z,0,PRESENT_NONEMPTY,2025-09-02T20:00:00Z,2025-09-02T13:30:00Z,2025-09-02,387939,SOURCE_AVAILABLE,executed_at_and_created_at_timestamp,nanoseconds_normalized_from_arrow_unit,387939
False,QQQ,NO_TEMPORAL_ANOMALY_OBSERVED,632527,632526,632527,632527,632527,632527,0,0,8.479766,0.032222,0.075937,0.20351449999999977,1.760582659999998,2025-09-02T20:00:00.044570Z,2025-09-02T19:59:59.896713Z,2025-09-02T13:30:00.072530Z,2025-09-02T13:30:00.002109Z,0,PRESENT_NONEMPTY,2025-09-02T20:00:00Z,2025-09-02T13:30:00Z,2025-09-02,632527,SOURCE_AVAILABLE,executed_at_and_created_at_timestamp,nanoseconds_normalized_from_arrow_unit,632527
False,SPY,NO_TEMPORAL_ANOMALY_OBSERVED,962766,962406,962766,962766,962766,962766,0,0,37.711223,0.031464,0.081599,0.7574147499999999,7.66783484999997,2025-09-02T20:00:05.620648Z,2025-09-02T19:59:59.997530Z,2025-09-02T13:30:00.066081Z,2025-09-02T13:30:00.002336Z,0,PRESENT_NONEMPTY,2025-09-02T20:00:00Z,2025-09-02T13:30:00Z,2025-09-02,962766,SOURCE_AVAILABLE,executed_at_and_created_at_timestamp,nanoseconds_normalized_from_arrow_unit,962766
False,TSLA,NO_TEMPORAL_ANOMALY_OBSERVED,259364,259364,259364,259364,259364,259364,0,0,25.603789,0.03073,0.075921,0.23444069999999997,3.6711987799999974,2025-09-02T19:59:59.962733Z,2025-09-02T19:59:59.846699Z,2025-09-02T13:30:00.099631Z,2025-09-02T13:30:00.005303Z,0,PRESENT_NONEMPTY,2025-09-02T20:00:00Z,2025-09-02T13:30:00Z,2025-09-02,259364,SOURCE_AVAILABLE,executed_at_and_created_at_timestamp,nanoseconds_normalized_from_arrow_unit,259364
False,AAPL,NO_TEMPORAL_ANOMALY_OBSERVED,204239,204238,204239,204239,204239,204239,0,0,5.943595,0.031948,0.071596,0.1470048999999998,1.954029999999975,2025-09-03T20:00:00.010494Z,2025-09-03T19:59:59.925590Z,2025-09-03T13:30:00.098074Z,2025-09-03T13:30:00.010263Z,0,PRESENT_NONEMPTY,2025-09-03T20:00:00Z,2025-09-03T13:30:00Z,2025-09-03,204239,SOURCE_AVAILABLE,executed_at_and_created_at_timestamp,nanoseconds_normalized_from_arrow_unit,204239
False,AMZN,NO_TEMPORAL_ANOMALY_OBSERVED,56002,56002,56002,56002,56002,56002,0,0,7.203477,0.033983,0.0733555,0.15668649999999998,0.5471112399999999,2025-09-03T19:59:59.863141Z,2025-09-03T19:59:59.752369Z,2025-09-03T13:30:00.224777Z,2025-09-03T13:30:00.004445Z,0,PRESENT_NONEMPTY,2025-09-03T20:00:00Z,2025-09-03T13:30:00Z,2025-09-03,56002,SOURCE_AVAILABLE,executed_at_and_created_at_timestamp,nanoseconds_normalized_from_arrow_unit,56002
False,META,NO_TEMPORAL_ANOMALY_OBSERVED,48258,48257,48258,48258,48258,48258,0,0,19.977688,0.032815,0.0731585,0.17695755000000005,2.333011430000002,2025-09-03T20:00:00.041624Z,2025-09-03T19:59:59.956883Z,2025-09-03T13:30:00.327154Z,2025-09-03T13:30:00.195731Z,0,PRESENT_NONEMPTY,2025-09-03T20:00:00Z,2025-09-03T13:30:00Z,2025-09-03,48258,SOURCE_AVAILABLE,executed_at_and_created_at_timestamp,nanoseconds_normalized_from_arrow_unit,48258
False,MSFT,NO_TEMPORAL_ANOMALY_OBSERVED,35776,35768,35776,35776,35776,35776,0,0,16.384603,0.032727,0.07694,0.36517499999999997,1.667048,2025-09-03T20:00:00.012672Z,2025-09-03T19:59:59.922136Z,2025-09-03T13:30:00.271642Z,2025-09-03T13:30:00.110354Z,0,PRESENT_NONEMPTY,2025-09-03T20:00:00Z,2025-09-03T13:30:00Z,2025-09-03,35776,SOURCE_AVAILABLE,executed_at_and_created_at_timestamp,nanoseconds_normalized_from_arrow_unit,35776
False,NVDA,NO_TEMPORAL_ANOMALY_OBSERVED,256252,256248,256252,256252,256252,256252,0,0,1.544823,0.032727,0.072642,0.14847534999999995,0.24737244999999997,2025-09-03T20:00:00.046614Z,2025-09-03T19:59:59.959021Z,2025-09-03T13:30:00.101072Z,2025-09-03T13:30:00.002668Z,0,PRESENT_NONEMPTY,2025-09-03T20:00:00Z,2025-09-03T13:30:00Z,2025-09-03,256252,SOURCE_AVAILABLE,executed_at_and_created_at_timestamp,nanoseconds_normalized_from_arrow_unit,256252
False,QQQ,NO_TEMPORAL_ANOMALY_OBSERVED,589588,589579,589588,589588,589588,589588,0,0,5.679851,0.032623,0.074349,0.16643165000000001,0.45161601000000035,2025-09-03T20:00:00.340111Z,2025-09-03T19:59:59.995909Z,2025-09-03T13:30:00.067781Z,2025-09-03T13:30:00.003084Z,0,PRESENT_NONEMPTY,2025-09-03T20:00:00Z,2025-09-03T13:30:00Z,2025-09-03,589588,SOURCE_AVAILABLE,executed_at_and_created_at_timestamp,nanoseconds_normalized_from_arrow_unit,589588
False,SPY,NO_TEMPORAL_ANOMALY_OBSERVED,903055,902478,903055,903055,903055,903055,0,0,5.456916,0.030976,0.079607,0.5433098999999998,1.486088,2025-09-03T20:00:03.946088Z,2025-09-03T19:59:59.982534Z,2025-09-03T13:30:00.100265Z,2025-09-03T13:30:00.002210Z,0,PRESENT_NONEMPTY,2025-09-03T20:00:00Z,2025-09-03T13:30:00Z,2025-09-03,903055,SOURCE_AVAILABLE,executed_at_and_created_at_timestamp,nanoseconds_normalized_from_arrow_unit,903055
False,TSLA,NO_TEMPORAL_ANOMALY_OBSERVED,421210,421206,421210,421210,421210,421210,0,0,8.707049,0.031391,0.075184,0.15485709999999997,0.310305,2025-09-03T20:00:00.134100Z,2025-09-03T19:59:59.907166Z,2025-09-03T13:30:00.122914Z,2025-09-03T13:30:00.002570Z,0,PRESENT_NONEMPTY,2025-09-03T20:00:00Z,2025-09-03T13:30:00Z,2025-09-03,421210,SOURCE_AVAILABLE,executed_at_and_created_at_timestamp,nanoseconds_normalized_from_arrow_unit,421210
False,AAPL,NO_TEMPORAL_ANOMALY_OBSERVED,143855,143854,143855,143855,143855,143855,0,0,10.126749,0.032031,0.072471,0.14028889999999986,1.7886769999999947,2025-09-04T20:00:00.100339Z,2025-09-04T19:59:59.984891Z,2025-09-04T13:30:00.067235Z,2025-09-04T13:30:00.006190Z,0,PRESENT_NONEMPTY,2025-09-04T20:00:00Z,2025-09-04T13:30:00Z,2025-09-04,143855,SOURCE_AVAILABLE,executed_at_and_created_at_timestamp,nanoseconds_normalized_from_arrow_unit,143855
False,AMZN,NO_TEMPORAL_ANOMALY_OBSERVED,168612,168603,168612,168612,168612,168612,0,0,9.333127,0.033507,0.0759135,0.15497169999999955,3.67282145,2025-09-04T20:00:00.065856Z,2025-09-04T19:59:59.902997Z,2025-09-04T13:30:00.203988Z,2025-09-04T13:30:00.006602Z,0,PRESENT_NONEMPTY,2025-09-04T20:00:00Z,2025-09-04T13:30:00Z,2025-09-04,168612,SOURCE_AVAILABLE,executed_at_and_created_at_timestamp,nanoseconds_normalized_from_arrow_unit,168612
False,META,NO_TEMPORAL_ANOMALY_OBSERVED,97669,97644,97669,97669,97669,97669,0,0,22.776403,0.033172,0.07636,0.2708825999999999,18.708260399999986,2025-09-04T20:00:00.320340Z,2025-09-04T19:59:59.951557Z,2025-09-04T13:30:00.070749Z,2025-09-04T13:30:00.022433Z,0,PRESENT_NONEMPTY,2025-09-04T20:00:00Z,2025-09-04T13:30:00Z,2025-09-04,97669,SOURCE_AVAILABLE,executed_at_and_created_at_timestamp,nanoseconds_normalized_from_arrow_unit,97669
False,MSFT,NO_TEMPORAL_ANOMALY_OBSERVED,46396,46393,46396,46396,46396,46396,0,0,5.723394,0.032339,0.071752,0.134268,0.50843125,2025-09-04T20:00:00.320340Z,2025-09-04T19:59:59.998465Z,2025-09-04T13:30:00.132159Z,2025-09-04T13:30:00.028355Z,0,PRESENT_NONEMPTY,2025-09-04T20:00:00Z,2025-09-04T13:30:00Z,2025-09-04,46396,SOURCE_AVAILABLE,executed_at_and_created_at_timestamp,nanoseconds_normalized_from_arrow_unit,46396
False,NVDA,NO_TEMPORAL_ANOMALY_OBSERVED,213252,213250,213252,213252,213252,213252,0,0,1.253119,0.031797,0.071012,0.127615,0.1957557799999998,2025-09-04T20:00:00.069429Z,2025-09-04T19:59:59.999393Z,2025-09-04T13:30:00.069876Z,2025-09-04T13:30:00.004013Z,0,PRESENT_NONEMPTY,2025-09-04T20:00:00Z,2025-09-04T13:30:00Z,2025-09-04,213252,SOURCE_AVAILABLE,executed_at_and_created_at_timestamp,nanoseconds_normalized_from_arrow_unit,213252
False,QQQ,NO_TEMPORAL_ANOMALY_OBSERVED,501361,501346,501361,501361,501361,501361,0,0,4.886846,0.031641,0.07334,0.155695,0.3882534000000047,2025-09-04T20:00:00.071945Z,2025-09-04T19:59:59.914023Z,2025-09-04T13:30:00.133628Z,2025-09-04T13:30:00.002938Z,0,PRESENT_NONEMPTY,2025-09-04T20:00:00Z,2025-09-04T13:30:00Z,2025-09-04,501361,SOURCE_AVAILABLE,executed_at_and_created_at_timestamp,nanoseconds_normalized_from_arrow_unit,501361
False,SPY,NO_TEMPORAL_ANOMALY_OBSERVED,862918,862696,862918,862918,862918,862918,0,0,3.923202,0.03101,0.077119,0.47304639999999853,1.2921888299999915,2025-09-04T20:00:03.237779Z,2025-09-04T19:59:59.989473Z,2025-09-04T13:30:00.070107Z,2025-09-04T13:30:00.002585Z,0,PRESENT_NONEMPTY,2025-09-04T20:00:00Z,2025-09-04T13:30:00Z,2025-09-04,862918,SOURCE_AVAILABLE,executed_at_and_created_at_timestamp,nanoseconds_normalized_from_arrow_unit,862918
False,TSLA,NO_TEMPORAL_ANOMALY_OBSERVED,312200,312140,312200,312200,312200,312200,0,0,4.937714,0.030673,0.0724295,0.137023,0.303156,2025-09-04T20:00:00.668387Z,2025-09-04T19:59:59.960131Z,2025-09-04T13:30:00.101136Z,2025-09-04T13:30:00.010866Z,0,PRESENT_NONEMPTY,2025-09-04T20:00:00Z,2025-09-04T13:30:00Z,2025-09-04,312200,SOURCE_AVAILABLE,executed_at_and_created_at_timestamp,nanoseconds_normalized_from_arrow_unit,312200
False,AAPL,NO_TEMPORAL_ANOMALY_OBSERVED,142518,142517,142518,142518,142518,142518,0,0,8.228617,0.031414,0.073843,0.17934604999999995,1.9179026599999922,2025-09-05T20:00:00.035432Z,2025-09-05T19:59:59.970685Z,2025-09-05T13:30:00.100650Z,2025-09-05T13:30:00.010171Z,0,PRESENT_NONEMPTY,2025-09-05T20:00:00Z,2025-09-05T13:30:00Z,2025-09-05,142518,SOURCE_AVAILABLE,executed_at_and_created_at_timestamp,nanoseconds_normalized_from_arrow_unit,142518
False,AMZN,NO_TEMPORAL_ANOMALY_OBSERVED,90348,90348,90348,90348,90348,90348,0,0,19.449781,0.034092,0.077608,0.208451,10.581753819999992,2025-09-05T19:59:59.905055Z,2025-09-05T19:59:59.806178Z,2025-09-05T13:30:00.100650Z,2025-09-05T13:30:00.004498Z,0,PRESENT_NONEMPTY,2025-09-05T20:00:00Z,2025-09-05T13:30:00Z,2025-09-05,90348,SOURCE_AVAILABLE,executed_at_and_created_at_timestamp,nanoseconds_normalized_from_arrow_unit,90348
False,META,NO_TEMPORAL_ANOMALY_OBSERVED,85417,85417,85417,85417,85417,85417,0,0,24.624896,0.032912,0.078549,0.29366039999999966,6.975050639999974,2025-09-05T19:59:59.858835Z,2025-09-05T19:59:59.770128Z,2025-09-05T13:30:00.813939Z,2025-09-05T13:30:00.546890Z,0,PRESENT_NONEMPTY,2025-09-05T20:00:00Z,2025-09-05T13:30:00Z,2025-09-05,85417,SOURCE_AVAILABLE,executed_at_and_created_at_timestamp,nanoseconds_normalized_from_arrow_unit,85417
False,MSFT,NO_TEMPORAL_ANOMALY_OBSERVED,124351,124351,124351,124351,124351,124351,0,0,21.243104,0.033448,0.075986,0.255143,2.8661665,2025-09-05T19:59:59.891225Z,2025-09-05T19:59:59.816517Z,2025-09-05T13:30:00.488585Z,2025-09-05T13:30:00.308546Z,0,PRESENT_NONEMPTY,2025-09-05T20:00:00Z,2025-09-05T13:30:00Z,2025-09-05,124351,SOURCE_AVAILABLE,executed_at_and_created_at_timestamp,nanoseconds_normalized_from_arrow_unit,124351
False,NVDA,NO_TEMPORAL_ANOMALY_OBSERVED,476145,476144,476145,476145,476145,476145,0,0,2.468078,0.031696,0.073818,0.1519498,0.30663339999999994,2025-09-05T20:00:00.026993Z,2025-09-05T19:59:59.888287Z,2025-09-05T13:30:00.066637Z,2025-09-05T13:30:00.005960Z,0,PRESENT_NONEMPTY,2025-09-05T20:00:00Z,2025-09-05T13:30:00Z,2025-09-05,476145,SOURCE_AVAILABLE,executed_at_and_created_at_timestamp,nanoseconds_normalized_from_arrow_unit,476145
False,QQQ,NO_TEMPORAL_ANOMALY_OBSERVED,633252,633251,633252,633252,633252,633252,0,0,4.734734,0.030864,0.078247,0.211996,0.7379518999999999,2025-09-05T20:00:00.090255Z,2025-09-05T19:59:59.990336Z,2025-09-05T13:30:00.071463Z,2025-09-05T13:30:00.002293Z,0,PRESENT_NONEMPTY,2025-09-05T20:00:00Z,2025-09-05T13:30:00Z,2025-09-05,633252,SOURCE_AVAILABLE,executed_at_and_created_at_timestamp,nanoseconds_normalized_from_arrow_unit,633252
False,SPY,NO_TEMPORAL_ANOMALY_OBSERVED,1077726,1077241,1077726,1077726,1077726,1077726,0,0,10.997457,0.031167,0.13869749999999997,3.34438725,4.45799125,2025-09-05T20:00:03.650569Z,2025-09-05T19:59:59.979413Z,2025-09-05T13:30:00.099185Z,2025-09-05T13:30:00.003129Z,0,PRESENT_NONEMPTY,2025-09-05T20:00:00Z,2025-09-05T13:30:00Z,2025-09-05,1077726,SOURCE_AVAILABLE,executed_at_and_created_at_timestamp,nanoseconds_normalized_from_arrow_unit,1077726
False,TSLA,NO_TEMPORAL_ANOMALY_OBSERVED,731791,731789,731791,731791,731791,731791,0,0,11.938215,0.031034,0.076689,0.186502,4.554152499999881,2025-09-05T20:00:00.058542Z,2025-09-05T19:59:59.947021Z,2025-09-05T13:30:00.096409Z,2025-09-05T13:30:00.004219Z,0,PRESENT_NONEMPTY,2025-09-05T20:00:00Z,2025-09-05T13:30:00Z,2025-09-05,731791,SOURCE_AVAILABLE,executed_at_and_created_at_timestamp,nanoseconds_normalized_from_arrow_unit,731791
False,AAPL,NO_TEMPORAL_ANOMALY_OBSERVED,111234,111232,111234,111234,111234,111234,0,0,12.395845,0.032922,0.0719055,0.1525469499999995,7.31601717,2025-09-08T20:00:00.004246Z,2025-09-08T19:59:59.910440Z,2025-09-08T13:30:00.413040Z,2025-09-08T13:30:00.038729Z,0,PRESENT_NONEMPTY,2025-09-08T20:00:00Z,2025-09-08T13:30:00Z,2025-09-08,111234,SOURCE_AVAILABLE,executed_at_and_created_at_timestamp,nanoseconds_normalized_from_arrow_unit,111234
False,AMZN,NO_TEMPORAL_ANOMALY_OBSERVED,98791,98791,98791,98791,98791,98791,0,0,20.439239,0.031983,0.070763,0.163492,7.265640500000074,2025-09-08T19:59:59.900576Z,2025-09-08T19:59:59.820498Z,2025-09-08T13:30:00.127281Z,2025-09-08T13:30:00.021512Z,0,PRESENT_NONEMPTY,2025-09-08T20:00:00Z,2025-09-08T13:30:00Z,2025-09-08,98791,SOURCE_AVAILABLE,executed_at_and_created_at_timestamp,nanoseconds_normalized_from_arrow_unit,98791
False,META,NO_TEMPORAL_ANOMALY_OBSERVED,69716,69716,69716,69716,69716,69716,0,0,44.002098,0.032235,0.0747935,1.325312,36.626998,2025-09-08T19:59:59.976151Z,2025-09-08T19:59:59.833237Z,2025-09-08T13:30:00.164838Z,2025-09-08T13:30:00.006847Z,0,PRESENT_NONEMPTY,2025-09-08T20:00:00Z,2025-09-08T13:30:00Z,2025-09-08,69716,SOURCE_AVAILABLE,executed_at_and_created_at_timestamp,nanoseconds_normalized_from_arrow_unit,69716
False,MSFT,NO_TEMPORAL_ANOMALY_OBSERVED,51607,51606,51607,51607,51607,51607,0,0,17.013827,0.032611,0.072732,0.1902831,8.581453520000016,2025-09-08T20:00:00.047104Z,2025-09-08T19:59:59.902601Z,2025-09-08T13:30:00.132729Z,2025-09-08T13:30:00.016806Z,0,PRESENT_NONEMPTY,2025-09-08T20:00:00Z,2025-09-08T13:30:00Z,2025-09-08,51607,SOURCE_AVAILABLE,executed_at_and_created_at_timestamp,nanoseconds_normalized_from_arrow_unit,51607
False,NVDA,NO_TEMPORAL_ANOMALY_OBSERVED,270155,270153,270155,270155,270155,270155,0,0,3.751483,0.031166,0.071192,0.137971,0.5108581600000041,2025-09-08T20:00:00.003828Z,2025-09-08T19:59:59.949665Z,2025-09-08T13:30:00.096948Z,2025-09-08T13:30:00.005458Z,0,PRESENT_NONEMPTY,2025-09-08T20:00:00Z,2025-09-08T13:30:00Z,2025-09-08,270155,SOURCE_AVAILABLE,executed_at_and_created_at_timestamp,nanoseconds_normalized_from_arrow_unit,270155
False,QQQ,NO_TEMPORAL_ANOMALY_OBSERVED,508766,508762,508766,508766,508766,508766,0,0,4.492906,0.030936,0.07145,0.1340885,0.6198905999999986,2025-09-08T20:00:00.056157Z,2025-09-08T19:59:59.870056Z,2025-09-08T13:30:00.064713Z,2025-09-08T13:30:00.002535Z,0,PRESENT_NONEMPTY,2025-09-08T20:00:00Z,2025-09-08T13:30:00Z,2025-09-08,508766,SOURCE_AVAILABLE,executed_at_and_created_at_timestamp,nanoseconds_normalized_from_arrow_unit,508766
False,SPY,NO_TEMPORAL_ANOMALY_OBSERVED,838245,837546,838245,838245,838245,838245,0,0,9.973324,0.031251,0.076143,0.6319337999999961,2.168707559999995,2025-09-08T20:00:05.602345Z,2025-09-08T19:59:59.998858Z,2025-09-08T13:30:00.070223Z,2025-09-08T13:30:00.002605Z,0,PRESENT_NONEMPTY,2025-09-08T20:00:00Z,2025-09-08T13:30:00Z,2025-09-08,838245,SOURCE_AVAILABLE,executed_at_and_created_at_timestamp,nanoseconds_normalized_from_arrow_unit,838245
False,TSLA,NO_TEMPORAL_ANOMALY_OBSERVED,350185,350077,350185,350185,350185,350185,0,0,63.264191,0.030683,0.076014,2.910265799999991,25.994403359999946,2025-09-08T20:00:02.045565Z,2025-09-08T19:59:59.977526Z,2025-09-08T13:30:00.127597Z,2025-09-08T13:30:00.062401Z,0,PRESENT_NONEMPTY,2025-09-08T20:00:00Z,2025-09-08T13:30:00Z,2025-09-08,350185,SOURCE_AVAILABLE,executed_at_and_created_at_timestamp,nanoseconds_normalized_from_arrow_unit,350185
False,AAPL,NO_TEMPORAL_ANOMALY_OBSERVED,213620,213620,213620,213620,213620,213620,0,0,6.627361,0.032193,0.071455,0.12606314999999998,0.2662494699999998,2025-09-09T19:59:59.917671Z,2025-09-09T19:59:59.823956Z,2025-09-09T13:30:00.096324Z,2025-09-09T13:30:00.004534Z,0,PRESENT_NONEMPTY,2025-09-09T20:00:00Z,2025-09-09T13:30:00Z,2025-09-09,213620,SOURCE_AVAILABLE,executed_at_and_created_at_timestamp,nanoseconds_normalized_from_arrow_unit,213620
False,AMZN,NO_TEMPORAL_ANOMALY_OBSERVED,68175,68175,68175,68175,68175,68175,0,0,9.938045,0.033172,0.074607,0.18759449999999975,2.905090519999953,2025-09-09T19:59:59.673745Z,2025-09-09T19:59:59.496676Z,2025-09-09T13:30:00.462822Z,2025-09-09T13:30:00.005490Z,0,PRESENT_NONEMPTY,2025-09-09T20:00:00Z,2025-09-09T13:30:00Z,2025-09-09,68175,SOURCE_AVAILABLE,executed_at_and_created_at_timestamp,nanoseconds_normalized_from_arrow_unit,68175
False,META,NO_TEMPORAL_ANOMALY_OBSERVED,70999,70989,70999,70999,70999,70999,0,0,28.058954,0.031844,0.072817,0.15377149999999978,4.084988,2025-09-09T20:00:00.215598Z,2025-09-09T19:59:59.970230Z,2025-09-09T13:30:00.233510Z,2025-09-09T13:30:00.184966Z,0,PRESENT_NONEMPTY,2025-09-09T20:00:00Z,2025-09-09T13:30:00Z,2025-09-09,70999,SOURCE_AVAILABLE,executed_at_and_created_at_timestamp,nanoseconds_normalized_from_arrow_unit,70999
False,MSFT,NO_TEMPORAL_ANOMALY_OBSERVED,41462,41460,41462,41462,41462,41462,0,0,21.820919,0.03235,0.0729675,0.24421204999999976,15.109393069999998,2025-09-09T20:00:00.215598Z,2025-09-09T19:59:59.943489Z,2025-09-09T13:30:00.164909Z,2025-09-09T13:30:00.097656Z,0,PRESENT_NONEMPTY,2025-09-09T20:00:00Z,2025-09-09T13:30:00Z,2025-09-09,41462,SOURCE_AVAILABLE,executed_at_and_created_at_timestamp,nanoseconds_normalized_from_arrow_unit,41462
False,NVDA,NO_TEMPORAL_ANOMALY_OBSERVED,236179,236178,236179,236179,236179,236179,0,0,4.638814,0.030759,0.072272,0.16303709999999996,0.396161,2025-09-09T20:00:00.052492Z,2025-09-09T19:59:59.966965Z,2025-09-09T13:30:00.101707Z,2025-09-09T13:30:00.004015Z,0,PRESENT_NONEMPTY,2025-09-09T20:00:00Z,2025-09-09T13:30:00Z,2025-09-09,236179,SOURCE_AVAILABLE,executed_at_and_created_at_timestamp,nanoseconds_normalized_from_arrow_unit,236179
False,QQQ,NO_TEMPORAL_ANOMALY_OBSERVED,477963,477938,477963,477963,477963,477963,0,0,6.322602,0.031706,0.072193,0.1898573999999998,1.2554956200000007,2025-09-09T20:00:00.555462Z,2025-09-09T19:59:59.883961Z,2025-09-09T13:30:00.095835Z,2025-09-09T13:30:00.002351Z,0,PRESENT_NONEMPTY,2025-09-09T20:00:00Z,2025-09-09T13:30:00Z,2025-09-09,477963,SOURCE_AVAILABLE,executed_at_and_created_at_timestamp,nanoseconds_normalized_from_arrow_unit,477963
False,SPY,NO_TEMPORAL_ANOMALY_OBSERVED,770504,770238,770504,770504,770504,770504,0,0,5.768139,0.030418,0.074734,0.4751567999999998,1.6545767399999989,2025-09-09T20:00:04.609692Z,2025-09-09T19:59:59.988746Z,2025-09-09T13:30:00.099909Z,2025-09-09T13:30:00.002907Z,0,PRESENT_NONEMPTY,2025-09-09T20:00:00Z,2025-09-09T13:30:00Z,2025-09-09,770504,SOURCE_AVAILABLE,executed_at_and_created_at_timestamp,nanoseconds_normalized_from_arrow_unit,770504
False,TSLA,NO_TEMPORAL_ANOMALY_OBSERVED,248402,248388,248402,248402,248402,248402,0,0,15.677122,0.030914,0.073528,0.3492984499999991,3.855843449999999,2025-09-09T20:00:00.280145Z,2025-09-09T19:59:59.914084Z,2025-09-09T13:30:00.099083Z,2025-09-09T13:30:00.003129Z,0,PRESENT_NONEMPTY,2025-09-09T20:00:00Z,2025-09-09T13:30:00Z,2025-09-09,248402,SOURCE_AVAILABLE,executed_at_and_created_at_timestamp,nanoseconds_normalized_from_arrow_unit,248402
False,AAPL,NO_TEMPORAL_ANOMALY_OBSERVED,251027,251025,251027,251027,251027,251027,0,0,5.960703,0.031139,0.073031,0.14394269999999998,1.3837063199999764,2025-09-10T20:00:00.086870Z,2025-09-10T19:59:59.999521Z,2025-09-10T13:30:00.161936Z,2025-09-10T13:30:00.026911Z,0,PRESENT_NONEMPTY,2025-09-10T20:00:00Z,2025-09-10T13:30:00Z,2025-09-10,251027,SOURCE_AVAILABLE,executed_at_and_created_at_timestamp,nanoseconds_normalized_from_arrow_unit,251027
False,AMZN,NO_TEMPORAL_ANOMALY_OBSERVED,135619,135619,135619,135619,135619,135619,0,0,12.985622,0.033719,0.078259,0.2169251999999999,1.354832,2025-09-10T19:59:59.915694Z,2025-09-10T19:59:59.755805Z,2025-09-10T13:30:00.069755Z,2025-09-10T13:30:00.002476Z,0,PRESENT_NONEMPTY,2025-09-10T20:00:00Z,2025-09-10T13:30:00Z,2025-09-10,135619,SOURCE_AVAILABLE,executed_at_and_created_at_timestamp,nanoseconds_normalized_from_arrow_unit,135619
False,META,NO_TEMPORAL_ANOMALY_OBSERVED,68131,68122,68131,68131,68131,68131,0,0,31.622776,0.031509,0.076435,0.350424,18.1201814,2025-09-10T20:00:00.383422Z,2025-09-10T19:59:59.911087Z,2025-09-10T13:30:00.433729Z,2025-09-10T13:30:00.301077Z,0,PRESENT_NONEMPTY,2025-09-10T20:00:00Z,2025-09-10T13:30:00Z,2025-09-10,68131,SOURCE_AVAILABLE,executed_at_and_created_at_timestamp,nanoseconds_normalized_from_arrow_unit,68131
False,MSFT,NO_TEMPORAL_ANOMALY_OBSERVED,64826,64817,64826,64826,64826,64826,0,0,18.272789,0.031548,0.0767205,0.4180225,9.977117999999999,2025-09-10T20:00:00.383422Z,2025-09-10T19:59:59.913999Z,2025-09-10T13:30:00.135577Z,2025-09-10T13:30:00.040813Z,0,PRESENT_NONEMPTY,2025-09-10T20:00:00Z,2025-09-10T13:30:00Z,2025-09-10,64826,SOURCE_AVAILABLE,executed_at_and_created_at_timestamp,nanoseconds_normalized_from_arrow_unit,64826
False,NVDA,NO_TEMPORAL_ANOMALY_OBSERVED,399887,399884,399887,399887,399887,399887,0,0,12.133717,0.03121,0.076712,0.28798839999999665,7.291390080000005,2025-09-10T20:00:00.072620Z,2025-09-10T19:59:59.995481Z,2025-09-10T13:30:00.101265Z,2025-09-10T13:30:00.003367Z,0,PRESENT_NONEMPTY,2025-09-10T20:00:00Z,2025-09-10T13:30:00Z,2025-09-10,399887,SOURCE_AVAILABLE,executed_at_and_created_at_timestamp,nanoseconds_normalized_from_arrow_unit,399887
False,QQQ,NO_TEMPORAL_ANOMALY_OBSERVED,514679,514656,514679,514679,514679,514679,0,0,7.890094,0.031484,0.073852,0.20975859999999985,1.4849701199999665,2025-09-10T20:00:01.029708Z,2025-09-10T19:59:59.989652Z,2025-09-10T13:30:00.101238Z,2025-09-10T13:30:00.002201Z,0,PRESENT_NONEMPTY,2025-09-10T20:00:00Z,2025-09-10T13:30:00Z,2025-09-10,514679,SOURCE_AVAILABLE,executed_at_and_created_at_timestamp,nanoseconds_normalized_from_arrow_unit,514679
False,SPY,NO_TEMPORAL_ANOMALY_OBSERVED,883557,883276,883557,883557,883557,883557,0,0,9.693933,0.030799,0.078945,1.3600819999999993,4.077655479999992,2025-09-10T20:00:04.569567Z,2025-09-10T19:59:59.982400Z,2025-09-10T13:30:00.097098Z,2025-09-10T13:30:00.003345Z,0,PRESENT_NONEMPTY,2025-09-10T20:00:00Z,2025-09-10T13:30:00Z,2025-09-10,883557,SOURCE_AVAILABLE,executed_at_and_created_at_timestamp,nanoseconds_normalized_from_arrow_unit,883557
False,TSLA,NO_TEMPORAL_ANOMALY_OBSERVED,400509,400488,400509,400509,400509,400509,0,0,30.835103,0.031321,0.074326,0.2514495999999996,3.282344,2025-09-10T20:00:00.542225Z,2025-09-10T19:59:59.992588Z,2025-09-10T13:30:00.097203Z,2025-09-10T13:30:00.002860Z,0,PRESENT_NONEMPTY,2025-09-10T20:00:00Z,2025-09-10T13:30:00Z,2025-09-10,400509,SOURCE_AVAILABLE,executed_at_and_created_at_timestamp,nanoseconds_normalized_from_arrow_unit,400509
False,AAPL,NO_TEMPORAL_ANOMALY_OBSERVED,161098,161098,161098,161098,161098,161098,0,0,11.794867,0.033009,0.071667,0.12258259999999997,2.50874533,2025-09-11T19:59:59.956466Z,2025-09-11T19:59:59.900496Z,2025-09-11T13:30:00.380631Z,2025-09-11T13:30:00.018713Z,0,PRESENT_NONEMPTY,2025-09-11T20:00:00Z,2025-09-11T13:30:00Z,2025-09-11,161098,SOURCE_AVAILABLE,executed_at_and_created_at_timestamp,nanoseconds_normalized_from_arrow_unit,161098
False,AMZN,NO_TEMPORAL_ANOMALY_OBSERVED,85154,85154,85154,85154,85154,85154,0,0,12.054307,0.033358,0.0745635,0.14544669999999998,0.70853605,2025-09-11T19:59:59.956466Z,2025-09-11T19:59:59.878475Z,2025-09-11T13:30:00.131752Z,2025-09-11T13:30:00.005541Z,0,PRESENT_NONEMPTY,2025-09-11T20:00:00Z,2025-09-11T13:30:00Z,2025-09-11,85154,SOURCE_AVAILABLE,executed_at_and_created_at_timestamp,nanoseconds_normalized_from_arrow_unit,85154
False,META,NO_TEMPORAL_ANOMALY_OBSERVED,70522,70513,70522,70522,70522,70522,0,0,20.245822,0.03113,0.071923,0.14538859999999998,2.0600352899999836,2025-09-11T20:00:02.282543Z,2025-09-11T19:59:59.706984Z,2025-09-11T13:30:00.070896Z,2025-09-11T13:30:00.031335Z,0,PRESENT_NONEMPTY,2025-09-11T20:00:00Z,2025-09-11T13:30:00Z,2025-09-11,70522,SOURCE_AVAILABLE,executed_at_and_created_at_timestamp,nanoseconds_normalized_from_arrow_unit,70522
False,MSFT,NO_TEMPORAL_ANOMALY_OBSERVED,65623,65551,65623,65623,65623,65623,0,0,12.242027,0.033261,0.0738,0.16727689999999995,2.300009719999994,2025-09-11T20:00:02.557643Z,2025-09-11T19:59:59.998545Z,2025-09-11T13:30:00.131580Z,2025-09-11T13:30:00.012750Z,0,PRESENT_NONEMPTY,2025-09-11T20:00:00Z,2025-09-11T13:30:00Z,2025-09-11,65623,SOURCE_AVAILABLE,executed_at_and_created_at_timestamp,nanoseconds_normalized_from_arrow_unit,65623
False,NVDA,NO_TEMPORAL_ANOMALY_OBSERVED,241699,241684,241699,241699,241699,241699,0,0,12.742175,0.030735,0.073828,0.1535123999999999,1.0092676199999935,2025-09-11T20:00:00.748040Z,2025-09-11T19:59:59.992528Z,2025-09-11T13:30:00.104640Z,2025-09-11T13:30:00.003097Z,0,PRESENT_NONEMPTY,2025-09-11T20:00:00Z,2025-09-11T13:30:00Z,2025-09-11,241699,SOURCE_AVAILABLE,executed_at_and_created_at_timestamp,nanoseconds_normalized_from_arrow_unit,241699
False,QQQ,NO_TEMPORAL_ANOMALY_OBSERVED,438107,438002,438107,438107,438107,438107,0,0,10.844801,0.030594,0.073145,0.1979823999999999,0.9078039600000011,2025-09-11T20:00:02.792489Z,2025-09-11T19:59:59.983708Z,2025-09-11T13:30:00.163933Z,2025-09-11T13:30:00.002378Z,0,PRESENT_NONEMPTY,2025-09-11T20:00:00Z,2025-09-11T13:30:00Z,2025-09-11,438107,SOURCE_AVAILABLE,executed_at_and_created_at_timestamp,nanoseconds_normalized_from_arrow_unit,438107
False,SPY,NO_TEMPORAL_ANOMALY_OBSERVED,836948,836389,836948,836948,836948,836948,0,0,11.614361,0.031173,0.076499,0.5115887499999986,1.5865256000000005,2025-09-11T20:00:07.170856Z,2025-09-11T19:59:59.994995Z,2025-09-11T13:30:00.096322Z,2025-09-11T13:30:00.002756Z,0,PRESENT_NONEMPTY,2025-09-11T20:00:00Z,2025-09-11T13:30:00Z,2025-09-11,836948,SOURCE_AVAILABLE,executed_at_and_created_at_timestamp,nanoseconds_normalized_from_arrow_unit,836948
False,TSLA,NO_TEMPORAL_ANOMALY_OBSERVED,667129,666632,667129,667129,667129,667129,0,0,16.740686,0.030459,0.073941,0.18694879999999994,0.8703627999999995,2025-09-11T20:00:07.436276Z,2025-09-11T19:59:59.936327Z,2025-09-11T13:30:00.099737Z,2025-09-11T13:30:00.006355Z,0,PRESENT_NONEMPTY,2025-09-11T20:00:00Z,2025-09-11T13:30:00Z,2025-09-11,667129,SOURCE_AVAILABLE,executed_at_and_created_at_timestamp,nanoseconds_normalized_from_arrow_unit,667129
False,AAPL,NO_TEMPORAL_ANOMALY_OBSERVED,210880,210879,210880,210880,210880,210880,0,0,5.126401,0.0329,0.072224,0.118398,0.19516754999999955,2025-09-12T20:00:00.098620Z,2025-09-12T19:59:59.971583Z,2025-09-12T13:30:00.208342Z,2025-09-12T13:30:00.041997Z,0,PRESENT_NONEMPTY,2025-09-12T20:00:00Z,2025-09-12T13:30:00Z,2025-09-12,210880,SOURCE_AVAILABLE,executed_at_and_created_at_timestamp,nanoseconds_normalized_from_arrow_unit,210880
False,AMZN,NO_TEMPORAL_ANOMALY_OBSERVED,124726,124726,124726,124726,124726,124726,0,0,4.226362,0.032701,0.073184,0.12367975,0.328695,2025-09-12T19:59:59.973045Z,2025-09-12T19:59:59.904934Z,2025-09-12T13:30:00.208342Z,2025-09-12T13:30:00.058923Z,0,PRESENT_NONEMPTY,2025-09-12T20:00:00Z,2025-09-12T13:30:00Z,2025-09-12,124726,SOURCE_AVAILABLE,executed_at_and_created_at_timestamp,nanoseconds_normalized_from_arrow_unit,124726
False,META,NO_TEMPORAL_ANOMALY_OBSERVED,84152,84152,84152,84152,84152,84152,0,0,40.14754,0.032297,0.072292,0.1489681999999999,8.499067680000081,2025-09-12T19:59:59.734971Z,2025-09-12T19:59:59.660138Z,2025-09-12T13:30:00.342698Z,2025-09-12T13:30:00.166419Z,0,PRESENT_NONEMPTY,2025-09-12T20:00:00Z,2025-09-12T13:30:00Z,2025-09-12,84152,SOURCE_AVAILABLE,executed_at_and_created_at_timestamp,nanoseconds_normalized_from_arrow_unit,84152
False,MSFT,NO_TEMPORAL_ANOMALY_OBSERVED,132303,132301,132303,132303,132303,132303,0,0,13.866882,0.031914,0.072717,0.14510719999999983,2.8340337399999456,2025-09-12T20:00:00.089646Z,2025-09-12T19:59:59.999572Z,2025-09-12T13:30:00.342698Z,2025-09-12T13:30:00.164509Z,0,PRESENT_NONEMPTY,2025-09-12T20:00:00Z,2025-09-12T13:30:00Z,2025-09-12,132303,SOURCE_AVAILABLE,executed_at_and_created_at_timestamp,nanoseconds_normalized_from_arrow_unit,132303
False,NVDA,NO_TEMPORAL_ANOMALY_OBSERVED,224886,224885,224886,224886,224886,224886,0,0,5.616038,0.031368,0.071153,0.1213805,0.208224,2025-09-12T20:00:00.007317Z,2025-09-12T19:59:59.969453Z,2025-09-12T13:30:00.067920Z,2025-09-12T13:30:00.003136Z,0,PRESENT_NONEMPTY,2025-09-12T20:00:00Z,2025-09-12T13:30:00Z,2025-09-12,224886,SOURCE_AVAILABLE,executed_at_and_created_at_timestamp,nanoseconds_normalized_from_arrow_unit,224886
False,QQQ,NO_TEMPORAL_ANOMALY_OBSERVED,427596,427556,427596,427596,427596,427596,0,0,7.419276,0.031596,0.073016,0.20448375,1.476699549999996,2025-09-12T20:00:01.509467Z,2025-09-12T19:59:59.970821Z,2025-09-12T13:30:00.128175Z,2025-09-12T13:30:00.002132Z,0,PRESENT_NONEMPTY,2025-09-12T20:00:00Z,2025-09-12T13:30:00Z,2025-09-12,427596,SOURCE_AVAILABLE,executed_at_and_created_at_timestamp,nanoseconds_normalized_from_arrow_unit,427596
False,SPY,NO_TEMPORAL_ANOMALY_OBSERVED,695439,694980,695439,695439,695439,695439,0,0,6.995033,0.030936,0.073122,0.40092729999999993,1.8678872999999976,2025-09-12T20:00:05.948380Z,2025-09-12T19:59:59.998091Z,2025-09-12T13:30:00.066913Z,2025-09-12T13:30:00.003076Z,0,PRESENT_NONEMPTY,2025-09-12T20:00:00Z,2025-09-12T13:30:00Z,2025-09-12,695439,SOURCE_AVAILABLE,executed_at_and_created_at_timestamp,nanoseconds_normalized_from_arrow_unit,695439
False,TSLA,NO_TEMPORAL_ANOMALY_OBSERVED,1249085,1248998,1249085,1249085,1249085,1249085,0,0,37.245021,0.031159,0.077821,0.325398,6.44179,2025-09-12T20:00:01.161421Z,2025-09-12T19:59:59.987819Z,2025-09-12T13:30:00.069081Z,2025-09-12T13:30:00.005735Z,0,PRESENT_NONEMPTY,2025-09-12T20:00:00Z,2025-09-12T13:30:00Z,2025-09-12,1249085,SOURCE_AVAILABLE,executed_at_and_created_at_timestamp,nanoseconds_normalized_from_arrow_unit,1249085
False,AAPL,NO_TEMPORAL_ANOMALY_OBSERVED,125226,125226,125226,125226,125226,125226,0,0,6.615899,0.032616,0.073873,0.14521625,2.9259405,2025-09-15T19:59:59.982872Z,2025-09-15T19:59:59.904473Z,2025-09-15T13:30:00.162575Z,2025-09-15T13:30:00.023183Z,0,PRESENT_NONEMPTY,2025-09-15T20:00:00Z,2025-09-15T13:30:00Z,2025-09-15,125226,SOURCE_AVAILABLE,executed_at_and_created_at_timestamp,nanoseconds_normalized_from_arrow_unit,125226
False,AMZN,NO_TEMPORAL_ANOMALY_OBSERVED,125948,125948,125948,125948,125948,125948,0,0,13.831735,0.032886,0.073427,0.14488389999999995,3.123194449999982,2025-09-15T19:59:59.924024Z,2025-09-15T19:59:59.857880Z,2025-09-15T13:30:00.068062Z,2025-09-15T13:30:00.005058Z,0,PRESENT_NONEMPTY,2025-09-15T20:00:00Z,2025-09-15T13:30:00Z,2025-09-15,125948,SOURCE_AVAILABLE,executed_at_and_created_at_timestamp,nanoseconds_normalized_from_arrow_unit,125948
False,META,NO_TEMPORAL_ANOMALY_OBSERVED,98486,98484,98486,98486,98486,98486,0,0,9.110095,0.033195,0.0740275,0.17682350000000002,1.1750754999999997,2025-09-15T20:00:00.128745Z,2025-09-15T19:59:59.899470Z,2025-09-15T13:30:00.338355Z,2025-09-15T13:30:00.156858Z,0,PRESENT_NONEMPTY,2025-09-15T20:00:00Z,2025-09-15T13:30:00Z,2025-09-15,98486,SOURCE_AVAILABLE,executed_at_and_created_at_timestamp,nanoseconds_normalized_from_arrow_unit,98486
False,MSFT,NO_TEMPORAL_ANOMALY_OBSERVED,62164,62152,62164,62164,62164,62164,0,0,8.2806,0.033961,0.0745245,0.15270994999999996,2.173807360000094,2025-09-15T20:00:00.281405Z,2025-09-15T19:59:59.996820Z,2025-09-15T13:30:00.389000Z,2025-09-15T13:30:00.271230Z,0,PRESENT_NONEMPTY,2025-09-15T20:00:00Z,2025-09-15T13:30:00Z,2025-09-15,62164,SOURCE_AVAILABLE,executed_at_and_created_at_timestamp,nanoseconds_normalized_from_arrow_unit,62164
False,NVDA,NO_TEMPORAL_ANOMALY_OBSERVED,232500,232493,232500,232500,232500,232500,0,0,7.541428,0.03114,0.073665,0.1953912999999997,2.1622007500000024,2025-09-15T20:00:00.033721Z,2025-09-15T19:59:59.948432Z,2025-09-15T13:30:00.067180Z,2025-09-15T13:30:00.002782Z,0,PRESENT_NONEMPTY,2025-09-15T20:00:00Z,2025-09-15T13:30:00Z,2025-09-15,232500,SOURCE_AVAILABLE,executed_at_and_created_at_timestamp,nanoseconds_normalized_from_arrow_unit,232500
False,QQQ,NO_TEMPORAL_ANOMALY_OBSERVED,430180,430163,430180,430180,430180,430180,0,0,9.777741,0.031989,0.072637,0.15475505,1.0808133400000033,2025-09-15T20:00:00.816875Z,2025-09-15T19:59:59.988794Z,2025-09-15T13:30:00.065499Z,2025-09-15T13:30:00.004499Z,0,PRESENT_NONEMPTY,2025-09-15T20:00:00Z,2025-09-15T13:30:00Z,2025-09-15,430180,SOURCE_AVAILABLE,executed_at_and_created_at_timestamp,nanoseconds_normalized_from_arrow_unit,430180
False,SPY,NO_TEMPORAL_ANOMALY_OBSERVED,724797,724575,724797,724797,724797,724797,0,0,8.995481,0.03112,0.074584,0.5452014,3.4028328400000016,2025-09-15T20:00:04.280001Z,2025-09-15T19:59:59.999980Z,2025-09-15T13:30:00.065521Z,2025-09-15T13:30:00.005962Z,0,PRESENT_NONEMPTY,2025-09-15T20:00:00Z,2025-09-15T13:30:00Z,2025-09-15,724797,SOURCE_AVAILABLE,executed_at_and_created_at_timestamp,nanoseconds_normalized_from_arrow_unit,724797
False,TSLA,NO_TEMPORAL_ANOMALY_OBSERVED,738250,738190,738250,738250,738250,738250,0,0,20.96045,0.032156,0.090436,1.816605799999999,9.731963520000003,2025-09-15T20:00:01.602951Z,2025-09-15T19:59:59.999595Z,2025-09-15T13:30:00.068166Z,2025-09-15T13:30:00.015454Z,0,PRESENT_NONEMPTY,2025-09-15T20:00:00Z,2025-09-15T13:30:00Z,2025-09-15,738250,SOURCE_AVAILABLE,executed_at_and_created_at_timestamp,nanoseconds_normalized_from_arrow_unit,738250
False,AAPL,NO_TEMPORAL_ANOMALY_OBSERVED,177207,177206,177207,177207,177207,177207,0,0,11.754912,0.033118,0.074233,0.14887839999999997,0.4904469200000002,2025-09-16T20:00:00.042731Z,2025-09-16T19:59:59.925436Z,2025-09-16T13:30:00.099189Z,2025-09-16T13:30:00.003616Z,0,PRESENT_NONEMPTY,2025-09-16T20:00:00Z,2025-09-16T13:30:00Z,2025-09-16,177207,SOURCE_AVAILABLE,executed_at_and_created_at_timestamp,nanoseconds_normalized_from_arrow_unit,177207
False,AMZN,NO_TEMPORAL_ANOMALY_OBSERVED,116813,116812,116813,116813,116813,116813,0,0,6.239374,0.033329,0.074347,0.14699999999999996,0.8012198400000302,2025-09-16T20:00:00.017761Z,2025-09-16T19:59:59.925020Z,2025-09-16T13:30:00.207559Z,2025-09-16T13:30:00.028510Z,0,PRESENT_NONEMPTY,2025-09-16T20:00:00Z,2025-09-16T13:30:00Z,2025-09-16,116813,SOURCE_AVAILABLE,executed_at_and_created_at_timestamp,nanoseconds_normalized_from_arrow_unit,116813
False,META,NO_TEMPORAL_ANOMALY_OBSERVED,108836,108836,108836,108836,108836,108836,0,0,8.521438,0.033032,0.0751165,0.1767625,1.3658043999999998,2025-09-16T19:59:59.998279Z,2025-09-16T19:59:59.913885Z,2025-09-16T13:30:00.098649Z,2025-09-16T13:30:00.013356Z,0,PRESENT_NONEMPTY,2025-09-16T20:00:00Z,2025-09-16T13:30:00Z,2025-09-16,108836,SOURCE_AVAILABLE,executed_at_and_created_at_timestamp,nanoseconds_normalized_from_arrow_unit,108836
False,MSFT,NO_TEMPORAL_ANOMALY_OBSERVED,62103,62103,62103,62103,62103,62103,0,0,4.796669,0.03299,0.074013,0.16762429999999984,2.4144926199999928,2025-09-16T19:59:59.668745Z,2025-09-16T19:59:59.606071Z,2025-09-16T13:30:00.387611Z,2025-09-16T13:30:00.301770Z,0,PRESENT_NONEMPTY,2025-09-16T20:00:00Z,2025-09-16T13:30:00Z,2025-09-16,62103,SOURCE_AVAILABLE,executed_at_and_created_at_timestamp,nanoseconds_normalized_from_arrow_unit,62103
False,NVDA,NO_TEMPORAL_ANOMALY_OBSERVED,182634,182620,182634,182634,182634,182634,0,0,11.014925,0.03078,0.0798175,0.6669900000000005,3.0955988700000097,2025-09-16T20:00:00.112791Z,2025-09-16T19:59:59.970548Z,2025-09-16T13:30:00.066496Z,2025-09-16T13:30:00.004573Z,0,PRESENT_NONEMPTY,2025-09-16T20:00:00Z,2025-09-16T13:30:00Z,2025-09-16,182634,SOURCE_AVAILABLE,executed_at_and_created_at_timestamp,nanoseconds_normalized_from_arrow_unit,182634
False,QQQ,NO_TEMPORAL_ANOMALY_OBSERVED,393632,393629,393632,393632,393632,393632,0,0,3.254399,0.031747,0.072379,0.1594878999999999,0.66096242,2025-09-16T20:00:00.027670Z,2025-09-16T19:59:59.928415Z,2025-09-16T13:30:00.101109Z,2025-09-16T13:30:00.002151Z,0,PRESENT_NONEMPTY,2025-09-16T20:00:00Z,2025-09-16T13:30:00Z,2025-09-16,393632,SOURCE_AVAILABLE,executed_at_and_created_at_timestamp,nanoseconds_normalized_from_arrow_unit,393632
False,SPY,NO_TEMPORAL_ANOMALY_OBSERVED,688386,688110,688386,688386,688386,688386,0,0,5.793588,0.031441,0.074684,0.5752595,3.03584475,2025-09-16T20:00:04.415192Z,2025-09-16T19:59:59.976739Z,2025-09-16T13:30:00.068659Z,2025-09-16T13:30:00.002668Z,0,PRESENT_NONEMPTY,2025-09-16T20:00:00Z,2025-09-16T13:30:00Z,2025-09-16,688386,SOURCE_AVAILABLE,executed_at_and_created_at_timestamp,nanoseconds_normalized_from_arrow_unit,688386
False,TSLA,NO_TEMPORAL_ANOMALY_OBSERVED,463213,463179,463213,463213,463213,463213,0,0,6.811109,0.031518,0.084804,0.7181701999999986,3.0296378400000012,2025-09-16T20:00:00.638587Z,2025-09-16T19:59:59.994346Z,2025-09-16T13:30:00.129806Z,2025-09-16T13:30:00.006002Z,0,PRESENT_NONEMPTY,2025-09-16T20:00:00Z,2025-09-16T13:30:00Z,2025-09-16,463213,SOURCE_AVAILABLE,executed_at_and_created_at_timestamp,nanoseconds_normalized_from_arrow_unit,463213
False,AAPL,NO_TEMPORAL_ANOMALY_OBSERVED,101886,101882,101886,101886,101886,101886,0,0,9.180136,0.033066,0.07452,0.18398750000000003,0.6071063999999998,2025-09-17T20:00:00.088564Z,2025-09-17T19:59:59.960061Z,2025-09-17T13:30:00.937277Z,2025-09-17T13:30:00.148774Z,0,PRESENT_NONEMPTY,2025-09-17T20:00:00Z,2025-09-17T13:30:00Z,2025-09-17,101886,SOURCE_AVAILABLE,executed_at_and_created_at_timestamp,nanoseconds_normalized_from_arrow_unit,101886
False,AMZN,NO_TEMPORAL_ANOMALY_OBSERVED,98193,98192,98193,98193,98193,98193,0,0,3.123601,0.032987,0.074996,0.2028562,0.5983804,2025-09-17T20:00:00.059158Z,2025-09-17T19:59:59.951910Z,2025-09-17T13:30:00.144293Z,2025-09-17T13:30:00.002957Z,0,PRESENT_NONEMPTY,2025-09-17T20:00:00Z,2025-09-17T13:30:00Z,2025-09-17,98193,SOURCE_AVAILABLE,executed_at_and_created_at_timestamp,nanoseconds_normalized_from_arrow_unit,98193
False,META,NO_TEMPORAL_ANOMALY_OBSERVED,81962,81951,81962,81962,81962,81962,0,0,11.744273,0.032019,0.077638,0.635474,10.108248679999999,2025-09-17T20:00:00.506934Z,2025-09-17T19:59:59.214345Z,2025-09-17T13:30:00.308315Z,2025-09-17T13:30:00.190987Z,0,PRESENT_NONEMPTY,2025-09-17T20:00:00Z,2025-09-17T13:30:00Z,2025-09-17,81962,SOURCE_AVAILABLE,executed_at_and_created_at_timestamp,nanoseconds_normalized_from_arrow_unit,81962
False,MSFT,NO_TEMPORAL_ANOMALY_OBSERVED,54103,54084,54103,54103,54103,54103,0,0,5.339442,0.032893,0.076878,0.3537000999999986,1.561914039999978,2025-09-17T20:00:01.072623Z,2025-09-17T19:59:59.909778Z,2025-09-17T13:30:00.067464Z,2025-09-17T13:30:00.006427Z,0,PRESENT_NONEMPTY,2025-09-17T20:00:00Z,2025-09-17T13:30:00Z,2025-09-17,54103,SOURCE_AVAILABLE,executed_at_and_created_at_timestamp,nanoseconds_normalized_from_arrow_unit,54103
False,NVDA,NO_TEMPORAL_ANOMALY_OBSERVED,386207,386199,386207,386207,386207,386207,0,0,4.19366,0.031341,0.077637,0.227851,0.5499716000000002,2025-09-17T20:00:00.050287Z,2025-09-17T19:59:59.957101Z,2025-09-17T13:30:00.068583Z,2025-09-17T13:30:00.003588Z,0,PRESENT_NONEMPTY,2025-09-17T20:00:00Z,2025-09-17T13:30:00Z,2025-09-17,386207,SOURCE_AVAILABLE,executed_at_and_created_at_timestamp,nanoseconds_normalized_from_arrow_unit,386207
False,QQQ,NO_TEMPORAL_ANOMALY_OBSERVED,581095,581016,581095,581095,581095,581095,0,0,3.935691,0.031906,0.082997,1.4315241999999984,2.2249851799999965,2025-09-17T20:00:01.468420Z,2025-09-17T19:59:59.958594Z,2025-09-17T13:30:00.099491Z,2025-09-17T13:30:00.002365Z,0,PRESENT_NONEMPTY,2025-09-17T20:00:00Z,2025-09-17T13:30:00Z,2025-09-17,581095,SOURCE_AVAILABLE,executed_at_and_created_at_timestamp,nanoseconds_normalized_from_arrow_unit,581095
False,SPY,NO_TEMPORAL_ANOMALY_OBSERVED,980718,980214,980718,980718,980718,980718,0,0,25.076402,0.03122,2.2373215,3.8746193,4.650086399999997,2025-09-17T20:00:04.251748Z,2025-09-17T19:59:59.999359Z,2025-09-17T13:30:00.100693Z,2025-09-17T13:30:00.002472Z,0,PRESENT_NONEMPTY,2025-09-17T20:00:00Z,2025-09-17T13:30:00Z,2025-09-17,980718,SOURCE_AVAILABLE,executed_at_and_created_at_timestamp,nanoseconds_normalized_from_arrow_unit,980718
False,TSLA,NO_TEMPORAL_ANOMALY_OBSERVED,564919,564783,564919,564919,564919,564919,0,0,86.673055,0.033173,0.115913,17.6500864,74.92585243999986,2025-09-17T20:00:01.809200Z,2025-09-17T19:59:59.976307Z,2025-09-17T13:30:00.128723Z,2025-09-17T13:30:00.029164Z,0,PRESENT_NONEMPTY,2025-09-17T20:00:00Z,2025-09-17T13:30:00Z,2025-09-17,564919,SOURCE_AVAILABLE,executed_at_and_created_at_timestamp,nanoseconds_normalized_from_arrow_unit,564919
False,AAPL,NO_TEMPORAL_ANOMALY_OBSERVED,114006,114003,114006,114006,114006,114006,0,0,27.162748,0.032156,0.072651,0.187172,8.21243195,2025-09-18T20:00:00.030951Z,2025-09-18T19:59:59.912422Z,2025-09-18T13:30:00.305698Z,2025-09-18T13:30:00.003142Z,0,PRESENT_NONEMPTY,2025-09-18T20:00:00Z,2025-09-18T13:30:00Z,2025-09-18,114006,SOURCE_AVAILABLE,executed_at_and_created_at_timestamp,nanoseconds_normalized_from_arrow_unit,114006
False,AMZN,NO_TEMPORAL_ANOMALY_OBSERVED,111359,111358,111359,111359,111359,111359,0,0,25.587717,0.033196,0.074126,0.161364,3.64917452,2025-09-18T20:00:00.063930Z,2025-09-18T19:59:59.922324Z,2025-09-18T13:30:00.201066Z,2025-09-18T13:30:00.003758Z,0,PRESENT_NONEMPTY,2025-09-18T20:00:00Z,2025-09-18T13:30:00Z,2025-09-18,111359,SOURCE_AVAILABLE,executed_at_and_created_at_timestamp,nanoseconds_normalized_from_arrow_unit,111359
False,META,NO_TEMPORAL_ANOMALY_OBSERVED,108878,108877,108878,108878,108878,108878,0,0,33.405013,0.032868,0.077129,0.3218066999999999,23.732565,2025-09-18T20:00:00.005645Z,2025-09-18T19:59:59.921260Z,2025-09-18T13:30:00.564528Z,2025-09-18T13:30:00.440409Z,0,PRESENT_NONEMPTY,2025-09-18T20:00:00Z,2025-09-18T13:30:00Z,2025-09-18,108878,SOURCE_AVAILABLE,executed_at_and_created_at_timestamp,nanoseconds_normalized_from_arrow_unit,108878
False,MSFT,NO_TEMPORAL_ANOMALY_OBSERVED,62269,62269,62269,62269,62269,62269,0,0,33.733817,0.032323,0.074031,0.17632359999999994,13.902833639999995,2025-09-18T19:59:59.050781Z,2025-09-18T19:59:58.991405Z,2025-09-18T13:30:00.398128Z,2025-09-18T13:30:00.261490Z,0,PRESENT_NONEMPTY,2025-09-18T20:00:00Z,2025-09-18T13:30:00Z,2025-09-18,62269,SOURCE_AVAILABLE,executed_at_and_created_at_timestamp,nanoseconds_normalized_from_arrow_unit,62269
False,NVDA,RECORD_CREATION_DELAY_OBSERVED_PROVIDER_CAUSE_UNRESOLVED,322561,322559,322561,322561,322561,322561,89678,0,3152.821584,0.031347,0.089142,2606.583053,3054.4082204,2025-09-18T20:00:00.066443Z,2025-09-18T19:59:59.940815Z,2025-09-18T13:30:00.070180Z,2025-09-18T13:30:00.004248Z,0,PRESENT_NONEMPTY,2025-09-18T20:00:00Z,2025-09-18T13:30:00Z,2025-09-18,322561,RECORD_CREATION_DELAY_OBSERVED,executed_at_and_created_at_timestamp,nanoseconds_normalized_from_arrow_unit,322561
False,QQQ,NO_TEMPORAL_ANOMALY_OBSERVED,558512,558500,558512,558512,558512,558512,0,0,24.732466,0.031867,0.076884,0.3678569499999995,7.7338391400000015,2025-09-18T20:00:00.278630Z,2025-09-18T19:59:59.969571Z,2025-09-18T13:30:00.069129Z,2025-09-18T13:30:00.002285Z,0,PRESENT_NONEMPTY,2025-09-18T20:00:00Z,2025-09-18T13:30:00Z,2025-09-18,558512,SOURCE_AVAILABLE,executed_at_and_created_at_timestamp,nanoseconds_normalized_from_arrow_unit,558512
False,SPY,NO_TEMPORAL_ANOMALY_OBSERVED,918837,918458,918837,918837,918837,918837,0,0,31.49776,0.031615,0.08546,2.9193401999999944,5.24746092,2025-09-18T20:00:04.739504Z,2025-09-18T19:59:59.967097Z,2025-09-18T13:30:00.072017Z,2025-09-18T13:30:00.002472Z,0,PRESENT_NONEMPTY,2025-09-18T20:00:00Z,2025-09-18T13:30:00Z,2025-09-18,918837,SOURCE_AVAILABLE,executed_at_and_created_at_timestamp,nanoseconds_normalized_from_arrow_unit,918837
False,TSLA,NO_TEMPORAL_ANOMALY_OBSERVED,520439,520265,520439,520439,520439,520439,0,0,63.345364,0.032685,0.090049,2.4345027999999993,42.63588008,2025-09-18T20:00:03.889880Z,2025-09-18T19:59:59.997630Z,2025-09-18T13:30:00.103161Z,2025-09-18T13:30:00.004288Z,0,PRESENT_NONEMPTY,2025-09-18T20:00:00Z,2025-09-18T13:30:00Z,2025-09-18,520439,SOURCE_AVAILABLE,executed_at_and_created_at_timestamp,nanoseconds_normalized_from_arrow_unit,520439
False,AAPL,NO_TEMPORAL_ANOMALY_OBSERVED,349710,349694,349710,349710,349710,349710,0,0,12.647546,0.032231,0.074362,0.27763469999999985,5.375141939999994,2025-09-19T20:00:00.100539Z,2025-09-19T19:59:59.997993Z,2025-09-19T13:30:00.130192Z,2025-09-19T13:30:00.034710Z,0,PRESENT_NONEMPTY,2025-09-19T20:00:00Z,2025-09-19T13:30:00Z,2025-09-19,349710,SOURCE_AVAILABLE,executed_at_and_created_at_timestamp,nanoseconds_normalized_from_arrow_unit,349710
False,AMZN,NO_TEMPORAL_ANOMALY_OBSERVED,112730,112722,112730,112730,112730,112730,0,0,12.178245,0.033612,0.0755485,0.20437829999999946,2.79449399999994,2025-09-19T20:00:00.045572Z,2025-09-19T19:59:59.945195Z,2025-09-19T13:30:00.201420Z,2025-09-19T13:30:00.122158Z,0,PRESENT_NONEMPTY,2025-09-19T20:00:00Z,2025-09-19T13:30:00Z,2025-09-19,112730,SOURCE_AVAILABLE,executed_at_and_created_at_timestamp,nanoseconds_normalized_from_arrow_unit,112730
False,META,NO_TEMPORAL_ANOMALY_OBSERVED,127890,127889,127890,127890,127890,127890,0,0,59.096369,0.032487,0.07678,0.7172900499999894,50.64492685000002,2025-09-19T20:00:00.084303Z,2025-09-19T19:59:59.986355Z,2025-09-19T13:30:00.206699Z,2025-09-19T13:30:00.035480Z,0,PRESENT_NONEMPTY,2025-09-19T20:00:00Z,2025-09-19T13:30:00Z,2025-09-19,127890,SOURCE_AVAILABLE,executed_at_and_created_at_timestamp,nanoseconds_normalized_from_arrow_unit,127890
False,MSFT,NO_TEMPORAL_ANOMALY_OBSERVED,88159,88157,88159,88159,88159,88159,0,0,11.116831,0.033031,0.076962,1.2316204999999996,3.3330014399999857,2025-09-19T20:00:00.025729Z,2025-09-19T19:59:59.962187Z,2025-09-19T13:30:00.206699Z,2025-09-19T13:30:00.049914Z,0,PRESENT_NONEMPTY,2025-09-19T20:00:00Z,2025-09-19T13:30:00Z,2025-09-19,88159,SOURCE_AVAILABLE,executed_at_and_created_at_timestamp,nanoseconds_normalized_from_arrow_unit,88159
False,NVDA,NO_TEMPORAL_ANOMALY_OBSERVED,273698,273697,273698,273698,273698,273698,0,0,3.893999,0.031376,0.072629,0.13725334999999997,0.3013487199999902,2025-09-19T20:00:00.019354Z,2025-09-19T19:59:59.917290Z,2025-09-19T13:30:00.067948Z,2025-09-19T13:30:00.004150Z,0,PRESENT_NONEMPTY,2025-09-19T20:00:00Z,2025-09-19T13:30:00Z,2025-09-19,273698,SOURCE_AVAILABLE,executed_at_and_created_at_timestamp,nanoseconds_normalized_from_arrow_unit,273698
False,QQQ,NO_TEMPORAL_ANOMALY_OBSERVED,493658,493583,493658,493658,493658,493658,0,0,76.502199,0.032023,0.073912,0.17550159999999984,2.0542131199999996,2025-09-19T20:00:01.499539Z,2025-09-19T19:59:59.976581Z,2025-09-19T13:30:00.069350Z,2025-09-19T13:30:00.002204Z,0,PRESENT_NONEMPTY,2025-09-19T20:00:00Z,2025-09-19T13:30:00Z,2025-09-19,493658,SOURCE_AVAILABLE,executed_at_and_created_at_timestamp,nanoseconds_normalized_from_arrow_unit,493658
False,SPY,NO_TEMPORAL_ANOMALY_OBSERVED,788478,788092,788478,788478,788478,788478,0,0,9.129514,0.031018,0.078035,1.108760799999993,3.809910649999999,2025-09-19T20:00:02.289398Z,2025-09-19T19:59:59.984690Z,2025-09-19T13:30:00.069981Z,2025-09-19T13:30:00.003572Z,0,PRESENT_NONEMPTY,2025-09-19T20:00:00Z,2025-09-19T13:30:00Z,2025-09-19,788478,SOURCE_AVAILABLE,executed_at_and_created_at_timestamp,nanoseconds_normalized_from_arrow_unit,788478
False,TSLA,NO_TEMPORAL_ANOMALY_OBSERVED,585210,585209,585210,585210,585210,585210,0,0,46.275917,0.031885,0.082243,1.340755699999999,42.696917170000006,2025-09-19T20:00:00.004286Z,2025-09-19T19:59:59.928424Z,2025-09-19T13:30:00.097304Z,2025-09-19T13:30:00.015598Z,0,PRESENT_NONEMPTY,2025-09-19T20:00:00Z,2025-09-19T13:30:00Z,2025-09-19,585210,SOURCE_AVAILABLE,executed_at_and_created_at_timestamp,nanoseconds_normalized_from_arrow_unit,585210
False,AAPL,NO_TEMPORAL_ANOMALY_OBSERVED,342030,342027,342030,342030,342030,342030,0,0,22.703675,0.032721,0.0769205,0.20841184999999993,9.197935550000002,2025-09-22T20:00:00.045299Z,2025-09-22T19:59:59.944358Z,2025-09-22T13:30:00.099138Z,2025-09-22T13:30:00.010056Z,0,PRESENT_NONEMPTY,2025-09-22T20:00:00Z,2025-09-22T13:30:00Z,2025-09-22,342030,SOURCE_AVAILABLE,executed_at_and_created_at_timestamp,nanoseconds_normalized_from_arrow_unit,342030
False,AMZN,NO_TEMPORAL_ANOMALY_OBSERVED,124585,124585,124585,124585,124585,124585,0,0,12.154745,0.03315,0.074234,0.15840459999999992,0.6520040400000002,2025-09-22T19:59:59.944282Z,2025-09-22T19:59:59.883618Z,2025-09-22T13:30:00.292640Z,2025-09-22T13:30:00.123763Z,0,PRESENT_NONEMPTY,2025-09-22T20:00:00Z,2025-09-22T13:30:00Z,2025-09-22,124585,SOURCE_AVAILABLE,executed_at_and_created_at_timestamp,nanoseconds_normalized_from_arrow_unit,124585
False,META,NO_TEMPORAL_ANOMALY_OBSERVED,80186,80185,80186,80186,80186,80186,0,0,29.012305,0.033021,0.0747875,0.24546774999999998,11.022887199999987,2025-09-22T20:00:00.031500Z,2025-09-22T19:59:59.950285Z,2025-09-22T13:30:00.508620Z,2025-09-22T13:30:00.299296Z,0,PRESENT_NONEMPTY,2025-09-22T20:00:00Z,2025-09-22T13:30:00Z,2025-09-22,80186,SOURCE_AVAILABLE,executed_at_and_created_at_timestamp,nanoseconds_normalized_from_arrow_unit,80186
False,MSFT,NO_TEMPORAL_ANOMALY_OBSERVED,60333,60332,60333,60333,60333,60333,0,0,14.456987,0.032133,0.072196,0.2754722,9.019109520000002,2025-09-22T20:00:00.078810Z,2025-09-22T19:59:59.967345Z,2025-09-22T13:30:00.325799Z,2025-09-22T13:30:00.158200Z,0,PRESENT_NONEMPTY,2025-09-22T20:00:00Z,2025-09-22T13:30:00Z,2025-09-22,60333,SOURCE_AVAILABLE,executed_at_and_created_at_timestamp,nanoseconds_normalized_from_arrow_unit,60333
False,NVDA,NO_TEMPORAL_ANOMALY_OBSERVED,535744,535744,535744,535744,535744,535744,0,0,12.284017,0.030865,0.0726775,0.146976,0.29622757999999516,2025-09-22T19:59:59.923059Z,2025-09-22T19:59:59.872759Z,2025-09-22T13:30:00.098711Z,2025-09-22T13:30:00.006345Z,0,PRESENT_NONEMPTY,2025-09-22T20:00:00Z,2025-09-22T13:30:00Z,2025-09-22,535744,SOURCE_AVAILABLE,executed_at_and_created_at_timestamp,nanoseconds_normalized_from_arrow_unit,535744
False,QQQ,NO_TEMPORAL_ANOMALY_OBSERVED,482419,482414,482419,482419,482419,482419,0,0,17.042838,0.030876,0.071612,0.1424981,0.3854055600000014,2025-09-22T20:00:00.316580Z,2025-09-22T19:59:59.924907Z,2025-09-22T13:30:00.066509Z,2025-09-22T13:30:00.002200Z,0,PRESENT_NONEMPTY,2025-09-22T20:00:00Z,2025-09-22T13:30:00Z,2025-09-22,482419,SOURCE_AVAILABLE,executed_at_and_created_at_timestamp,nanoseconds_normalized_from_arrow_unit,482419
False,SPY,NO_TEMPORAL_ANOMALY_OBSERVED,762353,761928,762353,762353,762353,762353,0,0,13.002131,0.03076,0.073691,0.3704058000000003,1.4637573999999975,2025-09-22T20:00:04.984304Z,2025-09-22T19:59:59.993305Z,2025-09-22T13:30:00.096897Z,2025-09-22T13:30:00.002452Z,0,PRESENT_NONEMPTY,2025-09-22T20:00:00Z,2025-09-22T13:30:00Z,2025-09-22,762353,SOURCE_AVAILABLE,executed_at_and_created_at_timestamp,nanoseconds_normalized_from_arrow_unit,762353
False,TSLA,NO_TEMPORAL_ANOMALY_OBSERVED,514059,514039,514059,514059,514059,514059,0,0,22.969434,0.031341,0.077365,0.8989172999999744,6.273344899999998,2025-09-22T20:00:00.309746Z,2025-09-22T19:59:59.996713Z,2025-09-22T13:30:00.065771Z,2025-09-22T13:30:00.003686Z,0,PRESENT_NONEMPTY,2025-09-22T20:00:00Z,2025-09-22T13:30:00Z,2025-09-22,514059,SOURCE_AVAILABLE,executed_at_and_created_at_timestamp,nanoseconds_normalized_from_arrow_unit,514059
False,AAPL,NO_TEMPORAL_ANOMALY_OBSERVED,165454,165454,165454,165454,165454,165454,0,0,11.842925,0.032891,0.074317,0.16943585000000005,5.407181960000001,2025-09-23T19:59:59.708944Z,2025-09-23T19:59:59.632168Z,2025-09-23T13:30:00.220017Z,2025-09-23T13:30:00.005805Z,0,PRESENT_NONEMPTY,2025-09-23T20:00:00Z,2025-09-23T13:30:00Z,2025-09-23,165454,SOURCE_AVAILABLE,executed_at_and_created_at_timestamp,nanoseconds_normalized_from_arrow_unit,165454
False,AMZN,NO_TEMPORAL_ANOMALY_OBSERVED,221568,221568,221568,221568,221568,221568,0,0,4.250455,0.031972,0.0743405,0.15048149999999993,0.3972833199999923,2025-09-23T19:59:59.742530Z,2025-09-23T19:59:59.674295Z,2025-09-23T13:30:00.070820Z,2025-09-23T13:30:00.004910Z,0,PRESENT_NONEMPTY,2025-09-23T20:00:00Z,2025-09-23T13:30:00Z,2025-09-23,221568,SOURCE_AVAILABLE,executed_at_and_created_at_timestamp,nanoseconds_normalized_from_arrow_unit,221568
False,META,NO_TEMPORAL_ANOMALY_OBSERVED,93545,93540,93545,93545,93545,93545,0,0,11.23959,0.032193,0.073557,0.210327,1.133361,2025-09-23T20:00:01.061629Z,2025-09-23T19:59:59.943736Z,2025-09-23T13:30:00.282539Z,2025-09-23T13:30:00.173563Z,0,PRESENT_NONEMPTY,2025-09-23T20:00:00Z,2025-09-23T13:30:00Z,2025-09-23,93545,SOURCE_AVAILABLE,executed_at_and_created_at_timestamp,nanoseconds_normalized_from_arrow_unit,93545
False,MSFT,NO_TEMPORAL_ANOMALY_OBSERVED,59536,59534,59536,59536,59536,59536,0,0,11.448718,0.032686,0.0737715,0.17782425000000002,0.8068237500000135,2025-09-23T20:00:00.242506Z,2025-09-23T19:59:59.993873Z,2025-09-23T13:30:00.282539Z,2025-09-23T13:30:00.103122Z,0,PRESENT_NONEMPTY,2025-09-23T20:00:00Z,2025-09-23T13:30:00Z,2025-09-23,59536,SOURCE_AVAILABLE,executed_at_and_created_at_timestamp,nanoseconds_normalized_from_arrow_unit,59536
False,NVDA,NO_TEMPORAL_ANOMALY_OBSERVED,336892,336890,336892,336892,336892,336892,0,0,100.922569,0.031692,0.074432,0.17641945,1.222393800000003,2025-09-23T20:00:00.002263Z,2025-09-23T19:59:59.940536Z,2025-09-23T13:30:00.104978Z,2025-09-23T13:30:00.008120Z,0,PRESENT_NONEMPTY,2025-09-23T20:00:00Z,2025-09-23T13:30:00Z,2025-09-23,336892,SOURCE_AVAILABLE,executed_at_and_created_at_timestamp,nanoseconds_normalized_from_arrow_unit,336892
False,QQQ,NO_TEMPORAL_ANOMALY_OBSERVED,520989,520979,520989,520989,520989,520989,0,0,5.025059,0.030795,0.074827,0.21099279999999992,0.6545485199999996,2025-09-23T20:00:00.288267Z,2025-09-23T19:59:59.963038Z,2025-09-23T13:30:00.071380Z,2025-09-23T13:30:00.004217Z,0,PRESENT_NONEMPTY,2025-09-23T20:00:00Z,2025-09-23T13:30:00Z,2025-09-23,520989,SOURCE_AVAILABLE,executed_at_and_created_at_timestamp,nanoseconds_normalized_from_arrow_unit,520989
False,SPY,NO_TEMPORAL_ANOMALY_OBSERVED,917962,917586,917962,917962,917962,917962,0,0,100.154909,0.030564,0.078106,1.0901114499999986,3.021757,2025-09-23T20:00:06.146528Z,2025-09-23T19:59:59.991376Z,2025-09-23T13:30:00.067049Z,2025-09-23T13:30:00.002531Z,0,PRESENT_NONEMPTY,2025-09-23T20:00:00Z,2025-09-23T13:30:00Z,2025-09-23,917962,SOURCE_AVAILABLE,executed_at_and_created_at_timestamp,nanoseconds_normalized_from_arrow_unit,917962
False,TSLA,NO_TEMPORAL_ANOMALY_OBSERVED,369743,369680,369743,369743,369743,369743,0,0,9.034955,0.031015,0.078747,0.6214538999999982,2.674453080000003,2025-09-23T20:00:02.430197Z,2025-09-23T19:59:59.986091Z,2025-09-23T13:30:00.095187Z,2025-09-23T13:30:00.007540Z,0,PRESENT_NONEMPTY,2025-09-23T20:00:00Z,2025-09-23T13:30:00Z,2025-09-23,369743,SOURCE_AVAILABLE,executed_at_and_created_at_timestamp,nanoseconds_normalized_from_arrow_unit,369743
False,AAPL,NO_TEMPORAL_ANOMALY_OBSERVED,126799,126797,126799,126799,126799,126799,0,0,16.183068,0.032381,0.071604,0.13438,0.599827240000006,2025-09-24T20:00:00.173842Z,2025-09-24T19:59:59.990399Z,2025-09-24T13:30:00.098347Z,2025-09-24T13:30:00.004035Z,0,PRESENT_NONEMPTY,2025-09-24T20:00:00Z,2025-09-24T13:30:00Z,2025-09-24,126799,SOURCE_AVAILABLE,executed_at_and_created_at_timestamp,nanoseconds_normalized_from_arrow_unit,126799
False,AMZN,NO_TEMPORAL_ANOMALY_OBSERVED,139860,139858,139860,139860,139860,139860,0,0,10.825345,0.032533,0.074171,0.18318805,2.8443499400000003,2025-09-24T20:00:00.131546Z,2025-09-24T19:59:59.966971Z,2025-09-24T13:30:00.065471Z,2025-09-24T13:30:00.009932Z,0,PRESENT_NONEMPTY,2025-09-24T20:00:00Z,2025-09-24T13:30:00Z,2025-09-24,139860,SOURCE_AVAILABLE,executed_at_and_created_at_timestamp,nanoseconds_normalized_from_arrow_unit,139860
False,META,NO_TEMPORAL_ANOMALY_OBSERVED,66971,66967,66971,66971,66971,66971,0,0,19.376246,0.031717,0.073685,0.212813,2.5002039000000202,2025-09-24T20:00:00.245113Z,2025-09-24T19:59:59.603907Z,2025-09-24T13:30:00.382884Z,2025-09-24T13:30:00.268383Z,0,PRESENT_NONEMPTY,2025-09-24T20:00:00Z,2025-09-24T13:30:00Z,2025-09-24,66971,SOURCE_AVAILABLE,executed_at_and_created_at_timestamp,nanoseconds_normalized_from_arrow_unit,66971
False,MSFT,NO_TEMPORAL_ANOMALY_OBSERVED,45739,45738,45739,45739,45739,45739,0,0,5.926611,0.032512,0.073795,0.27346679999999995,2.56723402,2025-09-24T20:00:00.200711Z,2025-09-24T19:59:59.578552Z,2025-09-24T13:30:00.329270Z,2025-09-24T13:30:00.171103Z,0,PRESENT_NONEMPTY,2025-09-24T20:00:00Z,2025-09-24T13:30:00Z,2025-09-24,45739,SOURCE_AVAILABLE,executed_at_and_created_at_timestamp,nanoseconds_normalized_from_arrow_unit,45739
False,NVDA,NO_TEMPORAL_ANOMALY_OBSERVED,232312,232311,232312,232312,232312,232312,0,0,2.404133,0.030627,0.070145,0.13374889999999998,0.23090238999999924,2025-09-24T20:00:00.060258Z,2025-09-24T19:59:59.990133Z,2025-09-24T13:30:00.067274Z,2025-09-24T13:30:00.005168Z,0,PRESENT_NONEMPTY,2025-09-24T20:00:00Z,2025-09-24T13:30:00Z,2025-09-24,232312,SOURCE_AVAILABLE,executed_at_and_created_at_timestamp,nanoseconds_normalized_from_arrow_unit,232312
False,QQQ,NO_TEMPORAL_ANOMALY_OBSERVED,539884,539860,539884,539884,539884,539884,0,0,3.2431,0.030489,0.07327,0.1621876499999998,0.4259090900000032,2025-09-24T20:00:00.987872Z,2025-09-24T19:59:59.994233Z,2025-09-24T13:30:00.097248Z,2025-09-24T13:30:00.002342Z,0,PRESENT_NONEMPTY,2025-09-24T20:00:00Z,2025-09-24T13:30:00Z,2025-09-24,539884,SOURCE_AVAILABLE,executed_at_and_created_at_timestamp,nanoseconds_normalized_from_arrow_unit,539884
False,SPY,NO_TEMPORAL_ANOMALY_OBSERVED,873924,873596,873924,873924,873924,873924,0,0,6.962791,0.030164,0.0785425,0.76517585,3.0854175900000067,2025-09-24T20:00:06.484922Z,2025-09-24T19:59:59.989648Z,2025-09-24T13:30:00.065326Z,2025-09-24T13:30:00.003112Z,0,PRESENT_NONEMPTY,2025-09-24T20:00:00Z,2025-09-24T13:30:00Z,2025-09-24,873924,SOURCE_AVAILABLE,executed_at_and_created_at_timestamp,nanoseconds_normalized_from_arrow_unit,873924
False,TSLA,NO_TEMPORAL_ANOMALY_OBSERVED,528388,528253,528388,528388,528388,528388,0,0,25.036319,0.030767,0.07603,0.32603829999999995,1.881119,2025-09-24T20:00:03.120195Z,2025-09-24T19:59:59.988333Z,2025-09-24T13:30:00.103301Z,2025-09-24T13:30:00.003482Z,0,PRESENT_NONEMPTY,2025-09-24T20:00:00Z,2025-09-24T13:30:00Z,2025-09-24,528388,SOURCE_AVAILABLE,executed_at_and_created_at_timestamp,nanoseconds_normalized_from_arrow_unit,528388
False,AAPL,NO_TEMPORAL_ANOMALY_OBSERVED,169079,169071,169079,169079,169079,169079,0,0,10.643411,0.031195,0.071623,0.2125829000000001,2.328366400000001,2025-09-25T20:00:00.097225Z,2025-09-25T19:59:59.992451Z,2025-09-25T13:30:00.280856Z,2025-09-25T13:30:00.005454Z,0,PRESENT_NONEMPTY,2025-09-25T20:00:00Z,2025-09-25T13:30:00Z,2025-09-25,169079,SOURCE_AVAILABLE,executed_at_and_created_at_timestamp,nanoseconds_normalized_from_arrow_unit,169079
False,AMZN,NO_TEMPORAL_ANOMALY_OBSERVED,156087,156082,156087,156087,156087,156087,0,0,100.230098,0.032455,0.075526,0.230715199999999,1.5210245599999999,2025-09-25T20:00:00.141396Z,2025-09-25T19:59:59.993467Z,2025-09-25T13:30:00.100640Z,2025-09-25T13:30:00.004021Z,0,PRESENT_NONEMPTY,2025-09-25T20:00:00Z,2025-09-25T13:30:00Z,2025-09-25,156087,SOURCE_AVAILABLE,executed_at_and_created_at_timestamp,nanoseconds_normalized_from_arrow_unit,156087
False,META,NO_TEMPORAL_ANOMALY_OBSERVED,89400,89397,89400,89400,89400,89400,0,0,64.845239,0.033231,0.080747,0.9123532000000005,47.41820466999997,2025-09-25T20:00:00.107709Z,2025-09-25T19:59:59.996132Z,2025-09-25T13:30:00.130837Z,2025-09-25T13:30:00.040534Z,0,PRESENT_NONEMPTY,2025-09-25T20:00:00Z,2025-09-25T13:30:00Z,2025-09-25,89400,SOURCE_AVAILABLE,executed_at_and_created_at_timestamp,nanoseconds_normalized_from_arrow_unit,89400
False,MSFT,NO_TEMPORAL_ANOMALY_OBSERVED,53092,53092,53092,53092,53092,53092,0,0,25.294384,0.033487,0.0778465,1.5461213999999897,15.799671809999996,2025-09-25T19:59:59.972545Z,2025-09-25T19:59:59.905732Z,2025-09-25T13:30:00.685677Z,2025-09-25T13:30:00.483933Z,0,PRESENT_NONEMPTY,2025-09-25T20:00:00Z,2025-09-25T13:30:00Z,2025-09-25,53092,SOURCE_AVAILABLE,executed_at_and_created_at_timestamp,nanoseconds_normalized_from_arrow_unit,53092
False,NVDA,NO_TEMPORAL_ANOMALY_OBSERVED,355035,355035,355035,355035,355035,355035,0,0,5.407267,0.03171,0.074688,0.18303729999999999,0.9957981199999967,2025-09-25T19:59:59.968993Z,2025-09-25T19:59:59.832009Z,2025-09-25T13:30:00.069569Z,2025-09-25T13:30:00.006710Z,0,PRESENT_NONEMPTY,2025-09-25T20:00:00Z,2025-09-25T13:30:00Z,2025-09-25,355035,SOURCE_AVAILABLE,executed_at_and_created_at_timestamp,nanoseconds_normalized_from_arrow_unit,355035
False,QQQ,NO_TEMPORAL_ANOMALY_OBSERVED,662200,662173,662200,662200,662200,662200,0,0,34.082697,0.031924,0.081314,0.6651882999999996,2.5159866500000043,2025-09-25T20:00:00.743522Z,2025-09-25T19:59:59.994745Z,2025-09-25T13:30:00.101963Z,2025-09-25T13:30:00.002776Z,0,PRESENT_NONEMPTY,2025-09-25T20:00:00Z,2025-09-25T13:30:00Z,2025-09-25,662200,SOURCE_AVAILABLE,executed_at_and_created_at_timestamp,nanoseconds_normalized_from_arrow_unit,662200
False,SPY,NO_TEMPORAL_ANOMALY_OBSERVED,1074205,1073926,1074205,1074205,1074205,1074205,0,0,6.589801,0.030475,0.129529,3.411167999999999,4.130495999999998,2025-09-25T20:00:05.737916Z,2025-09-25T19:59:59.986900Z,2025-09-25T13:30:00.069505Z,2025-09-25T13:30:00.002721Z,0,PRESENT_NONEMPTY,2025-09-25T20:00:00Z,2025-09-25T13:30:00Z,2025-09-25,1074205,SOURCE_AVAILABLE,executed_at_and_created_at_timestamp,nanoseconds_normalized_from_arrow_unit,1074205
False,TSLA,NO_TEMPORAL_ANOMALY_OBSERVED,517599,517316,517599,517599,517599,517599,0,0,39.427117,0.031512,0.092287,3.8697378999999987,22.349389680000055,2025-09-25T20:00:05.824324Z,2025-09-25T19:59:59.998331Z,2025-09-25T13:30:00.118658Z,2025-09-25T13:30:00.004953Z,0,PRESENT_NONEMPTY,2025-09-25T20:00:00Z,2025-09-25T13:30:00Z,2025-09-25,517599,SOURCE_AVAILABLE,executed_at_and_created_at_timestamp,nanoseconds_normalized_from_arrow_unit,517599
False,AAPL,NO_TEMPORAL_ANOMALY_OBSERVED,154584,154584,154584,154584,154584,154584,0,0,6.559251,0.030976,0.069793,0.15708965000000005,1.1308160200001165,2025-09-26T19:59:59.961731Z,2025-09-26T19:59:59.906263Z,2025-09-26T13:30:00.118580Z,2025-09-26T13:30:00.003809Z,0,PRESENT_NONEMPTY,2025-09-26T20:00:00Z,2025-09-26T13:30:00Z,2025-09-26,154584,SOURCE_AVAILABLE,executed_at_and_created_at_timestamp,nanoseconds_normalized_from_arrow_unit,154584
False,AMZN,NO_TEMPORAL_ANOMALY_OBSERVED,132690,132689,132690,132690,132690,132690,0,0,9.676315,0.031861,0.072304,0.17643659999999986,0.893984,2025-09-26T20:00:00.002189Z,2025-09-26T19:59:59.928811Z,2025-09-26T13:30:00.118580Z,2025-09-26T13:30:00.002441Z,0,PRESENT_NONEMPTY,2025-09-26T20:00:00Z,2025-09-26T13:30:00Z,2025-09-26,132690,SOURCE_AVAILABLE,executed_at_and_created_at_timestamp,nanoseconds_normalized_from_arrow_unit,132690
False,META,NO_TEMPORAL_ANOMALY_OBSERVED,94775,94775,94775,94775,94775,94775,0,0,21.768749,0.030893,0.072832,0.16493090000000002,1.4657157599999997,2025-09-26T19:59:59.590573Z,2025-09-26T19:59:59.522718Z,2025-09-26T13:30:00.317825Z,2025-09-26T13:30:00.172124Z,0,PRESENT_NONEMPTY,2025-09-26T20:00:00Z,2025-09-26T13:30:00Z,2025-09-26,94775,SOURCE_AVAILABLE,executed_at_and_created_at_timestamp,nanoseconds_normalized_from_arrow_unit,94775
False,MSFT,NO_TEMPORAL_ANOMALY_OBSERVED,75866,75866,75866,75866,75866,75866,0,0,24.928169,0.031911,0.072798,0.180281,1.3987200000000004,2025-09-26T19:59:59.912273Z,2025-09-26T19:59:59.866172Z,2025-09-26T13:30:00.409880Z,2025-09-26T13:30:00.220558Z,0,PRESENT_NONEMPTY,2025-09-26T20:00:00Z,2025-09-26T13:30:00Z,2025-09-26,75866,SOURCE_AVAILABLE,executed_at_and_created_at_timestamp,nanoseconds_normalized_from_arrow_unit,75866
False,NVDA,NO_TEMPORAL_ANOMALY_OBSERVED,276768,276768,276768,276768,276768,276768,0,0,2.66433,0.031709,0.0721805,0.1400239499999999,0.24783164000000013,2025-09-26T19:59:59.934232Z,2025-09-26T19:59:59.876387Z,2025-09-26T13:30:00.067572Z,2025-09-26T13:30:00.006300Z,0,PRESENT_NONEMPTY,2025-09-26T20:00:00Z,2025-09-26T13:30:00Z,2025-09-26,276768,SOURCE_AVAILABLE,executed_at_and_created_at_timestamp,nanoseconds_normalized_from_arrow_unit,276768
False,QQQ,NO_TEMPORAL_ANOMALY_OBSERVED,534494,534467,534494,534494,534494,534494,0,0,4.645752,0.031908,0.076975,0.23097769999999995,0.9274663599999976,2025-09-26T20:00:01.398663Z,2025-09-26T19:59:59.990706Z,2025-09-26T13:30:00.099064Z,2025-09-26T13:30:00.002476Z,0,PRESENT_NONEMPTY,2025-09-26T20:00:00Z,2025-09-26T13:30:00Z,2025-09-26,534494,SOURCE_AVAILABLE,executed_at_and_created_at_timestamp,nanoseconds_normalized_from_arrow_unit,534494
False,SPY,NO_TEMPORAL_ANOMALY_OBSERVED,974384,974075,974384,974384,974384,974384,0,0,9.578667,0.030979,0.1064045,3.3714687999999997,4.122282080000001,2025-09-26T20:00:05.276561Z,2025-09-26T19:59:59.990790Z,2025-09-26T13:30:00.068073Z,2025-09-26T13:30:00.002728Z,0,PRESENT_NONEMPTY,2025-09-26T20:00:00Z,2025-09-26T13:30:00Z,2025-09-26,974384,SOURCE_AVAILABLE,executed_at_and_created_at_timestamp,nanoseconds_normalized_from_arrow_unit,974384
False,TSLA,NO_TEMPORAL_ANOMALY_OBSERVED,734055,733866,734055,734055,734055,734055,0,0,27.900609,0.031762,0.08052,0.7296807999999954,3.235447979999992,2025-09-26T20:00:03.015351Z,2025-09-26T19:59:59.988142Z,2025-09-26T13:30:00.103541Z,2025-09-26T13:30:00.002899Z,0,PRESENT_NONEMPTY,2025-09-26T20:00:00Z,2025-09-26T13:30:00Z,2025-09-26,734055,SOURCE_AVAILABLE,executed_at_and_created_at_timestamp,nanoseconds_normalized_from_arrow_unit,734055
False,AAPL,NO_TEMPORAL_ANOMALY_OBSERVED,88954,88952,88954,88954,88954,88954,0,0,7.369174,0.032093,0.070893,0.15039069999999963,3.208566840000001,2025-09-29T20:00:00.028465Z,2025-09-29T19:59:59.938369Z,2025-09-29T13:30:00.100439Z,2025-09-29T13:30:00.011557Z,0,PRESENT_NONEMPTY,2025-09-29T20:00:00Z,2025-09-29T13:30:00Z,2025-09-29,88954,SOURCE_AVAILABLE,executed_at_and_created_at_timestamp,nanoseconds_normalized_from_arrow_unit,88954
False,AMZN,NO_TEMPORAL_ANOMALY_OBSERVED,106770,106768,106770,106770,106770,106770,0,0,10.189303,0.032681,0.072605,0.14551,3.773685,2025-09-29T20:00:00.051072Z,2025-09-29T19:59:59.987298Z,2025-09-29T13:30:00.170297Z,2025-09-29T13:30:00.020723Z,0,PRESENT_NONEMPTY,2025-09-29T20:00:00Z,2025-09-29T13:30:00Z,2025-09-29,106770,SOURCE_AVAILABLE,executed_at_and_created_at_timestamp,nanoseconds_normalized_from_arrow_unit,106770
False,META,NO_TEMPORAL_ANOMALY_OBSERVED,59429,59424,59429,59429,59429,59429,0,0,34.875703,0.033294,0.074116,0.2347066,27.23443704000002,2025-09-29T20:00:00.093706Z,2025-09-29T19:59:59.984989Z,2025-09-29T13:30:00.706595Z,2025-09-29T13:30:00.477420Z,0,PRESENT_NONEMPTY,2025-09-29T20:00:00Z,2025-09-29T13:30:00Z,2025-09-29,59429,SOURCE_AVAILABLE,executed_at_and_created_at_timestamp,nanoseconds_normalized_from_arrow_unit,59429
False,MSFT,NO_TEMPORAL_ANOMALY_OBSERVED,51456,51454,51456,51456,51456,51456,0,0,38.798721,0.031575,0.0727835,0.23473275000000002,27.656077,2025-09-29T20:00:00.009157Z,2025-09-29T19:59:59.921812Z,2025-09-29T13:30:02.361206Z,2025-09-29T13:30:00.447830Z,0,PRESENT_NONEMPTY,2025-09-29T20:00:00Z,2025-09-29T13:30:00Z,2025-09-29,51456,SOURCE_AVAILABLE,executed_at_and_created_at_timestamp,nanoseconds_normalized_from_arrow_unit,51456
False,NVDA,NO_TEMPORAL_ANOMALY_OBSERVED,311247,311246,311247,311247,311247,311247,0,0,5.057381,0.031742,0.075179,0.21334380000000006,1.8993028799999934,2025-09-29T20:00:00.012826Z,2025-09-29T19:59:59.920233Z,2025-09-29T13:30:00.098907Z,2025-09-29T13:30:00.004308Z,0,PRESENT_NONEMPTY,2025-09-29T20:00:00Z,2025-09-29T13:30:00Z,2025-09-29,311247,SOURCE_AVAILABLE,executed_at_and_created_at_timestamp,nanoseconds_normalized_from_arrow_unit,311247
False,QQQ,NO_TEMPORAL_ANOMALY_OBSERVED,519672,519661,519672,519672,519672,519672,0,0,5.504781,0.031727,0.074378,0.25244524999999973,2.22450745,2025-09-29T20:00:00.255227Z,2025-09-29T19:59:59.861414Z,2025-09-29T13:30:00.135289Z,2025-09-29T13:30:00.004416Z,0,PRESENT_NONEMPTY,2025-09-29T20:00:00Z,2025-09-29T13:30:00Z,2025-09-29,519672,SOURCE_AVAILABLE,executed_at_and_created_at_timestamp,nanoseconds_normalized_from_arrow_unit,519672
False,SPY,NO_TEMPORAL_ANOMALY_OBSERVED,856505,856193,856505,856505,856505,856505,0,0,7.140561,0.030885,0.07962,1.501008,3.4042451199999944,2025-09-29T20:00:04.690138Z,2025-09-29T19:59:59.949831Z,2025-09-29T13:30:00.066403Z,2025-09-29T13:30:00.004425Z,0,PRESENT_NONEMPTY,2025-09-29T20:00:00Z,2025-09-29T13:30:00Z,2025-09-29,856505,SOURCE_AVAILABLE,executed_at_and_created_at_timestamp,nanoseconds_normalized_from_arrow_unit,856505
False,TSLA,NO_TEMPORAL_ANOMALY_OBSERVED,340006,339921,340006,340006,340006,340006,0,0,25.380053,0.031052,0.086596,4.06035375,12.617869050000035,2025-09-29T20:00:02.335374Z,2025-09-29T19:59:59.933401Z,2025-09-29T13:30:00.097748Z,2025-09-29T13:30:00.005949Z,0,PRESENT_NONEMPTY,2025-09-29T20:00:00Z,2025-09-29T13:30:00Z,2025-09-29,340006,SOURCE_AVAILABLE,executed_at_and_created_at_timestamp,nanoseconds_normalized_from_arrow_unit,340006
False,AAPL,NO_TEMPORAL_ANOMALY_OBSERVED,88589,88589,88589,88589,88589,88589,0,0,2.834264,0.031666,0.071264,0.1353356,0.4775841599999964,2025-09-30T19:59:59.956261Z,2025-09-30T19:59:59.871713Z,2025-09-30T13:30:00.234725Z,2025-09-30T13:30:00.126265Z,0,PRESENT_NONEMPTY,2025-09-30T20:00:00Z,2025-09-30T13:30:00Z,2025-09-30,88589,SOURCE_AVAILABLE,executed_at_and_created_at_timestamp,nanoseconds_normalized_from_arrow_unit,88589
False,AMZN,NO_TEMPORAL_ANOMALY_OBSERVED,114875,114873,114875,114875,114875,114875,0,0,10.510319,0.033249,0.07427,0.1696106999999999,0.48036,2025-09-30T20:00:00.021489Z,2025-09-30T19:59:59.954479Z,2025-09-30T13:30:00.429008Z,2025-09-30T13:30:00.006332Z,0,PRESENT_NONEMPTY,2025-09-30T20:00:00Z,2025-09-30T13:30:00Z,2025-09-30,114875,SOURCE_AVAILABLE,executed_at_and_created_at_timestamp,nanoseconds_normalized_from_arrow_unit,114875
False,META,NO_TEMPORAL_ANOMALY_OBSERVED,99146,99145,99146,99146,99146,99146,0,0,14.132663,0.031916,0.073803,0.184324,1.0943988000000004,2025-09-30T20:00:00.016282Z,2025-09-30T19:59:59.922853Z,2025-09-30T13:30:00.268251Z,2025-09-30T13:30:00.105807Z,0,PRESENT_NONEMPTY,2025-09-30T20:00:00Z,2025-09-30T13:30:00Z,2025-09-30,99146,SOURCE_AVAILABLE,executed_at_and_created_at_timestamp,nanoseconds_normalized_from_arrow_unit,99146
False,MSFT,NO_TEMPORAL_ANOMALY_OBSERVED,49590,49590,49590,49590,49590,49590,0,0,12.711049,0.032646,0.072387,0.17025579999999993,0.847654,2025-09-30T19:59:59.796213Z,2025-09-30T19:59:59.728224Z,2025-09-30T13:30:00.312323Z,2025-09-30T13:30:00.127025Z,0,PRESENT_NONEMPTY,2025-09-30T20:00:00Z,2025-09-30T13:30:00Z,2025-09-30,49590,SOURCE_AVAILABLE,executed_at_and_created_at_timestamp,nanoseconds_normalized_from_arrow_unit,49590
False,NVDA,NO_TEMPORAL_ANOMALY_OBSERVED,452541,452536,452541,452541,452541,452541,0,0,4.176327,0.031607,0.074918,0.192583,0.373942,2025-09-30T20:00:00.125070Z,2025-09-30T19:59:59.974061Z,2025-09-30T13:30:00.068275Z,2025-09-30T13:30:00.003081Z,0,PRESENT_NONEMPTY,2025-09-30T20:00:00Z,2025-09-30T13:30:00Z,2025-09-30,452541,SOURCE_AVAILABLE,executed_at_and_created_at_timestamp,nanoseconds_normalized_from_arrow_unit,452541
False,QQQ,NO_TEMPORAL_ANOMALY_OBSERVED,513160,513065,513160,513160,513160,513160,0,0,6.36918,0.032151,0.077548,0.270544,0.7867503299999945,2025-09-30T20:00:00.968206Z,2025-09-30T19:59:59.972029Z,2025-09-30T13:30:00.068703Z,2025-09-30T13:30:00.002612Z,0,PRESENT_NONEMPTY,2025-09-30T20:00:00Z,2025-09-30T13:30:00Z,2025-09-30,513160,SOURCE_AVAILABLE,executed_at_and_created_at_timestamp,nanoseconds_normalized_from_arrow_unit,513160
False,SPY,NO_TEMPORAL_ANOMALY_OBSERVED,910682,909909,910682,910682,910682,910682,0,0,16.654991,0.031112,0.08092,1.2472875499999996,3.0041664999999864,2025-09-30T20:00:04.794402Z,2025-09-30T19:59:59.999960Z,2025-09-30T13:30:00.070240Z,2025-09-30T13:30:00.002785Z,0,PRESENT_NONEMPTY,2025-09-30T20:00:00Z,2025-09-30T13:30:00Z,2025-09-30,910682,SOURCE_AVAILABLE,executed_at_and_created_at_timestamp,nanoseconds_normalized_from_arrow_unit,910682
False,TSLA,NO_TEMPORAL_ANOMALY_OBSERVED,302969,302915,302969,302969,302969,302969,0,0,17.87417,0.030337,0.079936,0.41902719999999916,1.7953773200000052,2025-09-30T20:00:01.724503Z,2025-09-30T19:59:59.983716Z,2025-09-30T13:30:00.099685Z,2025-09-30T13:30:00.008753Z,0,PRESENT_NONEMPTY,2025-09-30T20:00:00Z,2025-09-30T13:30:00Z,2025-09-30,302969,SOURCE_AVAILABLE,executed_at_and_created_at_timestamp,nanoseconds_normalized_from_arrow_unit,302969
False,AAPL,NO_TEMPORAL_ANOMALY_OBSERVED,140844,140844,140844,140844,140844,140844,0,0,5.101637,0.032799,0.071994,0.1394896000000001,0.51353885,2025-10-01T19:59:59.984376Z,2025-10-01T19:59:59.913296Z,2025-10-01T13:30:00.265614Z,2025-10-01T13:30:00.110789Z,0,PRESENT_NONEMPTY,2025-10-01T20:00:00Z,2025-10-01T13:30:00Z,2025-10-01,140844,SOURCE_AVAILABLE,executed_at_and_created_at_timestamp,nanoseconds_normalized_from_arrow_unit,140844
False,AMZN,NO_TEMPORAL_ANOMALY_OBSERVED,104618,104616,104618,104618,104618,104618,0,0,14.652521,0.03245,0.072285,0.14490604999999995,6.20338590000002,2025-10-01T20:00:00.025007Z,2025-10-01T19:59:59.940190Z,2025-10-01T13:30:00.202425Z,2025-10-01T13:30:00.005171Z,0,PRESENT_NONEMPTY,2025-10-01T20:00:00Z,2025-10-01T13:30:00Z,2025-10-01,104618,SOURCE_AVAILABLE,executed_at_and_created_at_timestamp,nanoseconds_normalized_from_arrow_unit,104618
False,META,NO_TEMPORAL_ANOMALY_OBSERVED,159613,159613,159613,159613,159613,159613,0,0,61.230993,0.032811,0.076222,0.5276625999999993,44.19979024000023,2025-10-01T19:59:59.783288Z,2025-10-01T19:59:59.713813Z,2025-10-01T13:30:00.067746Z,2025-10-01T13:30:00.004176Z,0,PRESENT_NONEMPTY,2025-10-01T20:00:00Z,2025-10-01T13:30:00Z,2025-10-01,159613,SOURCE_AVAILABLE,executed_at_and_created_at_timestamp,nanoseconds_normalized_from_arrow_unit,159613
False,MSFT,NO_TEMPORAL_ANOMALY_OBSERVED,60795,60794,60795,60795,60795,60795,0,0,7.921969,0.03243,0.072265,0.2111054999999999,2.9823829999999965,2025-10-01T20:00:00.070676Z,2025-10-01T19:59:59.994531Z,2025-10-01T13:30:00.227955Z,2025-10-01T13:30:00.143412Z,0,PRESENT_NONEMPTY,2025-10-01T20:00:00Z,2025-10-01T13:30:00Z,2025-10-01,60795,SOURCE_AVAILABLE,executed_at_and_created_at_timestamp,nanoseconds_normalized_from_arrow_unit,60795
False,NVDA,NO_TEMPORAL_ANOMALY_OBSERVED,298508,298499,298508,298508,298508,298508,0,0,6.008257,0.031876,0.076028,0.2323319499999999,0.8271695199999989,2025-10-01T20:00:00.086146Z,2025-10-01T19:59:59.991371Z,2025-10-01T13:30:00.068622Z,2025-10-01T13:30:00.003768Z,0,PRESENT_NONEMPTY,2025-10-01T20:00:00Z,2025-10-01T13:30:00Z,2025-10-01,298508,SOURCE_AVAILABLE,executed_at_and_created_at_timestamp,nanoseconds_normalized_from_arrow_unit,298508
False,QQQ,NO_TEMPORAL_ANOMALY_OBSERVED,485711,485642,485711,485711,485711,485711,0,0,9.834157,0.031991,0.074973,0.23764200000000002,1.8279360000000042,2025-10-01T20:00:01.945304Z,2025-10-01T19:59:59.999914Z,2025-10-01T13:30:00.104127Z,2025-10-01T13:30:00.002208Z,0,PRESENT_NONEMPTY,2025-10-01T20:00:00Z,2025-10-01T13:30:00Z,2025-10-01,485711,SOURCE_AVAILABLE,executed_at_and_created_at_timestamp,nanoseconds_normalized_from_arrow_unit,485711
False,SPY,NO_TEMPORAL_ANOMALY_OBSERVED,903737,903556,903737,903737,903737,903737,0,0,10.580524,0.030988,0.075796,1.1730876,3.248896,2025-10-01T20:00:09.660926Z,2025-10-01T19:59:59.999985Z,2025-10-01T13:30:00.070492Z,2025-10-01T13:30:00.002217Z,0,PRESENT_NONEMPTY,2025-10-01T20:00:00Z,2025-10-01T13:30:00Z,2025-10-01,903737,SOURCE_AVAILABLE,executed_at_and_created_at_timestamp,nanoseconds_normalized_from_arrow_unit,903737
False,TSLA,NO_TEMPORAL_ANOMALY_OBSERVED,516547,516505,516547,516547,516547,516547,0,0,12.815432,0.031043,0.083334,0.9023216999999953,3.3995209199999983,2025-10-01T20:00:01.213789Z,2025-10-01T19:59:59.900590Z,2025-10-01T13:30:00.065709Z,2025-10-01T13:30:00.018856Z,0,PRESENT_NONEMPTY,2025-10-01T20:00:00Z,2025-10-01T13:30:00Z,2025-10-01,516547,SOURCE_AVAILABLE,executed_at_and_created_at_timestamp,nanoseconds_normalized_from_arrow_unit,516547
False,AAPL,NO_TEMPORAL_ANOMALY_OBSERVED,121274,121265,121274,121274,121274,121274,0,0,5.623142,0.032475,0.0726325,0.14028149999999992,0.36648289,2025-10-02T20:00:00.087322Z,2025-10-02T19:59:59.962396Z,2025-10-02T13:30:00.140524Z,2025-10-02T13:30:00.002576Z,0,PRESENT_NONEMPTY,2025-10-02T20:00:00Z,2025-10-02T13:30:00Z,2025-10-02,121274,SOURCE_AVAILABLE,executed_at_and_created_at_timestamp,nanoseconds_normalized_from_arrow_unit,121274
False,AMZN,NO_TEMPORAL_ANOMALY_OBSERVED,118440,118439,118440,118440,118440,118440,0,0,16.032745,0.03192,0.074778,0.23255454999999964,1.699017,2025-10-02T20:00:00.028720Z,2025-10-02T19:59:59.954592Z,2025-10-02T13:30:00.140524Z,2025-10-02T13:30:00.002471Z,0,PRESENT_NONEMPTY,2025-10-02T20:00:00Z,2025-10-02T13:30:00Z,2025-10-02,118440,SOURCE_AVAILABLE,executed_at_and_created_at_timestamp,nanoseconds_normalized_from_arrow_unit,118440
False,META,NO_TEMPORAL_ANOMALY_OBSERVED,109606,109604,109606,109606,109606,109606,0,0,55.784663,0.032219,0.076836,2.04642325,49.15778839999998,2025-10-02T20:00:00.022605Z,2025-10-02T19:59:59.946456Z,2025-10-02T13:30:00.102967Z,2025-10-02T13:30:00.035569Z,0,PRESENT_NONEMPTY,2025-10-02T20:00:00Z,2025-10-02T13:30:00Z,2025-10-02,109606,SOURCE_AVAILABLE,executed_at_and_created_at_timestamp,nanoseconds_normalized_from_arrow_unit,109606
False,MSFT,NO_TEMPORAL_ANOMALY_OBSERVED,82006,82006,82006,82006,82006,82006,0,0,12.73049,0.032385,0.0745725,1.9631685,3.71653375,2025-10-02T19:59:59.976548Z,2025-10-02T19:59:59.901379Z,2025-10-02T13:30:00.412209Z,2025-10-02T13:30:00.248439Z,0,PRESENT_NONEMPTY,2025-10-02T20:00:00Z,2025-10-02T13:30:00Z,2025-10-02,82006,SOURCE_AVAILABLE,executed_at_and_created_at_timestamp,nanoseconds_normalized_from_arrow_unit,82006
False,NVDA,NO_TEMPORAL_ANOMALY_OBSERVED,324180,324179,324180,324180,324180,324180,0,0,4.789259,0.03206,0.076165,0.20589464999999985,0.5876146500000035,2025-10-02T20:00:00.051423Z,2025-10-02T19:59:59.959937Z,2025-10-02T13:30:00.069862Z,2025-10-02T13:30:00.006945Z,0,PRESENT_NONEMPTY,2025-10-02T20:00:00Z,2025-10-02T13:30:00Z,2025-10-02,324180,SOURCE_AVAILABLE,executed_at_and_created_at_timestamp,nanoseconds_normalized_from_arrow_unit,324180
False,QQQ,NO_TEMPORAL_ANOMALY_OBSERVED,466056,466025,466056,466056,466056,466056,0,0,7.006421,0.030768,0.074202,0.22097375,1.6339691000000034,2025-10-02T20:00:01.655859Z,2025-10-02T19:59:59.923405Z,2025-10-02T13:30:00.100016Z,2025-10-02T13:30:00.002192Z,0,PRESENT_NONEMPTY,2025-10-02T20:00:00Z,2025-10-02T13:30:00Z,2025-10-02,466056,SOURCE_AVAILABLE,executed_at_and_created_at_timestamp,nanoseconds_normalized_from_arrow_unit,466056
False,SPY,NO_TEMPORAL_ANOMALY_OBSERVED,858593,858279,858593,858593,858593,858593,0,0,12.397641,0.030381,0.081392,2.718327,3.9691481999999993,2025-10-02T20:00:07.030880Z,2025-10-02T19:59:59.934512Z,2025-10-02T13:30:00.067099Z,2025-10-02T13:30:00.003671Z,0,PRESENT_NONEMPTY,2025-10-02T20:00:00Z,2025-10-02T13:30:00Z,2025-10-02,858593,SOURCE_AVAILABLE,executed_at_and_created_at_timestamp,nanoseconds_normalized_from_arrow_unit,858593
False,TSLA,NO_TEMPORAL_ANOMALY_OBSERVED,748582,748150,748582,748582,748582,748582,0,0,18.865838,0.031282,0.094371,6.637490799999992,14.549080939999998,2025-10-02T20:00:04.891239Z,2025-10-02T19:59:59.992478Z,2025-10-02T13:30:00.120136Z,2025-10-02T13:30:00.013697Z,0,PRESENT_NONEMPTY,2025-10-02T20:00:00Z,2025-10-02T13:30:00Z,2025-10-02,748582,SOURCE_AVAILABLE,executed_at_and_created_at_timestamp,nanoseconds_normalized_from_arrow_unit,748582
False,AAPL,NO_TEMPORAL_ANOMALY_OBSERVED,173973,173972,173973,173973,173973,173973,0,0,8.90307,0.032988,0.074071,0.14295059999999998,2.818301079999998,2025-10-03T20:00:00.013486Z,2025-10-03T19:59:59.921428Z,2025-10-03T13:30:00.128464Z,2025-10-03T13:30:00.007074Z,0,PRESENT_NONEMPTY,2025-10-03T20:00:00Z,2025-10-03T13:30:00Z,2025-10-03,173973,SOURCE_AVAILABLE,executed_at_and_created_at_timestamp,nanoseconds_normalized_from_arrow_unit,173973
False,AMZN,NO_TEMPORAL_ANOMALY_OBSERVED,135568,135564,135568,135568,135568,135568,0,0,11.281391,0.032542,0.074813,0.17588484999999981,2.93583728,2025-10-03T20:00:00.078082Z,2025-10-03T19:59:59.979907Z,2025-10-03T13:30:00.099091Z,2025-10-03T13:30:00.003398Z,0,PRESENT_NONEMPTY,2025-10-03T20:00:00Z,2025-10-03T13:30:00Z,2025-10-03,135568,SOURCE_AVAILABLE,executed_at_and_created_at_timestamp,nanoseconds_normalized_from_arrow_unit,135568
False,META,NO_TEMPORAL_ANOMALY_OBSERVED,153209,153173,153209,153209,153209,153209,0,0,37.88084,0.032447,0.07896,0.2581048,5.126264,2025-10-03T20:00:00.231458Z,2025-10-03T19:59:59.999806Z,2025-10-03T13:30:00.210657Z,2025-10-03T13:30:00.094587Z,0,PRESENT_NONEMPTY,2025-10-03T20:00:00Z,2025-10-03T13:30:00Z,2025-10-03,153209,SOURCE_AVAILABLE,executed_at_and_created_at_timestamp,nanoseconds_normalized_from_arrow_unit,153209
False,MSFT,NO_TEMPORAL_ANOMALY_OBSERVED,70790,70788,70790,70790,70790,70790,0,0,5.586853,0.031324,0.0759205,0.2035110500000002,2.7094690000000035,2025-10-03T20:00:00.105473Z,2025-10-03T19:59:59.894643Z,2025-10-03T13:30:00.271701Z,2025-10-03T13:30:00.165476Z,0,PRESENT_NONEMPTY,2025-10-03T20:00:00Z,2025-10-03T13:30:00Z,2025-10-03,70790,SOURCE_AVAILABLE,executed_at_and_created_at_timestamp,nanoseconds_normalized_from_arrow_unit,70790
False,NVDA,NO_TEMPORAL_ANOMALY_OBSERVED,315881,315881,315881,315881,315881,315881,0,0,5.893882,0.031367,0.076739,0.218658,0.803433000000004,2025-10-03T19:59:59.980648Z,2025-10-03T19:59:59.909120Z,2025-10-03T13:30:00.068363Z,2025-10-03T13:30:00.004684Z,0,PRESENT_NONEMPTY,2025-10-03T20:00:00Z,2025-10-03T13:30:00Z,2025-10-03,315881,SOURCE_AVAILABLE,executed_at_and_created_at_timestamp,nanoseconds_normalized_from_arrow_unit,315881
False,QQQ,NO_TEMPORAL_ANOMALY_OBSERVED,575690,575637,575690,575690,575690,575690,0,0,5.204698,0.031641,0.082699,0.37117984999999815,1.3881737599999942,2025-10-03T20:00:02.429576Z,2025-10-03T19:59:59.971457Z,2025-10-03T13:30:00.127604Z,2025-10-03T13:30:00.003113Z,0,PRESENT_NONEMPTY,2025-10-03T20:00:00Z,2025-10-03T13:30:00Z,2025-10-03,575690,SOURCE_AVAILABLE,executed_at_and_created_at_timestamp,nanoseconds_normalized_from_arrow_unit,575690
False,SPY,NO_TEMPORAL_ANOMALY_OBSERVED,980154,979811,980154,980154,980154,980154,0,0,9.211751,0.030877,0.08727,1.801079,3.461489,2025-10-03T20:00:03.416684Z,2025-10-03T19:59:59.998853Z,2025-10-03T13:30:00.068429Z,2025-10-03T13:30:00.002238Z,0,PRESENT_NONEMPTY,2025-10-03T20:00:00Z,2025-10-03T13:30:00Z,2025-10-03,980154,SOURCE_AVAILABLE,executed_at_and_created_at_timestamp,nanoseconds_normalized_from_arrow_unit,980154
False,TSLA,NO_TEMPORAL_ANOMALY_OBSERVED,981366,981194,981366,981366,981366,981366,0,0,18.285128,0.032378,0.098806,1.91449125,6.063083449999996,2025-10-03T20:00:02.990328Z,2025-10-03T19:59:59.992393Z,2025-10-03T13:30:00.134020Z,2025-10-03T13:30:00.006580Z,0,PRESENT_NONEMPTY,2025-10-03T20:00:00Z,2025-10-03T13:30:00Z,2025-10-03,981366,SOURCE_AVAILABLE,executed_at_and_created_at_timestamp,nanoseconds_normalized_from_arrow_unit,981366
False,AAPL,NO_TEMPORAL_ANOMALY_OBSERVED,107189,107189,107189,107189,107189,107189,0,0,22.308089,0.031378,0.075214,0.1410375999999995,7.10271,2025-10-06T19:59:59.916936Z,2025-10-06T19:59:59.873382Z,2025-10-06T13:30:00.070403Z,2025-10-06T13:30:00.005358Z,0,PRESENT_NONEMPTY,2025-10-06T20:00:00Z,2025-10-06T13:30:00Z,2025-10-06,107189,SOURCE_AVAILABLE,executed_at_and_created_at_timestamp,nanoseconds_normalized_from_arrow_unit,107189
False,AMZN,NO_TEMPORAL_ANOMALY_OBSERVED,135073,135071,135073,135073,135073,135073,0,0,12.632218,0.032012,0.077385,0.13952919999999996,1.7319791199999481,2025-10-06T20:00:00.008788Z,2025-10-06T19:59:59.920983Z,2025-10-06T13:30:00.156894Z,2025-10-06T13:30:00.044798Z,0,PRESENT_NONEMPTY,2025-10-06T20:00:00Z,2025-10-06T13:30:00Z,2025-10-06,135073,SOURCE_AVAILABLE,executed_at_and_created_at_timestamp,nanoseconds_normalized_from_arrow_unit,135073
False,META,NO_TEMPORAL_ANOMALY_OBSERVED,154574,154566,154574,154574,154574,154574,0,0,31.532985,0.032786,0.076346,0.16666215000000006,11.637968019999995,2025-10-06T20:00:00.088524Z,2025-10-06T19:59:59.998704Z,2025-10-06T13:30:00.298680Z,2025-10-06T13:30:00.132961Z,0,PRESENT_NONEMPTY,2025-10-06T20:00:00Z,2025-10-06T13:30:00Z,2025-10-06,154574,SOURCE_AVAILABLE,executed_at_and_created_at_timestamp,nanoseconds_normalized_from_arrow_unit,154574
False,MSFT,NO_TEMPORAL_ANOMALY_OBSERVED,99959,99959,99959,99959,99959,99959,0,0,9.099681,0.032658,0.073575,0.127627,0.7431764,2025-10-06T19:59:59.458804Z,2025-10-06T19:59:59.326304Z,2025-10-06T13:30:00.358056Z,2025-10-06T13:30:00.252727Z,0,PRESENT_NONEMPTY,2025-10-06T20:00:00Z,2025-10-06T13:30:00Z,2025-10-06,99959,SOURCE_AVAILABLE,executed_at_and_created_at_timestamp,nanoseconds_normalized_from_arrow_unit,99959
False,NVDA,NO_TEMPORAL_ANOMALY_OBSERVED,243622,243622,243622,243622,243622,243622,0,0,9.629727,0.032173,0.0781285,0.196857,1.2403942800000045,2025-10-06T19:59:59.910666Z,2025-10-06T19:59:59.844440Z,2025-10-06T13:30:00.067503Z,2025-10-06T13:30:00.004044Z,0,PRESENT_NONEMPTY,2025-10-06T20:00:00Z,2025-10-06T13:30:00Z,2025-10-06,243622,SOURCE_AVAILABLE,executed_at_and_created_at_timestamp,nanoseconds_normalized_from_arrow_unit,243622
False,QQQ,NO_TEMPORAL_ANOMALY_OBSERVED,457893,457808,457893,457893,457893,457893,0,0,10.197418,0.031044,0.078236,0.29738919999999935,2.343095600000005,2025-10-06T20:00:02.973406Z,2025-10-06T19:59:59.986574Z,2025-10-06T13:30:00.101728Z,2025-10-06T13:30:00.004497Z,0,PRESENT_NONEMPTY,2025-10-06T20:00:00Z,2025-10-06T13:30:00Z,2025-10-06,457893,SOURCE_AVAILABLE,executed_at_and_created_at_timestamp,nanoseconds_normalized_from_arrow_unit,457893
False,SPY,NO_TEMPORAL_ANOMALY_OBSERVED,754305,754066,754305,754305,754305,754305,0,0,7.16826,0.031419,0.081572,1.5940253999999956,4.401618119999993,2025-10-06T20:00:06.072251Z,2025-10-06T19:59:59.993676Z,2025-10-06T13:30:00.067375Z,2025-10-06T13:30:00.005484Z,0,PRESENT_NONEMPTY,2025-10-06T20:00:00Z,2025-10-06T13:30:00Z,2025-10-06,754305,SOURCE_AVAILABLE,executed_at_and_created_at_timestamp,nanoseconds_normalized_from_arrow_unit,754305
False,TSLA,NO_TEMPORAL_ANOMALY_OBSERVED,447175,447008,447175,447175,447175,447175,0,0,20.656278,0.032034,0.085565,1.4205723999999984,3.6074245600000197,2025-10-06T20:00:03.290376Z,2025-10-06T19:59:59.992388Z,2025-10-06T13:30:00.098397Z,2025-10-06T13:30:00.026065Z,0,PRESENT_NONEMPTY,2025-10-06T20:00:00Z,2025-10-06T13:30:00Z,2025-10-06,447175,SOURCE_AVAILABLE,executed_at_and_created_at_timestamp,nanoseconds_normalized_from_arrow_unit,447175
False,AAPL,NO_TEMPORAL_ANOMALY_OBSERVED,74166,74164,74166,74166,74166,74166,0,0,8.216805,0.033484,0.0729275,0.135781,1.843015350000029,2025-10-07T20:00:00.071123Z,2025-10-07T19:59:59.962462Z,2025-10-07T13:30:00.100033Z,2025-10-07T13:30:00.013508Z,0,PRESENT_NONEMPTY,2025-10-07T20:00:00Z,2025-10-07T13:30:00Z,2025-10-07,74166,SOURCE_AVAILABLE,executed_at_and_created_at_timestamp,nanoseconds_normalized_from_arrow_unit,74166
False,AMZN,NO_TEMPORAL_ANOMALY_OBSERVED,93532,93532,93532,93532,93532,93532,0,0,13.417061,0.032717,0.074491,0.16645909999999994,3.497190420000002,2025-10-07T19:59:59.894033Z,2025-10-07T19:59:59.803922Z,2025-10-07T13:30:00.066237Z,2025-10-07T13:30:00.002829Z,0,PRESENT_NONEMPTY,2025-10-07T20:00:00Z,2025-10-07T13:30:00Z,2025-10-07,93532,SOURCE_AVAILABLE,executed_at_and_created_at_timestamp,nanoseconds_normalized_from_arrow_unit,93532
False,META,NO_TEMPORAL_ANOMALY_OBSERVED,89120,89102,89120,89120,89120,89120,0,0,25.274794,0.031644,0.0752825,0.285704,5.91665596,2025-10-07T20:00:09.176145Z,2025-10-07T19:59:59.897826Z,2025-10-07T13:30:00.589709Z,2025-10-07T13:30:00.395513Z,0,PRESENT_NONEMPTY,2025-10-07T20:00:00Z,2025-10-07T13:30:00Z,2025-10-07,89120,SOURCE_AVAILABLE,executed_at_and_created_at_timestamp,nanoseconds_normalized_from_arrow_unit,89120
False,MSFT,NO_TEMPORAL_ANOMALY_OBSERVED,60238,60238,60238,60238,60238,60238,0,0,5.538869,0.0321,0.07188649999999999,0.14569559999999984,2.39740824,2025-10-07T19:59:59.494509Z,2025-10-07T19:59:59.174660Z,2025-10-07T13:30:00.258439Z,2025-10-07T13:30:00.181169Z,0,PRESENT_NONEMPTY,2025-10-07T20:00:00Z,2025-10-07T13:30:00Z,2025-10-07,60238,SOURCE_AVAILABLE,executed_at_and_created_at_timestamp,nanoseconds_normalized_from_arrow_unit,60238
False,NVDA,NO_TEMPORAL_ANOMALY_OBSERVED,250968,250962,250968,250968,250968,250968,0,0,2.635059,0.031672,0.076423,0.19841824999999985,0.5565581999999994,2025-10-07T20:00:00.054066Z,2025-10-07T19:59:59.969396Z,2025-10-07T13:30:00.069154Z,2025-10-07T13:30:00.003601Z,0,PRESENT_NONEMPTY,2025-10-07T20:00:00Z,2025-10-07T13:30:00Z,2025-10-07,250968,SOURCE_AVAILABLE,executed_at_and_created_at_timestamp,nanoseconds_normalized_from_arrow_unit,250968
False,QQQ,NO_TEMPORAL_ANOMALY_OBSERVED,580164,580096,580164,580164,580164,580164,0,0,5.470227,0.032129,0.079463,0.3560922499999999,1.6869948999999995,2025-10-07T20:00:03.319712Z,2025-10-07T19:59:59.920098Z,2025-10-07T13:30:00.095037Z,2025-10-07T13:30:00.002583Z,0,PRESENT_NONEMPTY,2025-10-07T20:00:00Z,2025-10-07T13:30:00Z,2025-10-07,580164,SOURCE_AVAILABLE,executed_at_and_created_at_timestamp,nanoseconds_normalized_from_arrow_unit,580164
False,SPY,NO_TEMPORAL_ANOMALY_OBSERVED,980512,980267,980512,980512,980512,980512,0,0,6.804839,0.030756,0.084461,3.04249525,4.18584945,2025-10-07T20:00:03.178279Z,2025-10-07T19:59:59.956599Z,2025-10-07T13:30:00.068090Z,2025-10-07T13:30:00.002945Z,0,PRESENT_NONEMPTY,2025-10-07T20:00:00Z,2025-10-07T13:30:00Z,2025-10-07,980512,SOURCE_AVAILABLE,executed_at_and_created_at_timestamp,nanoseconds_normalized_from_arrow_unit,980512
False,TSLA,NO_TEMPORAL_ANOMALY_OBSERVED,518402,518152,518402,518402,518402,518402,0,0,27.57858,0.031928,0.088012,3.268942549999997,9.718334289999971,2025-10-07T20:00:03.894548Z,2025-10-07T19:59:59.982522Z,2025-10-07T13:30:00.159111Z,2025-10-07T13:30:00.010797Z,0,PRESENT_NONEMPTY,2025-10-07T20:00:00Z,2025-10-07T13:30:00Z,2025-10-07,518402,SOURCE_AVAILABLE,executed_at_and_created_at_timestamp,nanoseconds_normalized_from_arrow_unit,518402
False,AAPL,NO_TEMPORAL_ANOMALY_OBSERVED,82147,82147,82147,82147,82147,82147,0,0,16.628353,0.032646,0.075326,0.14794839999999998,2.2962992,2025-10-08T19:59:59.805343Z,2025-10-08T19:59:59.746897Z,2025-10-08T13:30:00.136431Z,2025-10-08T13:30:00.045292Z,0,PRESENT_NONEMPTY,2025-10-08T20:00:00Z,2025-10-08T13:30:00Z,2025-10-08,82147,SOURCE_AVAILABLE,executed_at_and_created_at_timestamp,nanoseconds_normalized_from_arrow_unit,82147
False,AMZN,NO_TEMPORAL_ANOMALY_OBSERVED,171582,171582,171582,171582,171582,171582,0,0,5.884195,0.032727,0.074328,0.13472274999999992,0.3065366600000012,2025-10-08T19:59:59.805343Z,2025-10-08T19:59:59.741951Z,2025-10-08T13:30:00.136431Z,2025-10-08T13:30:00.023292Z,0,PRESENT_NONEMPTY,2025-10-08T20:00:00Z,2025-10-08T13:30:00Z,2025-10-08,171582,SOURCE_AVAILABLE,executed_at_and_created_at_timestamp,nanoseconds_normalized_from_arrow_unit,171582
False,META,NO_TEMPORAL_ANOMALY_OBSERVED,94663,94662,94663,94663,94663,94663,0,0,13.49639,0.032291,0.073412,0.1326989,0.697873,2025-10-08T20:00:00.048424Z,2025-10-08T19:59:59.915430Z,2025-10-08T13:30:00.577406Z,2025-10-08T13:30:00.516510Z,0,PRESENT_NONEMPTY,2025-10-08T20:00:00Z,2025-10-08T13:30:00Z,2025-10-08,94663,SOURCE_AVAILABLE,executed_at_and_created_at_timestamp,nanoseconds_normalized_from_arrow_unit,94663
False,MSFT,NO_TEMPORAL_ANOMALY_OBSERVED,42546,42546,42546,42546,42546,42546,0,0,9.450741,0.031838,0.0724855,0.156797,2.840235700000006,2025-10-08T19:59:59.989262Z,2025-10-08T19:59:59.881474Z,2025-10-08T13:30:00.219663Z,2025-10-08T13:30:00.142365Z,0,PRESENT_NONEMPTY,2025-10-08T20:00:00Z,2025-10-08T13:30:00Z,2025-10-08,42546,SOURCE_AVAILABLE,executed_at_and_created_at_timestamp,nanoseconds_normalized_from_arrow_unit,42546
False,NVDA,NO_TEMPORAL_ANOMALY_OBSERVED,251406,251393,251406,251406,251406,251406,0,0,2.862794,0.032264,0.078829,0.18065750000000003,0.3755605500000036,2025-10-08T20:00:00.069904Z,2025-10-08T19:59:59.995959Z,2025-10-08T13:30:00.069608Z,2025-10-08T13:30:00.005243Z,0,PRESENT_NONEMPTY,2025-10-08T20:00:00Z,2025-10-08T13:30:00Z,2025-10-08,251406,SOURCE_AVAILABLE,executed_at_and_created_at_timestamp,nanoseconds_normalized_from_arrow_unit,251406
False,QQQ,NO_TEMPORAL_ANOMALY_OBSERVED,483461,483444,483461,483461,483461,483461,0,0,6.451847,0.03061,0.078473,0.58223,3.091047,2025-10-08T20:00:00.642391Z,2025-10-08T19:59:59.994560Z,2025-10-08T13:30:00.143750Z,2025-10-08T13:30:00.003007Z,0,PRESENT_NONEMPTY,2025-10-08T20:00:00Z,2025-10-08T13:30:00Z,2025-10-08,483461,SOURCE_AVAILABLE,executed_at_and_created_at_timestamp,nanoseconds_normalized_from_arrow_unit,483461
False,SPY,NO_TEMPORAL_ANOMALY_OBSERVED,768672,768432,768672,768672,768672,768672,0,0,7.141859,0.03078,0.077228,0.6185634999999995,3.18750374,2025-10-08T20:00:06.266666Z,2025-10-08T19:59:59.983073Z,2025-10-08T13:30:00.093570Z,2025-10-08T13:30:00.003070Z,0,PRESENT_NONEMPTY,2025-10-08T20:00:00Z,2025-10-08T13:30:00Z,2025-10-08,768672,SOURCE_AVAILABLE,executed_at_and_created_at_timestamp,nanoseconds_normalized_from_arrow_unit,768672
False,TSLA,NO_TEMPORAL_ANOMALY_OBSERVED,412792,412696,412792,412792,412792,412792,0,0,35.923444,0.030599,0.08524,2.479538849999997,5.922090439999957,2025-10-08T20:00:03.606058Z,2025-10-08T19:59:59.911551Z,2025-10-08T13:30:00.158765Z,2025-10-08T13:30:00.006543Z,0,PRESENT_NONEMPTY,2025-10-08T20:00:00Z,2025-10-08T13:30:00Z,2025-10-08,412792,SOURCE_AVAILABLE,executed_at_and_created_at_timestamp,nanoseconds_normalized_from_arrow_unit,412792
False,AAPL,NO_TEMPORAL_ANOMALY_OBSERVED,115825,115822,115825,115825,115825,115825,0,0,6.864165,0.031493,0.07067,0.13922479999999998,0.7629970399999905,2025-10-09T20:00:00.044370Z,2025-10-09T19:59:59.970393Z,2025-10-09T13:30:00.096340Z,2025-10-09T13:30:00.009522Z,0,PRESENT_NONEMPTY,2025-10-09T20:00:00Z,2025-10-09T13:30:00Z,2025-10-09,115825,SOURCE_AVAILABLE,executed_at_and_created_at_timestamp,nanoseconds_normalized_from_arrow_unit,115825
False,AMZN,NO_TEMPORAL_ANOMALY_OBSERVED,155965,155961,155965,155965,155965,155965,0,0,17.683159,0.032467,0.073935,0.15763619999999942,7.807158279999736,2025-10-09T20:00:00.026476Z,2025-10-09T19:59:59.924879Z,2025-10-09T13:30:00.349790Z,2025-10-09T13:30:00.011809Z,0,PRESENT_NONEMPTY,2025-10-09T20:00:00Z,2025-10-09T13:30:00Z,2025-10-09,155965,SOURCE_AVAILABLE,executed_at_and_created_at_timestamp,nanoseconds_normalized_from_arrow_unit,155965
False,META,NO_TEMPORAL_ANOMALY_OBSERVED,148959,148948,148959,148959,148959,148959,0,0,30.772536,0.031728,0.071884,0.1420321000000001,1.6470025800000179,2025-10-09T20:00:00.086252Z,2025-10-09T19:59:59.985656Z,2025-10-09T13:30:00.102255Z,2025-10-09T13:30:00.011655Z,0,PRESENT_NONEMPTY,2025-10-09T20:00:00Z,2025-10-09T13:30:00Z,2025-10-09,148959,SOURCE_AVAILABLE,executed_at_and_created_at_timestamp,nanoseconds_normalized_from_arrow_unit,148959
False,MSFT,NO_TEMPORAL_ANOMALY_OBSERVED,66763,66760,66763,66763,66763,66763,0,0,3.673421,0.032318,0.071274,0.14587089999999994,1.5009634000000014,2025-10-09T20:00:00.086252Z,2025-10-09T19:59:59.969912Z,2025-10-09T13:30:00.317612Z,2025-10-09T13:30:00.207596Z,0,PRESENT_NONEMPTY,2025-10-09T20:00:00Z,2025-10-09T13:30:00Z,2025-10-09,66763,SOURCE_AVAILABLE,executed_at_and_created_at_timestamp,nanoseconds_normalized_from_arrow_unit,66763
False,NVDA,NO_TEMPORAL_ANOMALY_OBSERVED,464011,464009,464011,464011,464011,464011,0,0,9.253388,0.031197,0.081377,0.652791,2.883043700000036,2025-10-09T20:00:00.054277Z,2025-10-09T19:59:59.811219Z,2025-10-09T13:30:00.067017Z,2025-10-09T13:30:00.005451Z,0,PRESENT_NONEMPTY,2025-10-09T20:00:00Z,2025-10-09T13:30:00Z,2025-10-09,464011,SOURCE_AVAILABLE,executed_at_and_created_at_timestamp,nanoseconds_normalized_from_arrow_unit,464011
False,QQQ,NO_TEMPORAL_ANOMALY_OBSERVED,515114,515050,515114,515114,515114,515114,0,0,7.116733,0.031887,0.076884,0.27640634999999997,1.495955789999998,2025-10-09T20:00:01.302490Z,2025-10-09T19:59:59.996757Z,2025-10-09T13:30:00.099513Z,2025-10-09T13:30:00.002522Z,0,PRESENT_NONEMPTY,2025-10-09T20:00:00Z,2025-10-09T13:30:00Z,2025-10-09,515114,SOURCE_AVAILABLE,executed_at_and_created_at_timestamp,nanoseconds_normalized_from_arrow_unit,515114
False,SPY,NO_TEMPORAL_ANOMALY_OBSERVED,925136,924683,925136,925136,925136,925136,0,0,7.950972,0.030924,0.080376,1.3962745,3.9372497500000008,2025-10-09T20:00:07.492896Z,2025-10-09T19:59:59.973790Z,2025-10-09T13:30:00.067795Z,2025-10-09T13:30:00.002753Z,0,PRESENT_NONEMPTY,2025-10-09T20:00:00Z,2025-10-09T13:30:00Z,2025-10-09,925136,SOURCE_AVAILABLE,executed_at_and_created_at_timestamp,nanoseconds_normalized_from_arrow_unit,925136
False,TSLA,NO_TEMPORAL_ANOMALY_OBSERVED,405105,405095,405105,405105,405105,405105,0,0,27.353802,0.031842,0.08149,1.7724379999999997,15.401910080000016,2025-10-09T20:00:00.146730Z,2025-10-09T19:59:59.909766Z,2025-10-09T13:30:00.131795Z,2025-10-09T13:30:00.052608Z,0,PRESENT_NONEMPTY,2025-10-09T20:00:00Z,2025-10-09T13:30:00Z,2025-10-09,405105,SOURCE_AVAILABLE,executed_at_and_created_at_timestamp,nanoseconds_normalized_from_arrow_unit,405105
False,AAPL,NO_TEMPORAL_ANOMALY_OBSERVED,177274,177274,177274,177274,177274,177274,0,0,16.003643,0.030666,0.072675,0.22059475000000014,2.017977089999999,2025-10-10T19:59:59.998222Z,2025-10-10T19:59:59.911378Z,2025-10-10T13:30:00.065663Z,2025-10-10T13:30:00.003655Z,0,PRESENT_NONEMPTY,2025-10-10T20:00:00Z,2025-10-10T13:30:00Z,2025-10-10,177274,SOURCE_AVAILABLE,executed_at_and_created_at_timestamp,nanoseconds_normalized_from_arrow_unit,177274
False,AMZN,NO_TEMPORAL_ANOMALY_OBSERVED,213156,213156,213156,213156,213156,213156,0,0,8.029545,0.031826,0.0764545,0.23956725,2.015696,2025-10-10T19:59:59.929348Z,2025-10-10T19:59:59.871769Z,2025-10-10T13:30:00.097729Z,2025-10-10T13:30:00.010259Z,0,PRESENT_NONEMPTY,2025-10-10T20:00:00Z,2025-10-10T13:30:00Z,2025-10-10,213156,SOURCE_AVAILABLE,executed_at_and_created_at_timestamp,nanoseconds_normalized_from_arrow_unit,213156
False,META,NO_TEMPORAL_ANOMALY_OBSERVED,141420,141418,141420,141420,141420,141420,0,0,29.676776,0.032282,0.075236,0.2774086999999989,7.078334999999976,2025-10-10T20:00:00.143668Z,2025-10-10T19:59:59.972158Z,2025-10-10T13:30:00.482641Z,2025-10-10T13:30:00.346559Z,0,PRESENT_NONEMPTY,2025-10-10T20:00:00Z,2025-10-10T13:30:00Z,2025-10-10,141420,SOURCE_AVAILABLE,executed_at_and_created_at_timestamp,nanoseconds_normalized_from_arrow_unit,141420
False,MSFT,NO_TEMPORAL_ANOMALY_OBSERVED,71407,71405,71407,71407,71407,71407,0,0,6.204057,0.031405,0.073732,0.224485,2.639867060000007,2025-10-10T20:00:00.052304Z,2025-10-10T19:59:59.909321Z,2025-10-10T13:30:00.368732Z,2025-10-10T13:30:00.163317Z,0,PRESENT_NONEMPTY,2025-10-10T20:00:00Z,2025-10-10T13:30:00Z,2025-10-10,71407,SOURCE_AVAILABLE,executed_at_and_created_at_timestamp,nanoseconds_normalized_from_arrow_unit,71407
False,NVDA,NO_TEMPORAL_ANOMALY_OBSERVED,565166,565152,565166,565166,565166,565166,0,0,7.533563,0.031057,0.0813,0.46527875,2.9208474999999985,2025-10-10T20:00:00.514743Z,2025-10-10T19:59:59.979746Z,2025-10-10T13:30:00.100334Z,2025-10-10T13:30:00.003289Z,0,PRESENT_NONEMPTY,2025-10-10T20:00:00Z,2025-10-10T13:30:00Z,2025-10-10,565166,SOURCE_AVAILABLE,executed_at_and_created_at_timestamp,nanoseconds_normalized_from_arrow_unit,565166
False,QQQ,NO_TEMPORAL_ANOMALY_OBSERVED,890912,890801,890912,890912,890912,890912,0,0,15.976274,0.031146,0.083568,1.7019136999999969,4.581889670000002,2025-10-10T20:00:02.204593Z,2025-10-10T19:59:59.991940Z,2025-10-10T13:30:00.066196Z,2025-10-10T13:30:00.002163Z,0,PRESENT_NONEMPTY,2025-10-10T20:00:00Z,2025-10-10T13:30:00Z,2025-10-10,890912,SOURCE_AVAILABLE,executed_at_and_created_at_timestamp,nanoseconds_normalized_from_arrow_unit,890912
False,SPY,NO_TEMPORAL_ANOMALY_OBSERVED,1509138,1508708,1509138,1509138,1509138,1509138,0,0,8.228262,0.029932,0.089759,3.33807315,4.282112049999985,2025-10-10T20:00:04.358045Z,2025-10-10T19:59:59.999808Z,2025-10-10T13:30:00.096172Z,2025-10-10T13:30:00.002377Z,0,PRESENT_NONEMPTY,2025-10-10T20:00:00Z,2025-10-10T13:30:00Z,2025-10-10,1509138,SOURCE_AVAILABLE,executed_at_and_created_at_timestamp,nanoseconds_normalized_from_arrow_unit,1509138
False,TSLA,NO_TEMPORAL_ANOMALY_OBSERVED,737456,737324,737456,737456,737456,737456,0,0,25.663878,0.031059,0.084855,0.676142,3.5192332499999757,2025-10-10T20:00:02.424326Z,2025-10-10T19:59:59.996311Z,2025-10-10T13:30:00.064587Z,2025-10-10T13:30:00.003494Z,0,PRESENT_NONEMPTY,2025-10-10T20:00:00Z,2025-10-10T13:30:00Z,2025-10-10,737456,SOURCE_AVAILABLE,executed_at_and_created_at_timestamp,nanoseconds_normalized_from_arrow_unit,737456
False,AAPL,NO_TEMPORAL_ANOMALY_OBSERVED,83602,83602,83602,83602,83602,83602,0,0,9.705734,0.031811,0.070863,0.18256609999999907,2.9087592500000006,2025-10-13T19:59:59.939501Z,2025-10-13T19:59:59.868564Z,2025-10-13T13:30:00.124192Z,2025-10-13T13:30:00.041876Z,0,PRESENT_NONEMPTY,2025-10-13T20:00:00Z,2025-10-13T13:30:00Z,2025-10-13,83602,SOURCE_AVAILABLE,executed_at_and_created_at_timestamp,nanoseconds_normalized_from_arrow_unit,83602
False,AMZN,NO_TEMPORAL_ANOMALY_OBSERVED,107768,107768,107768,107768,107768,107768,0,0,22.304105,0.031509,0.072338,0.18709079999999995,10.59451398,2025-10-13T19:59:59.842320Z,2025-10-13T19:59:59.783596Z,2025-10-13T13:30:00.167309Z,2025-10-13T13:30:00.007224Z,0,PRESENT_NONEMPTY,2025-10-13T20:00:00Z,2025-10-13T13:30:00Z,2025-10-13,107768,SOURCE_AVAILABLE,executed_at_and_created_at_timestamp,nanoseconds_normalized_from_arrow_unit,107768
False,META,NO_TEMPORAL_ANOMALY_OBSERVED,66227,66227,66227,66227,66227,66227,0,0,21.723024,0.032881,0.071726,0.15499489999999996,5.700215,2025-10-13T19:59:59.922823Z,2025-10-13T19:59:59.864329Z,2025-10-13T13:30:00.123633Z,2025-10-13T13:30:00.006611Z,0,PRESENT_NONEMPTY,2025-10-13T20:00:00Z,2025-10-13T13:30:00Z,2025-10-13,66227,SOURCE_AVAILABLE,executed_at_and_created_at_timestamp,nanoseconds_normalized_from_arrow_unit,66227
False,MSFT,NO_TEMPORAL_ANOMALY_OBSERVED,45493,45493,45493,45493,45493,45493,0,0,18.779409,0.032292,0.071649,0.1386252,5.661513800000184,2025-10-13T19:59:59.037192Z,2025-10-13T19:59:58.961086Z,2025-10-13T13:30:00.384062Z,2025-10-13T13:30:00.237730Z,0,PRESENT_NONEMPTY,2025-10-13T20:00:00Z,2025-10-13T13:30:00Z,2025-10-13,45493,SOURCE_AVAILABLE,executed_at_and_created_at_timestamp,nanoseconds_normalized_from_arrow_unit,45493
False,NVDA,NO_TEMPORAL_ANOMALY_OBSERVED,231384,231384,231384,231384,231384,231384,0,0,5.220913,0.031495,0.074743,0.2528306999999999,2.0115591199999683,2025-10-13T19:59:59.872107Z,2025-10-13T19:59:59.818908Z,2025-10-13T13:30:00.097666Z,2025-10-13T13:30:00.003391Z,0,PRESENT_NONEMPTY,2025-10-13T20:00:00Z,2025-10-13T13:30:00Z,2025-10-13,231384,SOURCE_AVAILABLE,executed_at_and_created_at_timestamp,nanoseconds_normalized_from_arrow_unit,231384
False,QQQ,NO_TEMPORAL_ANOMALY_OBSERVED,548888,548884,548888,548888,548888,548888,0,0,5.923886,0.031255,0.074669,0.2311428999999998,1.8255144300000004,2025-10-13T20:00:00.165279Z,2025-10-13T19:59:59.969730Z,2025-10-13T13:30:00.070612Z,2025-10-13T13:30:00.002371Z,0,PRESENT_NONEMPTY,2025-10-13T20:00:00Z,2025-10-13T13:30:00Z,2025-10-13,548888,SOURCE_AVAILABLE,executed_at_and_created_at_timestamp,nanoseconds_normalized_from_arrow_unit,548888
False,SPY,NO_TEMPORAL_ANOMALY_OBSERVED,853545,853354,853545,853545,853545,853545,0,0,8.310207,0.031011,0.077368,0.9872199999999975,3.752347759999999,2025-10-13T20:00:04.182004Z,2025-10-13T19:59:59.984069Z,2025-10-13T13:30:00.046256Z,2025-10-13T13:30:00.003999Z,0,PRESENT_NONEMPTY,2025-10-13T20:00:00Z,2025-10-13T13:30:00Z,2025-10-13,853545,SOURCE_AVAILABLE,executed_at_and_created_at_timestamp,nanoseconds_normalized_from_arrow_unit,853545
False,TSLA,NO_TEMPORAL_ANOMALY_OBSERVED,367211,367165,367211,367211,367211,367211,0,0,22.232772,0.031942,0.080136,0.4476905,3.2337822000001495,2025-10-13T20:00:01.632540Z,2025-10-13T19:59:59.949193Z,2025-10-13T13:30:00.115876Z,2025-10-13T13:30:00.058537Z,0,PRESENT_NONEMPTY,2025-10-13T20:00:00Z,2025-10-13T13:30:00Z,2025-10-13,367211,SOURCE_AVAILABLE,executed_at_and_created_at_timestamp,nanoseconds_normalized_from_arrow_unit,367211
False,AAPL,NO_TEMPORAL_ANOMALY_OBSERVED,85671,85671,85671,85671,85671,85671,0,0,8.122621,0.032232,0.071714,0.203524,2.5063264,2025-10-14T19:59:59.560953Z,2025-10-14T19:59:59.493590Z,2025-10-14T13:30:00.094072Z,2025-10-14T13:30:00.003925Z,0,PRESENT_NONEMPTY,2025-10-14T20:00:00Z,2025-10-14T13:30:00Z,2025-10-14,85671,SOURCE_AVAILABLE,executed_at_and_created_at_timestamp,nanoseconds_normalized_from_arrow_unit,85671
False,AMZN,NO_TEMPORAL_ANOMALY_OBSERVED,130512,130512,130512,130512,130512,130512,0,0,11.845085,0.031885,0.073415,0.23236569999999998,5.091302049999999,2025-10-14T19:59:59.802896Z,2025-10-14T19:59:59.732079Z,2025-10-14T13:30:00.070860Z,2025-10-14T13:30:00.005184Z,0,PRESENT_NONEMPTY,2025-10-14T20:00:00Z,2025-10-14T13:30:00Z,2025-10-14,130512,SOURCE_AVAILABLE,executed_at_and_created_at_timestamp,nanoseconds_normalized_from_arrow_unit,130512
False,META,NO_TEMPORAL_ANOMALY_OBSERVED,67918,67918,67918,67918,67918,67918,0,0,27.986688,0.031767,0.071679,0.19995104999999994,13.88252915,2025-10-14T19:59:59.831378Z,2025-10-14T19:59:59.739418Z,2025-10-14T13:30:00.204672Z,2025-10-14T13:30:00.022250Z,0,PRESENT_NONEMPTY,2025-10-14T20:00:00Z,2025-10-14T13:30:00Z,2025-10-14,67918,SOURCE_AVAILABLE,executed_at_and_created_at_timestamp,nanoseconds_normalized_from_arrow_unit,67918
False,MSFT,NO_TEMPORAL_ANOMALY_OBSERVED,45540,45540,45540,45540,45540,45540,0,0,8.555824,0.031992,0.0705905,0.16168854999999996,2.98018535,2025-10-14T19:59:59.731088Z,2025-10-14T19:59:59.614751Z,2025-10-14T13:30:00.320202Z,2025-10-14T13:30:00.228512Z,0,PRESENT_NONEMPTY,2025-10-14T20:00:00Z,2025-10-14T13:30:00Z,2025-10-14,45540,SOURCE_AVAILABLE,executed_at_and_created_at_timestamp,nanoseconds_normalized_from_arrow_unit,45540
False,NVDA,NO_TEMPORAL_ANOMALY_OBSERVED,338652,338644,338652,338652,338652,338652,0,0,4.932952,0.031263,0.077103,0.5083695000000008,2.4365985799999996,2025-10-14T20:00:00.187439Z,2025-10-14T19:59:59.933665Z,2025-10-14T13:30:00.103945Z,2025-10-14T13:30:00.005666Z,0,PRESENT_NONEMPTY,2025-10-14T20:00:00Z,2025-10-14T13:30:00Z,2025-10-14,338652,SOURCE_AVAILABLE,executed_at_and_created_at_timestamp,nanoseconds_normalized_from_arrow_unit,338652
False,QQQ,NO_TEMPORAL_ANOMALY_OBSERVED,681165,681145,681165,681165,681165,681165,0,0,31.38259,0.031323,0.079051,0.6498337999999996,5.774847079999976,2025-10-14T20:00:01.536414Z,2025-10-14T19:59:59.875344Z,2025-10-14T13:30:00.097469Z,2025-10-14T13:30:00.002742Z,0,PRESENT_NONEMPTY,2025-10-14T20:00:00Z,2025-10-14T13:30:00Z,2025-10-14,681165,SOURCE_AVAILABLE,executed_at_and_created_at_timestamp,nanoseconds_normalized_from_arrow_unit,681165
False,SPY,NO_TEMPORAL_ANOMALY_OBSERVED,1217007,1216713,1217007,1217007,1217007,1217007,0,0,21.764487,0.031386,0.092042,4.030861499999999,6.060727939999992,2025-10-14T20:00:10.899906Z,2025-10-14T19:59:59.993554Z,2025-10-14T13:30:00.102255Z,2025-10-14T13:30:00.002995Z,0,PRESENT_NONEMPTY,2025-10-14T20:00:00Z,2025-10-14T13:30:00Z,2025-10-14,1217007,SOURCE_AVAILABLE,executed_at_and_created_at_timestamp,nanoseconds_normalized_from_arrow_unit,1217007
False,TSLA,NO_TEMPORAL_ANOMALY_OBSERVED,355835,355801,355835,355835,355835,355835,0,0,55.789495,0.032043,0.086152,1.2027130999999966,27.413202039999998,2025-10-14T20:00:01.151846Z,2025-10-14T19:59:59.998816Z,2025-10-14T13:30:00.155918Z,2025-10-14T13:30:00.004672Z,0,PRESENT_NONEMPTY,2025-10-14T20:00:00Z,2025-10-14T13:30:00Z,2025-10-14,355835,SOURCE_AVAILABLE,executed_at_and_created_at_timestamp,nanoseconds_normalized_from_arrow_unit,355835
False,AAPL,NO_TEMPORAL_ANOMALY_OBSERVED,91900,91895,91900,91900,91900,91900,0,0,10.517532,0.031016,0.072553,0.194667,1.0945250499999999,2025-10-15T20:00:00.030215Z,2025-10-15T19:59:59.909240Z,2025-10-15T13:30:00.099914Z,2025-10-15T13:30:00.003802Z,0,PRESENT_NONEMPTY,2025-10-15T20:00:00Z,2025-10-15T13:30:00Z,2025-10-15,91900,SOURCE_AVAILABLE,executed_at_and_created_at_timestamp,nanoseconds_normalized_from_arrow_unit,91900
False,AMZN,NO_TEMPORAL_ANOMALY_OBSERVED,124975,124973,124975,124975,124975,124975,0,0,18.210562,0.031681,0.073461,0.1762209999999999,1.87666394,2025-10-15T20:00:00.061052Z,2025-10-15T19:59:59.943857Z,2025-10-15T13:30:00.068073Z,2025-10-15T13:30:00.006911Z,0,PRESENT_NONEMPTY,2025-10-15T20:00:00Z,2025-10-15T13:30:00Z,2025-10-15,124975,SOURCE_AVAILABLE,executed_at_and_created_at_timestamp,nanoseconds_normalized_from_arrow_unit,124975
False,META,NO_TEMPORAL_ANOMALY_OBSERVED,75652,75650,75652,75652,75652,75652,0,0,24.940041,0.031955,0.07137450000000001,0.17252509999999996,2.7074070800000585,2025-10-15T20:00:00.206265Z,2025-10-15T19:59:59.990984Z,2025-10-15T13:30:00.136321Z,2025-10-15T13:30:00.038046Z,0,PRESENT_NONEMPTY,2025-10-15T20:00:00Z,2025-10-15T13:30:00Z,2025-10-15,75652,SOURCE_AVAILABLE,executed_at_and_created_at_timestamp,nanoseconds_normalized_from_arrow_unit,75652
False,MSFT,NO_TEMPORAL_ANOMALY_OBSERVED,37712,37711,37712,37712,37712,37712,0,0,6.554662,0.032117,0.0713635,0.14938849999999984,1.012667,2025-10-15T20:00:00.206265Z,2025-10-15T19:59:59.991030Z,2025-10-15T13:30:00.136321Z,2025-10-15T13:30:00.081999Z,0,PRESENT_NONEMPTY,2025-10-15T20:00:00Z,2025-10-15T13:30:00Z,2025-10-15,37712,SOURCE_AVAILABLE,executed_at_and_created_at_timestamp,nanoseconds_normalized_from_arrow_unit,37712
False,NVDA,NO_TEMPORAL_ANOMALY_OBSERVED,355593,355593,355593,355593,355593,355593,0,0,4.981466,0.031514,0.075822,0.30659099999999984,1.2811443200000225,2025-10-15T19:59:59.940760Z,2025-10-15T19:59:59.813529Z,2025-10-15T13:30:00.070651Z,2025-10-15T13:30:00.004630Z,0,PRESENT_NONEMPTY,2025-10-15T20:00:00Z,2025-10-15T13:30:00Z,2025-10-15,355593,SOURCE_AVAILABLE,executed_at_and_created_at_timestamp,nanoseconds_normalized_from_arrow_unit,355593
False,QQQ,NO_TEMPORAL_ANOMALY_OBSERVED,739390,739347,739390,739390,739390,739390,0,0,7.427397,0.031869,0.078313,0.34061809999999987,2.22204855,2025-10-15T20:00:01.568531Z,2025-10-15T19:59:59.988743Z,2025-10-15T13:30:00.069690Z,2025-10-15T13:30:00.002650Z,0,PRESENT_NONEMPTY,2025-10-15T20:00:00Z,2025-10-15T13:30:00Z,2025-10-15,739390,SOURCE_AVAILABLE,executed_at_and_created_at_timestamp,nanoseconds_normalized_from_arrow_unit,739390
False,SPY,NO_TEMPORAL_ANOMALY_OBSERVED,1370141,1369778,1370141,1370141,1370141,1370141,0,0,16.579337,0.031323,0.083815,2.480577,3.950171000000003,2025-10-15T20:00:05.279367Z,2025-10-15T19:59:59.986656Z,2025-10-15T13:30:00.068061Z,2025-10-15T13:30:00.003045Z,0,PRESENT_NONEMPTY,2025-10-15T20:00:00Z,2025-10-15T13:30:00Z,2025-10-15,1370141,SOURCE_AVAILABLE,executed_at_and_created_at_timestamp,nanoseconds_normalized_from_arrow_unit,1370141
False,TSLA,NO_TEMPORAL_ANOMALY_OBSERVED,384659,384614,384659,384659,384659,384659,0,0,23.209617,0.031978,0.082202,0.5760837999999989,3.644458779999999,2025-10-15T20:00:01.992151Z,2025-10-15T19:59:59.961527Z,2025-10-15T13:30:00.108158Z,2025-10-15T13:30:00.002718Z,0,PRESENT_NONEMPTY,2025-10-15T20:00:00Z,2025-10-15T13:30:00Z,2025-10-15,384659,SOURCE_AVAILABLE,executed_at_and_created_at_timestamp,nanoseconds_normalized_from_arrow_unit,384659
False,AAPL,NO_TEMPORAL_ANOMALY_OBSERVED,106545,106545,106545,106545,106545,106545,0,0,22.818208,0.031889,0.072806,0.18119,9.251862,2025-10-16T19:59:59.878175Z,2025-10-16T19:59:59.835842Z,2025-10-16T13:30:00.096863Z,2025-10-16T13:30:00.008467Z,0,PRESENT_NONEMPTY,2025-10-16T20:00:00Z,2025-10-16T13:30:00Z,2025-10-16,106545,SOURCE_AVAILABLE,executed_at_and_created_at_timestamp,nanoseconds_normalized_from_arrow_unit,106545
False,AMZN,NO_TEMPORAL_ANOMALY_OBSERVED,135023,135023,135023,135023,135023,135023,0,0,7.008263,0.032558,0.073747,0.18623819999999994,0.7264369599999992,2025-10-16T19:59:59.955098Z,2025-10-16T19:59:59.880755Z,2025-10-16T13:30:00.134729Z,2025-10-16T13:30:00.006066Z,0,PRESENT_NONEMPTY,2025-10-16T20:00:00Z,2025-10-16T13:30:00Z,2025-10-16,135023,SOURCE_AVAILABLE,executed_at_and_created_at_timestamp,nanoseconds_normalized_from_arrow_unit,135023
False,META,NO_TEMPORAL_ANOMALY_OBSERVED,84865,84864,84865,84865,84865,84865,0,0,16.067305,0.032388,0.07312,0.17717380000000013,1.75916,2025-10-16T20:00:00.021784Z,2025-10-16T19:59:59.837728Z,2025-10-16T13:30:00.357709Z,2025-10-16T13:30:00.241628Z,0,PRESENT_NONEMPTY,2025-10-16T20:00:00Z,2025-10-16T13:30:00Z,2025-10-16,84865,SOURCE_AVAILABLE,executed_at_and_created_at_timestamp,nanoseconds_normalized_from_arrow_unit,84865
False,MSFT,NO_TEMPORAL_ANOMALY_OBSERVED,50796,50796,50796,50796,50796,50796,0,0,5.999959,0.032433,0.072713,0.224442,1.216813500000038,2025-10-16T19:59:59.801579Z,2025-10-16T19:59:59.699956Z,2025-10-16T13:30:00.096528Z,2025-10-16T13:30:00.006683Z,0,PRESENT_NONEMPTY,2025-10-16T20:00:00Z,2025-10-16T13:30:00Z,2025-10-16,50796,SOURCE_AVAILABLE,executed_at_and_created_at_timestamp,nanoseconds_normalized_from_arrow_unit,50796
False,NVDA,NO_TEMPORAL_ANOMALY_OBSERVED,289199,289199,289199,289199,289199,289199,0,0,6.082482,0.031282,0.07681,0.3205751,2.242124100000004,2025-10-16T19:59:59.773103Z,2025-10-16T19:59:59.663265Z,2025-10-16T13:30:00.066811Z,2025-10-16T13:30:00.004123Z,0,PRESENT_NONEMPTY,2025-10-16T20:00:00Z,2025-10-16T13:30:00Z,2025-10-16,289199,SOURCE_AVAILABLE,executed_at_and_created_at_timestamp,nanoseconds_normalized_from_arrow_unit,289199
False,QQQ,NO_TEMPORAL_ANOMALY_OBSERVED,836448,836427,836448,836448,836448,836448,0,0,10.647657,0.031837,0.081546,0.39170189999999944,2.016698,2025-10-16T20:00:00.745406Z,2025-10-16T19:59:59.827241Z,2025-10-16T13:30:00.096642Z,2025-10-16T13:30:00.002141Z,0,PRESENT_NONEMPTY,2025-10-16T20:00:00Z,2025-10-16T13:30:00Z,2025-10-16,836448,SOURCE_AVAILABLE,executed_at_and_created_at_timestamp,nanoseconds_normalized_from_arrow_unit,836448
False,SPY,NO_TEMPORAL_ANOMALY_OBSERVED,1525814,1525540,1525814,1525814,1525814,1525814,0,0,9.971477,0.03175,0.104708,3.099839599999998,3.9224936999999986,2025-10-16T20:00:05.048746Z,2025-10-16T19:59:59.987751Z,2025-10-16T13:30:00.066695Z,2025-10-16T13:30:00.004676Z,0,PRESENT_NONEMPTY,2025-10-16T20:00:00Z,2025-10-16T13:30:00Z,2025-10-16,1525814,SOURCE_AVAILABLE,executed_at_and_created_at_timestamp,nanoseconds_normalized_from_arrow_unit,1525814
False,TSLA,NO_TEMPORAL_ANOMALY_OBSERVED,451311,451281,451311,451311,451311,451311,0,0,45.16849,0.032418,0.089425,1.6098145000000001,34.682524900000146,2025-10-16T20:00:01.612032Z,2025-10-16T19:59:59.997061Z,2025-10-16T13:30:00.098416Z,2025-10-16T13:30:00.002980Z,0,PRESENT_NONEMPTY,2025-10-16T20:00:00Z,2025-10-16T13:30:00Z,2025-10-16,451311,SOURCE_AVAILABLE,executed_at_and_created_at_timestamp,nanoseconds_normalized_from_arrow_unit,451311
False,AAPL,NO_TEMPORAL_ANOMALY_OBSERVED,147834,147833,147834,147834,147834,147834,0,0,13.314946,0.032373,0.070959,0.13669915000000005,0.347227,2025-10-17T20:00:00.070833Z,2025-10-17T19:59:59.988770Z,2025-10-17T13:30:00.099099Z,2025-10-17T13:30:00.019290Z,0,PRESENT_NONEMPTY,2025-10-17T20:00:00Z,2025-10-17T13:30:00Z,2025-10-17,147834,SOURCE_AVAILABLE,executed_at_and_created_at_timestamp,nanoseconds_normalized_from_arrow_unit,147834
False,AMZN,NO_TEMPORAL_ANOMALY_OBSERVED,151727,151727,151727,151727,151727,151727,0,0,4.513637,0.031824,0.070962,0.15005679999999977,0.3243203599999985,2025-10-17T19:59:59.796913Z,2025-10-17T19:59:59.722026Z,2025-10-17T13:30:00.099099Z,2025-10-17T13:30:00.006191Z,0,PRESENT_NONEMPTY,2025-10-17T20:00:00Z,2025-10-17T13:30:00Z,2025-10-17,151727,SOURCE_AVAILABLE,executed_at_and_created_at_timestamp,nanoseconds_normalized_from_arrow_unit,151727
False,META,NO_TEMPORAL_ANOMALY_OBSERVED,85863,85862,85863,85863,85863,85863,0,0,27.712949,0.031504,0.072967,0.1646819,0.9787019200000002,2025-10-17T20:00:00.032651Z,2025-10-17T19:59:59.800728Z,2025-10-17T13:30:00.245339Z,2025-10-17T13:30:00.152100Z,0,PRESENT_NONEMPTY,2025-10-17T20:00:00Z,2025-10-17T13:30:00Z,2025-10-17,85863,SOURCE_AVAILABLE,executed_at_and_created_at_timestamp,nanoseconds_normalized_from_arrow_unit,85863
False,MSFT,NO_TEMPORAL_ANOMALY_OBSERVED,60408,60405,60408,60408,60408,60408,0,0,31.239222,0.032115,0.07136100000000001,0.17988054999999972,0.858576,2025-10-17T20:00:00.167458Z,2025-10-17T19:59:59.955066Z,2025-10-17T13:30:00.718387Z,2025-10-17T13:30:00.433374Z,0,PRESENT_NONEMPTY,2025-10-17T20:00:00Z,2025-10-17T13:30:00Z,2025-10-17,60408,SOURCE_AVAILABLE,executed_at_and_created_at_timestamp,nanoseconds_normalized_from_arrow_unit,60408
False,NVDA,NO_TEMPORAL_ANOMALY_OBSERVED,349623,349610,349623,349623,349623,349623,0,0,3.909362,0.031748,0.074279,0.22184249999999983,0.5388364799999995,2025-10-17T20:00:00.544070Z,2025-10-17T19:59:59.991174Z,2025-10-17T13:30:00.097874Z,2025-10-17T13:30:00.003897Z,0,PRESENT_NONEMPTY,2025-10-17T20:00:00Z,2025-10-17T13:30:00Z,2025-10-17,349623,SOURCE_AVAILABLE,executed_at_and_created_at_timestamp,nanoseconds_normalized_from_arrow_unit,349623
False,QQQ,NO_TEMPORAL_ANOMALY_OBSERVED,710081,710028,710081,710081,710081,710081,0,0,8.681566,0.031142,0.07669,0.244806,1.6816495999999996,2025-10-17T20:00:01.168251Z,2025-10-17T19:59:59.955412Z,2025-10-17T13:30:00.133972Z,2025-10-17T13:30:00.002200Z,0,PRESENT_NONEMPTY,2025-10-17T20:00:00Z,2025-10-17T13:30:00Z,2025-10-17,710081,SOURCE_AVAILABLE,executed_at_and_created_at_timestamp,nanoseconds_normalized_from_arrow_unit,710081
False,SPY,NO_TEMPORAL_ANOMALY_OBSERVED,1250834,1250379,1250834,1250834,1250834,1250834,0,0,11.450182,0.030897,0.085706,3.0346143499999942,4.175649,2025-10-17T20:00:06.981313Z,2025-10-17T19:59:59.988634Z,2025-10-17T13:30:00.096087Z,2025-10-17T13:30:00.002978Z,0,PRESENT_NONEMPTY,2025-10-17T20:00:00Z,2025-10-17T13:30:00Z,2025-10-17,1250834,SOURCE_AVAILABLE,executed_at_and_created_at_timestamp,nanoseconds_normalized_from_arrow_unit,1250834
False,TSLA,NO_TEMPORAL_ANOMALY_OBSERVED,656360,656292,656360,656360,656360,656360,0,0,36.555163,0.031872,0.087398,0.9921265999999964,3.9381104500000017,2025-10-17T20:00:01.966460Z,2025-10-17T19:59:59.977884Z,2025-10-17T13:30:00.141248Z,2025-10-17T13:30:00.003995Z,0,PRESENT_NONEMPTY,2025-10-17T20:00:00Z,2025-10-17T13:30:00Z,2025-10-17,656360,SOURCE_AVAILABLE,executed_at_and_created_at_timestamp,nanoseconds_normalized_from_arrow_unit,656360
False,AAPL,RECORD_CREATION_DELAY_OBSERVED_PROVIDER_CAUSE_UNRESOLVED,253880,63986,253880,253880,253880,253880,253880,242317,22629.082676,2707.728962,18003.8767295,22539.1963343,22608.18894758,2025-10-20T20:47:51.987182Z,2025-10-20T19:59:59.996997Z,2025-10-20T19:46:47.167207Z,2025-10-20T13:30:00.004881Z,0,PRESENT_NONEMPTY,2025-10-20T20:00:00Z,2025-10-20T13:30:00Z,2025-10-20,253880,RECORD_CREATION_DELAY_OBSERVED,executed_at_and_created_at_timestamp,nanoseconds_normalized_from_arrow_unit,253880
False,AMZN,RECORD_CREATION_DELAY_OBSERVED_PROVIDER_CAUSE_UNRESOLVED,123784,13009,123784,123784,123784,123784,123784,122258,22829.285475,2660.000801,17796.5770265,22707.06228625,22815.456173,2025-10-20T21:03:39.125646Z,2025-10-20T19:59:59.965781Z,2025-10-20T19:45:36.139775Z,2025-10-20T13:30:00.050661Z,0,PRESENT_NONEMPTY,2025-10-20T20:00:00Z,2025-10-20T13:30:00Z,2025-10-20,123784,RECORD_CREATION_DELAY_OBSERVED,executed_at_and_created_at_timestamp,nanoseconds_normalized_from_arrow_unit,123784
False,META,RECORD_CREATION_DELAY_OBSERVED_PROVIDER_CAUSE_UNRESOLVED,74551,19490,74551,74551,74551,74551,74551,72529,22543.251198,2915.795868,18678.479111,22400.5230505,22519.087343,2025-10-20T20:50:18.573892Z,2025-10-20T19:59:59.923926Z,2025-10-20T19:45:42.271910Z,2025-10-20T13:30:00.539165Z,0,PRESENT_NONEMPTY,2025-10-20T20:00:00Z,2025-10-20T13:30:00Z,2025-10-20,74551,RECORD_CREATION_DELAY_OBSERVED,executed_at_and_created_at_timestamp,nanoseconds_normalized_from_arrow_unit,74551
False,MSFT,RECORD_CREATION_DELAY_OBSERVED_PROVIDER_CAUSE_UNRESOLVED,43348,9364,43348,43348,43348,43348,43348,40887,22567.168464,2562.485214,16823.5332365,22380.170866,22561.3824443,2025-10-20T20:47:36.402123Z,2025-10-20T19:59:58.799267Z,2025-10-20T19:46:04.009732Z,2025-10-20T13:30:00.057075Z,0,PRESENT_NONEMPTY,2025-10-20T20:00:00Z,2025-10-20T13:30:00Z,2025-10-20,43348,RECORD_CREATION_DELAY_OBSERVED,executed_at_and_created_at_timestamp,nanoseconds_normalized_from_arrow_unit,43348
False,NVDA,RECORD_CREATION_DELAY_OBSERVED_PROVIDER_CAUSE_UNRESOLVED,209751,55785,209751,209751,209751,209751,209751,198858,22628.631971,2071.545456,17913.819313,22495.076479,22604.833301500003,2025-10-20T20:46:01.026328Z,2025-10-20T19:59:59.849781Z,2025-10-20T19:46:54.290842Z,2025-10-20T13:30:00.004367Z,0,PRESENT_NONEMPTY,2025-10-20T20:00:00Z,2025-10-20T13:30:00Z,2025-10-20,209751,RECORD_CREATION_DELAY_OBSERVED,executed_at_and_created_at_timestamp,nanoseconds_normalized_from_arrow_unit,209751
False,QQQ,RECORD_CREATION_DELAY_OBSERVED_PROVIDER_CAUSE_UNRESOLVED,483296,81174,483296,483296,483296,483296,483296,475921,22829.8626,2780.055304,17370.708647,22558.270588749998,22773.2682969,2025-10-20T21:03:06.532761Z,2025-10-20T19:59:59.973879Z,2025-10-20T19:46:55.004187Z,2025-10-20T13:30:00.002772Z,0,PRESENT_NONEMPTY,2025-10-20T20:00:00Z,2025-10-20T13:30:00Z,2025-10-20,483296,RECORD_CREATION_DELAY_OBSERVED,executed_at_and_created_at_timestamp,nanoseconds_normalized_from_arrow_unit,483296
False,SPY,RECORD_CREATION_DELAY_OBSERVED_PROVIDER_CAUSE_UNRESOLVED,828930,146436,828930,828930,828930,828930,828930,788934,22842.328357,981.484203,16811.439770999998,22437.8422403,22620.88135119,2025-10-20T20:58:08.987739Z,2025-10-20T19:59:59.977465Z,2025-10-20T19:46:57.440714Z,2025-10-20T13:30:00.002454Z,0,PRESENT_NONEMPTY,2025-10-20T20:00:00Z,2025-10-20T13:30:00Z,2025-10-20,828930,RECORD_CREATION_DELAY_OBSERVED,executed_at_and_created_at_timestamp,nanoseconds_normalized_from_arrow_unit,828930
False,TSLA,RECORD_CREATION_DELAY_OBSERVED_PROVIDER_CAUSE_UNRESOLVED,258417,19043,258417,258417,258417,258417,258417,258417,23995.22314,3633.275817,19633.133927,23541.0977928,23962.71059028,2025-10-20T21:12:28.188565Z,2025-10-20T19:59:59.933001Z,2025-10-20T19:47:09.493976Z,2025-10-20T13:30:00.004107Z,0,PRESENT_NONEMPTY,2025-10-20T20:00:00Z,2025-10-20T13:30:00Z,2025-10-20,258417,RECORD_CREATION_DELAY_OBSERVED,executed_at_and_created_at_timestamp,nanoseconds_normalized_from_arrow_unit,258417
False,AAPL,NO_TEMPORAL_ANOMALY_OBSERVED,168612,168609,168612,168612,168612,168612,0,0,13.23293,0.031112,0.070266,0.14549549999999983,2.7347298199999477,2025-10-21T20:00:00.107910Z,2025-10-21T19:59:59.990876Z,2025-10-21T13:30:00.235614Z,2025-10-21T13:30:00.004895Z,0,PRESENT_NONEMPTY,2025-10-21T20:00:00Z,2025-10-21T13:30:00Z,2025-10-21,168612,SOURCE_AVAILABLE,executed_at_and_created_at_timestamp,nanoseconds_normalized_from_arrow_unit,168612
False,AMZN,NO_TEMPORAL_ANOMALY_OBSERVED,192687,192687,192687,192687,192687,192687,0,0,12.250366,0.031843,0.072249,0.143655,2.3888464999999113,2025-10-21T19:59:59.942427Z,2025-10-21T19:59:59.881378Z,2025-10-21T13:30:00.070784Z,2025-10-21T13:30:00.006634Z,0,PRESENT_NONEMPTY,2025-10-21T20:00:00Z,2025-10-21T13:30:00Z,2025-10-21,192687,SOURCE_AVAILABLE,executed_at_and_created_at_timestamp,nanoseconds_normalized_from_arrow_unit,192687
False,META,NO_TEMPORAL_ANOMALY_OBSERVED,56765,56764,56765,56765,56765,56765,0,0,11.054546,0.032755,0.069571,0.13476459999999968,7.892976080000006,2025-10-21T20:00:00.161180Z,2025-10-21T19:59:59.992234Z,2025-10-21T13:30:00.399162Z,2025-10-21T13:30:00.272151Z,0,PRESENT_NONEMPTY,2025-10-21T20:00:00Z,2025-10-21T13:30:00Z,2025-10-21,56765,SOURCE_AVAILABLE,executed_at_and_created_at_timestamp,nanoseconds_normalized_from_arrow_unit,56765
False,MSFT,NO_TEMPORAL_ANOMALY_OBSERVED,45574,45570,45574,45574,45574,45574,0,0,9.195441,0.031708,0.068851,0.12858189999999994,0.8607467799999946,2025-10-21T20:00:00.161180Z,2025-10-21T19:59:59.993907Z,2025-10-21T13:30:00.399162Z,2025-10-21T13:30:00.242029Z,0,PRESENT_NONEMPTY,2025-10-21T20:00:00Z,2025-10-21T13:30:00Z,2025-10-21,45574,SOURCE_AVAILABLE,executed_at_and_created_at_timestamp,nanoseconds_normalized_from_arrow_unit,45574
False,NVDA,NO_TEMPORAL_ANOMALY_OBSERVED,222621,222575,222621,222621,222621,222621,0,0,4.751307,0.031428,0.07166,0.168664,0.442377,2025-10-21T20:00:00.150020Z,2025-10-21T19:59:59.974218Z,2025-10-21T13:30:00.068835Z,2025-10-21T13:30:00.002943Z,0,PRESENT_NONEMPTY,2025-10-21T20:00:00Z,2025-10-21T13:30:00Z,2025-10-21,222621,SOURCE_AVAILABLE,executed_at_and_created_at_timestamp,nanoseconds_normalized_from_arrow_unit,222621
False,QQQ,NO_TEMPORAL_ANOMALY_OBSERVED,543574,543569,543574,543574,543574,543574,0,0,6.929382,0.031138,0.072473,0.1678851499999998,0.47539889000000013,2025-10-21T20:00:00.181326Z,2025-10-21T19:59:59.938729Z,2025-10-21T13:30:00.098258Z,2025-10-21T13:30:00.005035Z,0,PRESENT_NONEMPTY,2025-10-21T20:00:00Z,2025-10-21T13:30:00Z,2025-10-21,543574,SOURCE_AVAILABLE,executed_at_and_created_at_timestamp,nanoseconds_normalized_from_arrow_unit,543574
False,SPY,NO_TEMPORAL_ANOMALY_OBSERVED,954561,954212,954561,954561,954561,954561,0,0,7.5366,0.031543,0.074342,0.438605,2.4428044000000138,2025-10-21T20:00:05.276867Z,2025-10-21T19:59:59.987707Z,2025-10-21T13:30:00.098631Z,2025-10-21T13:30:00.004602Z,0,PRESENT_NONEMPTY,2025-10-21T20:00:00Z,2025-10-21T13:30:00Z,2025-10-21,954561,SOURCE_AVAILABLE,executed_at_and_created_at_timestamp,nanoseconds_normalized_from_arrow_unit,954561
False,TSLA,NO_TEMPORAL_ANOMALY_OBSERVED,214554,214499,214554,214554,214554,214554,0,0,21.320097,0.031092,0.07448,0.23741979999999793,1.26897783,2025-10-21T20:00:01.293347Z,2025-10-21T19:59:59.999500Z,2025-10-21T13:30:00.068194Z,2025-10-21T13:30:00.005445Z,0,PRESENT_NONEMPTY,2025-10-21T20:00:00Z,2025-10-21T13:30:00Z,2025-10-21,214554,SOURCE_AVAILABLE,executed_at_and_created_at_timestamp,nanoseconds_normalized_from_arrow_unit,214554
False,AAPL,NO_TEMPORAL_ANOMALY_OBSERVED,133001,132997,133001,133001,133001,133001,0,0,7.109596,0.030498,0.072699,0.209028,3.090858,2025-10-22T20:00:00.019170Z,2025-10-22T19:59:59.935161Z,2025-10-22T13:30:00.133639Z,2025-10-22T13:30:00.050315Z,0,PRESENT_NONEMPTY,2025-10-22T20:00:00Z,2025-10-22T13:30:00Z,2025-10-22,133001,SOURCE_AVAILABLE,executed_at_and_created_at_timestamp,nanoseconds_normalized_from_arrow_unit,133001
False,AMZN,NO_TEMPORAL_ANOMALY_OBSERVED,105406,105405,105406,105406,105406,105406,0,0,13.75647,0.032621,0.076748,0.326602,5.240764,2025-10-22T20:00:00.019170Z,2025-10-22T19:59:59.913862Z,2025-10-22T13:30:00.133639Z,2025-10-22T13:30:00.003060Z,0,PRESENT_NONEMPTY,2025-10-22T20:00:00Z,2025-10-22T13:30:00Z,2025-10-22,105406,SOURCE_AVAILABLE,executed_at_and_created_at_timestamp,nanoseconds_normalized_from_arrow_unit,105406
False,META,NO_TEMPORAL_ANOMALY_OBSERVED,68175,68174,68175,68175,68175,68175,0,0,9.659995,0.031811,0.071709,0.1663795999999994,2.171171,2025-10-22T20:00:00.012695Z,2025-10-22T19:59:59.921088Z,2025-10-22T13:30:00.511992Z,2025-10-22T13:30:00.413645Z,0,PRESENT_NONEMPTY,2025-10-22T20:00:00Z,2025-10-22T13:30:00Z,2025-10-22,68175,SOURCE_AVAILABLE,executed_at_and_created_at_timestamp,nanoseconds_normalized_from_arrow_unit,68175
False,MSFT,NO_TEMPORAL_ANOMALY_OBSERVED,71093,71093,71093,71093,71093,71093,0,0,8.343365,0.032007,0.072488,0.1439691999999998,2.6446511600000004,2025-10-22T19:59:58.998692Z,2025-10-22T19:59:58.924847Z,2025-10-22T13:30:00.371838Z,2025-10-22T13:30:00.280623Z,0,PRESENT_NONEMPTY,2025-10-22T20:00:00Z,2025-10-22T13:30:00Z,2025-10-22,71093,SOURCE_AVAILABLE,executed_at_and_created_at_timestamp,nanoseconds_normalized_from_arrow_unit,71093
False,NVDA,NO_TEMPORAL_ANOMALY_OBSERVED,303484,303482,303484,303484,303484,303484,0,0,5.705441,0.031197,0.076709,0.267829,2.297442899999997,2025-10-22T20:00:00.008963Z,2025-10-22T19:59:59.916271Z,2025-10-22T13:30:00.070896Z,2025-10-22T13:30:00.003307Z,0,PRESENT_NONEMPTY,2025-10-22T20:00:00Z,2025-10-22T13:30:00Z,2025-10-22,303484,SOURCE_AVAILABLE,executed_at_and_created_at_timestamp,nanoseconds_normalized_from_arrow_unit,303484
False,QQQ,NO_TEMPORAL_ANOMALY_OBSERVED,750307,750286,750307,750307,750307,750307,0,0,14.100875,0.031356,0.079856,0.531233,3.578176,2025-10-22T20:00:00.995863Z,2025-10-22T19:59:59.944716Z,2025-10-22T13:30:00.097609Z,2025-10-22T13:30:00.002426Z,0,PRESENT_NONEMPTY,2025-10-22T20:00:00Z,2025-10-22T13:30:00Z,2025-10-22,750307,SOURCE_AVAILABLE,executed_at_and_created_at_timestamp,nanoseconds_normalized_from_arrow_unit,750307
False,SPY,NO_TEMPORAL_ANOMALY_OBSERVED,1157025,1156763,1157025,1157025,1157025,1157025,0,0,27.218684,0.031809,0.08435,2.597398,4.956339080000001,2025-10-22T20:00:05.680764Z,2025-10-22T19:59:59.958516Z,2025-10-22T13:30:00.072027Z,2025-10-22T13:30:00.004527Z,0,PRESENT_NONEMPTY,2025-10-22T20:00:00Z,2025-10-22T13:30:00Z,2025-10-22,1157025,SOURCE_AVAILABLE,executed_at_and_created_at_timestamp,nanoseconds_normalized_from_arrow_unit,1157025
False,TSLA,NO_TEMPORAL_ANOMALY_OBSERVED,371898,371868,371898,371898,371898,371898,0,0,33.433377,0.032563,0.081852,0.7709598999999977,5.613622599999929,2025-10-22T20:00:00.405466Z,2025-10-22T19:59:59.995476Z,2025-10-22T13:30:00.102711Z,2025-10-22T13:30:00.002862Z,0,PRESENT_NONEMPTY,2025-10-22T20:00:00Z,2025-10-22T13:30:00Z,2025-10-22,371898,SOURCE_AVAILABLE,executed_at_and_created_at_timestamp,nanoseconds_normalized_from_arrow_unit,371898
False,AAPL,NO_TEMPORAL_ANOMALY_OBSERVED,88485,88485,88485,88485,88485,88485,0,0,6.308603,0.030948,0.067149,0.124815,1.295240840000008,2025-10-23T19:59:59.903474Z,2025-10-23T19:59:59.806941Z,2025-10-23T13:30:00.094225Z,2025-10-23T13:30:00.023092Z,0,PRESENT_NONEMPTY,2025-10-23T20:00:00Z,2025-10-23T13:30:00Z,2025-10-23,88485,SOURCE_AVAILABLE,executed_at_and_created_at_timestamp,nanoseconds_normalized_from_arrow_unit,88485
False,AMZN,NO_TEMPORAL_ANOMALY_OBSERVED,97206,97201,97206,97206,97206,97206,0,0,10.465057,0.03146,0.06976450000000001,0.15934974999999998,0.558684,2025-10-23T20:00:00.009715Z,2025-10-23T19:59:59.921723Z,2025-10-23T13:30:00.066232Z,2025-10-23T13:30:00.003873Z,0,PRESENT_NONEMPTY,2025-10-23T20:00:00Z,2025-10-23T13:30:00Z,2025-10-23,97206,SOURCE_AVAILABLE,executed_at_and_created_at_timestamp,nanoseconds_normalized_from_arrow_unit,97206
False,META,NO_TEMPORAL_ANOMALY_OBSERVED,77278,77277,77278,77278,77278,77278,0,0,14.658127,0.031682,0.06955,0.1242769499999998,0.602452879999997,2025-10-23T20:00:00.065475Z,2025-10-23T19:59:59.992228Z,2025-10-23T13:30:01.833578Z,2025-10-23T13:30:00.491553Z,0,PRESENT_NONEMPTY,2025-10-23T20:00:00Z,2025-10-23T13:30:00Z,2025-10-23,77278,SOURCE_AVAILABLE,executed_at_and_created_at_timestamp,nanoseconds_normalized_from_arrow_unit,77278
False,MSFT,NO_TEMPORAL_ANOMALY_OBSERVED,44814,44813,44814,44814,44814,44814,0,0,12.634081,0.031623,0.0700285,0.14416479999999993,1.34224,2025-10-23T20:00:00.020387Z,2025-10-23T19:59:59.948649Z,2025-10-23T13:30:00.580341Z,2025-10-23T13:30:00.248985Z,0,PRESENT_NONEMPTY,2025-10-23T20:00:00Z,2025-10-23T13:30:00Z,2025-10-23,44814,SOURCE_AVAILABLE,executed_at_and_created_at_timestamp,nanoseconds_normalized_from_arrow_unit,44814
False,NVDA,NO_TEMPORAL_ANOMALY_OBSERVED,213044,213040,213044,213044,213044,213044,0,0,4.574058,0.030976,0.07016649999999999,0.13339069999999997,0.3275109900000007,2025-10-23T20:00:00.036350Z,2025-10-23T19:59:59.927601Z,2025-10-23T13:30:00.069308Z,2025-10-23T13:30:00.003980Z,0,PRESENT_NONEMPTY,2025-10-23T20:00:00Z,2025-10-23T13:30:00Z,2025-10-23,213044,SOURCE_AVAILABLE,executed_at_and_created_at_timestamp,nanoseconds_normalized_from_arrow_unit,213044
False,QQQ,NO_TEMPORAL_ANOMALY_OBSERVED,569346,569345,569346,569346,569346,569346,0,0,4.651904,0.031111,0.072474,0.16339975,0.6467848000000045,2025-10-23T20:00:00.084673Z,2025-10-23T19:59:59.981482Z,2025-10-23T13:30:00.099177Z,2025-10-23T13:30:00.003151Z,0,PRESENT_NONEMPTY,2025-10-23T20:00:00Z,2025-10-23T13:30:00Z,2025-10-23,569346,SOURCE_AVAILABLE,executed_at_and_created_at_timestamp,nanoseconds_normalized_from_arrow_unit,569346
False,SPY,NO_TEMPORAL_ANOMALY_OBSERVED,980356,980067,980356,980356,980356,980356,0,0,8.767076,0.031029,0.077254,0.990482,3.7459902499999997,2025-10-23T20:00:06.154508Z,2025-10-23T19:59:59.995980Z,2025-10-23T13:30:00.066755Z,2025-10-23T13:30:00.003056Z,0,PRESENT_NONEMPTY,2025-10-23T20:00:00Z,2025-10-23T13:30:00Z,2025-10-23,980356,SOURCE_AVAILABLE,executed_at_and_created_at_timestamp,nanoseconds_normalized_from_arrow_unit,980356
False,TSLA,NO_TEMPORAL_ANOMALY_OBSERVED,919011,918993,919011,919011,919011,919011,0,0,21.407312,0.03128,0.079954,0.39098,4.49163580000002,2025-10-23T20:00:00.081341Z,2025-10-23T19:59:59.994441Z,2025-10-23T13:30:00.100344Z,2025-10-23T13:30:00.005335Z,0,PRESENT_NONEMPTY,2025-10-23T20:00:00Z,2025-10-23T13:30:00Z,2025-10-23,919011,SOURCE_AVAILABLE,executed_at_and_created_at_timestamp,nanoseconds_normalized_from_arrow_unit,919011
False,AAPL,NO_TEMPORAL_ANOMALY_OBSERVED,161548,161542,161548,161548,161548,161548,0,0,12.099751,0.029582,0.067984,0.130632,0.8827064999999997,2025-10-24T20:00:00.004154Z,2025-10-24T19:59:59.907722Z,2025-10-24T13:30:00.068053Z,2025-10-24T13:30:00.012608Z,0,PRESENT_NONEMPTY,2025-10-24T20:00:00Z,2025-10-24T13:30:00Z,2025-10-24,161548,SOURCE_AVAILABLE,executed_at_and_created_at_timestamp,nanoseconds_normalized_from_arrow_unit,161548
False,AMZN,NO_TEMPORAL_ANOMALY_OBSERVED,141327,141326,141327,141327,141327,141327,0,0,19.016684,0.03164,0.071991,0.16181589999999987,2.8119705799999895,2025-10-24T20:00:00.004154Z,2025-10-24T19:59:59.918605Z,2025-10-24T13:30:00.127358Z,2025-10-24T13:30:00.017779Z,0,PRESENT_NONEMPTY,2025-10-24T20:00:00Z,2025-10-24T13:30:00Z,2025-10-24,141327,SOURCE_AVAILABLE,executed_at_and_created_at_timestamp,nanoseconds_normalized_from_arrow_unit,141327
False,META,NO_TEMPORAL_ANOMALY_OBSERVED,97996,97996,97996,97996,97996,97996,0,0,16.83819,0.032404,0.0693585,0.1096425,0.24937275000000006,2025-10-24T19:59:59.915242Z,2025-10-24T19:59:59.843822Z,2025-10-24T13:30:00.247459Z,2025-10-24T13:30:00.183274Z,0,PRESENT_NONEMPTY,2025-10-24T20:00:00Z,2025-10-24T13:30:00Z,2025-10-24,97996,SOURCE_AVAILABLE,executed_at_and_created_at_timestamp,nanoseconds_normalized_from_arrow_unit,97996
False,MSFT,NO_TEMPORAL_ANOMALY_OBSERVED,64956,64956,64956,64956,64956,64956,0,0,13.990079,0.03184,0.069243,0.1216975,0.579416,2025-10-24T19:59:58.936020Z,2025-10-24T19:59:58.856681Z,2025-10-24T13:30:00.247459Z,2025-10-24T13:30:00.180615Z,0,PRESENT_NONEMPTY,2025-10-24T20:00:00Z,2025-10-24T13:30:00Z,2025-10-24,64956,SOURCE_AVAILABLE,executed_at_and_created_at_timestamp,nanoseconds_normalized_from_arrow_unit,64956
False,NVDA,NO_TEMPORAL_ANOMALY_OBSERVED,362279,362275,362279,362279,362279,362279,0,0,4.35399,0.031013,0.071725,0.157066,0.42110529999999957,2025-10-24T20:00:00.077787Z,2025-10-24T19:59:59.989445Z,2025-10-24T13:30:00.066791Z,2025-10-24T13:30:00.002938Z,0,PRESENT_NONEMPTY,2025-10-24T20:00:00Z,2025-10-24T13:30:00Z,2025-10-24,362279,SOURCE_AVAILABLE,executed_at_and_created_at_timestamp,nanoseconds_normalized_from_arrow_unit,362279
False,QQQ,NO_TEMPORAL_ANOMALY_OBSERVED,556844,556834,556844,556844,556844,556844,0,0,7.753719,0.030846,0.072006,0.2029830499999997,1.5949574999999974,2025-10-24T20:00:00.383343Z,2025-10-24T19:59:59.908820Z,2025-10-24T13:30:00.099908Z,2025-10-24T13:30:00.008312Z,0,PRESENT_NONEMPTY,2025-10-24T20:00:00Z,2025-10-24T13:30:00Z,2025-10-24,556844,SOURCE_AVAILABLE,executed_at_and_created_at_timestamp,nanoseconds_normalized_from_arrow_unit,556844
False,SPY,NO_TEMPORAL_ANOMALY_OBSERVED,950625,950446,950625,950625,950625,950625,0,0,15.396163,0.030767,0.077648,1.591262799999999,4.829920320000003,2025-10-24T20:00:07.916855Z,2025-10-24T19:59:59.996082Z,2025-10-24T13:30:00.066162Z,2025-10-24T13:30:00.002743Z,0,PRESENT_NONEMPTY,2025-10-24T20:00:00Z,2025-10-24T13:30:00Z,2025-10-24,950625,SOURCE_AVAILABLE,executed_at_and_created_at_timestamp,nanoseconds_normalized_from_arrow_unit,950625
False,TSLA,NO_TEMPORAL_ANOMALY_OBSERVED,742477,742448,742477,742477,742477,742477,0,0,22.397615,0.031884,0.078292,0.5375149999999999,9.207604639999975,2025-10-24T20:00:00.389848Z,2025-10-24T19:59:59.967048Z,2025-10-24T13:30:00.101020Z,2025-10-24T13:30:00.005515Z,0,PRESENT_NONEMPTY,2025-10-24T20:00:00Z,2025-10-24T13:30:00Z,2025-10-24,742477,SOURCE_AVAILABLE,executed_at_and_created_at_timestamp,nanoseconds_normalized_from_arrow_unit,742477
False,AAPL,NO_TEMPORAL_ANOMALY_OBSERVED,108877,108874,108877,108877,108877,108877,0,0,22.094268,0.032537,0.071238,0.16008079999999983,13.038304440000019,2025-10-27T20:00:00.092949Z,2025-10-27T19:59:59.999233Z,2025-10-27T13:30:00.228975Z,2025-10-27T13:30:00.110834Z,0,PRESENT_NONEMPTY,2025-10-27T20:00:00Z,2025-10-27T13:30:00Z,2025-10-27,108877,SOURCE_AVAILABLE,executed_at_and_created_at_timestamp,nanoseconds_normalized_from_arrow_unit,108877
False,AMZN,NO_TEMPORAL_ANOMALY_OBSERVED,121288,121288,121288,121288,121288,121288,0,0,27.971068,0.032548,0.074966,0.184513,13.253642,2025-10-27T19:59:59.683814Z,2025-10-27T19:59:59.582621Z,2025-10-27T13:30:00.100724Z,2025-10-27T13:30:00.006333Z,0,PRESENT_NONEMPTY,2025-10-27T20:00:00Z,2025-10-27T13:30:00Z,2025-10-27,121288,SOURCE_AVAILABLE,executed_at_and_created_at_timestamp,nanoseconds_normalized_from_arrow_unit,121288
False,META,NO_TEMPORAL_ANOMALY_OBSERVED,83142,83142,83142,83142,83142,83142,0,0,17.483222,0.032418,0.071368,0.14165749999999985,8.62144447999999,2025-10-27T19:59:59.913213Z,2025-10-27T19:59:59.841315Z,2025-10-27T13:30:00.279427Z,2025-10-27T13:30:00.163208Z,0,PRESENT_NONEMPTY,2025-10-27T20:00:00Z,2025-10-27T13:30:00Z,2025-10-27,83142,SOURCE_AVAILABLE,executed_at_and_created_at_timestamp,nanoseconds_normalized_from_arrow_unit,83142
False,MSFT,NO_TEMPORAL_ANOMALY_OBSERVED,73719,73719,73719,73719,73719,73719,0,0,10.003891,0.032284,0.070014,0.12432659999999995,5.48245145999985,2025-10-27T19:59:59.683336Z,2025-10-27T19:59:59.580924Z,2025-10-27T13:30:00.212168Z,2025-10-27T13:30:00.158517Z,0,PRESENT_NONEMPTY,2025-10-27T20:00:00Z,2025-10-27T13:30:00Z,2025-10-27,73719,SOURCE_AVAILABLE,executed_at_and_created_at_timestamp,nanoseconds_normalized_from_arrow_unit,73719
False,NVDA,NO_TEMPORAL_ANOMALY_OBSERVED,380386,380384,380386,380386,380386,380386,0,0,4.819607,0.031741,0.07286,0.138995,0.3561468000000119,2025-10-27T20:00:00.062373Z,2025-10-27T19:59:59.982721Z,2025-10-27T13:30:00.103732Z,2025-10-27T13:30:00.003271Z,0,PRESENT_NONEMPTY,2025-10-27T20:00:00Z,2025-10-27T13:30:00Z,2025-10-27,380386,SOURCE_AVAILABLE,executed_at_and_created_at_timestamp,nanoseconds_normalized_from_arrow_unit,380386
False,QQQ,NO_TEMPORAL_ANOMALY_OBSERVED,541993,541984,541993,541993,541993,541993,0,0,10.604337,0.031571,0.072999,0.18160379999999993,2.9502755199999897,2025-10-27T20:00:00.222484Z,2025-10-27T19:59:59.988525Z,2025-10-27T13:30:00.105500Z,2025-10-27T13:30:00.005180Z,0,PRESENT_NONEMPTY,2025-10-27T20:00:00Z,2025-10-27T13:30:00Z,2025-10-27,541993,SOURCE_AVAILABLE,executed_at_and_created_at_timestamp,nanoseconds_normalized_from_arrow_unit,541993
False,SPY,NO_TEMPORAL_ANOMALY_OBSERVED,834950,834694,834950,834950,834950,834950,0,0,11.685477,0.031382,0.074969,0.9569138999999973,4.593077,2025-10-27T20:00:05.400788Z,2025-10-27T19:59:59.998420Z,2025-10-27T13:30:00.098904Z,2025-10-27T13:30:00.005777Z,0,PRESENT_NONEMPTY,2025-10-27T20:00:00Z,2025-10-27T13:30:00Z,2025-10-27,834950,SOURCE_AVAILABLE,executed_at_and_created_at_timestamp,nanoseconds_normalized_from_arrow_unit,834950
False,TSLA,NO_TEMPORAL_ANOMALY_OBSERVED,573077,573063,573077,573077,573077,573077,0,0,18.270018,0.032165,0.081812,0.3787637999999998,3.1893656399999992,2025-10-27T20:00:00.645807Z,2025-10-27T19:59:59.926633Z,2025-10-27T13:30:00.098904Z,2025-10-27T13:30:00.005761Z,0,PRESENT_NONEMPTY,2025-10-27T20:00:00Z,2025-10-27T13:30:00Z,2025-10-27,573077,SOURCE_AVAILABLE,executed_at_and_created_at_timestamp,nanoseconds_normalized_from_arrow_unit,573077
False,AAPL,NO_TEMPORAL_ANOMALY_OBSERVED,95131,95131,95131,95131,95131,95131,0,0,13.034331,0.032073,0.069125,0.137286,6.819305799999952,2025-10-28T19:59:59.699479Z,2025-10-28T19:59:59.581410Z,2025-10-28T13:30:00.309113Z,2025-10-28T13:30:00.191913Z,0,PRESENT_NONEMPTY,2025-10-28T20:00:00Z,2025-10-28T13:30:00Z,2025-10-28,95131,SOURCE_AVAILABLE,executed_at_and_created_at_timestamp,nanoseconds_normalized_from_arrow_unit,95131
False,AMZN,NO_TEMPORAL_ANOMALY_OBSERVED,127717,127716,127717,127717,127717,127717,0,0,10.1813,0.032948,0.072518,0.13120559999999998,0.7589129999999994,2025-10-28T20:00:00.001719Z,2025-10-28T19:59:59.898326Z,2025-10-28T13:30:00.205445Z,2025-10-28T13:30:00.059273Z,0,PRESENT_NONEMPTY,2025-10-28T20:00:00Z,2025-10-28T13:30:00Z,2025-10-28,127717,SOURCE_AVAILABLE,executed_at_and_created_at_timestamp,nanoseconds_normalized_from_arrow_unit,127717
False,META,NO_TEMPORAL_ANOMALY_OBSERVED,78148,78148,78148,78148,78148,78148,0,0,14.094685,0.032787,0.072013,0.12764584999999995,2.03179889,2025-10-28T19:59:59.008150Z,2025-10-28T19:59:58.864445Z,2025-10-28T13:30:00.270765Z,2025-10-28T13:30:00.164137Z,0,PRESENT_NONEMPTY,2025-10-28T20:00:00Z,2025-10-28T13:30:00Z,2025-10-28,78148,SOURCE_AVAILABLE,executed_at_and_created_at_timestamp,nanoseconds_normalized_from_arrow_unit,78148
False,MSFT,NO_TEMPORAL_ANOMALY_OBSERVED,107088,107085,107088,107088,107088,107088,0,0,9.747753,0.032537,0.0731215,0.35830944999999537,6.636505,2025-10-28T20:00:00.052571Z,2025-10-28T19:59:59.921331Z,2025-10-28T13:30:00.159748Z,2025-10-28T13:30:00.008229Z,0,PRESENT_NONEMPTY,2025-10-28T20:00:00Z,2025-10-28T13:30:00Z,2025-10-28,107088,SOURCE_AVAILABLE,executed_at_and_created_at_timestamp,nanoseconds_normalized_from_arrow_unit,107088
False,NVDA,NO_TEMPORAL_ANOMALY_OBSERVED,589437,589435,589437,589437,589437,589437,0,0,2.253589,0.032034,0.073158,0.13933619999999994,0.2632122800000004,2025-10-28T20:00:00.034576Z,2025-10-28T19:59:59.967144Z,2025-10-28T13:30:00.101211Z,2025-10-28T13:30:00.004160Z,0,PRESENT_NONEMPTY,2025-10-28T20:00:00Z,2025-10-28T13:30:00Z,2025-10-28,589437,SOURCE_AVAILABLE,executed_at_and_created_at_timestamp,nanoseconds_normalized_from_arrow_unit,589437
False,QQQ,NO_TEMPORAL_ANOMALY_OBSERVED,587184,587175,587184,587184,587184,587184,0,0,5.907149,0.032192,0.072199,0.1676333999999999,2.2768930400000174,2025-10-28T20:00:00.165474Z,2025-10-28T19:59:59.989839Z,2025-10-28T13:30:00.141438Z,2025-10-28T13:30:00.090489Z,0,PRESENT_NONEMPTY,2025-10-28T20:00:00Z,2025-10-28T13:30:00Z,2025-10-28,587184,SOURCE_AVAILABLE,executed_at_and_created_at_timestamp,nanoseconds_normalized_from_arrow_unit,587184
False,SPY,NO_TEMPORAL_ANOMALY_OBSERVED,931098,930987,931098,931098,931098,931098,0,0,9.647347,0.031452,0.073705,1.0559876499999765,4.776304930000004,2025-10-28T20:00:05.984636Z,2025-10-28T19:59:59.961731Z,2025-10-28T13:30:00.065550Z,2025-10-28T13:30:00.002269Z,0,PRESENT_NONEMPTY,2025-10-28T20:00:00Z,2025-10-28T13:30:00Z,2025-10-28,931098,SOURCE_AVAILABLE,executed_at_and_created_at_timestamp,nanoseconds_normalized_from_arrow_unit,931098
False,TSLA,NO_TEMPORAL_ANOMALY_OBSERVED,491798,491793,491798,491798,491798,491798,0,0,51.215335,0.031866,0.0835275,0.7892063999999994,12.715399329999999,2025-10-28T20:00:00.161816Z,2025-10-28T19:59:59.975891Z,2025-10-28T13:30:00.098318Z,2025-10-28T13:30:00.004084Z,0,PRESENT_NONEMPTY,2025-10-28T20:00:00Z,2025-10-28T13:30:00Z,2025-10-28,491798,SOURCE_AVAILABLE,executed_at_and_created_at_timestamp,nanoseconds_normalized_from_arrow_unit,491798
False,AAPL,NO_TEMPORAL_ANOMALY_OBSERVED,111560,111560,111560,111560,111560,111560,0,0,12.544011,0.031933,0.071418,0.1516633999999999,1.9580319500000003,2025-10-29T19:59:59.800335Z,2025-10-29T19:59:59.721503Z,2025-10-29T13:30:00.445558Z,2025-10-29T13:30:00.386849Z,0,PRESENT_NONEMPTY,2025-10-29T20:00:00Z,2025-10-29T13:30:00Z,2025-10-29,111560,SOURCE_AVAILABLE,executed_at_and_created_at_timestamp,nanoseconds_normalized_from_arrow_unit,111560
False,AMZN,NO_TEMPORAL_ANOMALY_OBSERVED,125798,125797,125798,125798,125798,125798,0,0,22.274268,0.033047,0.075165,0.1852094499999999,8.72490185,2025-10-29T20:00:00.037926Z,2025-10-29T19:59:59.958528Z,2025-10-29T13:30:00.209707Z,2025-10-29T13:30:00.056945Z,0,PRESENT_NONEMPTY,2025-10-29T20:00:00Z,2025-10-29T13:30:00Z,2025-10-29,125798,SOURCE_AVAILABLE,executed_at_and_created_at_timestamp,nanoseconds_normalized_from_arrow_unit,125798
False,META,NO_TEMPORAL_ANOMALY_OBSERVED,145961,145954,145961,145961,145961,145961,0,0,35.462411,0.032386,0.072157,0.14878,2.9927011999999884,2025-10-29T20:00:00.067315Z,2025-10-29T19:59:59.990811Z,2025-10-29T13:30:00.720836Z,2025-10-29T13:30:00.381652Z,0,PRESENT_NONEMPTY,2025-10-29T20:00:00Z,2025-10-29T13:30:00Z,2025-10-29,145961,SOURCE_AVAILABLE,executed_at_and_created_at_timestamp,nanoseconds_normalized_from_arrow_unit,145961
False,MSFT,NO_TEMPORAL_ANOMALY_OBSERVED,135224,135224,135224,135224,135224,135224,0,0,21.525268,0.032659,0.072033,0.16212549999999956,2.9499457999999974,2025-10-29T19:59:59.898017Z,2025-10-29T19:59:59.756397Z,2025-10-29T13:30:00.252401Z,2025-10-29T13:30:00.171709Z,0,PRESENT_NONEMPTY,2025-10-29T20:00:00Z,2025-10-29T13:30:00Z,2025-10-29,135224,SOURCE_AVAILABLE,executed_at_and_created_at_timestamp,nanoseconds_normalized_from_arrow_unit,135224
False,NVDA,NO_TEMPORAL_ANOMALY_OBSERVED,709816,709816,709816,709816,709816,709816,0,0,5.470037,0.031325,0.076674,0.182042,1.139916049999988,2025-10-29T19:59:59.983533Z,2025-10-29T19:59:59.916858Z,2025-10-29T13:30:00.069132Z,2025-10-29T13:30:00.012631Z,0,PRESENT_NONEMPTY,2025-10-29T20:00:00Z,2025-10-29T13:30:00Z,2025-10-29,709816,SOURCE_AVAILABLE,executed_at_and_created_at_timestamp,nanoseconds_normalized_from_arrow_unit,709816
False,QQQ,NO_TEMPORAL_ANOMALY_OBSERVED,546738,546665,546738,546738,546738,546738,0,0,8.860201,0.032085,0.078611,2.6133132999999984,3.6190018900000007,2025-10-29T20:00:00.523384Z,2025-10-29T19:59:59.958652Z,2025-10-29T13:30:00.099561Z,2025-10-29T13:30:00.002914Z,0,PRESENT_NONEMPTY,2025-10-29T20:00:00Z,2025-10-29T13:30:00Z,2025-10-29,546738,SOURCE_AVAILABLE,executed_at_and_created_at_timestamp,nanoseconds_normalized_from_arrow_unit,546738
False,SPY,NO_TEMPORAL_ANOMALY_OBSERVED,987042,986291,987042,987042,987042,987042,0,0,32.898037,0.031598,0.086723,4.2647309,7.67275654,2025-10-29T20:00:05.516268Z,2025-10-29T19:59:59.985428Z,2025-10-29T13:30:00.095281Z,2025-10-29T13:30:00.002385Z,0,PRESENT_NONEMPTY,2025-10-29T20:00:00Z,2025-10-29T13:30:00Z,2025-10-29,987042,SOURCE_AVAILABLE,executed_at_and_created_at_timestamp,nanoseconds_normalized_from_arrow_unit,987042
False,TSLA,NO_TEMPORAL_ANOMALY_OBSERVED,363214,363171,363214,363214,363214,363214,0,0,67.038342,0.032289,0.082643,3.675755999999997,46.46281048999999,2025-10-29T20:00:00.690421Z,2025-10-29T19:59:59.965814Z,2025-10-29T13:30:00.152938Z,2025-10-29T13:30:00.003284Z,0,PRESENT_NONEMPTY,2025-10-29T20:00:00Z,2025-10-29T13:30:00Z,2025-10-29,363214,SOURCE_AVAILABLE,executed_at_and_created_at_timestamp,nanoseconds_normalized_from_arrow_unit,363214
False,AAPL,NO_TEMPORAL_ANOMALY_OBSERVED,195971,195961,195971,195971,195971,195971,0,0,5.336901,0.03212,0.072063,0.167793,2.165999,2025-10-30T20:00:00.108163Z,2025-10-30T19:59:59.996215Z,2025-10-30T13:30:00.096322Z,2025-10-30T13:30:00.008037Z,0,PRESENT_NONEMPTY,2025-10-30T20:00:00Z,2025-10-30T13:30:00Z,2025-10-30,195971,SOURCE_AVAILABLE,executed_at_and_created_at_timestamp,nanoseconds_normalized_from_arrow_unit,195971
False,AMZN,NO_TEMPORAL_ANOMALY_OBSERVED,235971,235967,235971,235971,235971,235971,0,0,19.493552,0.032985,0.075601,0.165902,1.5397499999999984,2025-10-30T20:00:00.066834Z,2025-10-30T19:59:59.988364Z,2025-10-30T13:30:00.592925Z,2025-10-30T13:30:00.201754Z,0,PRESENT_NONEMPTY,2025-10-30T20:00:00Z,2025-10-30T13:30:00Z,2025-10-30,235971,SOURCE_AVAILABLE,executed_at_and_created_at_timestamp,nanoseconds_normalized_from_arrow_unit,235971
False,META,NO_TEMPORAL_ANOMALY_OBSERVED,560488,560313,560488,560488,560488,560488,0,0,57.262324,0.032348,0.079213,35.37182490000002,49.542464030000005,2025-10-30T20:00:01.356944Z,2025-10-30T19:59:59.975249Z,2025-10-30T13:30:02.375191Z,2025-10-30T13:30:00.320537Z,0,PRESENT_NONEMPTY,2025-10-30T20:00:00Z,2025-10-30T13:30:00Z,2025-10-30,560488,SOURCE_AVAILABLE,executed_at_and_created_at_timestamp,nanoseconds_normalized_from_arrow_unit,560488
False,MSFT,NO_TEMPORAL_ANOMALY_OBSERVED,169057,169044,169057,169057,169057,169057,0,0,28.355837,0.031622,0.080309,9.154558799999986,24.829414000000003,2025-10-30T20:00:01.292844Z,2025-10-30T19:59:59.899509Z,2025-10-30T13:30:00.635210Z,2025-10-30T13:30:00.235328Z,0,PRESENT_NONEMPTY,2025-10-30T20:00:00Z,2025-10-30T13:30:00Z,2025-10-30,169057,SOURCE_AVAILABLE,executed_at_and_created_at_timestamp,nanoseconds_normalized_from_arrow_unit,169057
False,NVDA,NO_TEMPORAL_ANOMALY_OBSERVED,368648,368644,368648,368648,368648,368648,0,0,3.199325,0.030327,0.072436,0.13818624999999982,0.28748659999999937,2025-10-30T20:00:00.118382Z,2025-10-30T19:59:59.999956Z,2025-10-30T13:30:00.068902Z,2025-10-30T13:30:00.002707Z,0,PRESENT_NONEMPTY,2025-10-30T20:00:00Z,2025-10-30T13:30:00Z,2025-10-30,368648,SOURCE_AVAILABLE,executed_at_and_created_at_timestamp,nanoseconds_normalized_from_arrow_unit,368648
False,QQQ,NO_TEMPORAL_ANOMALY_OBSERVED,652265,651966,652265,652265,652265,652265,0,0,3.996192,0.031815,0.077884,0.2348239999999993,1.300409,2025-10-30T20:00:01.020650Z,2025-10-30T19:59:59.972089Z,2025-10-30T13:30:00.168099Z,2025-10-30T13:30:00.002452Z,0,PRESENT_NONEMPTY,2025-10-30T20:00:00Z,2025-10-30T13:30:00Z,2025-10-30,652265,SOURCE_AVAILABLE,executed_at_and_created_at_timestamp,nanoseconds_normalized_from_arrow_unit,652265
False,SPY,NO_TEMPORAL_ANOMALY_OBSERVED,1022992,1022535,1022992,1022992,1022992,1022992,0,0,8.103202,0.031139,0.08817,3.623144899999999,4.41484018,2025-10-30T20:00:05.285940Z,2025-10-30T19:59:59.980348Z,2025-10-30T13:30:00.073963Z,2025-10-30T13:30:00.003270Z,0,PRESENT_NONEMPTY,2025-10-30T20:00:00Z,2025-10-30T13:30:00Z,2025-10-30,1022992,SOURCE_AVAILABLE,executed_at_and_created_at_timestamp,nanoseconds_normalized_from_arrow_unit,1022992
False,TSLA,NO_TEMPORAL_ANOMALY_OBSERVED,448116,448060,448116,448116,448116,448116,0,0,22.905533,0.031811,0.082342,0.54641125,4.420882299999996,2025-10-30T20:00:01.414577Z,2025-10-30T19:59:59.956288Z,2025-10-30T13:30:00.188311Z,2025-10-30T13:30:00.087253Z,0,PRESENT_NONEMPTY,2025-10-30T20:00:00Z,2025-10-30T13:30:00Z,2025-10-30,448116,SOURCE_AVAILABLE,executed_at_and_created_at_timestamp,nanoseconds_normalized_from_arrow_unit,448116
False,AAPL,NO_TEMPORAL_ANOMALY_OBSERVED,256461,256455,256461,256461,256461,256461,0,0,16.288327,0.033181,0.085674,0.341527,8.018784399999998,2025-10-31T20:00:00.083925Z,2025-10-31T19:59:59.956193Z,2025-10-31T13:30:00.258976Z,2025-10-31T13:30:00.137847Z,0,PRESENT_NONEMPTY,2025-10-31T20:00:00Z,2025-10-31T13:30:00Z,2025-10-31,256461,SOURCE_AVAILABLE,executed_at_and_created_at_timestamp,nanoseconds_normalized_from_arrow_unit,256461
False,AMZN,NO_TEMPORAL_ANOMALY_OBSERVED,484456,484455,484456,484456,484456,484456,0,0,29.36139,0.03415,0.0905685,7.099911,26.842258,2025-10-31T20:00:00.009308Z,2025-10-31T19:59:59.902288Z,2025-10-31T13:30:00.157341Z,2025-10-31T13:30:00.024494Z,0,PRESENT_NONEMPTY,2025-10-31T20:00:00Z,2025-10-31T13:30:00Z,2025-10-31,484456,SOURCE_AVAILABLE,executed_at_and_created_at_timestamp,nanoseconds_normalized_from_arrow_unit,484456
False,META,NO_TEMPORAL_ANOMALY_OBSERVED,381992,381975,381992,381992,381992,381992,0,0,29.240795,0.032862,0.083838,0.21503190000000003,2.42587163,2025-10-31T20:00:00.478384Z,2025-10-31T19:59:59.989567Z,2025-10-31T13:30:00.464565Z,2025-10-31T13:30:00.321589Z,0,PRESENT_NONEMPTY,2025-10-31T20:00:00Z,2025-10-31T13:30:00Z,2025-10-31,381992,SOURCE_AVAILABLE,executed_at_and_created_at_timestamp,nanoseconds_normalized_from_arrow_unit,381992
False,MSFT,NO_TEMPORAL_ANOMALY_OBSERVED,124282,124279,124282,124282,124282,124282,0,0,13.237662,0.032347,0.082448,0.18964755,2.125816,2025-10-31T20:00:00.124083Z,2025-10-31T19:59:59.664045Z,2025-10-31T13:30:00.102495Z,2025-10-31T13:30:00.011057Z,0,PRESENT_NONEMPTY,2025-10-31T20:00:00Z,2025-10-31T13:30:00Z,2025-10-31,124282,SOURCE_AVAILABLE,executed_at_and_created_at_timestamp,nanoseconds_normalized_from_arrow_unit,124282
False,NVDA,NO_TEMPORAL_ANOMALY_OBSERVED,394276,394260,394276,394276,394276,394276,0,0,3.322686,0.031414,0.0792075,0.143769,0.29515575,2025-10-31T20:00:00.120444Z,2025-10-31T19:59:59.981619Z,2025-10-31T13:30:00.068916Z,2025-10-31T13:30:00.003741Z,0,PRESENT_NONEMPTY,2025-10-31T20:00:00Z,2025-10-31T13:30:00Z,2025-10-31,394276,SOURCE_AVAILABLE,executed_at_and_created_at_timestamp,nanoseconds_normalized_from_arrow_unit,394276
False,QQQ,NO_TEMPORAL_ANOMALY_OBSERVED,647319,647226,647319,647319,647319,647319,0,0,7.734387,0.03364,0.084561,0.19642509999999996,1.4722612199999887,2025-10-31T20:00:01.622500Z,2025-10-31T19:59:59.927380Z,2025-10-31T13:30:00.132615Z,2025-10-31T13:30:00.002234Z,0,PRESENT_NONEMPTY,2025-10-31T20:00:00Z,2025-10-31T13:30:00Z,2025-10-31,647319,SOURCE_AVAILABLE,executed_at_and_created_at_timestamp,nanoseconds_normalized_from_arrow_unit,647319
False,SPY,NO_TEMPORAL_ANOMALY_OBSERVED,1060584,1059711,1060584,1060584,1060584,1060584,0,0,14.87487,0.032337,0.091946,2.4832354999999997,4.613175739999984,2025-10-31T20:00:14.616167Z,2025-10-31T19:59:59.936062Z,2025-10-31T13:30:00.067073Z,2025-10-31T13:30:00.002394Z,0,PRESENT_NONEMPTY,2025-10-31T20:00:00Z,2025-10-31T13:30:00Z,2025-10-31,1060584,SOURCE_AVAILABLE,executed_at_and_created_at_timestamp,nanoseconds_normalized_from_arrow_unit,1060584
False,TSLA,NO_TEMPORAL_ANOMALY_OBSERVED,682969,682856,682969,682969,682969,682969,0,0,28.756994,0.033624,0.087186,0.27284219999999987,3.2200365199999994,2025-10-31T20:00:02.948885Z,2025-10-31T19:59:59.932691Z,2025-10-31T13:30:00.135786Z,2025-10-31T13:30:00.005268Z,0,PRESENT_NONEMPTY,2025-10-31T20:00:00Z,2025-10-31T13:30:00Z,2025-10-31,682969,SOURCE_AVAILABLE,executed_at_and_created_at_timestamp,nanoseconds_normalized_from_arrow_unit,682969
False,AAPL,NO_TEMPORAL_ANOMALY_OBSERVED,108504,108504,108504,108504,108504,108504,0,0,11.224299,0.031129,0.06955,0.1283973499999999,4.3309307200000005,2025-11-03T20:59:59.984463Z,2025-11-03T20:59:59.868925Z,2025-11-03T14:30:00.098118Z,2025-11-03T14:30:00.022345Z,0,PRESENT_NONEMPTY,2025-11-03T21:00:00Z,2025-11-03T14:30:00Z,2025-11-03,108504,SOURCE_AVAILABLE,executed_at_and_created_at_timestamp,nanoseconds_normalized_from_arrow_unit,108504
False,AMZN,NO_TEMPORAL_ANOMALY_OBSERVED,215333,215331,215333,215333,215333,215333,0,0,18.123548,0.031691,0.076183,0.24697519999999984,13.781794159999981,2025-11-03T21:00:00.092385Z,2025-11-03T20:59:59.956798Z,2025-11-03T14:30:00.136558Z,2025-11-03T14:30:00.005208Z,0,PRESENT_NONEMPTY,2025-11-03T21:00:00Z,2025-11-03T14:30:00Z,2025-11-03,215333,SOURCE_AVAILABLE,executed_at_and_created_at_timestamp,nanoseconds_normalized_from_arrow_unit,215333
False,META,NO_TEMPORAL_ANOMALY_OBSERVED,197236,197225,197236,197236,197236,197236,0,0,46.3382,0.031732,0.077653,0.4028515,24.77398099999999,2025-11-03T21:00:00.603314Z,2025-11-03T20:59:59.944729Z,2025-11-03T14:30:00.576645Z,2025-11-03T14:30:00.254330Z,0,PRESENT_NONEMPTY,2025-11-03T21:00:00Z,2025-11-03T14:30:00Z,2025-11-03,197236,SOURCE_AVAILABLE,executed_at_and_created_at_timestamp,nanoseconds_normalized_from_arrow_unit,197236
False,MSFT,NO_TEMPORAL_ANOMALY_OBSERVED,70590,70587,70590,70590,70590,70590,0,0,18.477841,0.031899,0.0760565,0.3934296500000042,7.63232366,2025-11-03T21:00:00.494960Z,2025-11-03T20:59:59.910206Z,2025-11-03T14:30:00.438723Z,2025-11-03T14:30:00.185323Z,0,PRESENT_NONEMPTY,2025-11-03T21:00:00Z,2025-11-03T14:30:00Z,2025-11-03,70590,SOURCE_AVAILABLE,executed_at_and_created_at_timestamp,nanoseconds_normalized_from_arrow_unit,70590
False,NVDA,NO_TEMPORAL_ANOMALY_OBSERVED,360918,360911,360918,360918,360918,360918,0,0,3.105193,0.030458,0.071333,0.1711154499999999,1.0200420500000023,2025-11-03T21:00:00.105466Z,2025-11-03T20:59:59.974156Z,2025-11-03T14:30:00.095403Z,2025-11-03T14:30:00.004815Z,0,PRESENT_NONEMPTY,2025-11-03T21:00:00Z,2025-11-03T14:30:00Z,2025-11-03,360918,SOURCE_AVAILABLE,executed_at_and_created_at_timestamp,nanoseconds_normalized_from_arrow_unit,360918
False,QQQ,NO_TEMPORAL_ANOMALY_OBSERVED,540339,540229,540339,540339,540339,540339,0,0,4.690319,0.031271,0.073127,0.17438209999999998,0.7986651999999997,2025-11-03T21:00:00.528238Z,2025-11-03T20:59:59.991879Z,2025-11-03T14:30:00.131672Z,2025-11-03T14:30:00.004978Z,0,PRESENT_NONEMPTY,2025-11-03T21:00:00Z,2025-11-03T14:30:00Z,2025-11-03,540339,SOURCE_AVAILABLE,executed_at_and_created_at_timestamp,nanoseconds_normalized_from_arrow_unit,540339
False,SPY,NO_TEMPORAL_ANOMALY_OBSERVED,991622,990807,991622,991622,991622,991622,0,0,10.705968,0.03145,0.090041,1.6137464999999958,4.435176850000012,2025-11-03T21:00:10.511348Z,2025-11-03T20:59:59.988832Z,2025-11-03T14:30:00.069432Z,2025-11-03T14:30:00.005212Z,0,PRESENT_NONEMPTY,2025-11-03T21:00:00Z,2025-11-03T14:30:00Z,2025-11-03,991622,SOURCE_AVAILABLE,executed_at_and_created_at_timestamp,nanoseconds_normalized_from_arrow_unit,991622
False,TSLA,NO_TEMPORAL_ANOMALY_OBSERVED,422599,422566,422599,422599,422599,422599,0,0,29.236579,0.031587,0.083209,0.439996,4.055620320000001,2025-11-03T21:00:01.589934Z,2025-11-03T20:59:59.987551Z,2025-11-03T14:30:00.150322Z,2025-11-03T14:30:00.005771Z,0,PRESENT_NONEMPTY,2025-11-03T21:00:00Z,2025-11-03T14:30:00Z,2025-11-03,422599,SOURCE_AVAILABLE,executed_at_and_created_at_timestamp,nanoseconds_normalized_from_arrow_unit,422599
False,AAPL,NO_TEMPORAL_ANOMALY_OBSERVED,99165,99160,99165,99165,99165,99165,0,0,15.096232,0.031732,0.069008,0.1272678,2.4170245200000022,2025-11-04T21:00:00.151212Z,2025-11-04T20:59:59.991253Z,2025-11-04T14:30:00.535467Z,2025-11-04T14:30:00.352149Z,0,PRESENT_NONEMPTY,2025-11-04T21:00:00Z,2025-11-04T14:30:00Z,2025-11-04,99165,SOURCE_AVAILABLE,executed_at_and_created_at_timestamp,nanoseconds_normalized_from_arrow_unit,99165
False,AMZN,NO_TEMPORAL_ANOMALY_OBSERVED,122863,122862,122863,122863,122863,122863,0,0,17.490526,0.03213,0.072659,0.1823296999999998,9.29254746000001,2025-11-04T21:00:00.043075Z,2025-11-04T20:59:59.822433Z,2025-11-04T14:30:00.098542Z,2025-11-04T14:30:00.014545Z,0,PRESENT_NONEMPTY,2025-11-04T21:00:00Z,2025-11-04T14:30:00Z,2025-11-04,122863,SOURCE_AVAILABLE,executed_at_and_created_at_timestamp,nanoseconds_normalized_from_arrow_unit,122863
False,META,NO_TEMPORAL_ANOMALY_OBSERVED,173212,173192,173212,173212,173212,173212,0,0,51.854737,0.032269,0.077558,0.6170000499999995,43.2708955,2025-11-04T21:00:01.234636Z,2025-11-04T20:59:59.965603Z,2025-11-04T14:30:00.190911Z,2025-11-04T14:30:00.037649Z,0,PRESENT_NONEMPTY,2025-11-04T21:00:00Z,2025-11-04T14:30:00Z,2025-11-04,173212,SOURCE_AVAILABLE,executed_at_and_created_at_timestamp,nanoseconds_normalized_from_arrow_unit,173212
False,MSFT,NO_TEMPORAL_ANOMALY_OBSERVED,59135,59127,59135,59135,59135,59135,0,0,13.262527,0.032476,0.075837,1.3566762999999966,10.1929273,2025-11-04T21:00:01.234636Z,2025-11-04T20:59:59.997644Z,2025-11-04T14:30:00.430010Z,2025-11-04T14:30:00.290472Z,0,PRESENT_NONEMPTY,2025-11-04T21:00:00Z,2025-11-04T14:30:00Z,2025-11-04,59135,SOURCE_AVAILABLE,executed_at_and_created_at_timestamp,nanoseconds_normalized_from_arrow_unit,59135
False,NVDA,NO_TEMPORAL_ANOMALY_OBSERVED,334890,334845,334890,334890,334890,334890,0,0,5.535712,0.030716,0.073201,0.20878459999999985,2.6292608499999996,2025-11-04T21:00:00.487256Z,2025-11-04T20:59:59.985267Z,2025-11-04T14:30:00.096473Z,2025-11-04T14:30:00.016432Z,0,PRESENT_NONEMPTY,2025-11-04T21:00:00Z,2025-11-04T14:30:00Z,2025-11-04,334890,SOURCE_AVAILABLE,executed_at_and_created_at_timestamp,nanoseconds_normalized_from_arrow_unit,334890
False,QQQ,NO_TEMPORAL_ANOMALY_OBSERVED,730331,730297,730331,730331,730331,730331,0,0,2.942278,0.031832,0.077152,0.199081,1.0341037999999556,2025-11-04T21:00:00.902952Z,2025-11-04T20:59:59.971921Z,2025-11-04T14:30:00.067793Z,2025-11-04T14:30:00.002308Z,0,PRESENT_NONEMPTY,2025-11-04T21:00:00Z,2025-11-04T14:30:00Z,2025-11-04,730331,SOURCE_AVAILABLE,executed_at_and_created_at_timestamp,nanoseconds_normalized_from_arrow_unit,730331
False,SPY,NO_TEMPORAL_ANOMALY_OBSERVED,1118440,1117984,1118440,1118440,1118440,1118440,0,0,9.111873,0.031264,0.110501,3.8703362500000003,5.036362420000002,2025-11-04T21:00:05.282796Z,2025-11-04T20:59:59.996547Z,2025-11-04T14:30:00.071655Z,2025-11-04T14:30:00.002512Z,0,PRESENT_NONEMPTY,2025-11-04T21:00:00Z,2025-11-04T14:30:00Z,2025-11-04,1118440,SOURCE_AVAILABLE,executed_at_and_created_at_timestamp,nanoseconds_normalized_from_arrow_unit,1118440
False,TSLA,NO_TEMPORAL_ANOMALY_OBSERVED,388294,388193,388294,388294,388294,388294,0,0,58.569951,0.031923,0.082507,34.97748845,50.13698732000001,2025-11-04T21:00:02.159811Z,2025-11-04T20:59:59.879167Z,2025-11-04T14:30:00.073345Z,2025-11-04T14:30:00.009496Z,0,PRESENT_NONEMPTY,2025-11-04T21:00:00Z,2025-11-04T14:30:00Z,2025-11-04,388294,SOURCE_AVAILABLE,executed_at_and_created_at_timestamp,nanoseconds_normalized_from_arrow_unit,388294
False,AAPL,NO_TEMPORAL_ANOMALY_OBSERVED,77334,77334,77334,77334,77334,77334,0,0,6.798057,0.031048,0.071451,0.14230999999999983,2.1760436399999987,2025-11-05T20:59:59.353725Z,2025-11-05T20:59:59.279390Z,2025-11-05T14:30:00.350717Z,2025-11-05T14:30:00.251445Z,0,PRESENT_NONEMPTY,2025-11-05T21:00:00Z,2025-11-05T14:30:00Z,2025-11-05,77334,SOURCE_AVAILABLE,executed_at_and_created_at_timestamp,nanoseconds_normalized_from_arrow_unit,77334
False,AMZN,NO_TEMPORAL_ANOMALY_OBSERVED,94659,94659,94659,94659,94659,94659,0,0,18.761149,0.032499,0.072926,0.1414740999999998,4.875773019999988,2025-11-05T20:59:59.478051Z,2025-11-05T20:59:59.377177Z,2025-11-05T14:30:00.132703Z,2025-11-05T14:30:00.019680Z,0,PRESENT_NONEMPTY,2025-11-05T21:00:00Z,2025-11-05T14:30:00Z,2025-11-05,94659,SOURCE_AVAILABLE,executed_at_and_created_at_timestamp,nanoseconds_normalized_from_arrow_unit,94659
False,META,NO_TEMPORAL_ANOMALY_OBSERVED,148769,148711,148769,148769,148769,148769,0,0,57.130035,0.032683,0.078436,0.2591576000000006,21.991779120000007,2025-11-05T21:00:02.538733Z,2025-11-05T20:59:59.948489Z,2025-11-05T14:30:00.391126Z,2025-11-05T14:30:00.233228Z,0,PRESENT_NONEMPTY,2025-11-05T21:00:00Z,2025-11-05T14:30:00Z,2025-11-05,148769,SOURCE_AVAILABLE,executed_at_and_created_at_timestamp,nanoseconds_normalized_from_arrow_unit,148769
False,MSFT,NO_TEMPORAL_ANOMALY_OBSERVED,74152,74138,74152,74152,74152,74152,0,0,4.450628,0.033168,0.0737095,0.18404749999999984,2.499941580000005,2025-11-05T21:00:02.319156Z,2025-11-05T20:59:59.678990Z,2025-11-05T14:30:00.339387Z,2025-11-05T14:30:00.194557Z,0,PRESENT_NONEMPTY,2025-11-05T21:00:00Z,2025-11-05T14:30:00Z,2025-11-05,74152,SOURCE_AVAILABLE,executed_at_and_created_at_timestamp,nanoseconds_normalized_from_arrow_unit,74152
False,NVDA,NO_TEMPORAL_ANOMALY_OBSERVED,304996,304990,304996,304996,304996,304996,0,0,6.187859,0.030888,0.075498,0.25360675,1.1631670999999997,2025-11-05T21:00:00.446014Z,2025-11-05T20:59:59.998041Z,2025-11-05T14:30:00.097765Z,2025-11-05T14:30:00.004184Z,0,PRESENT_NONEMPTY,2025-11-05T21:00:00Z,2025-11-05T14:30:00Z,2025-11-05,304996,SOURCE_AVAILABLE,executed_at_and_created_at_timestamp,nanoseconds_normalized_from_arrow_unit,304996
False,QQQ,NO_TEMPORAL_ANOMALY_OBSERVED,588675,588618,588675,588675,588675,588675,0,0,6.850478,0.03147,0.074756,0.19750429999999994,1.1707641200000047,2025-11-05T21:00:02.298706Z,2025-11-05T20:59:59.952108Z,2025-11-05T14:30:00.098919Z,2025-11-05T14:30:00.003109Z,0,PRESENT_NONEMPTY,2025-11-05T21:00:00Z,2025-11-05T14:30:00Z,2025-11-05,588675,SOURCE_AVAILABLE,executed_at_and_created_at_timestamp,nanoseconds_normalized_from_arrow_unit,588675
False,SPY,NO_TEMPORAL_ANOMALY_OBSERVED,980476,980054,980476,980476,980476,980476,0,0,60.008556,0.031125,0.09854,3.04817725,4.08680975,2025-11-05T21:00:05.615452Z,2025-11-05T20:59:59.999405Z,2025-11-05T14:30:00.098433Z,2025-11-05T14:30:00.002572Z,0,PRESENT_NONEMPTY,2025-11-05T21:00:00Z,2025-11-05T14:30:00Z,2025-11-05,980476,SOURCE_AVAILABLE,executed_at_and_created_at_timestamp,nanoseconds_normalized_from_arrow_unit,980476
False,TSLA,NO_TEMPORAL_ANOMALY_OBSERVED,449476,449408,449476,449476,449476,449476,0,0,49.374467,0.031735,0.082992,0.8580575,33.111554,2025-11-05T21:00:01.966014Z,2025-11-05T20:59:59.964717Z,2025-11-05T14:30:00.125400Z,2025-11-05T14:30:00.004437Z,0,PRESENT_NONEMPTY,2025-11-05T21:00:00Z,2025-11-05T14:30:00Z,2025-11-05,449476,SOURCE_AVAILABLE,executed_at_and_created_at_timestamp,nanoseconds_normalized_from_arrow_unit,449476
False,AAPL,NO_TEMPORAL_ANOMALY_OBSERVED,118490,118490,118490,118490,118490,118490,0,0,13.799833,0.030845,0.0712065,0.14418524999999982,1.3022784800000042,2025-11-06T20:59:59.992528Z,2025-11-06T20:59:59.934358Z,2025-11-06T14:30:00.097554Z,2025-11-06T14:30:00.012715Z,0,PRESENT_NONEMPTY,2025-11-06T21:00:00Z,2025-11-06T14:30:00Z,2025-11-06,118490,SOURCE_AVAILABLE,executed_at_and_created_at_timestamp,nanoseconds_normalized_from_arrow_unit,118490
False,AMZN,NO_TEMPORAL_ANOMALY_OBSERVED,94181,94181,94181,94181,94181,94181,0,0,17.996088,0.032684,0.074552,0.203393,1.0465769999999999,2025-11-06T20:59:59.775123Z,2025-11-06T20:59:59.706052Z,2025-11-06T14:30:00.129434Z,2025-11-06T14:30:00.029236Z,0,PRESENT_NONEMPTY,2025-11-06T21:00:00Z,2025-11-06T14:30:00Z,2025-11-06,94181,SOURCE_AVAILABLE,executed_at_and_created_at_timestamp,nanoseconds_normalized_from_arrow_unit,94181
False,META,NO_TEMPORAL_ANOMALY_OBSERVED,169191,169182,169191,169191,169191,169191,0,0,61.183455,0.032576,0.080836,0.916351,49.55110710000002,2025-11-06T21:00:00.745243Z,2025-11-06T20:59:59.968668Z,2025-11-06T14:30:00.352339Z,2025-11-06T14:30:00.227438Z,0,PRESENT_NONEMPTY,2025-11-06T21:00:00Z,2025-11-06T14:30:00Z,2025-11-06,169191,SOURCE_AVAILABLE,executed_at_and_created_at_timestamp,nanoseconds_normalized_from_arrow_unit,169191
False,MSFT,NO_TEMPORAL_ANOMALY_OBSERVED,95701,95697,95701,95701,95701,95701,0,0,28.212325,0.032059,0.079534,0.948532,16.898458,2025-11-06T21:00:00.767417Z,2025-11-06T20:59:59.999115Z,2025-11-06T14:30:00.303805Z,2025-11-06T14:30:00.164443Z,0,PRESENT_NONEMPTY,2025-11-06T21:00:00Z,2025-11-06T14:30:00Z,2025-11-06,95701,SOURCE_AVAILABLE,executed_at_and_created_at_timestamp,nanoseconds_normalized_from_arrow_unit,95701
False,NVDA,NO_TEMPORAL_ANOMALY_OBSERVED,451339,451292,451339,451339,451339,451339,0,0,6.524642,0.03161,0.078017,0.3523818999999998,1.3977635999999996,2025-11-06T21:00:01.525415Z,2025-11-06T20:59:59.984619Z,2025-11-06T14:30:00.102949Z,2025-11-06T14:30:00.004714Z,0,PRESENT_NONEMPTY,2025-11-06T21:00:00Z,2025-11-06T14:30:00Z,2025-11-06,451339,SOURCE_AVAILABLE,executed_at_and_created_at_timestamp,nanoseconds_normalized_from_arrow_unit,451339
False,QQQ,NO_TEMPORAL_ANOMALY_OBSERVED,846013,845991,846013,846013,846013,846013,0,0,8.636086,0.032436,0.086038,0.7623361999999988,2.6625981600000004,2025-11-06T21:00:00.928449Z,2025-11-06T20:59:59.916161Z,2025-11-06T14:30:00.170848Z,2025-11-06T14:30:00.002169Z,0,PRESENT_NONEMPTY,2025-11-06T21:00:00Z,2025-11-06T14:30:00Z,2025-11-06,846013,SOURCE_AVAILABLE,executed_at_and_created_at_timestamp,nanoseconds_normalized_from_arrow_unit,846013
False,SPY,NO_TEMPORAL_ANOMALY_OBSERVED,1291393,1291008,1291393,1291393,1291393,1291393,0,0,7.721695,0.032112,0.370947,3.8900881999999997,4.7161946800000125,2025-11-06T21:00:06.319137Z,2025-11-06T20:59:59.994841Z,2025-11-06T14:30:00.099375Z,2025-11-06T14:30:00.002530Z,0,PRESENT_NONEMPTY,2025-11-06T21:00:00Z,2025-11-06T14:30:00Z,2025-11-06,1291393,SOURCE_AVAILABLE,executed_at_and_created_at_timestamp,nanoseconds_normalized_from_arrow_unit,1291393
False,TSLA,NO_TEMPORAL_ANOMALY_OBSERVED,576016,575777,576016,576016,576016,576016,0,0,48.28245,0.031704,0.09563,2.0755095,10.611767199999997,2025-11-06T21:00:04.948592Z,2025-11-06T20:59:59.871447Z,2025-11-06T14:30:00.225641Z,2025-11-06T14:30:00.004920Z,0,PRESENT_NONEMPTY,2025-11-06T21:00:00Z,2025-11-06T14:30:00Z,2025-11-06,576016,SOURCE_AVAILABLE,executed_at_and_created_at_timestamp,nanoseconds_normalized_from_arrow_unit,576016
False,AAPL,NO_TEMPORAL_ANOMALY_OBSERVED,144530,144529,144530,144530,144530,144530,0,0,10.088127,0.031727,0.071406,0.14882519999999996,2.104649909999994,2025-11-07T21:00:00.037417Z,2025-11-07T20:59:59.946790Z,2025-11-07T14:30:00.204449Z,2025-11-07T14:30:00.005353Z,0,PRESENT_NONEMPTY,2025-11-07T21:00:00Z,2025-11-07T14:30:00Z,2025-11-07,144530,SOURCE_AVAILABLE,executed_at_and_created_at_timestamp,nanoseconds_normalized_from_arrow_unit,144530
False,AMZN,NO_TEMPORAL_ANOMALY_OBSERVED,111285,111283,111285,111285,111285,111285,0,0,20.475756,0.032322,0.074002,0.17249079999999994,3.1090103600000702,2025-11-07T21:00:00.080627Z,2025-11-07T20:59:59.973749Z,2025-11-07T14:30:00.204449Z,2025-11-07T14:30:00.009225Z,0,PRESENT_NONEMPTY,2025-11-07T21:00:00Z,2025-11-07T14:30:00Z,2025-11-07,111285,SOURCE_AVAILABLE,executed_at_and_created_at_timestamp,nanoseconds_normalized_from_arrow_unit,111285
False,META,NO_TEMPORAL_ANOMALY_OBSERVED,230547,230541,230547,230547,230547,230547,0,0,70.025295,0.033194,0.080141,0.9179920999999927,40.64685468000015,2025-11-07T21:00:00.649830Z,2025-11-07T20:59:59.906752Z,2025-11-07T14:30:00.450679Z,2025-11-07T14:30:00.218146Z,0,PRESENT_NONEMPTY,2025-11-07T21:00:00Z,2025-11-07T14:30:00Z,2025-11-07,230547,SOURCE_AVAILABLE,executed_at_and_created_at_timestamp,nanoseconds_normalized_from_arrow_unit,230547
False,MSFT,NO_TEMPORAL_ANOMALY_OBSERVED,81405,81401,81405,81405,81405,81405,0,0,19.057605,0.032696,0.079252,2.145128200000005,9.8305653200001,2025-11-07T21:00:00.291188Z,2025-11-07T20:59:59.476619Z,2025-11-07T14:30:00.355344Z,2025-11-07T14:30:00.090923Z,0,PRESENT_NONEMPTY,2025-11-07T21:00:00Z,2025-11-07T14:30:00Z,2025-11-07,81405,SOURCE_AVAILABLE,executed_at_and_created_at_timestamp,nanoseconds_normalized_from_arrow_unit,81405
False,NVDA,NO_TEMPORAL_ANOMALY_OBSERVED,547523,547518,547523,547523,547523,547523,0,0,9.756968,0.03104,0.078348,0.3061512999999994,1.4704987400000025,2025-11-07T21:00:00.359004Z,2025-11-07T20:59:59.999356Z,2025-11-07T14:30:00.128823Z,2025-11-07T14:30:00.005425Z,0,PRESENT_NONEMPTY,2025-11-07T21:00:00Z,2025-11-07T14:30:00Z,2025-11-07,547523,SOURCE_AVAILABLE,executed_at_and_created_at_timestamp,nanoseconds_normalized_from_arrow_unit,547523
False,QQQ,NO_TEMPORAL_ANOMALY_OBSERVED,921538,921511,921538,921538,921538,921538,0,0,5.872778,0.032011,0.08247,0.5404762999999998,2.4424135900000006,2025-11-07T21:00:00.931750Z,2025-11-07T20:59:59.963416Z,2025-11-07T14:30:00.098664Z,2025-11-07T14:30:00.002330Z,0,PRESENT_NONEMPTY,2025-11-07T21:00:00Z,2025-11-07T14:30:00Z,2025-11-07,921538,SOURCE_AVAILABLE,executed_at_and_created_at_timestamp,nanoseconds_normalized_from_arrow_unit,921538
False,SPY,NO_TEMPORAL_ANOMALY_OBSERVED,1403298,1402864,1403298,1403298,1403298,1403298,0,0,11.05639,0.031936,0.3545775,3.8889905999999996,5.230847870000004,2025-11-07T21:00:05.698040Z,2025-11-07T20:59:59.998890Z,2025-11-07T14:30:00.069761Z,2025-11-07T14:30:00.016695Z,0,PRESENT_NONEMPTY,2025-11-07T21:00:00Z,2025-11-07T14:30:00Z,2025-11-07,1403298,SOURCE_AVAILABLE,executed_at_and_created_at_timestamp,nanoseconds_normalized_from_arrow_unit,1403298
False,TSLA,NO_TEMPORAL_ANOMALY_OBSERVED,746053,745926,746053,746053,746053,746053,0,0,85.911035,0.033162,0.126177,50.92570840000002,75.2462942,2025-11-07T21:00:03.890604Z,2025-11-07T20:59:59.970401Z,2025-11-07T14:30:00.162837Z,2025-11-07T14:30:00.004637Z,0,PRESENT_NONEMPTY,2025-11-07T21:00:00Z,2025-11-07T14:30:00Z,2025-11-07,746053,SOURCE_AVAILABLE,executed_at_and_created_at_timestamp,nanoseconds_normalized_from_arrow_unit,746053
False,AAPL,NO_TEMPORAL_ANOMALY_OBSERVED,108761,108761,108761,108761,108761,108761,0,0,14.101623,0.032223,0.070107,0.174225,1.8068493999999966,2025-11-10T20:59:59.990762Z,2025-11-10T20:59:59.902671Z,2025-11-10T14:30:00.378015Z,2025-11-10T14:30:00.214482Z,0,PRESENT_NONEMPTY,2025-11-10T21:00:00Z,2025-11-10T14:30:00Z,2025-11-10,108761,SOURCE_AVAILABLE,executed_at_and_created_at_timestamp,nanoseconds_normalized_from_arrow_unit,108761
False,AMZN,NO_TEMPORAL_ANOMALY_OBSERVED,92590,92590,92590,92590,92590,92590,0,0,9.949776,0.032174,0.074203,0.17022420000000008,4.48404876,2025-11-10T20:59:59.990762Z,2025-11-10T20:59:59.878391Z,2025-11-10T14:30:00.134829Z,2025-11-10T14:30:00.008901Z,0,PRESENT_NONEMPTY,2025-11-10T21:00:00Z,2025-11-10T14:30:00Z,2025-11-10,92590,SOURCE_AVAILABLE,executed_at_and_created_at_timestamp,nanoseconds_normalized_from_arrow_unit,92590
False,META,NO_TEMPORAL_ANOMALY_OBSERVED,138992,138992,138992,138992,138992,138992,0,0,51.990095,0.031405,0.0738695,0.201363,12.724074549999816,2025-11-10T20:59:59.999254Z,2025-11-10T20:59:59.915412Z,2025-11-10T14:30:00.166723Z,2025-11-10T14:30:00.009693Z,0,PRESENT_NONEMPTY,2025-11-10T21:00:00Z,2025-11-10T14:30:00Z,2025-11-10,138992,SOURCE_AVAILABLE,executed_at_and_created_at_timestamp,nanoseconds_normalized_from_arrow_unit,138992
False,MSFT,NO_TEMPORAL_ANOMALY_OBSERVED,74666,74666,74666,74666,74666,74666,0,0,5.64382,0.031839,0.072402,0.1915915,2.9791830000000044,2025-11-10T20:59:59.637321Z,2025-11-10T20:59:59.527980Z,2025-11-10T14:30:00.281938Z,2025-11-10T14:30:00.098319Z,0,PRESENT_NONEMPTY,2025-11-10T21:00:00Z,2025-11-10T14:30:00Z,2025-11-10,74666,SOURCE_AVAILABLE,executed_at_and_created_at_timestamp,nanoseconds_normalized_from_arrow_unit,74666
False,NVDA,NO_TEMPORAL_ANOMALY_OBSERVED,374252,374237,374252,374252,374252,374252,0,0,7.650286,0.031625,0.075077,0.238808,1.9907623599999995,2025-11-10T21:00:00.323136Z,2025-11-10T20:59:59.924822Z,2025-11-10T14:30:00.067696Z,2025-11-10T14:30:00.008539Z,0,PRESENT_NONEMPTY,2025-11-10T21:00:00Z,2025-11-10T14:30:00Z,2025-11-10,374252,SOURCE_AVAILABLE,executed_at_and_created_at_timestamp,nanoseconds_normalized_from_arrow_unit,374252
False,QQQ,NO_TEMPORAL_ANOMALY_OBSERVED,711861,711858,711861,711861,711861,711861,0,0,5.580314,0.031578,0.076093,0.362105,3.0097836000000004,2025-11-10T21:00:00.338725Z,2025-11-10T20:59:59.956872Z,2025-11-10T14:30:00.205497Z,2025-11-10T14:30:00.002393Z,0,PRESENT_NONEMPTY,2025-11-10T21:00:00Z,2025-11-10T14:30:00Z,2025-11-10,711861,SOURCE_AVAILABLE,executed_at_and_created_at_timestamp,nanoseconds_normalized_from_arrow_unit,711861
False,SPY,NO_TEMPORAL_ANOMALY_OBSERVED,1226269,1226055,1226269,1226269,1226269,1226269,0,0,8.138376,0.031282,0.091774,3.468926,4.634803960000008,2025-11-10T21:00:04.560639Z,2025-11-10T20:59:59.982559Z,2025-11-10T14:30:00.068074Z,2025-11-10T14:30:00.002672Z,0,PRESENT_NONEMPTY,2025-11-10T21:00:00Z,2025-11-10T14:30:00Z,2025-11-10,1226269,SOURCE_AVAILABLE,executed_at_and_created_at_timestamp,nanoseconds_normalized_from_arrow_unit,1226269
False,TSLA,NO_TEMPORAL_ANOMALY_OBSERVED,371971,371958,371971,371971,371971,371971,0,0,37.305642,0.031598,0.075654,0.26627049999999997,12.087197399999859,2025-11-10T21:00:00.560806Z,2025-11-10T20:59:59.922727Z,2025-11-10T14:30:00.195889Z,2025-11-10T14:30:00.006277Z,0,PRESENT_NONEMPTY,2025-11-10T21:00:00Z,2025-11-10T14:30:00Z,2025-11-10,371971,SOURCE_AVAILABLE,executed_at_and_created_at_timestamp,nanoseconds_normalized_from_arrow_unit,371971
False,AAPL,NO_TEMPORAL_ANOMALY_OBSERVED,139477,139477,139477,139477,139477,139477,0,0,3.526475,0.031478,0.071327,0.12396379999999985,0.3366858799999941,2025-11-11T20:59:59.956630Z,2025-11-11T20:59:59.877009Z,2025-11-11T14:30:00.187268Z,2025-11-11T14:30:00.051357Z,0,PRESENT_NONEMPTY,2025-11-11T21:00:00Z,2025-11-11T14:30:00Z,2025-11-11,139477,SOURCE_AVAILABLE,executed_at_and_created_at_timestamp,nanoseconds_normalized_from_arrow_unit,139477
False,AMZN,NO_TEMPORAL_ANOMALY_OBSERVED,50209,50209,50209,50209,50209,50209,0,0,13.089437,0.032444,0.07541,0.16742559999999998,7.13777327999996,2025-11-11T20:59:59.970232Z,2025-11-11T20:59:59.880906Z,2025-11-11T14:30:00.095682Z,2025-11-11T14:30:00.006257Z,0,PRESENT_NONEMPTY,2025-11-11T21:00:00Z,2025-11-11T14:30:00Z,2025-11-11,50209,SOURCE_AVAILABLE,executed_at_and_created_at_timestamp,nanoseconds_normalized_from_arrow_unit,50209
False,META,NO_TEMPORAL_ANOMALY_OBSERVED,89962,89961,89962,89962,89962,89962,0,0,27.414621,0.032017,0.072975,0.1392386,4.842556309999998,2025-11-11T21:00:00.076638Z,2025-11-11T20:59:59.961176Z,2025-11-11T14:30:00.536945Z,2025-11-11T14:30:00.329366Z,0,PRESENT_NONEMPTY,2025-11-11T21:00:00Z,2025-11-11T14:30:00Z,2025-11-11,89962,SOURCE_AVAILABLE,executed_at_and_created_at_timestamp,nanoseconds_normalized_from_arrow_unit,89962
False,MSFT,NO_TEMPORAL_ANOMALY_OBSERVED,51381,51381,51381,51381,51381,51381,0,0,17.234246,0.031482,0.073643,0.146399,4.531119,2025-11-11T20:59:59.965624Z,2025-11-11T20:59:59.877195Z,2025-11-11T14:30:00.396982Z,2025-11-11T14:30:00.252677Z,0,PRESENT_NONEMPTY,2025-11-11T21:00:00Z,2025-11-11T14:30:00Z,2025-11-11,51381,SOURCE_AVAILABLE,executed_at_and_created_at_timestamp,nanoseconds_normalized_from_arrow_unit,51381
False,NVDA,NO_TEMPORAL_ANOMALY_OBSERVED,314296,314296,314296,314296,314296,314296,0,0,11.407006,0.031544,0.078132,0.31530425,3.9757686999999917,2025-11-11T20:59:59.990016Z,2025-11-11T20:59:59.889033Z,2025-11-11T14:30:00.082772Z,2025-11-11T14:30:00.005012Z,0,PRESENT_NONEMPTY,2025-11-11T21:00:00Z,2025-11-11T14:30:00Z,2025-11-11,314296,SOURCE_AVAILABLE,executed_at_and_created_at_timestamp,nanoseconds_normalized_from_arrow_unit,314296
False,QQQ,NO_TEMPORAL_ANOMALY_OBSERVED,570391,570372,570391,570391,570391,570391,0,0,5.072717,0.031238,0.0765,0.236041,1.7222124999999957,2025-11-11T21:00:00.643995Z,2025-11-11T20:59:59.964166Z,2025-11-11T14:30:00.095484Z,2025-11-11T14:30:00.002295Z,0,PRESENT_NONEMPTY,2025-11-11T21:00:00Z,2025-11-11T14:30:00Z,2025-11-11,570391,SOURCE_AVAILABLE,executed_at_and_created_at_timestamp,nanoseconds_normalized_from_arrow_unit,570391
False,SPY,NO_TEMPORAL_ANOMALY_OBSERVED,887296,886918,887296,887296,887296,887296,0,0,7.573001,0.03041,0.094874,2.48664875,4.0676858000000085,2025-11-11T21:00:04.438385Z,2025-11-11T20:59:59.951315Z,2025-11-11T14:30:00.066909Z,2025-11-11T14:30:00.002922Z,0,PRESENT_NONEMPTY,2025-11-11T21:00:00Z,2025-11-11T14:30:00Z,2025-11-11,887296,SOURCE_AVAILABLE,executed_at_and_created_at_timestamp,nanoseconds_normalized_from_arrow_unit,887296
False,TSLA,NO_TEMPORAL_ANOMALY_OBSERVED,286697,286654,286697,286697,286697,286697,0,0,20.890794,0.031558,0.074593,0.17587420000000017,2.45887032,2025-11-11T21:00:00.956832Z,2025-11-11T20:59:59.894099Z,2025-11-11T14:30:00.096888Z,2025-11-11T14:30:00.006260Z,0,PRESENT_NONEMPTY,2025-11-11T21:00:00Z,2025-11-11T14:30:00Z,2025-11-11,286697,SOURCE_AVAILABLE,executed_at_and_created_at_timestamp,nanoseconds_normalized_from_arrow_unit,286697
False,AAPL,NO_TEMPORAL_ANOMALY_OBSERVED,91540,91537,91540,91540,91540,91540,0,0,9.837761,0.032792,0.072911,0.14796015000000007,2.898374,2025-11-12T21:00:00.054045Z,2025-11-12T20:59:59.992648Z,2025-11-12T14:30:00.168386Z,2025-11-12T14:30:00.021729Z,0,PRESENT_NONEMPTY,2025-11-12T21:00:00Z,2025-11-12T14:30:00Z,2025-11-12,91540,SOURCE_AVAILABLE,executed_at_and_created_at_timestamp,nanoseconds_normalized_from_arrow_unit,91540
False,AMZN,NO_TEMPORAL_ANOMALY_OBSERVED,75161,75161,75161,75161,75161,75161,0,0,8.120563,0.032042,0.073354,0.179529,0.62005,2025-11-12T20:59:59.556141Z,2025-11-12T20:59:59.496312Z,2025-11-12T14:30:00.223100Z,2025-11-12T14:30:00.087580Z,0,PRESENT_NONEMPTY,2025-11-12T21:00:00Z,2025-11-12T14:30:00Z,2025-11-12,75161,SOURCE_AVAILABLE,executed_at_and_created_at_timestamp,nanoseconds_normalized_from_arrow_unit,75161
False,META,NO_TEMPORAL_ANOMALY_OBSERVED,183903,183902,183903,183903,183903,183903,0,0,20.940431,0.032338,0.072277,0.1547028999999999,0.6972104800000061,2025-11-12T21:00:00.028639Z,2025-11-12T20:59:59.910464Z,2025-11-12T14:30:00.852709Z,2025-11-12T14:30:00.453000Z,0,PRESENT_NONEMPTY,2025-11-12T21:00:00Z,2025-11-12T14:30:00Z,2025-11-12,183903,SOURCE_AVAILABLE,executed_at_and_created_at_timestamp,nanoseconds_normalized_from_arrow_unit,183903
False,MSFT,NO_TEMPORAL_ANOMALY_OBSERVED,80984,80984,80984,80984,80984,80984,0,0,10.93251,0.032675,0.073298,0.17608729999999984,1.958597,2025-11-12T20:59:59.918664Z,2025-11-12T20:59:59.786559Z,2025-11-12T14:30:00.529711Z,2025-11-12T14:30:00.300714Z,0,PRESENT_NONEMPTY,2025-11-12T21:00:00Z,2025-11-12T14:30:00Z,2025-11-12,80984,SOURCE_AVAILABLE,executed_at_and_created_at_timestamp,nanoseconds_normalized_from_arrow_unit,80984
False,NVDA,NO_TEMPORAL_ANOMALY_OBSERVED,262976,262972,262976,262976,262976,262976,0,0,60.790705,0.03138,0.075945,0.276544,1.9326045,2025-11-12T21:00:00.037559Z,2025-11-12T20:59:59.963547Z,2025-11-12T14:30:00.290757Z,2025-11-12T14:30:00.004558Z,0,PRESENT_NONEMPTY,2025-11-12T21:00:00Z,2025-11-12T14:30:00Z,2025-11-12,262976,SOURCE_AVAILABLE,executed_at_and_created_at_timestamp,nanoseconds_normalized_from_arrow_unit,262976
False,QQQ,NO_TEMPORAL_ANOMALY_OBSERVED,672850,672842,672850,672850,672850,672850,0,0,30.53238,0.032011,0.077393,0.353943,2.0577991500000006,2025-11-12T21:00:00.383326Z,2025-11-12T20:59:59.982742Z,2025-11-12T14:30:00.166994Z,2025-11-12T14:30:00.019304Z,0,PRESENT_NONEMPTY,2025-11-12T21:00:00Z,2025-11-12T14:30:00Z,2025-11-12,672850,SOURCE_AVAILABLE,executed_at_and_created_at_timestamp,nanoseconds_normalized_from_arrow_unit,672850
False,SPY,NO_TEMPORAL_ANOMALY_OBSERVED,1093603,1093348,1093603,1093603,1093603,1093603,0,0,13.530409,0.03139,0.102411,2.3803262999999992,4.588560499999998,2025-11-12T21:00:03.778456Z,2025-11-12T20:59:59.999956Z,2025-11-12T14:30:00.099944Z,2025-11-12T14:30:00.002381Z,0,PRESENT_NONEMPTY,2025-11-12T21:00:00Z,2025-11-12T14:30:00Z,2025-11-12,1093603,SOURCE_AVAILABLE,executed_at_and_created_at_timestamp,nanoseconds_normalized_from_arrow_unit,1093603
False,TSLA,NO_TEMPORAL_ANOMALY_OBSERVED,324463,324462,324463,324463,324463,324463,0,0,12.102928,0.032495,0.07307,0.157412,0.558425,2025-11-12T21:00:00.050921Z,2025-11-12T20:59:59.974383Z,2025-11-12T14:30:00.266842Z,2025-11-12T14:30:00.100086Z,0,PRESENT_NONEMPTY,2025-11-12T21:00:00Z,2025-11-12T14:30:00Z,2025-11-12,324463,SOURCE_AVAILABLE,executed_at_and_created_at_timestamp,nanoseconds_normalized_from_arrow_unit,324463
False,AAPL,NO_TEMPORAL_ANOMALY_OBSERVED,112216,112216,112216,112216,112216,112216,0,0,8.6849,0.032268,0.0727095,0.17002825000000002,0.5391385000000002,2025-11-13T20:59:59.983415Z,2025-11-13T20:59:59.914151Z,2025-11-13T14:30:00.230998Z,2025-11-13T14:30:00.037951Z,0,PRESENT_NONEMPTY,2025-11-13T21:00:00Z,2025-11-13T14:30:00Z,2025-11-13,112216,SOURCE_AVAILABLE,executed_at_and_created_at_timestamp,nanoseconds_normalized_from_arrow_unit,112216
False,AMZN,NO_TEMPORAL_ANOMALY_OBSERVED,92833,92833,92833,92833,92833,92833,0,0,35.36687,0.031905,0.074156,0.22917479999999993,2.94679972,2025-11-13T20:59:59.921985Z,2025-11-13T20:59:59.851117Z,2025-11-13T14:30:00.200378Z,2025-11-13T14:30:00.018867Z,0,PRESENT_NONEMPTY,2025-11-13T21:00:00Z,2025-11-13T14:30:00Z,2025-11-13,92833,SOURCE_AVAILABLE,executed_at_and_created_at_timestamp,nanoseconds_normalized_from_arrow_unit,92833
False,META,NO_TEMPORAL_ANOMALY_OBSERVED,146412,146402,146412,146412,146412,146412,0,0,28.288684,0.032075,0.073329,0.18202979999999994,2.192808299999999,2025-11-13T21:00:00.352528Z,2025-11-13T20:59:59.988195Z,2025-11-13T14:30:00.556674Z,2025-11-13T14:30:00.455980Z,0,PRESENT_NONEMPTY,2025-11-13T21:00:00Z,2025-11-13T14:30:00Z,2025-11-13,146412,SOURCE_AVAILABLE,executed_at_and_created_at_timestamp,nanoseconds_normalized_from_arrow_unit,146412
False,MSFT,NO_TEMPORAL_ANOMALY_OBSERVED,73554,73552,73554,73554,73554,73554,0,0,20.8328,0.031787,0.0728275,0.1941565499999997,2.744846,2025-11-13T21:00:00.221868Z,2025-11-13T20:59:59.909778Z,2025-11-13T14:30:00.754359Z,2025-11-13T14:30:00.271259Z,0,PRESENT_NONEMPTY,2025-11-13T21:00:00Z,2025-11-13T14:30:00Z,2025-11-13,73554,SOURCE_AVAILABLE,executed_at_and_created_at_timestamp,nanoseconds_normalized_from_arrow_unit,73554
False,NVDA,NO_TEMPORAL_ANOMALY_OBSERVED,422355,422285,422355,422355,422355,422355,0,0,4.880792,0.03165,0.079414,0.305546,1.1022939600000037,2025-11-13T21:00:01.302002Z,2025-11-13T20:59:59.990628Z,2025-11-13T14:30:00.096346Z,2025-11-13T14:30:00.002678Z,0,PRESENT_NONEMPTY,2025-11-13T21:00:00Z,2025-11-13T14:30:00Z,2025-11-13,422355,SOURCE_AVAILABLE,executed_at_and_created_at_timestamp,nanoseconds_normalized_from_arrow_unit,422355
False,QQQ,NO_TEMPORAL_ANOMALY_OBSERVED,902040,902004,902040,902040,902040,902040,0,0,9.77186,0.031887,0.0905715,1.0956921499999999,3.4037536699999937,2025-11-13T21:00:01.967048Z,2025-11-13T20:59:59.992518Z,2025-11-13T14:30:00.152751Z,2025-11-13T14:30:00.002826Z,0,PRESENT_NONEMPTY,2025-11-13T21:00:00Z,2025-11-13T14:30:00Z,2025-11-13,902040,SOURCE_AVAILABLE,executed_at_and_created_at_timestamp,nanoseconds_normalized_from_arrow_unit,902040
False,SPY,NO_TEMPORAL_ANOMALY_OBSERVED,1419280,1418877,1419280,1419280,1419280,1419280,0,0,9.539755,0.031881,0.6383875,3.9865812500000004,4.788378719999999,2025-11-13T21:00:05.460717Z,2025-11-13T20:59:59.993353Z,2025-11-13T14:30:00.098667Z,2025-11-13T14:30:00.002752Z,0,PRESENT_NONEMPTY,2025-11-13T21:00:00Z,2025-11-13T14:30:00Z,2025-11-13,1419280,SOURCE_AVAILABLE,executed_at_and_created_at_timestamp,nanoseconds_normalized_from_arrow_unit,1419280
False,TSLA,NO_TEMPORAL_ANOMALY_OBSERVED,706078,706033,706078,706078,706078,706078,0,0,18.344826,0.032481,0.0770505,0.2235896000000001,1.2009321899999954,2025-11-13T21:00:00.549507Z,2025-11-13T20:59:59.931239Z,2025-11-13T14:30:00.100366Z,2025-11-13T14:30:00.016896Z,0,PRESENT_NONEMPTY,2025-11-13T21:00:00Z,2025-11-13T14:30:00Z,2025-11-13,706078,SOURCE_AVAILABLE,executed_at_and_created_at_timestamp,nanoseconds_normalized_from_arrow_unit,706078
False,AAPL,NO_TEMPORAL_ANOMALY_OBSERVED,126660,126645,126660,126660,126660,126660,0,0,4.086429,0.031768,0.073946,0.20054429999999993,2.1076329100000013,2025-11-14T21:00:00.821947Z,2025-11-14T20:59:59.776389Z,2025-11-14T14:30:00.200245Z,2025-11-14T14:30:00.050137Z,0,PRESENT_NONEMPTY,2025-11-14T21:00:00Z,2025-11-14T14:30:00Z,2025-11-14,126660,SOURCE_AVAILABLE,executed_at_and_created_at_timestamp,nanoseconds_normalized_from_arrow_unit,126660
False,AMZN,NO_TEMPORAL_ANOMALY_OBSERVED,93171,93159,93171,93171,93171,93171,0,0,20.772775,0.032291,0.07469,0.218474,8.786795100000024,2025-11-14T21:00:00.693272Z,2025-11-14T20:59:59.631915Z,2025-11-14T14:30:00.226549Z,2025-11-14T14:30:00.112788Z,0,PRESENT_NONEMPTY,2025-11-14T21:00:00Z,2025-11-14T14:30:00Z,2025-11-14,93171,SOURCE_AVAILABLE,executed_at_and_created_at_timestamp,nanoseconds_normalized_from_arrow_unit,93171
False,META,NO_TEMPORAL_ANOMALY_OBSERVED,160875,160868,160875,160875,160875,160875,0,0,29.506759,0.031674,0.075087,0.27238719999999933,15.193684160000014,2025-11-14T21:00:00.722984Z,2025-11-14T20:59:59.990696Z,2025-11-14T14:30:00.516186Z,2025-11-14T14:30:00.391231Z,0,PRESENT_NONEMPTY,2025-11-14T21:00:00Z,2025-11-14T14:30:00Z,2025-11-14,160875,SOURCE_AVAILABLE,executed_at_and_created_at_timestamp,nanoseconds_normalized_from_arrow_unit,160875
False,MSFT,NO_TEMPORAL_ANOMALY_OBSERVED,75152,75149,75152,75152,75152,75152,0,0,14.865923,0.031564,0.073987,0.23494299999999982,2.925422,2025-11-14T21:00:00.350009Z,2025-11-14T20:59:59.624902Z,2025-11-14T14:30:00.476322Z,2025-11-14T14:30:00.351299Z,0,PRESENT_NONEMPTY,2025-11-14T21:00:00Z,2025-11-14T14:30:00Z,2025-11-14,75152,SOURCE_AVAILABLE,executed_at_and_created_at_timestamp,nanoseconds_normalized_from_arrow_unit,75152
False,NVDA,NO_TEMPORAL_ANOMALY_OBSERVED,423592,423588,423592,423592,423592,423592,0,0,8.223993,0.030754,0.0916705,3.2015115499999993,3.9245722499999993,2025-11-14T21:00:00.138547Z,2025-11-14T20:59:59.983062Z,2025-11-14T14:30:00.098403Z,2025-11-14T14:30:00.004509Z,0,PRESENT_NONEMPTY,2025-11-14T21:00:00Z,2025-11-14T14:30:00Z,2025-11-14,423592,SOURCE_AVAILABLE,executed_at_and_created_at_timestamp,nanoseconds_normalized_from_arrow_unit,423592
False,QQQ,NO_TEMPORAL_ANOMALY_OBSERVED,851670,851579,851670,851670,851670,851670,0,0,17.837002,0.031585,0.096795,2.732579149999999,11.316345159999997,2025-11-14T21:00:03.467868Z,2025-11-14T20:59:59.991123Z,2025-11-14T14:30:00.167741Z,2025-11-14T14:30:00.002212Z,0,PRESENT_NONEMPTY,2025-11-14T21:00:00Z,2025-11-14T14:30:00Z,2025-11-14,851670,SOURCE_AVAILABLE,executed_at_and_created_at_timestamp,nanoseconds_normalized_from_arrow_unit,851670
False,SPY,NO_TEMPORAL_ANOMALY_OBSERVED,1349578,1348939,1349578,1349578,1349578,1349578,0,0,44.876244,0.03145,2.499122,4.492535749999997,25.41449213999989,2025-11-14T21:00:10.677983Z,2025-11-14T20:59:59.999617Z,2025-11-14T14:30:00.097220Z,2025-11-14T14:30:00.002439Z,0,PRESENT_NONEMPTY,2025-11-14T21:00:00Z,2025-11-14T14:30:00Z,2025-11-14,1349578,SOURCE_AVAILABLE,executed_at_and_created_at_timestamp,nanoseconds_normalized_from_arrow_unit,1349578
False,TSLA,NO_TEMPORAL_ANOMALY_OBSERVED,757730,757717,757730,757730,757730,757730,0,0,23.185919,0.031527,0.078327,0.24528509999999987,3.658467709999955,2025-11-14T21:00:00.354270Z,2025-11-14T20:59:59.917379Z,2025-11-14T14:30:00.170251Z,2025-11-14T14:30:00.006829Z,0,PRESENT_NONEMPTY,2025-11-14T21:00:00Z,2025-11-14T14:30:00Z,2025-11-14,757730,SOURCE_AVAILABLE,executed_at_and_created_at_timestamp,nanoseconds_normalized_from_arrow_unit,757730
False,AAPL,NO_TEMPORAL_ANOMALY_OBSERVED,102376,102376,102376,102376,102376,102376,0,0,3.134474,0.031682,0.072468,0.1837755,2.2317294999999997,2025-11-17T20:59:59.962211Z,2025-11-17T20:59:59.900637Z,2025-11-17T14:30:00.157897Z,2025-11-17T14:30:00.018380Z,0,PRESENT_NONEMPTY,2025-11-17T21:00:00Z,2025-11-17T14:30:00Z,2025-11-17,102376,SOURCE_AVAILABLE,executed_at_and_created_at_timestamp,nanoseconds_normalized_from_arrow_unit,102376
False,AMZN,NO_TEMPORAL_ANOMALY_OBSERVED,112211,112211,112211,112211,112211,112211,0,0,14.55047,0.032796,0.078454,0.3646155,7.357280099999962,2025-11-17T20:59:59.920161Z,2025-11-17T20:59:59.839066Z,2025-11-17T14:30:00.356733Z,2025-11-17T14:30:00.038203Z,0,PRESENT_NONEMPTY,2025-11-17T21:00:00Z,2025-11-17T14:30:00Z,2025-11-17,112211,SOURCE_AVAILABLE,executed_at_and_created_at_timestamp,nanoseconds_normalized_from_arrow_unit,112211
False,META,NO_TEMPORAL_ANOMALY_OBSERVED,104694,104680,104694,104694,104694,104694,0,0,40.044217,0.032522,0.0730225,0.217203,7.879504,2025-11-17T21:00:00.290799Z,2025-11-17T20:59:59.733180Z,2025-11-17T14:30:00.359550Z,2025-11-17T14:30:00.134701Z,0,PRESENT_NONEMPTY,2025-11-17T21:00:00Z,2025-11-17T14:30:00Z,2025-11-17,104694,SOURCE_AVAILABLE,executed_at_and_created_at_timestamp,nanoseconds_normalized_from_arrow_unit,104694
False,MSFT,NO_TEMPORAL_ANOMALY_OBSERVED,44747,44747,44747,44747,44747,44747,0,0,18.191297,0.033337,0.074842,0.24597359999999982,8.5154532,2025-11-17T20:59:58.094355Z,2025-11-17T20:59:58.005995Z,2025-11-17T14:30:00.096901Z,2025-11-17T14:30:00.002862Z,0,PRESENT_NONEMPTY,2025-11-17T21:00:00Z,2025-11-17T14:30:00Z,2025-11-17,44747,SOURCE_AVAILABLE,executed_at_and_created_at_timestamp,nanoseconds_normalized_from_arrow_unit,44747
False,NVDA,NO_TEMPORAL_ANOMALY_OBSERVED,252944,252938,252944,252944,252944,252944,0,0,8.178493,0.031337,0.078972,0.709095549999998,2.7218757000000013,2025-11-17T21:00:00.326116Z,2025-11-17T20:59:59.954061Z,2025-11-17T14:30:00.067340Z,2025-11-17T14:30:00.005108Z,0,PRESENT_NONEMPTY,2025-11-17T21:00:00Z,2025-11-17T14:30:00Z,2025-11-17,252944,SOURCE_AVAILABLE,executed_at_and_created_at_timestamp,nanoseconds_normalized_from_arrow_unit,252944
False,QQQ,NO_TEMPORAL_ANOMALY_OBSERVED,852410,852361,852410,852410,852410,852410,0,0,15.312426,0.031796,0.08698,0.6051577999999989,2.5165465500000033,2025-11-17T21:00:01.525152Z,2025-11-17T20:59:59.988638Z,2025-11-17T14:30:00.219889Z,2025-11-17T14:30:00.002193Z,0,PRESENT_NONEMPTY,2025-11-17T21:00:00Z,2025-11-17T14:30:00Z,2025-11-17,852410,SOURCE_AVAILABLE,executed_at_and_created_at_timestamp,nanoseconds_normalized_from_arrow_unit,852410
False,SPY,NO_TEMPORAL_ANOMALY_OBSERVED,1444469,1444023,1444469,1444469,1444469,1444469,0,0,13.720756,0.031159,0.486798,3.6771786,4.507105280000008,2025-11-17T21:00:06.585205Z,2025-11-17T20:59:59.996438Z,2025-11-17T14:30:00.067999Z,2025-11-17T14:30:00.003248Z,0,PRESENT_NONEMPTY,2025-11-17T21:00:00Z,2025-11-17T14:30:00Z,2025-11-17,1444469,SOURCE_AVAILABLE,executed_at_and_created_at_timestamp,nanoseconds_normalized_from_arrow_unit,1444469
False,TSLA,NO_TEMPORAL_ANOMALY_OBSERVED,513553,513537,513553,513553,513553,513553,0,0,17.631622,0.032405,0.076686,0.18211179999999993,0.5238913199999994,2025-11-17T21:00:00.289862Z,2025-11-17T20:59:59.932860Z,2025-11-17T14:30:00.160337Z,2025-11-17T14:30:00.075023Z,0,PRESENT_NONEMPTY,2025-11-17T21:00:00Z,2025-11-17T14:30:00Z,2025-11-17,513553,SOURCE_AVAILABLE,executed_at_and_created_at_timestamp,nanoseconds_normalized_from_arrow_unit,513553
False,AAPL,NO_TEMPORAL_ANOMALY_OBSERVED,88045,88044,88045,88045,88045,88045,0,0,2.924852,0.032921,0.073189,0.22879500000000036,2.0250152,2025-11-18T21:00:00.089631Z,2025-11-18T20:59:59.832874Z,2025-11-18T14:30:00.231930Z,2025-11-18T14:30:00.124779Z,0,PRESENT_NONEMPTY,2025-11-18T21:00:00Z,2025-11-18T14:30:00Z,2025-11-18,88045,SOURCE_AVAILABLE,executed_at_and_created_at_timestamp,nanoseconds_normalized_from_arrow_unit,88045
False,AMZN,NO_TEMPORAL_ANOMALY_OBSERVED,129407,129379,129407,129407,129407,129407,0,0,14.18766,0.031578,0.076703,0.255082,4.629416660000011,2025-11-18T21:00:00.126769Z,2025-11-18T20:59:59.905338Z,2025-11-18T14:30:00.101178Z,2025-11-18T14:30:00.003295Z,0,PRESENT_NONEMPTY,2025-11-18T21:00:00Z,2025-11-18T14:30:00Z,2025-11-18,129407,SOURCE_AVAILABLE,executed_at_and_created_at_timestamp,nanoseconds_normalized_from_arrow_unit,129407
False,META,NO_TEMPORAL_ANOMALY_OBSERVED,139932,139918,139932,139932,139932,139932,0,0,37.883983,0.033473,0.0788685,0.4244732999999994,7.88437419,2025-11-18T21:00:01.214852Z,2025-11-18T20:59:59.485017Z,2025-11-18T14:30:00.339963Z,2025-11-18T14:30:00.170057Z,0,PRESENT_NONEMPTY,2025-11-18T21:00:00Z,2025-11-18T14:30:00Z,2025-11-18,139932,SOURCE_AVAILABLE,executed_at_and_created_at_timestamp,nanoseconds_normalized_from_arrow_unit,139932
False,MSFT,NO_TEMPORAL_ANOMALY_OBSERVED,94123,94115,94123,94123,94123,94123,0,0,7.500595,0.03335,0.079228,0.3811471999999996,3.180505359999999,2025-11-18T21:00:01.185849Z,2025-11-18T20:59:59.478446Z,2025-11-18T14:30:00.098793Z,2025-11-18T14:30:00.003047Z,0,PRESENT_NONEMPTY,2025-11-18T21:00:00Z,2025-11-18T14:30:00Z,2025-11-18,94123,SOURCE_AVAILABLE,executed_at_and_created_at_timestamp,nanoseconds_normalized_from_arrow_unit,94123
False,NVDA,NO_TEMPORAL_ANOMALY_OBSERVED,326276,326111,326276,326276,326276,326276,0,0,3.414376,0.031822,0.0836695,0.78111475,1.94352575,2025-11-18T21:00:01.140895Z,2025-11-18T20:59:59.987182Z,2025-11-18T14:30:00.067494Z,2025-11-18T14:30:00.004540Z,0,PRESENT_NONEMPTY,2025-11-18T21:00:00Z,2025-11-18T14:30:00Z,2025-11-18,326276,SOURCE_AVAILABLE,executed_at_and_created_at_timestamp,nanoseconds_normalized_from_arrow_unit,326276
False,QQQ,NO_TEMPORAL_ANOMALY_OBSERVED,938805,938633,938805,938805,938805,938805,0,0,14.462718,0.03194,0.104243,1.708083,2.9590234799999995,2025-11-18T21:00:03.304748Z,2025-11-18T20:59:59.981041Z,2025-11-18T14:30:00.169400Z,2025-11-18T14:30:00.002856Z,0,PRESENT_NONEMPTY,2025-11-18T21:00:00Z,2025-11-18T14:30:00Z,2025-11-18,938805,SOURCE_AVAILABLE,executed_at_and_created_at_timestamp,nanoseconds_normalized_from_arrow_unit,938805
False,SPY,NO_TEMPORAL_ANOMALY_OBSERVED,1533498,1532786,1533498,1533498,1533498,1533498,0,0,38.862128,0.031942,2.8888515,10.270859049999986,21.433216980000015,2025-11-18T21:00:12.861550Z,2025-11-18T20:59:59.976284Z,2025-11-18T14:30:00.093980Z,2025-11-18T14:30:00.002713Z,0,PRESENT_NONEMPTY,2025-11-18T21:00:00Z,2025-11-18T14:30:00Z,2025-11-18,1533498,SOURCE_AVAILABLE,executed_at_and_created_at_timestamp,nanoseconds_normalized_from_arrow_unit,1533498
False,TSLA,NO_TEMPORAL_ANOMALY_OBSERVED,410230,410114,410230,410230,410230,410230,0,0,25.614679,0.032058,0.082557,1.0907311499999992,4.878341870000006,2025-11-18T21:00:02.657379Z,2025-11-18T20:59:59.840402Z,2025-11-18T14:30:00.065447Z,2025-11-18T14:30:00.003184Z,0,PRESENT_NONEMPTY,2025-11-18T21:00:00Z,2025-11-18T14:30:00Z,2025-11-18,410230,SOURCE_AVAILABLE,executed_at_and_created_at_timestamp,nanoseconds_normalized_from_arrow_unit,410230
False,AAPL,NO_TEMPORAL_ANOMALY_OBSERVED,89567,89567,89567,89567,89567,89567,0,0,15.00234,0.032874,0.072507,0.16678579999999993,2.9121444,2025-11-19T20:59:59.677599Z,2025-11-19T20:59:59.595454Z,2025-11-19T14:30:00.297217Z,2025-11-19T14:30:00.179065Z,0,PRESENT_NONEMPTY,2025-11-19T21:00:00Z,2025-11-19T14:30:00Z,2025-11-19,89567,SOURCE_AVAILABLE,executed_at_and_created_at_timestamp,nanoseconds_normalized_from_arrow_unit,89567
False,AMZN,NO_TEMPORAL_ANOMALY_OBSERVED,114029,114029,114029,114029,114029,114029,0,0,10.227958,0.032333,0.076202,0.22859459999999943,2.2889496800000035,2025-11-19T20:59:59.620115Z,2025-11-19T20:59:59.528144Z,2025-11-19T14:30:00.261410Z,2025-11-19T14:30:00.193480Z,0,PRESENT_NONEMPTY,2025-11-19T21:00:00Z,2025-11-19T14:30:00Z,2025-11-19,114029,SOURCE_AVAILABLE,executed_at_and_created_at_timestamp,nanoseconds_normalized_from_arrow_unit,114029
False,META,NO_TEMPORAL_ANOMALY_OBSERVED,125747,125747,125747,125747,125747,125747,0,0,99.741998,0.033385,0.076952,0.3057125,8.427616179999989,2025-11-19T20:59:59.797361Z,2025-11-19T20:59:59.642603Z,2025-11-19T14:30:00.339539Z,2025-11-19T14:30:00.223975Z,0,PRESENT_NONEMPTY,2025-11-19T21:00:00Z,2025-11-19T14:30:00Z,2025-11-19,125747,SOURCE_AVAILABLE,executed_at_and_created_at_timestamp,nanoseconds_normalized_from_arrow_unit,125747
False,MSFT,NO_TEMPORAL_ANOMALY_OBSERVED,69508,69507,69508,69508,69508,69508,0,0,7.569348,0.032931,0.076879,0.2121027499999991,2.6101037399999916,2025-11-19T21:00:00.038656Z,2025-11-19T20:59:59.930890Z,2025-11-19T14:30:00.102249Z,2025-11-19T14:30:00.002686Z,0,PRESENT_NONEMPTY,2025-11-19T21:00:00Z,2025-11-19T14:30:00Z,2025-11-19,69508,SOURCE_AVAILABLE,executed_at_and_created_at_timestamp,nanoseconds_normalized_from_arrow_unit,69508
False,NVDA,NO_TEMPORAL_ANOMALY_OBSERVED,490390,490350,490390,490390,490390,490390,0,0,4.799787,0.031656,0.0755545,0.21706314999999984,1.1916368899999987,2025-11-19T21:00:00.085203Z,2025-11-19T20:59:59.980786Z,2025-11-19T14:30:00.097242Z,2025-11-19T14:30:00.004794Z,0,PRESENT_NONEMPTY,2025-11-19T21:00:00Z,2025-11-19T14:30:00Z,2025-11-19,490390,SOURCE_AVAILABLE,executed_at_and_created_at_timestamp,nanoseconds_normalized_from_arrow_unit,490390
False,QQQ,NO_TEMPORAL_ANOMALY_OBSERVED,739809,739743,739809,739809,739809,739809,0,0,19.643444,0.032332,0.085585,0.430853,2.3987248800000036,2025-11-19T21:00:02.270975Z,2025-11-19T20:59:59.995558Z,2025-11-19T14:30:00.097240Z,2025-11-19T14:30:00.002347Z,0,PRESENT_NONEMPTY,2025-11-19T21:00:00Z,2025-11-19T14:30:00Z,2025-11-19,739809,SOURCE_AVAILABLE,executed_at_and_created_at_timestamp,nanoseconds_normalized_from_arrow_unit,739809
False,SPY,NO_TEMPORAL_ANOMALY_OBSERVED,1299717,1299162,1299717,1299717,1299717,1299717,0,0,16.99329,0.031335,1.067299,3.7523609999999996,4.6523173600000005,2025-11-19T21:00:11.300800Z,2025-11-19T20:59:59.987347Z,2025-11-19T14:30:00.067864Z,2025-11-19T14:30:00.002474Z,0,PRESENT_NONEMPTY,2025-11-19T21:00:00Z,2025-11-19T14:30:00Z,2025-11-19,1299717,SOURCE_AVAILABLE,executed_at_and_created_at_timestamp,nanoseconds_normalized_from_arrow_unit,1299717
False,TSLA,NO_TEMPORAL_ANOMALY_OBSERVED,373645,373566,373645,373645,373645,373645,0,0,11.790097,0.031956,0.076386,0.2015997999999998,1.3448433199999918,2025-11-19T21:00:02.627114Z,2025-11-19T20:59:59.949861Z,2025-11-19T14:30:00.148526Z,2025-11-19T14:30:00.005932Z,0,PRESENT_NONEMPTY,2025-11-19T21:00:00Z,2025-11-19T14:30:00Z,2025-11-19,373645,SOURCE_AVAILABLE,executed_at_and_created_at_timestamp,nanoseconds_normalized_from_arrow_unit,373645
False,AAPL,NO_TEMPORAL_ANOMALY_OBSERVED,148484,148483,148484,148484,148484,148484,0,0,7.411191,0.032743,0.0796085,1.2873536000000019,3.615756470000001,2025-11-20T21:00:00.006541Z,2025-11-20T20:59:59.927433Z,2025-11-20T14:30:00.146963Z,2025-11-20T14:30:00.008386Z,0,PRESENT_NONEMPTY,2025-11-20T21:00:00Z,2025-11-20T14:30:00Z,2025-11-20,148484,SOURCE_AVAILABLE,executed_at_and_created_at_timestamp,nanoseconds_normalized_from_arrow_unit,148484
False,AMZN,NO_TEMPORAL_ANOMALY_OBSERVED,117508,117508,117508,117508,117508,117508,0,0,47.515177,0.033204,0.084332,1.5668164499999988,30.177556209999885,2025-11-20T20:59:59.542295Z,2025-11-20T20:59:59.448798Z,2025-11-20T14:30:00.266501Z,2025-11-20T14:30:00.119455Z,0,PRESENT_NONEMPTY,2025-11-20T21:00:00Z,2025-11-20T14:30:00Z,2025-11-20,117508,SOURCE_AVAILABLE,executed_at_and_created_at_timestamp,nanoseconds_normalized_from_arrow_unit,117508
False,META,NO_TEMPORAL_ANOMALY_OBSERVED,160202,160202,160202,160202,160202,160202,0,0,33.719363,0.032768,0.078153,0.427573149999999,17.500563449999465,2025-11-20T20:59:59.346382Z,2025-11-20T20:59:59.183723Z,2025-11-20T14:30:00.293944Z,2025-11-20T14:30:00.150072Z,0,PRESENT_NONEMPTY,2025-11-20T21:00:00Z,2025-11-20T14:30:00Z,2025-11-20,160202,SOURCE_AVAILABLE,executed_at_and_created_at_timestamp,nanoseconds_normalized_from_arrow_unit,160202
False,MSFT,NO_TEMPORAL_ANOMALY_OBSERVED,84443,84443,84443,84443,84443,84443,0,0,8.605307,0.033,0.07798,0.4651414999999992,2.88268216,2025-11-20T20:59:59.899996Z,2025-11-20T20:59:59.829226Z,2025-11-20T14:30:00.213646Z,2025-11-20T14:30:00.015955Z,0,PRESENT_NONEMPTY,2025-11-20T21:00:00Z,2025-11-20T14:30:00Z,2025-11-20,84443,SOURCE_AVAILABLE,executed_at_and_created_at_timestamp,nanoseconds_normalized_from_arrow_unit,84443
False,NVDA,NO_TEMPORAL_ANOMALY_OBSERVED,798753,798737,798753,798753,798753,798753,0,0,13.128844,0.031826,0.092519,2.6086187999999995,7.73734955999997,2025-11-20T21:00:00.072791Z,2025-11-20T20:59:59.956075Z,2025-11-20T14:30:00.072488Z,2025-11-20T14:30:00.002750Z,0,PRESENT_NONEMPTY,2025-11-20T21:00:00Z,2025-11-20T14:30:00Z,2025-11-20,798753,SOURCE_AVAILABLE,executed_at_and_created_at_timestamp,nanoseconds_normalized_from_arrow_unit,798753
False,QQQ,NO_TEMPORAL_ANOMALY_OBSERVED,1144418,1144287,1144418,1144418,1144418,1144418,0,0,94.662653,0.03199,0.130709,9.740808849999901,39.91526096000003,2025-11-20T21:00:02.850601Z,2025-11-20T20:59:59.920353Z,2025-11-20T14:30:00.069049Z,2025-11-20T14:30:00.002164Z,0,PRESENT_NONEMPTY,2025-11-20T21:00:00Z,2025-11-20T14:30:00Z,2025-11-20,1144418,SOURCE_AVAILABLE,executed_at_and_created_at_timestamp,nanoseconds_normalized_from_arrow_unit,1144418
False,SPY,NO_TEMPORAL_ANOMALY_OBSERVED,1834327,1833639,1834327,1834327,1834327,1834327,0,0,194.440705,0.032767,3.51126,12.454319899999998,158.18505113999996,2025-11-20T21:00:17.662014Z,2025-11-20T20:59:59.987088Z,2025-11-20T14:30:00.066719Z,2025-11-20T14:30:00.002557Z,0,PRESENT_NONEMPTY,2025-11-20T21:00:00Z,2025-11-20T14:30:00Z,2025-11-20,1834327,SOURCE_AVAILABLE,executed_at_and_created_at_timestamp,nanoseconds_normalized_from_arrow_unit,1834327
False,TSLA,NO_TEMPORAL_ANOMALY_OBSERVED,721694,721435,721694,721694,721694,721694,0,0,25.43451,0.031887,0.08477,1.3176715499999994,7.567462569999961,2025-11-20T21:00:05.067061Z,2025-11-20T20:59:59.944125Z,2025-11-20T14:30:00.123772Z,2025-11-20T14:30:00.009079Z,0,PRESENT_NONEMPTY,2025-11-20T21:00:00Z,2025-11-20T14:30:00Z,2025-11-20,721694,SOURCE_AVAILABLE,executed_at_and_created_at_timestamp,nanoseconds_normalized_from_arrow_unit,721694
False,AAPL,NO_TEMPORAL_ANOMALY_OBSERVED,148764,148763,148764,148764,148764,148764,0,0,9.46988,0.033142,0.0902175,0.3317029000000003,1.968671909999991,2025-11-21T21:00:00.023843Z,2025-11-21T20:59:59.724502Z,2025-11-21T14:30:00.271433Z,2025-11-21T14:30:00.015706Z,0,PRESENT_NONEMPTY,2025-11-21T21:00:00Z,2025-11-21T14:30:00Z,2025-11-21,148764,SOURCE_AVAILABLE,executed_at_and_created_at_timestamp,nanoseconds_normalized_from_arrow_unit,148764
False,AMZN,NO_TEMPORAL_ANOMALY_OBSERVED,123233,123229,123233,123233,123233,123233,0,0,10.688703,0.032838,0.090029,0.48952999999999997,2.8799613999999996,2025-11-21T21:00:00.227431Z,2025-11-21T20:59:59.917434Z,2025-11-21T14:30:00.168383Z,2025-11-21T14:30:00.009170Z,0,PRESENT_NONEMPTY,2025-11-21T21:00:00Z,2025-11-21T14:30:00Z,2025-11-21,123233,SOURCE_AVAILABLE,executed_at_and_created_at_timestamp,nanoseconds_normalized_from_arrow_unit,123233
False,META,NO_TEMPORAL_ANOMALY_OBSERVED,137781,137779,137781,137781,137781,137781,0,0,40.202902,0.033338,0.08577,0.589438,12.723823,2025-11-21T21:00:00.218040Z,2025-11-21T20:59:59.972543Z,2025-11-21T14:30:00.536821Z,2025-11-21T14:30:00.400972Z,0,PRESENT_NONEMPTY,2025-11-21T21:00:00Z,2025-11-21T14:30:00Z,2025-11-21,137781,SOURCE_AVAILABLE,executed_at_and_created_at_timestamp,nanoseconds_normalized_from_arrow_unit,137781
False,MSFT,NO_TEMPORAL_ANOMALY_OBSERVED,97543,97542,97543,97543,97543,97543,0,0,10.077062,0.033804,0.084477,0.463402,2.976060580000001,2025-11-21T21:00:00.235581Z,2025-11-21T20:59:59.976725Z,2025-11-21T14:30:00.097147Z,2025-11-21T14:30:00.010195Z,0,PRESENT_NONEMPTY,2025-11-21T21:00:00Z,2025-11-21T14:30:00Z,2025-11-21,97543,SOURCE_AVAILABLE,executed_at_and_created_at_timestamp,nanoseconds_normalized_from_arrow_unit,97543
False,NVDA,NO_TEMPORAL_ANOMALY_OBSERVED,726525,726431,726525,726525,726525,726525,0,0,11.953629,0.031495,0.103421,1.799220799999997,2.77598576,2025-11-21T21:00:02.081745Z,2025-11-21T20:59:59.986479Z,2025-11-21T14:30:00.098574Z,2025-11-21T14:30:00.009527Z,0,PRESENT_NONEMPTY,2025-11-21T21:00:00Z,2025-11-21T14:30:00Z,2025-11-21,726525,SOURCE_AVAILABLE,executed_at_and_created_at_timestamp,nanoseconds_normalized_from_arrow_unit,726525
False,QQQ,NO_TEMPORAL_ANOMALY_OBSERVED,899585,899514,899585,899585,899585,899585,0,0,65.786345,0.032427,0.157124,4.816065999999981,23.082030720000038,2025-11-21T21:00:02.693274Z,2025-11-21T20:59:59.934052Z,2025-11-21T14:30:00.166348Z,2025-11-21T14:30:00.002320Z,0,PRESENT_NONEMPTY,2025-11-21T21:00:00Z,2025-11-21T14:30:00Z,2025-11-21,899585,SOURCE_AVAILABLE,executed_at_and_created_at_timestamp,nanoseconds_normalized_from_arrow_unit,899585
False,SPY,NO_TEMPORAL_ANOMALY_OBSERVED,1517457,1516972,1517457,1517457,1517457,1517457,0,0,45.296751,0.031186,2.956912,4.869942399999999,8.782522919999963,2025-11-21T21:00:11.528342Z,2025-11-21T20:59:59.935528Z,2025-11-21T14:30:00.076594Z,2025-11-21T14:30:00.003263Z,0,PRESENT_NONEMPTY,2025-11-21T21:00:00Z,2025-11-21T14:30:00Z,2025-11-21,1517457,SOURCE_AVAILABLE,executed_at_and_created_at_timestamp,nanoseconds_normalized_from_arrow_unit,1517457
False,TSLA,NO_TEMPORAL_ANOMALY_OBSERVED,747193,747088,747193,747193,747193,747193,0,0,33.51244,0.031668,0.089633,1.6240460000000014,21.491053839999978,2025-11-21T21:00:03.863361Z,2025-11-21T20:59:59.985397Z,2025-11-21T14:30:00.132546Z,2025-11-21T14:30:00.042735Z,0,PRESENT_NONEMPTY,2025-11-21T21:00:00Z,2025-11-21T14:30:00Z,2025-11-21,747193,SOURCE_AVAILABLE,executed_at_and_created_at_timestamp,nanoseconds_normalized_from_arrow_unit,747193
False,AAPL,NO_TEMPORAL_ANOMALY_OBSERVED,113700,113700,113700,113700,113700,113700,0,0,186.49895,0.031289,0.070624,0.1454107999999996,11.1741649,2025-11-24T20:59:59.354203Z,2025-11-24T20:59:59.310095Z,2025-11-24T14:30:00.594575Z,2025-11-24T14:30:00.006549Z,0,PRESENT_NONEMPTY,2025-11-24T21:00:00Z,2025-11-24T14:30:00Z,2025-11-24,113700,SOURCE_AVAILABLE,executed_at_and_created_at_timestamp,nanoseconds_normalized_from_arrow_unit,113700
False,AMZN,NO_TEMPORAL_ANOMALY_OBSERVED,109132,109132,109132,109132,109132,109132,0,0,10.204223,0.031509,0.072789,0.148442,1.627414000000005,2025-11-24T20:59:59.942195Z,2025-11-24T20:59:59.851353Z,2025-11-24T14:30:00.594575Z,2025-11-24T14:30:00.002823Z,0,PRESENT_NONEMPTY,2025-11-24T21:00:00Z,2025-11-24T14:30:00Z,2025-11-24,109132,SOURCE_AVAILABLE,executed_at_and_created_at_timestamp,nanoseconds_normalized_from_arrow_unit,109132
False,META,NO_TEMPORAL_ANOMALY_OBSERVED,149484,149478,149484,149484,149484,149484,0,0,24.644009,0.032291,0.0733985,0.18122920000000042,3.2773943000000023,2025-11-24T21:00:00.034244Z,2025-11-24T20:59:59.962965Z,2025-11-24T14:30:00.788128Z,2025-11-24T14:30:00.019253Z,0,PRESENT_NONEMPTY,2025-11-24T21:00:00Z,2025-11-24T14:30:00Z,2025-11-24,149484,SOURCE_AVAILABLE,executed_at_and_created_at_timestamp,nanoseconds_normalized_from_arrow_unit,149484
False,MSFT,NO_TEMPORAL_ANOMALY_OBSERVED,65564,65564,65564,65564,65564,65564,0,0,17.735076,0.032405,0.071728,0.19095699999999988,2.2507965500000044,2025-11-24T20:59:59.139021Z,2025-11-24T20:59:59.051652Z,2025-11-24T14:30:00.227469Z,2025-11-24T14:30:00.003516Z,0,PRESENT_NONEMPTY,2025-11-24T21:00:00Z,2025-11-24T14:30:00Z,2025-11-24,65564,SOURCE_AVAILABLE,executed_at_and_created_at_timestamp,nanoseconds_normalized_from_arrow_unit,65564
False,NVDA,NO_TEMPORAL_ANOMALY_OBSERVED,389233,389204,389233,389233,389233,389233,0,0,5.317156,0.031704,0.073386,0.18804959999999984,0.7309597599999997,2025-11-24T21:00:00.123134Z,2025-11-24T20:59:59.972659Z,2025-11-24T14:30:00.227469Z,2025-11-24T14:30:00.016059Z,0,PRESENT_NONEMPTY,2025-11-24T21:00:00Z,2025-11-24T14:30:00Z,2025-11-24,389233,SOURCE_AVAILABLE,executed_at_and_created_at_timestamp,nanoseconds_normalized_from_arrow_unit,389233
False,QQQ,NO_TEMPORAL_ANOMALY_OBSERVED,714220,714218,714220,714220,714220,714220,0,0,5.446826,0.031058,0.070018,0.144298,0.4539034299999998,2025-11-24T21:00:00.036853Z,2025-11-24T20:59:59.989758Z,2025-11-24T14:30:00.201182Z,2025-11-24T14:30:00.002964Z,0,PRESENT_NONEMPTY,2025-11-24T21:00:00Z,2025-11-24T14:30:00Z,2025-11-24,714220,SOURCE_AVAILABLE,executed_at_and_created_at_timestamp,nanoseconds_normalized_from_arrow_unit,714220
False,SPY,NO_TEMPORAL_ANOMALY_OBSERVED,1208654,1208566,1208654,1208654,1208654,1208654,0,0,69.939678,0.031011,0.072823,0.9111954999999986,4.398361509999996,2025-11-24T21:00:01.554435Z,2025-11-24T20:59:59.917199Z,2025-11-24T14:30:00.787876Z,2025-11-24T14:30:00.002181Z,0,PRESENT_NONEMPTY,2025-11-24T21:00:00Z,2025-11-24T14:30:00Z,2025-11-24,1208654,SOURCE_AVAILABLE,executed_at_and_created_at_timestamp,nanoseconds_normalized_from_arrow_unit,1208654
False,TSLA,NO_TEMPORAL_ANOMALY_OBSERVED,460303,460298,460303,460303,460303,460303,0,0,6.809353,0.0312,0.07129,0.15498149999999983,0.51974698,2025-11-24T21:00:00.044934Z,2025-11-24T20:59:59.981102Z,2025-11-24T14:30:00.653725Z,2025-11-24T14:30:00.010441Z,0,PRESENT_NONEMPTY,2025-11-24T21:00:00Z,2025-11-24T14:30:00Z,2025-11-24,460303,SOURCE_AVAILABLE,executed_at_and_created_at_timestamp,nanoseconds_normalized_from_arrow_unit,460303
False,AAPL,NO_TEMPORAL_ANOMALY_OBSERVED,135785,135783,135785,135785,135785,135785,0,0,19.283596,0.031459,0.072376,0.1713471999999993,1.9514727600000021,2025-11-25T21:00:00.065424Z,2025-11-25T20:59:59.987166Z,2025-11-25T14:30:00.160923Z,2025-11-25T14:30:00.023880Z,0,PRESENT_NONEMPTY,2025-11-25T21:00:00Z,2025-11-25T14:30:00Z,2025-11-25,135785,SOURCE_AVAILABLE,executed_at_and_created_at_timestamp,nanoseconds_normalized_from_arrow_unit,135785
False,AMZN,NO_TEMPORAL_ANOMALY_OBSERVED,109079,109078,109079,109079,109079,109079,0,0,12.401183,0.032474,0.072661,0.1519332,1.07019012000002,2025-11-25T21:00:00.065424Z,2025-11-25T20:59:59.987294Z,2025-11-25T14:30:00.137444Z,2025-11-25T14:30:00.007003Z,0,PRESENT_NONEMPTY,2025-11-25T21:00:00Z,2025-11-25T14:30:00Z,2025-11-25,109079,SOURCE_AVAILABLE,executed_at_and_created_at_timestamp,nanoseconds_normalized_from_arrow_unit,109079
False,META,NO_TEMPORAL_ANOMALY_OBSERVED,187282,187280,187282,187282,187282,187282,0,0,20.444547,0.032562,0.072918,0.18970104999999968,6.80764084,2025-11-25T21:00:00.010658Z,2025-11-25T20:59:59.922846Z,2025-11-25T14:30:00.232721Z,2025-11-25T14:30:00.136465Z,0,PRESENT_NONEMPTY,2025-11-25T21:00:00Z,2025-11-25T14:30:00Z,2025-11-25,187282,SOURCE_AVAILABLE,executed_at_and_created_at_timestamp,nanoseconds_normalized_from_arrow_unit,187282
False,MSFT,NO_TEMPORAL_ANOMALY_OBSERVED,79301,79299,79301,79301,79301,79301,0,0,14.492296,0.033056,0.071777,0.149849,1.203015,2025-11-25T21:00:00.046829Z,2025-11-25T20:59:59.980956Z,2025-11-25T14:30:00.167136Z,2025-11-25T14:30:00.036280Z,0,PRESENT_NONEMPTY,2025-11-25T21:00:00Z,2025-11-25T14:30:00Z,2025-11-25,79301,SOURCE_AVAILABLE,executed_at_and_created_at_timestamp,nanoseconds_normalized_from_arrow_unit,79301
False,NVDA,NO_TEMPORAL_ANOMALY_OBSERVED,619107,619107,619107,619107,619107,619107,0,0,7.712193,0.031813,0.073538,0.1682727999999998,0.6208706599999531,2025-11-25T20:59:59.985584Z,2025-11-25T20:59:59.908813Z,2025-11-25T14:30:00.099441Z,2025-11-25T14:30:00.005090Z,0,PRESENT_NONEMPTY,2025-11-25T21:00:00Z,2025-11-25T14:30:00Z,2025-11-25,619107,SOURCE_AVAILABLE,executed_at_and_created_at_timestamp,nanoseconds_normalized_from_arrow_unit,619107
False,QQQ,NO_TEMPORAL_ANOMALY_OBSERVED,796735,796732,796735,796735,796735,796735,0,0,5.287273,0.030944,0.07048,0.1275,0.2768045800000004,2025-11-25T21:00:00.076773Z,2025-11-25T20:59:59.998966Z,2025-11-25T14:30:00.067351Z,2025-11-25T14:30:00.003375Z,0,PRESENT_NONEMPTY,2025-11-25T21:00:00Z,2025-11-25T14:30:00Z,2025-11-25,796735,SOURCE_AVAILABLE,executed_at_and_created_at_timestamp,nanoseconds_normalized_from_arrow_unit,796735
False,SPY,NO_TEMPORAL_ANOMALY_OBSERVED,1337859,1337690,1337859,1337859,1337859,1337859,0,0,6.621864,0.030724,0.073117,0.366914,2.103374,2025-11-25T21:00:02.171773Z,2025-11-25T20:59:59.984016Z,2025-11-25T14:30:00.066518Z,2025-11-25T14:30:00.003255Z,0,PRESENT_NONEMPTY,2025-11-25T21:00:00Z,2025-11-25T14:30:00Z,2025-11-25,1337859,SOURCE_AVAILABLE,executed_at_and_created_at_timestamp,nanoseconds_normalized_from_arrow_unit,1337859
False,TSLA,NO_TEMPORAL_ANOMALY_OBSERVED,409932,409929,409932,409932,409932,409932,0,0,4.175807,0.030697,0.069338,0.12552744999999996,0.20917076,2025-11-25T21:00:00.042484Z,2025-11-25T20:59:59.982751Z,2025-11-25T14:30:00.066787Z,2025-11-25T14:30:00.004053Z,0,PRESENT_NONEMPTY,2025-11-25T21:00:00Z,2025-11-25T14:30:00Z,2025-11-25,409932,SOURCE_AVAILABLE,executed_at_and_created_at_timestamp,nanoseconds_normalized_from_arrow_unit,409932
False,AAPL,NO_TEMPORAL_ANOMALY_OBSERVED,107265,107265,107265,107265,107265,107265,0,0,7.55532,0.031643,0.070013,0.1436278,2.1493576400000007,2025-11-26T20:59:59.772696Z,2025-11-26T20:59:59.698992Z,2025-11-26T14:30:00.443110Z,2025-11-26T14:30:00.193100Z,0,PRESENT_NONEMPTY,2025-11-26T21:00:00Z,2025-11-26T14:30:00Z,2025-11-26,107265,SOURCE_AVAILABLE,executed_at_and_created_at_timestamp,nanoseconds_normalized_from_arrow_unit,107265
False,AMZN,NO_TEMPORAL_ANOMALY_OBSERVED,93593,93591,93593,93593,93593,93593,0,0,17.446379,0.032886,0.071837,0.15949839999999993,1.1984313200000014,2025-11-26T21:00:00.106707Z,2025-11-26T20:59:59.988706Z,2025-11-26T14:30:00.212348Z,2025-11-26T14:30:00.012948Z,0,PRESENT_NONEMPTY,2025-11-26T21:00:00Z,2025-11-26T14:30:00Z,2025-11-26,93593,SOURCE_AVAILABLE,executed_at_and_created_at_timestamp,nanoseconds_normalized_from_arrow_unit,93593
False,META,NO_TEMPORAL_ANOMALY_OBSERVED,111154,111152,111154,111154,111154,111154,0,0,21.655278,0.031312,0.07188,0.21730514999999906,6.573307690000006,2025-11-26T21:00:00.269654Z,2025-11-26T20:59:59.902262Z,2025-11-26T14:30:00.241353Z,2025-11-26T14:30:00.005464Z,0,PRESENT_NONEMPTY,2025-11-26T21:00:00Z,2025-11-26T14:30:00Z,2025-11-26,111154,SOURCE_AVAILABLE,executed_at_and_created_at_timestamp,nanoseconds_normalized_from_arrow_unit,111154
False,MSFT,NO_TEMPORAL_ANOMALY_OBSERVED,79829,79825,79829,79829,79829,79829,0,0,21.955864,0.032146,0.070328,0.1759945999999996,11.830513880000007,2025-11-26T21:00:00.496692Z,2025-11-26T20:59:59.890113Z,2025-11-26T14:30:00.209051Z,2025-11-26T14:30:00.002325Z,0,PRESENT_NONEMPTY,2025-11-26T21:00:00Z,2025-11-26T14:30:00Z,2025-11-26,79829,SOURCE_AVAILABLE,executed_at_and_created_at_timestamp,nanoseconds_normalized_from_arrow_unit,79829
False,NVDA,NO_TEMPORAL_ANOMALY_OBSERVED,369671,369659,369671,369671,369671,369671,0,0,5.740203,0.032158,0.072444,0.15054849999999997,0.6482487999999921,2025-11-26T21:00:00.678313Z,2025-11-26T20:59:59.988727Z,2025-11-26T14:30:00.217406Z,2025-11-26T14:30:00.002657Z,0,PRESENT_NONEMPTY,2025-11-26T21:00:00Z,2025-11-26T14:30:00Z,2025-11-26,369671,SOURCE_AVAILABLE,executed_at_and_created_at_timestamp,nanoseconds_normalized_from_arrow_unit,369671
False,QQQ,NO_TEMPORAL_ANOMALY_OBSERVED,696306,696299,696306,696306,696306,696306,0,0,4.866721,0.031184,0.068167,0.11994674999999999,0.4109687499999997,2025-11-26T21:00:00.061099Z,2025-11-26T20:59:59.964748Z,2025-11-26T14:30:00.106502Z,2025-11-26T14:30:00.002610Z,0,PRESENT_NONEMPTY,2025-11-26T21:00:00Z,2025-11-26T14:30:00Z,2025-11-26,696306,SOURCE_AVAILABLE,executed_at_and_created_at_timestamp,nanoseconds_normalized_from_arrow_unit,696306
False,SPY,NO_TEMPORAL_ANOMALY_OBSERVED,1290093,1289286,1290093,1290093,1290093,1290093,0,0,8.126093,0.031371,0.071026,0.2392113999999999,4.1472914,2025-11-26T21:00:06.490340Z,2025-11-26T20:59:59.969258Z,2025-11-26T14:30:00.066793Z,2025-11-26T14:30:00.005217Z,0,PRESENT_NONEMPTY,2025-11-26T21:00:00Z,2025-11-26T14:30:00Z,2025-11-26,1290093,SOURCE_AVAILABLE,executed_at_and_created_at_timestamp,nanoseconds_normalized_from_arrow_unit,1290093
False,TSLA,NO_TEMPORAL_ANOMALY_OBSERVED,442788,442788,442788,442788,442788,442788,0,0,4.420094,0.031608,0.069705,0.127732,0.23756877000000012,2025-11-26T20:59:59.976380Z,2025-11-26T20:59:59.908555Z,2025-11-26T14:30:00.105554Z,2025-11-26T14:30:00.003863Z,0,PRESENT_NONEMPTY,2025-11-26T21:00:00Z,2025-11-26T14:30:00Z,2025-11-26,442788,SOURCE_AVAILABLE,executed_at_and_created_at_timestamp,nanoseconds_normalized_from_arrow_unit,442788
False,AAPL,NO_TEMPORAL_ANOMALY_OBSERVED,72639,72633,72639,72639,72638,72639,0,0,8.437054,0.032587,0.074982,0.3528768999999998,3.9959411,2025-11-28T18:00:00.739687Z,2025-11-28T18:00:00.000555Z,2025-11-28T14:30:00.073018Z,2025-11-28T14:30:00.005755Z,0,PRESENT_NONEMPTY,2025-11-28T18:00:00Z,2025-11-28T14:30:00Z,2025-11-28,72639,SOURCE_AVAILABLE,executed_at_and_created_at_timestamp,nanoseconds_normalized_from_arrow_unit,72639
False,AMZN,NO_TEMPORAL_ANOMALY_OBSERVED,71883,71875,71883,71883,71883,71883,0,0,2.986393,0.032041,0.06924,0.10721349999999998,1.7243832399999866,2025-11-28T18:00:00.574013Z,2025-11-28T17:59:59.825655Z,2025-11-28T14:30:00.199994Z,2025-11-28T14:30:00.060655Z,0,PRESENT_NONEMPTY,2025-11-28T18:00:00Z,2025-11-28T14:30:00Z,2025-11-28,71883,SOURCE_AVAILABLE,executed_at_and_created_at_timestamp,nanoseconds_normalized_from_arrow_unit,71883
False,META,NO_TEMPORAL_ANOMALY_OBSERVED,130367,130349,130367,130367,130367,130367,0,0,14.980628,0.032293,0.068718,0.10408899999999997,0.751727339999981,2025-11-28T18:00:01.018653Z,2025-11-28T17:59:59.942847Z,2025-11-28T14:30:00.301135Z,2025-11-28T14:30:00.128109Z,0,PRESENT_NONEMPTY,2025-11-28T18:00:00Z,2025-11-28T14:30:00Z,2025-11-28,130367,SOURCE_AVAILABLE,executed_at_and_created_at_timestamp,nanoseconds_normalized_from_arrow_unit,130367
False,MSFT,NO_TEMPORAL_ANOMALY_OBSERVED,46974,46971,46974,46974,46974,46974,0,0,6.588645,0.032433,0.067736,0.09569535,0.378402,2025-11-28T18:00:00.511623Z,2025-11-28T17:59:59.527998Z,2025-11-28T14:30:00.100010Z,2025-11-28T14:30:00.015751Z,0,PRESENT_NONEMPTY,2025-11-28T18:00:00Z,2025-11-28T14:30:00Z,2025-11-28,46974,SOURCE_AVAILABLE,executed_at_and_created_at_timestamp,nanoseconds_normalized_from_arrow_unit,46974
False,NVDA,NO_TEMPORAL_ANOMALY_OBSERVED,283784,283750,283784,283784,283784,283784,0,0,3.437822,0.031794,0.068577,0.101566,0.237714479999996,2025-11-28T18:00:02.573901Z,2025-11-28T17:59:59.966777Z,2025-11-28T14:30:00.291105Z,2025-11-28T14:30:00.007320Z,0,PRESENT_NONEMPTY,2025-11-28T18:00:00Z,2025-11-28T14:30:00Z,2025-11-28,283784,SOURCE_AVAILABLE,executed_at_and_created_at_timestamp,nanoseconds_normalized_from_arrow_unit,283784
False,QQQ,NO_TEMPORAL_ANOMALY_OBSERVED,359170,348135,359170,359170,348141,359170,0,0,3.407666,0.031304,0.064756,0.092483,0.13290431,2025-11-28T18:15:00.022674Z,2025-11-28T18:14:59.971331Z,2025-11-28T14:30:00.097449Z,2025-11-28T14:30:00.012349Z,0,PRESENT_NONEMPTY,2025-11-28T18:00:00Z,2025-11-28T14:30:00Z,2025-11-28,359170,SOURCE_AVAILABLE,executed_at_and_created_at_timestamp,nanoseconds_normalized_from_arrow_unit,359170
False,SPY,NO_TEMPORAL_ANOMALY_OBSERVED,625197,608362,625197,625197,608573,625197,0,0,30.742414,0.030548,0.069037,0.14305759999999984,0.5501654400000124,2025-11-28T18:15:00.036635Z,2025-11-28T18:14:59.980399Z,2025-11-28T14:30:00.384757Z,2025-11-28T14:30:00.327667Z,0,PRESENT_NONEMPTY,2025-11-28T18:00:00Z,2025-11-28T14:30:00Z,2025-11-28,625197,SOURCE_AVAILABLE,executed_at_and_created_at_timestamp,nanoseconds_normalized_from_arrow_unit,625197
False,TSLA,NO_TEMPORAL_ANOMALY_OBSERVED,368227,368222,368227,368227,368224,368227,0,0,3.351967,0.030538,0.068473,0.115135,0.17004317999999993,2025-11-28T18:00:00.075365Z,2025-11-28T18:00:00.005082Z,2025-11-28T14:30:00.130297Z,2025-11-28T14:30:00.005725Z,0,PRESENT_NONEMPTY,2025-11-28T18:00:00Z,2025-11-28T14:30:00Z,2025-11-28,368227,SOURCE_AVAILABLE,executed_at_and_created_at_timestamp,nanoseconds_normalized_from_arrow_unit,368227
False,AAPL,NO_TEMPORAL_ANOMALY_OBSERVED,122076,122076,122076,122076,122076,122076,0,0,7.495516,0.032197,0.0682695,0.11787325,0.744045,2025-12-01T20:59:59.983733Z,2025-12-01T20:59:59.922097Z,2025-12-01T14:30:00.162205Z,2025-12-01T14:30:00.002474Z,0,PRESENT_NONEMPTY,2025-12-01T21:00:00Z,2025-12-01T14:30:00Z,2025-12-01,122076,SOURCE_AVAILABLE,executed_at_and_created_at_timestamp,nanoseconds_normalized_from_arrow_unit,122076
False,AMZN,NO_TEMPORAL_ANOMALY_OBSERVED,101423,101423,101423,101423,101423,101423,0,0,9.173227,0.031627,0.07082,0.117706,2.4254516,2025-12-01T20:59:59.566759Z,2025-12-01T20:59:59.495583Z,2025-12-01T14:30:00.106384Z,2025-12-01T14:30:00.021232Z,0,PRESENT_NONEMPTY,2025-12-01T21:00:00Z,2025-12-01T14:30:00Z,2025-12-01,101423,SOURCE_AVAILABLE,executed_at_and_created_at_timestamp,nanoseconds_normalized_from_arrow_unit,101423
False,META,NO_TEMPORAL_ANOMALY_OBSERVED,76700,76698,76700,76700,76700,76700,0,0,20.835322,0.031975,0.070978,0.22669845000000027,8.406077199999991,2025-12-01T21:00:00.026325Z,2025-12-01T20:59:59.622781Z,2025-12-01T14:30:00.098089Z,2025-12-01T14:30:00.023032Z,0,PRESENT_NONEMPTY,2025-12-01T21:00:00Z,2025-12-01T14:30:00Z,2025-12-01,76700,SOURCE_AVAILABLE,executed_at_and_created_at_timestamp,nanoseconds_normalized_from_arrow_unit,76700
False,MSFT,NO_TEMPORAL_ANOMALY_OBSERVED,44983,44979,44983,44983,44983,44983,0,0,183.709399,0.03276,0.071459,0.26930960000000004,8.43176996,2025-12-01T21:00:00.371776Z,2025-12-01T20:59:59.736283Z,2025-12-01T14:30:00.169002Z,2025-12-01T14:30:00.003941Z,0,PRESENT_NONEMPTY,2025-12-01T21:00:00Z,2025-12-01T14:30:00Z,2025-12-01,44983,SOURCE_AVAILABLE,executed_at_and_created_at_timestamp,nanoseconds_normalized_from_arrow_unit,44983
False,NVDA,NO_TEMPORAL_ANOMALY_OBSERVED,302561,302548,302561,302561,302561,302561,0,0,177.922941,0.032509,0.071916,0.163536,1.1359384000000052,2025-12-01T21:00:00.611552Z,2025-12-01T20:59:59.999226Z,2025-12-01T14:30:00.152473Z,2025-12-01T14:30:00.003894Z,0,PRESENT_NONEMPTY,2025-12-01T21:00:00Z,2025-12-01T14:30:00Z,2025-12-01,302561,SOURCE_AVAILABLE,executed_at_and_created_at_timestamp,nanoseconds_normalized_from_arrow_unit,302561
False,QQQ,NO_TEMPORAL_ANOMALY_OBSERVED,669665,669665,669665,669665,669665,669665,0,0,8.088579,0.030596,0.069677,0.12003959999999986,0.23065203999999945,2025-12-01T20:59:59.949723Z,2025-12-01T20:59:59.883370Z,2025-12-01T14:30:00.066197Z,2025-12-01T14:30:00.002329Z,0,PRESENT_NONEMPTY,2025-12-01T21:00:00Z,2025-12-01T14:30:00Z,2025-12-01,669665,SOURCE_AVAILABLE,executed_at_and_created_at_timestamp,nanoseconds_normalized_from_arrow_unit,669665
False,SPY,NO_TEMPORAL_ANOMALY_OBSERVED,1205599,1204933,1205599,1205599,1205599,1205599,0,0,6.33732,0.030291,0.0708,0.202944,1.9092526000000005,2025-12-01T21:00:03.109537Z,2025-12-01T20:59:59.999747Z,2025-12-01T14:30:00.067882Z,2025-12-01T14:30:00.002882Z,0,PRESENT_NONEMPTY,2025-12-01T21:00:00Z,2025-12-01T14:30:00Z,2025-12-01,1205599,SOURCE_AVAILABLE,executed_at_and_created_at_timestamp,nanoseconds_normalized_from_arrow_unit,1205599
False,TSLA,NO_TEMPORAL_ANOMALY_OBSERVED,322613,322612,322613,322613,322613,322613,0,0,1.419436,0.031241,0.069969,0.12201539999999997,0.18381540000000002,2025-12-01T21:00:00.024828Z,2025-12-01T20:59:59.943600Z,2025-12-01T14:30:00.101406Z,2025-12-01T14:30:00.004904Z,0,PRESENT_NONEMPTY,2025-12-01T21:00:00Z,2025-12-01T14:30:00Z,2025-12-01,322613,SOURCE_AVAILABLE,executed_at_and_created_at_timestamp,nanoseconds_normalized_from_arrow_unit,322613
False,AAPL,NO_TEMPORAL_ANOMALY_OBSERVED,170744,170744,170744,170744,170744,170744,0,0,12.959607,0.031427,0.0700655,0.13084255,5.055479700000098,2025-12-02T20:59:59.922062Z,2025-12-02T20:59:59.850768Z,2025-12-02T14:30:00.099410Z,2025-12-02T14:30:00.003478Z,0,PRESENT_NONEMPTY,2025-12-02T21:00:00Z,2025-12-02T14:30:00Z,2025-12-02,170744,SOURCE_AVAILABLE,executed_at_and_created_at_timestamp,nanoseconds_normalized_from_arrow_unit,170744
False,AMZN,NO_TEMPORAL_ANOMALY_OBSERVED,107810,107808,107810,107810,107810,107810,0,0,3.901956,0.033481,0.072843,0.1364256499999995,0.5962921100000005,2025-12-02T21:00:00.074680Z,2025-12-02T20:59:59.997353Z,2025-12-02T14:30:00.164641Z,2025-12-02T14:30:00.003294Z,0,PRESENT_NONEMPTY,2025-12-02T21:00:00Z,2025-12-02T14:30:00Z,2025-12-02,107810,SOURCE_AVAILABLE,executed_at_and_created_at_timestamp,nanoseconds_normalized_from_arrow_unit,107810
False,META,NO_TEMPORAL_ANOMALY_OBSERVED,89599,89595,89599,89599,89599,89599,0,0,17.66757,0.031587,0.071292,0.1487344999999998,1.263496,2025-12-02T21:00:00.248899Z,2025-12-02T20:59:59.893392Z,2025-12-02T14:30:00.131875Z,2025-12-02T14:30:00.009349Z,0,PRESENT_NONEMPTY,2025-12-02T21:00:00Z,2025-12-02T14:30:00Z,2025-12-02,89599,SOURCE_AVAILABLE,executed_at_and_created_at_timestamp,nanoseconds_normalized_from_arrow_unit,89599
False,MSFT,NO_TEMPORAL_ANOMALY_OBSERVED,46563,46562,46563,46563,46563,46563,0,0,17.571815,0.032405,0.070893,0.1856367000000001,1.031239,2025-12-02T21:00:00.172426Z,2025-12-02T20:59:59.761615Z,2025-12-02T14:30:00.131875Z,2025-12-02T14:30:00.003992Z,0,PRESENT_NONEMPTY,2025-12-02T21:00:00Z,2025-12-02T14:30:00Z,2025-12-02,46563,SOURCE_AVAILABLE,executed_at_and_created_at_timestamp,nanoseconds_normalized_from_arrow_unit,46563
False,NVDA,NO_TEMPORAL_ANOMALY_OBSERVED,368035,368023,368035,368035,368035,368035,0,0,5.379418,0.03121,0.073263,0.184288,0.8583669999999949,2025-12-02T21:00:00.582813Z,2025-12-02T20:59:59.959034Z,2025-12-02T14:30:00.093871Z,2025-12-02T14:30:00.002423Z,0,PRESENT_NONEMPTY,2025-12-02T21:00:00Z,2025-12-02T14:30:00Z,2025-12-02,368035,SOURCE_AVAILABLE,executed_at_and_created_at_timestamp,nanoseconds_normalized_from_arrow_unit,368035
False,QQQ,NO_TEMPORAL_ANOMALY_OBSERVED,751340,751338,751340,751340,751340,751340,0,0,3.893531,0.030284,0.069815,0.13550109999999987,0.3287512699999999,2025-12-02T21:00:00.139874Z,2025-12-02T20:59:59.982993Z,2025-12-02T14:30:00.069462Z,2025-12-02T14:30:00.002228Z,0,PRESENT_NONEMPTY,2025-12-02T21:00:00Z,2025-12-02T14:30:00Z,2025-12-02,751340,SOURCE_AVAILABLE,executed_at_and_created_at_timestamp,nanoseconds_normalized_from_arrow_unit,751340
False,SPY,NO_TEMPORAL_ANOMALY_OBSERVED,1269855,1269343,1269855,1269855,1269855,1269855,0,0,7.268378,0.030686,0.072682,0.32754720000000065,1.7495944399999994,2025-12-02T21:00:03.055712Z,2025-12-02T20:59:59.973495Z,2025-12-02T14:30:00.097202Z,2025-12-02T14:30:00.002872Z,0,PRESENT_NONEMPTY,2025-12-02T21:00:00Z,2025-12-02T14:30:00Z,2025-12-02,1269855,SOURCE_AVAILABLE,executed_at_and_created_at_timestamp,nanoseconds_normalized_from_arrow_unit,1269855
False,TSLA,NO_TEMPORAL_ANOMALY_OBSERVED,416294,416289,416294,416294,416294,416294,0,0,3.023758,0.031639,0.071052,0.138325,0.24325714,2025-12-02T21:00:00.072609Z,2025-12-02T20:59:59.992607Z,2025-12-02T14:30:00.141906Z,2025-12-02T14:30:00.025837Z,0,PRESENT_NONEMPTY,2025-12-02T21:00:00Z,2025-12-02T14:30:00Z,2025-12-02,416294,SOURCE_AVAILABLE,executed_at_and_created_at_timestamp,nanoseconds_normalized_from_arrow_unit,416294
False,AAPL,NO_TEMPORAL_ANOMALY_OBSERVED,133298,133298,133298,133298,133298,133298,0,0,15.622711,0.03132,0.0707655,0.1643152999999999,9.79270108999999,2025-12-03T20:59:59.997849Z,2025-12-03T20:59:59.926931Z,2025-12-03T14:30:00.097000Z,2025-12-03T14:30:00.014286Z,0,PRESENT_NONEMPTY,2025-12-03T21:00:00Z,2025-12-03T14:30:00Z,2025-12-03,133298,SOURCE_AVAILABLE,executed_at_and_created_at_timestamp,nanoseconds_normalized_from_arrow_unit,133298
False,AMZN,NO_TEMPORAL_ANOMALY_OBSERVED,79786,79786,79786,79786,79786,79786,0,0,6.277677,0.032323,0.071848,0.18200575,2.352904199999997,2025-12-03T20:59:59.435892Z,2025-12-03T20:59:59.385194Z,2025-12-03T14:30:00.138491Z,2025-12-03T14:30:00.016034Z,0,PRESENT_NONEMPTY,2025-12-03T21:00:00Z,2025-12-03T14:30:00Z,2025-12-03,79786,SOURCE_AVAILABLE,executed_at_and_created_at_timestamp,nanoseconds_normalized_from_arrow_unit,79786
False,META,NO_TEMPORAL_ANOMALY_OBSERVED,66960,66946,66960,66960,66960,66960,0,0,19.678027,0.031167,0.07174,0.1924579999999997,3.3217396000000003,2025-12-03T21:00:01.093705Z,2025-12-03T20:59:59.777520Z,2025-12-03T14:30:00.314145Z,2025-12-03T14:30:00.121056Z,0,PRESENT_NONEMPTY,2025-12-03T21:00:00Z,2025-12-03T14:30:00Z,2025-12-03,66960,SOURCE_AVAILABLE,executed_at_and_created_at_timestamp,nanoseconds_normalized_from_arrow_unit,66960
False,MSFT,NO_TEMPORAL_ANOMALY_OBSERVED,123566,123534,123566,123566,123566,123566,0,0,12.30363,0.031878,0.072797,0.32046975,3.25649525,2025-12-03T21:00:01.393476Z,2025-12-03T20:59:59.999428Z,2025-12-03T14:30:00.141414Z,2025-12-03T14:30:00.002426Z,0,PRESENT_NONEMPTY,2025-12-03T21:00:00Z,2025-12-03T14:30:00Z,2025-12-03,123566,SOURCE_AVAILABLE,executed_at_and_created_at_timestamp,nanoseconds_normalized_from_arrow_unit,123566
False,NVDA,NO_TEMPORAL_ANOMALY_OBSERVED,257786,257775,257786,257786,257786,257786,0,0,3.502265,0.031713,0.071403,0.1670885,1.13952285,2025-12-03T21:00:00.885021Z,2025-12-03T20:59:59.996629Z,2025-12-03T14:30:00.070126Z,2025-12-03T14:30:00.003355Z,0,PRESENT_NONEMPTY,2025-12-03T21:00:00Z,2025-12-03T14:30:00Z,2025-12-03,257786,SOURCE_AVAILABLE,executed_at_and_created_at_timestamp,nanoseconds_normalized_from_arrow_unit,257786
False,QQQ,NO_TEMPORAL_ANOMALY_OBSERVED,619631,619629,619631,619631,619631,619631,0,0,4.200501,0.030938,0.06986,0.1215755,0.2591180999999989,2025-12-03T21:00:00.130869Z,2025-12-03T20:59:59.973297Z,2025-12-03T14:30:00.098937Z,2025-12-03T14:30:00.002427Z,0,PRESENT_NONEMPTY,2025-12-03T21:00:00Z,2025-12-03T14:30:00Z,2025-12-03,619631,SOURCE_AVAILABLE,executed_at_and_created_at_timestamp,nanoseconds_normalized_from_arrow_unit,619631
False,SPY,NO_TEMPORAL_ANOMALY_OBSERVED,1053376,1053116,1053376,1053376,1053376,1053376,0,0,7.874588,0.030536,0.071021,0.25764675,3.7792122499999996,2025-12-03T21:00:07.853864Z,2025-12-03T20:59:59.981447Z,2025-12-03T14:30:00.068725Z,2025-12-03T14:30:00.011560Z,0,PRESENT_NONEMPTY,2025-12-03T21:00:00Z,2025-12-03T14:30:00Z,2025-12-03,1053376,SOURCE_AVAILABLE,executed_at_and_created_at_timestamp,nanoseconds_normalized_from_arrow_unit,1053376
False,TSLA,NO_TEMPORAL_ANOMALY_OBSERVED,574010,573996,574010,574010,574010,574010,0,0,2.659331,0.030989,0.072385,0.15181019999999973,0.26965366000000085,2025-12-03T21:00:00.029881Z,2025-12-03T20:59:59.954242Z,2025-12-03T14:30:00.068188Z,2025-12-03T14:30:00.015185Z,0,PRESENT_NONEMPTY,2025-12-03T21:00:00Z,2025-12-03T14:30:00Z,2025-12-03,574010,SOURCE_AVAILABLE,executed_at_and_created_at_timestamp,nanoseconds_normalized_from_arrow_unit,574010
False,AAPL,NO_TEMPORAL_ANOMALY_OBSERVED,140261,140224,140261,140261,140261,140261,0,0,14.028157,0.030945,0.06991,0.145712,0.704101,2025-12-04T21:00:00.248274Z,2025-12-04T20:59:59.957647Z,2025-12-04T14:30:00.275357Z,2025-12-04T14:30:00.004789Z,0,PRESENT_NONEMPTY,2025-12-04T21:00:00Z,2025-12-04T14:30:00Z,2025-12-04,140261,SOURCE_AVAILABLE,executed_at_and_created_at_timestamp,nanoseconds_normalized_from_arrow_unit,140261
False,AMZN,NO_TEMPORAL_ANOMALY_OBSERVED,135196,135196,135196,135196,135196,135196,0,0,4.943613,0.031643,0.070682,0.12618725,0.37319204999999955,2025-12-04T20:59:59.956293Z,2025-12-04T20:59:59.807884Z,2025-12-04T14:30:00.275357Z,2025-12-04T14:30:00.004423Z,0,PRESENT_NONEMPTY,2025-12-04T21:00:00Z,2025-12-04T14:30:00Z,2025-12-04,135196,SOURCE_AVAILABLE,executed_at_and_created_at_timestamp,nanoseconds_normalized_from_arrow_unit,135196
False,META,NO_TEMPORAL_ANOMALY_OBSERVED,236020,236019,236020,236020,236020,236020,0,0,32.092318,0.03152,0.076167,2.966395149999999,22.19601319,2025-12-04T21:00:00.175028Z,2025-12-04T20:59:59.971853Z,2025-12-04T14:30:00.359816Z,2025-12-04T14:30:00.229565Z,0,PRESENT_NONEMPTY,2025-12-04T21:00:00Z,2025-12-04T14:30:00Z,2025-12-04,236020,SOURCE_AVAILABLE,executed_at_and_created_at_timestamp,nanoseconds_normalized_from_arrow_unit,236020
False,MSFT,NO_TEMPORAL_ANOMALY_OBSERVED,61292,61292,61292,61292,61292,61292,0,0,32.014673,0.032356,0.071601,0.18822,3.898895649999924,2025-12-04T20:59:59.562063Z,2025-12-04T20:59:59.386053Z,2025-12-04T14:30:00.101486Z,2025-12-04T14:30:00.002681Z,0,PRESENT_NONEMPTY,2025-12-04T21:00:00Z,2025-12-04T14:30:00Z,2025-12-04,61292,SOURCE_AVAILABLE,executed_at_and_created_at_timestamp,nanoseconds_normalized_from_arrow_unit,61292
False,NVDA,NO_TEMPORAL_ANOMALY_OBSERVED,352867,352843,352867,352867,352867,352867,0,0,3.991903,0.031773,0.071022,0.14222750000000006,0.4350919000000034,2025-12-04T21:00:01.540489Z,2025-12-04T20:59:59.991393Z,2025-12-04T14:30:00.155328Z,2025-12-04T14:30:00.003685Z,0,PRESENT_NONEMPTY,2025-12-04T21:00:00Z,2025-12-04T14:30:00Z,2025-12-04,352867,SOURCE_AVAILABLE,executed_at_and_created_at_timestamp,nanoseconds_normalized_from_arrow_unit,352867
False,QQQ,NO_TEMPORAL_ANOMALY_OBSERVED,644304,644302,644304,644304,644304,644304,0,0,4.102837,0.030543,0.069807,0.11593884999999998,0.222983,2025-12-04T21:00:00.090997Z,2025-12-04T20:59:59.953462Z,2025-12-04T14:30:00.070291Z,2025-12-04T14:30:00.002519Z,0,PRESENT_NONEMPTY,2025-12-04T21:00:00Z,2025-12-04T14:30:00Z,2025-12-04,644304,SOURCE_AVAILABLE,executed_at_and_created_at_timestamp,nanoseconds_normalized_from_arrow_unit,644304
False,SPY,NO_TEMPORAL_ANOMALY_OBSERVED,1109904,1109609,1109904,1109904,1109904,1109904,0,0,6.222875,0.030405,0.071526,0.23108,1.1455395499999939,2025-12-04T21:00:03.839702Z,2025-12-04T20:59:59.991340Z,2025-12-04T14:30:00.070393Z,2025-12-04T14:30:00.003579Z,0,PRESENT_NONEMPTY,2025-12-04T21:00:00Z,2025-12-04T14:30:00Z,2025-12-04,1109904,SOURCE_AVAILABLE,executed_at_and_created_at_timestamp,nanoseconds_normalized_from_arrow_unit,1109904
False,TSLA,NO_TEMPORAL_ANOMALY_OBSERVED,497238,497230,497238,497238,497238,497238,0,0,3.272478,0.03162,0.073002,0.1610854499999999,0.47723315000000005,2025-12-04T21:00:00.182551Z,2025-12-04T20:59:59.996347Z,2025-12-04T14:30:00.228096Z,2025-12-04T14:30:00.003877Z,0,PRESENT_NONEMPTY,2025-12-04T21:00:00Z,2025-12-04T14:30:00Z,2025-12-04,497238,SOURCE_AVAILABLE,executed_at_and_created_at_timestamp,nanoseconds_normalized_from_arrow_unit,497238
False,AAPL,NO_TEMPORAL_ANOMALY_OBSERVED,108102,108099,108102,108102,108102,108102,0,0,12.353321,0.031557,0.069053,0.12579995,0.8571361400000036,2025-12-05T21:00:00.086513Z,2025-12-05T20:59:59.993814Z,2025-12-05T14:30:00.138051Z,2025-12-05T14:30:00.003114Z,0,PRESENT_NONEMPTY,2025-12-05T21:00:00Z,2025-12-05T14:30:00Z,2025-12-05,108102,SOURCE_AVAILABLE,executed_at_and_created_at_timestamp,nanoseconds_normalized_from_arrow_unit,108102
False,AMZN,NO_TEMPORAL_ANOMALY_OBSERVED,87476,87476,87476,87476,87476,87476,0,0,13.381246,0.032,0.0707265,0.1544485,1.9072850000000001,2025-12-05T20:59:59.864825Z,2025-12-05T20:59:59.777157Z,2025-12-05T14:30:00.101114Z,2025-12-05T14:30:00.004159Z,0,PRESENT_NONEMPTY,2025-12-05T21:00:00Z,2025-12-05T14:30:00Z,2025-12-05,87476,SOURCE_AVAILABLE,executed_at_and_created_at_timestamp,nanoseconds_normalized_from_arrow_unit,87476
False,META,NO_TEMPORAL_ANOMALY_OBSERVED,190913,190912,190913,190913,190913,190913,0,0,15.382882,0.032122,0.070162,0.1289832,1.3166582800000013,2025-12-05T21:00:00.165845Z,2025-12-05T20:59:59.974779Z,2025-12-05T14:30:00.597873Z,2025-12-05T14:30:00.360762Z,0,PRESENT_NONEMPTY,2025-12-05T21:00:00Z,2025-12-05T14:30:00Z,2025-12-05,190913,SOURCE_AVAILABLE,executed_at_and_created_at_timestamp,nanoseconds_normalized_from_arrow_unit,190913
False,MSFT,NO_TEMPORAL_ANOMALY_OBSERVED,62625,62625,62625,62625,62625,62625,0,0,15.187216,0.032352,0.070105,0.17723779999999995,1.4997075200000005,2025-12-05T20:59:59.867482Z,2025-12-05T20:59:59.610995Z,2025-12-05T14:30:00.100195Z,2025-12-05T14:30:00.002585Z,0,PRESENT_NONEMPTY,2025-12-05T21:00:00Z,2025-12-05T14:30:00Z,2025-12-05,62625,SOURCE_AVAILABLE,executed_at_and_created_at_timestamp,nanoseconds_normalized_from_arrow_unit,62625
False,NVDA,NO_TEMPORAL_ANOMALY_OBSERVED,295187,295184,295187,295187,295187,295187,0,0,4.578301,0.031559,0.071672,0.182068,0.5751541800000026,2025-12-05T21:00:00.242949Z,2025-12-05T20:59:59.979378Z,2025-12-05T14:30:00.071688Z,2025-12-05T14:30:00.002819Z,0,PRESENT_NONEMPTY,2025-12-05T21:00:00Z,2025-12-05T14:30:00Z,2025-12-05,295187,SOURCE_AVAILABLE,executed_at_and_created_at_timestamp,nanoseconds_normalized_from_arrow_unit,295187
False,QQQ,NO_TEMPORAL_ANOMALY_OBSERVED,708481,708479,708481,708481,708481,708481,0,0,3.60393,0.031069,0.069041,0.11417,0.2078677999999982,2025-12-05T21:00:00.397962Z,2025-12-05T20:59:59.991905Z,2025-12-05T14:30:00.066668Z,2025-12-05T14:30:00.002424Z,0,PRESENT_NONEMPTY,2025-12-05T21:00:00Z,2025-12-05T14:30:00Z,2025-12-05,708481,SOURCE_AVAILABLE,executed_at_and_created_at_timestamp,nanoseconds_normalized_from_arrow_unit,708481
False,SPY,NO_TEMPORAL_ANOMALY_OBSERVED,1158939,1158773,1158939,1158939,1158939,1158939,0,0,6.902346,0.031021,0.070275,0.16742709999999986,0.9694277199999629,2025-12-05T21:00:02.865463Z,2025-12-05T20:59:59.945486Z,2025-12-05T14:30:00.067571Z,2025-12-05T14:30:00.003466Z,0,PRESENT_NONEMPTY,2025-12-05T21:00:00Z,2025-12-05T14:30:00Z,2025-12-05,1158939,SOURCE_AVAILABLE,executed_at_and_created_at_timestamp,nanoseconds_normalized_from_arrow_unit,1158939
False,TSLA,NO_TEMPORAL_ANOMALY_OBSERVED,535237,535236,535237,535237,535237,535237,0,0,2.514582,0.031652,0.071325,0.14288919999999994,0.27614492000000007,2025-12-05T21:00:00.019423Z,2025-12-05T20:59:59.949087Z,2025-12-05T14:30:00.099875Z,2025-12-05T14:30:00.018138Z,0,PRESENT_NONEMPTY,2025-12-05T21:00:00Z,2025-12-05T14:30:00Z,2025-12-05,535237,SOURCE_AVAILABLE,executed_at_and_created_at_timestamp,nanoseconds_normalized_from_arrow_unit,535237
False,AAPL,NO_TEMPORAL_ANOMALY_OBSERVED,76366,76365,76366,76366,76366,76366,0,0,9.160767,0.032361,0.069573,0.11825925000000001,1.9028624000001815,2025-12-08T21:00:00.085638Z,2025-12-08T20:59:59.995420Z,2025-12-08T14:30:00.131281Z,2025-12-08T14:30:00.044249Z,0,PRESENT_NONEMPTY,2025-12-08T21:00:00Z,2025-12-08T14:30:00Z,2025-12-08,76366,SOURCE_AVAILABLE,executed_at_and_created_at_timestamp,nanoseconds_normalized_from_arrow_unit,76366
False,AMZN,NO_TEMPORAL_ANOMALY_OBSERVED,78020,78020,78020,78020,78020,78020,0,0,12.891478,0.032236,0.070439,0.12569790000000006,0.516014,2025-12-08T20:59:59.967586Z,2025-12-08T20:59:59.894151Z,2025-12-08T14:30:00.131281Z,2025-12-08T14:30:00.005012Z,0,PRESENT_NONEMPTY,2025-12-08T21:00:00Z,2025-12-08T14:30:00Z,2025-12-08,78020,SOURCE_AVAILABLE,executed_at_and_created_at_timestamp,nanoseconds_normalized_from_arrow_unit,78020
False,META,NO_TEMPORAL_ANOMALY_OBSERVED,75454,75448,75454,75454,75454,75454,0,0,14.253191,0.032191,0.0710815,0.137704,3.4846899000000073,2025-12-08T21:00:00.157201Z,2025-12-08T20:59:59.974975Z,2025-12-08T14:30:00.132848Z,2025-12-08T14:30:00.005118Z,0,PRESENT_NONEMPTY,2025-12-08T21:00:00Z,2025-12-08T14:30:00Z,2025-12-08,75454,SOURCE_AVAILABLE,executed_at_and_created_at_timestamp,nanoseconds_normalized_from_arrow_unit,75454
False,MSFT,NO_TEMPORAL_ANOMALY_OBSERVED,65453,65451,65453,65453,65453,65453,0,0,14.177607,0.032515,0.070951,0.20105519999999952,3.063914399999993,2025-12-08T21:00:00.841874Z,2025-12-08T20:59:59.661301Z,2025-12-08T14:30:00.098581Z,2025-12-08T14:30:00.004446Z,0,PRESENT_NONEMPTY,2025-12-08T21:00:00Z,2025-12-08T14:30:00Z,2025-12-08,65453,SOURCE_AVAILABLE,executed_at_and_created_at_timestamp,nanoseconds_normalized_from_arrow_unit,65453
False,NVDA,NO_TEMPORAL_ANOMALY_OBSERVED,361287,361243,361287,361287,361287,361287,0,0,5.532196,0.031783,0.075089,0.3107660000000005,1.5974473400000089,2025-12-08T21:00:01.217861Z,2025-12-08T20:59:59.993345Z,2025-12-08T14:30:00.100130Z,2025-12-08T14:30:00.004236Z,0,PRESENT_NONEMPTY,2025-12-08T21:00:00Z,2025-12-08T14:30:00Z,2025-12-08,361287,SOURCE_AVAILABLE,executed_at_and_created_at_timestamp,nanoseconds_normalized_from_arrow_unit,361287
False,QQQ,NO_TEMPORAL_ANOMALY_OBSERVED,675715,675710,675715,675715,675715,675715,0,0,7.591345,0.03107,0.068268,0.1043,0.19188257999999997,2025-12-08T21:00:00.082958Z,2025-12-08T20:59:59.992508Z,2025-12-08T14:30:00.068591Z,2025-12-08T14:30:00.003036Z,0,PRESENT_NONEMPTY,2025-12-08T21:00:00Z,2025-12-08T14:30:00Z,2025-12-08,675715,SOURCE_AVAILABLE,executed_at_and_created_at_timestamp,nanoseconds_normalized_from_arrow_unit,675715
False,SPY,NO_TEMPORAL_ANOMALY_OBSERVED,1063920,1063717,1063920,1063920,1063920,1063920,0,0,6.202353,0.03186,0.070553,0.1632360499999999,0.8564039500000277,2025-12-08T21:00:02.085375Z,2025-12-08T20:59:59.999298Z,2025-12-08T14:30:00.099081Z,2025-12-08T14:30:00.003015Z,0,PRESENT_NONEMPTY,2025-12-08T21:00:00Z,2025-12-08T14:30:00Z,2025-12-08,1063920,SOURCE_AVAILABLE,executed_at_and_created_at_timestamp,nanoseconds_normalized_from_arrow_unit,1063920
False,TSLA,NO_TEMPORAL_ANOMALY_OBSERVED,386116,386116,386116,386116,386116,386116,0,0,5.713921,0.030372,0.068835,0.13043525,0.24875764999999933,2025-12-08T20:59:59.929145Z,2025-12-08T20:59:59.846017Z,2025-12-08T14:30:00.068279Z,2025-12-08T14:30:00.004705Z,0,PRESENT_NONEMPTY,2025-12-08T21:00:00Z,2025-12-08T14:30:00Z,2025-12-08,386116,SOURCE_AVAILABLE,executed_at_and_created_at_timestamp,nanoseconds_normalized_from_arrow_unit,386116
False,AAPL,NO_TEMPORAL_ANOMALY_OBSERVED,89033,89032,89033,89033,89033,89033,0,0,4.355614,0.032288,0.072975,0.12665539999999995,0.4248893599999988,2025-12-09T21:00:00.022195Z,2025-12-09T20:59:59.962498Z,2025-12-09T14:30:00.145932Z,2025-12-09T14:30:00.004044Z,0,PRESENT_NONEMPTY,2025-12-09T21:00:00Z,2025-12-09T14:30:00Z,2025-12-09,89033,SOURCE_AVAILABLE,executed_at_and_created_at_timestamp,nanoseconds_normalized_from_arrow_unit,89033
False,AMZN,NO_TEMPORAL_ANOMALY_OBSERVED,68745,68745,68745,68745,68745,68745,0,0,10.360661,0.031957,0.069569,0.12811199999999984,1.751710639999986,2025-12-09T20:59:59.898759Z,2025-12-09T20:59:59.816168Z,2025-12-09T14:30:00.145932Z,2025-12-09T14:30:00.002699Z,0,PRESENT_NONEMPTY,2025-12-09T21:00:00Z,2025-12-09T14:30:00Z,2025-12-09,68745,SOURCE_AVAILABLE,executed_at_and_created_at_timestamp,nanoseconds_normalized_from_arrow_unit,68745
False,META,NO_TEMPORAL_ANOMALY_OBSERVED,102437,102437,102437,102437,102437,102437,0,0,10.827319,0.032292,0.071919,0.12409939999999996,1.8797812799999993,2025-12-09T20:59:59.855610Z,2025-12-09T20:59:59.762028Z,2025-12-09T14:30:00.127977Z,2025-12-09T14:30:00.002696Z,0,PRESENT_NONEMPTY,2025-12-09T21:00:00Z,2025-12-09T14:30:00Z,2025-12-09,102437,SOURCE_AVAILABLE,executed_at_and_created_at_timestamp,nanoseconds_normalized_from_arrow_unit,102437
False,MSFT,NO_TEMPORAL_ANOMALY_OBSERVED,35645,35643,35645,35645,35645,35645,0,0,10.658451,0.033265,0.071291,0.16925679999999999,1.49901159999999,2025-12-09T21:00:00.195758Z,2025-12-09T20:59:59.631328Z,2025-12-09T14:30:00.138632Z,2025-12-09T14:30:00.012287Z,0,PRESENT_NONEMPTY,2025-12-09T21:00:00Z,2025-12-09T14:30:00Z,2025-12-09,35645,SOURCE_AVAILABLE,executed_at_and_created_at_timestamp,nanoseconds_normalized_from_arrow_unit,35645
False,NVDA,NO_TEMPORAL_ANOMALY_OBSERVED,204664,204661,204664,204664,204664,204664,0,0,8.039856,0.032019,0.074089,0.2946860499999997,1.780528,2025-12-09T21:00:00.406831Z,2025-12-09T20:59:59.867335Z,2025-12-09T14:30:00.132414Z,2025-12-09T14:30:00.002528Z,0,PRESENT_NONEMPTY,2025-12-09T21:00:00Z,2025-12-09T14:30:00Z,2025-12-09,204664,SOURCE_AVAILABLE,executed_at_and_created_at_timestamp,nanoseconds_normalized_from_arrow_unit,204664
False,QQQ,NO_TEMPORAL_ANOMALY_OBSERVED,516217,516215,516217,516217,516217,516217,0,0,6.503078,0.03093,0.069322,0.104593,0.20484647999999847,2025-12-09T21:00:00.009915Z,2025-12-09T20:59:59.902710Z,2025-12-09T14:30:00.070364Z,2025-12-09T14:30:00.003040Z,0,PRESENT_NONEMPTY,2025-12-09T21:00:00Z,2025-12-09T14:30:00Z,2025-12-09,516217,SOURCE_AVAILABLE,executed_at_and_created_at_timestamp,nanoseconds_normalized_from_arrow_unit,516217
False,SPY,NO_TEMPORAL_ANOMALY_OBSERVED,896569,896435,896569,896569,896569,896569,0,0,8.683953,0.031276,0.069735,0.1305766,0.4938805599999996,2025-12-09T21:00:01.577329Z,2025-12-09T20:59:59.998591Z,2025-12-09T14:30:00.068023Z,2025-12-09T14:30:00.003166Z,0,PRESENT_NONEMPTY,2025-12-09T21:00:00Z,2025-12-09T14:30:00Z,2025-12-09,896569,SOURCE_AVAILABLE,executed_at_and_created_at_timestamp,nanoseconds_normalized_from_arrow_unit,896569
False,TSLA,NO_TEMPORAL_ANOMALY_OBSERVED,377307,377306,377307,377307,377307,377307,0,0,3.542136,0.030188,0.069061,0.12795350000000008,0.21735794,2025-12-09T21:00:00.007702Z,2025-12-09T20:59:59.942439Z,2025-12-09T14:30:00.066982Z,2025-12-09T14:30:00.004995Z,0,PRESENT_NONEMPTY,2025-12-09T21:00:00Z,2025-12-09T14:30:00Z,2025-12-09,377307,SOURCE_AVAILABLE,executed_at_and_created_at_timestamp,nanoseconds_normalized_from_arrow_unit,377307
False,AAPL,NO_TEMPORAL_ANOMALY_OBSERVED,75402,75402,75402,75402,75402,75402,0,0,11.272753,0.033039,0.070026,0.14657585,1.2738759300000084,2025-12-10T20:59:59.758389Z,2025-12-10T20:59:59.701881Z,2025-12-10T14:30:00.327863Z,2025-12-10T14:30:00.126464Z,0,PRESENT_NONEMPTY,2025-12-10T21:00:00Z,2025-12-10T14:30:00Z,2025-12-10,75402,SOURCE_AVAILABLE,executed_at_and_created_at_timestamp,nanoseconds_normalized_from_arrow_unit,75402
False,AMZN,NO_TEMPORAL_ANOMALY_OBSERVED,117706,117704,117706,117706,117706,117706,0,0,9.340842,0.030391,0.070493,0.1286205,0.6683223999999989,2025-12-10T21:00:00.066061Z,2025-12-10T20:59:59.999243Z,2025-12-10T14:30:00.213459Z,2025-12-10T14:30:00.007562Z,0,PRESENT_NONEMPTY,2025-12-10T21:00:00Z,2025-12-10T14:30:00Z,2025-12-10,117706,SOURCE_AVAILABLE,executed_at_and_created_at_timestamp,nanoseconds_normalized_from_arrow_unit,117706
False,META,NO_TEMPORAL_ANOMALY_OBSERVED,101290,101288,101290,101290,101290,101290,0,0,10.895969,0.031977,0.071382,0.16703574999999993,2.58744976,2025-12-10T21:00:00.040391Z,2025-12-10T20:59:59.561433Z,2025-12-10T14:30:00.201090Z,2025-12-10T14:30:00.066216Z,0,PRESENT_NONEMPTY,2025-12-10T21:00:00Z,2025-12-10T14:30:00Z,2025-12-10,101290,SOURCE_AVAILABLE,executed_at_and_created_at_timestamp,nanoseconds_normalized_from_arrow_unit,101290
False,MSFT,NO_TEMPORAL_ANOMALY_OBSERVED,96000,95987,96000,96000,96000,96000,0,0,10.846445,0.031601,0.071914,0.23836540000000006,2.2525013499999984,2025-12-10T21:00:01.214976Z,2025-12-10T20:59:59.921197Z,2025-12-10T14:30:00.068083Z,2025-12-10T14:30:00.002641Z,0,PRESENT_NONEMPTY,2025-12-10T21:00:00Z,2025-12-10T14:30:00Z,2025-12-10,96000,SOURCE_AVAILABLE,executed_at_and_created_at_timestamp,nanoseconds_normalized_from_arrow_unit,96000
False,NVDA,NO_TEMPORAL_ANOMALY_OBSERVED,227989,227959,227989,227989,227989,227989,0,0,5.692029,0.031113,0.073141,0.2483725999999996,1.4238288,2025-12-10T21:00:01.089052Z,2025-12-10T20:59:59.877547Z,2025-12-10T14:30:00.101771Z,2025-12-10T14:30:00.002441Z,0,PRESENT_NONEMPTY,2025-12-10T21:00:00Z,2025-12-10T14:30:00Z,2025-12-10,227989,SOURCE_AVAILABLE,executed_at_and_created_at_timestamp,nanoseconds_normalized_from_arrow_unit,227989
False,QQQ,NO_TEMPORAL_ANOMALY_OBSERVED,608674,608666,608674,608674,608674,608674,0,0,6.02319,0.030738,0.071709,0.12235134999999998,0.3338360500000003,2025-12-10T21:00:00.056634Z,2025-12-10T20:59:59.950197Z,2025-12-10T14:30:00.072741Z,2025-12-10T14:30:00.002795Z,0,PRESENT_NONEMPTY,2025-12-10T21:00:00Z,2025-12-10T14:30:00Z,2025-12-10,608674,SOURCE_AVAILABLE,executed_at_and_created_at_timestamp,nanoseconds_normalized_from_arrow_unit,608674
False,SPY,NO_TEMPORAL_ANOMALY_OBSERVED,1074584,1074240,1074584,1074584,1074584,1074584,0,0,122.070781,0.031493,0.074607,1.6193527999999966,37.053263,2025-12-10T21:00:02.939996Z,2025-12-10T20:59:59.997691Z,2025-12-10T14:30:00.068401Z,2025-12-10T14:30:00.002406Z,0,PRESENT_NONEMPTY,2025-12-10T21:00:00Z,2025-12-10T14:30:00Z,2025-12-10,1074584,SOURCE_AVAILABLE,executed_at_and_created_at_timestamp,nanoseconds_normalized_from_arrow_unit,1074584
False,TSLA,NO_TEMPORAL_ANOMALY_OBSERVED,383200,383200,383200,383200,383200,383200,0,0,1.943149,0.031661,0.06984,0.133875,0.2688692000000002,2025-12-10T20:59:59.990819Z,2025-12-10T20:59:59.937609Z,2025-12-10T14:30:00.067482Z,2025-12-10T14:30:00.003466Z,0,PRESENT_NONEMPTY,2025-12-10T21:00:00Z,2025-12-10T14:30:00Z,2025-12-10,383200,SOURCE_AVAILABLE,executed_at_and_created_at_timestamp,nanoseconds_normalized_from_arrow_unit,383200
False,AAPL,NO_TEMPORAL_ANOMALY_OBSERVED,118128,118127,118128,118128,118128,118128,0,0,19.567993,0.032172,0.071415,0.1276903499999999,0.38046649999999976,2025-12-11T21:00:00.036174Z,2025-12-11T20:59:59.951032Z,2025-12-11T14:30:00.067387Z,2025-12-11T14:30:00.004799Z,0,PRESENT_NONEMPTY,2025-12-11T21:00:00Z,2025-12-11T14:30:00Z,2025-12-11,118128,SOURCE_AVAILABLE,executed_at_and_created_at_timestamp,nanoseconds_normalized_from_arrow_unit,118128
False,AMZN,NO_TEMPORAL_ANOMALY_OBSERVED,77017,77017,77017,77017,77017,77017,0,0,10.408016,0.031941,0.070907,0.1381029999999998,1.9851562799999936,2025-12-11T20:59:59.982878Z,2025-12-11T20:59:59.910583Z,2025-12-11T14:30:00.067387Z,2025-12-11T14:30:00.002899Z,0,PRESENT_NONEMPTY,2025-12-11T21:00:00Z,2025-12-11T14:30:00Z,2025-12-11,77017,SOURCE_AVAILABLE,executed_at_and_created_at_timestamp,nanoseconds_normalized_from_arrow_unit,77017
False,META,NO_TEMPORAL_ANOMALY_OBSERVED,101658,101651,101658,101658,101658,101658,0,0,13.234386,0.031814,0.0721895,0.16791,1.3336514399998827,2025-12-11T21:00:00.575027Z,2025-12-11T20:59:59.984749Z,2025-12-11T14:30:00.666513Z,2025-12-11T14:30:00.398271Z,0,PRESENT_NONEMPTY,2025-12-11T21:00:00Z,2025-12-11T14:30:00Z,2025-12-11,101658,SOURCE_AVAILABLE,executed_at_and_created_at_timestamp,nanoseconds_normalized_from_arrow_unit,101658
False,MSFT,NO_TEMPORAL_ANOMALY_OBSERVED,73843,73840,73843,73843,73843,73843,0,0,13.250842,0.032078,0.072225,0.1841387999999994,1.5973467,2025-12-11T21:00:00.575027Z,2025-12-11T20:59:59.990462Z,2025-12-11T14:30:00.136506Z,2025-12-11T14:30:00.002739Z,0,PRESENT_NONEMPTY,2025-12-11T21:00:00Z,2025-12-11T14:30:00Z,2025-12-11,73843,SOURCE_AVAILABLE,executed_at_and_created_at_timestamp,nanoseconds_normalized_from_arrow_unit,73843
False,NVDA,NO_TEMPORAL_ANOMALY_OBSERVED,371635,371628,371635,371635,371635,371635,0,0,3.948193,0.032418,0.075901,0.2563853999999998,1.2236914199999978,2025-12-11T21:00:00.421451Z,2025-12-11T20:59:59.959229Z,2025-12-11T14:30:00.100270Z,2025-12-11T14:30:00.002330Z,0,PRESENT_NONEMPTY,2025-12-11T21:00:00Z,2025-12-11T14:30:00Z,2025-12-11,371635,SOURCE_AVAILABLE,executed_at_and_created_at_timestamp,nanoseconds_normalized_from_arrow_unit,371635
False,QQQ,NO_TEMPORAL_ANOMALY_OBSERVED,740256,740255,740256,740256,740256,740256,0,0,3.973805,0.031793,0.071855,0.120286,0.22577749999999955,2025-12-11T21:00:00.009456Z,2025-12-11T20:59:59.881816Z,2025-12-11T14:30:00.069812Z,2025-12-11T14:30:00.002330Z,0,PRESENT_NONEMPTY,2025-12-11T21:00:00Z,2025-12-11T14:30:00Z,2025-12-11,740256,SOURCE_AVAILABLE,executed_at_and_created_at_timestamp,nanoseconds_normalized_from_arrow_unit,740256
False,SPY,NO_TEMPORAL_ANOMALY_OBSERVED,1110207,1110091,1110207,1110207,1110207,1110207,0,0,7.635383,0.031825,0.072946,0.191331,0.7529415999999978,2025-12-11T21:00:03.141398Z,2025-12-11T20:59:59.997110Z,2025-12-11T14:30:00.072137Z,2025-12-11T14:30:00.002366Z,0,PRESENT_NONEMPTY,2025-12-11T21:00:00Z,2025-12-11T14:30:00Z,2025-12-11,1110207,SOURCE_AVAILABLE,executed_at_and_created_at_timestamp,nanoseconds_normalized_from_arrow_unit,1110207
False,TSLA,NO_TEMPORAL_ANOMALY_OBSERVED,389440,389440,389440,389440,389440,389440,0,0,0.763949,0.030812,0.068598,0.11931509999999998,0.19182070999999984,2025-12-11T20:59:59.977047Z,2025-12-11T20:59:59.906081Z,2025-12-11T14:30:00.065988Z,2025-12-11T14:30:00.002671Z,0,PRESENT_NONEMPTY,2025-12-11T21:00:00Z,2025-12-11T14:30:00Z,2025-12-11,389440,SOURCE_AVAILABLE,executed_at_and_created_at_timestamp,nanoseconds_normalized_from_arrow_unit,389440
False,AAPL,NO_TEMPORAL_ANOMALY_OBSERVED,115753,115752,115753,115753,115753,115753,0,0,4.507219,0.032709,0.070981,0.12493599999999994,0.421448999999997,2025-12-12T21:00:00.073307Z,2025-12-12T20:59:59.973384Z,2025-12-12T14:30:00.100054Z,2025-12-12T14:30:00.003453Z,0,PRESENT_NONEMPTY,2025-12-12T21:00:00Z,2025-12-12T14:30:00Z,2025-12-12,115753,SOURCE_AVAILABLE,executed_at_and_created_at_timestamp,nanoseconds_normalized_from_arrow_unit,115753
False,AMZN,NO_TEMPORAL_ANOMALY_OBSERVED,107011,107011,107011,107011,107011,107011,0,0,9.647066,0.032178,0.071002,0.15869,0.4885836,2025-12-12T20:59:59.915550Z,2025-12-12T20:59:59.850940Z,2025-12-12T14:30:00.100054Z,2025-12-12T14:30:00.004379Z,0,PRESENT_NONEMPTY,2025-12-12T21:00:00Z,2025-12-12T14:30:00Z,2025-12-12,107011,SOURCE_AVAILABLE,executed_at_and_created_at_timestamp,nanoseconds_normalized_from_arrow_unit,107011
False,META,NO_TEMPORAL_ANOMALY_OBSERVED,109409,109408,109409,109409,109409,109409,0,0,28.119376,0.031898,0.074294,0.4184847999999962,3.6675718399999977,2025-12-12T21:00:00.369298Z,2025-12-12T20:59:59.928507Z,2025-12-12T14:30:00.069551Z,2025-12-12T14:30:00.002307Z,0,PRESENT_NONEMPTY,2025-12-12T21:00:00Z,2025-12-12T14:30:00Z,2025-12-12,109409,SOURCE_AVAILABLE,executed_at_and_created_at_timestamp,nanoseconds_normalized_from_arrow_unit,109409
False,MSFT,NO_TEMPORAL_ANOMALY_OBSERVED,62465,62463,62465,62465,62465,62465,0,0,28.008517,0.032541,0.074932,1.0259895999999988,6.28600896,2025-12-12T21:00:00.369298Z,2025-12-12T20:59:59.919876Z,2025-12-12T14:30:00.220674Z,2025-12-12T14:30:00.108670Z,0,PRESENT_NONEMPTY,2025-12-12T21:00:00Z,2025-12-12T14:30:00Z,2025-12-12,62465,SOURCE_AVAILABLE,executed_at_and_created_at_timestamp,nanoseconds_normalized_from_arrow_unit,62465
False,NVDA,NO_TEMPORAL_ANOMALY_OBSERVED,390121,390102,390121,390121,390121,390121,0,0,6.413456,0.032778,0.075901,0.370148,2.8821938,2025-12-12T21:00:00.298608Z,2025-12-12T20:59:59.995568Z,2025-12-12T14:30:00.096531Z,2025-12-12T14:30:00.003289Z,0,PRESENT_NONEMPTY,2025-12-12T21:00:00Z,2025-12-12T14:30:00Z,2025-12-12,390121,SOURCE_AVAILABLE,executed_at_and_created_at_timestamp,nanoseconds_normalized_from_arrow_unit,390121
False,QQQ,NO_TEMPORAL_ANOMALY_OBSERVED,949984,949981,949984,949984,949984,949984,0,0,5.85055,0.031169,0.07312,0.16725984999999996,1.1450812400000114,2025-12-12T21:00:00.067196Z,2025-12-12T20:59:59.940874Z,2025-12-12T14:30:00.072464Z,2025-12-12T14:30:00.010844Z,0,PRESENT_NONEMPTY,2025-12-12T21:00:00Z,2025-12-12T14:30:00Z,2025-12-12,949984,SOURCE_AVAILABLE,executed_at_and_created_at_timestamp,nanoseconds_normalized_from_arrow_unit,949984
False,SPY,NO_TEMPORAL_ANOMALY_OBSERVED,1364171,1363811,1364171,1364171,1364171,1364171,0,0,16.631927,0.031696,0.076611,0.7085319999999999,5.9168905000000045,2025-12-12T21:00:03.411008Z,2025-12-12T20:59:59.985679Z,2025-12-12T14:30:00.069957Z,2025-12-12T14:30:00.002374Z,0,PRESENT_NONEMPTY,2025-12-12T21:00:00Z,2025-12-12T14:30:00Z,2025-12-12,1364171,SOURCE_AVAILABLE,executed_at_and_created_at_timestamp,nanoseconds_normalized_from_arrow_unit,1364171
False,TSLA,NO_TEMPORAL_ANOMALY_OBSERVED,858643,858641,858643,858643,858643,858643,0,0,0.850065,0.031448,0.07143,0.12784189999999993,0.21527963999999966,2025-12-12T21:00:00.008237Z,2025-12-12T20:59:59.955913Z,2025-12-12T14:30:00.098139Z,2025-12-12T14:30:00.002675Z,0,PRESENT_NONEMPTY,2025-12-12T21:00:00Z,2025-12-12T14:30:00Z,2025-12-12,858643,SOURCE_AVAILABLE,executed_at_and_created_at_timestamp,nanoseconds_normalized_from_arrow_unit,858643
False,AAPL,NO_TEMPORAL_ANOMALY_OBSERVED,97965,97965,97965,97965,97965,97965,0,0,17.574383,0.032855,0.072083,0.18336920000000007,9.270447760000001,2025-12-15T20:59:59.994810Z,2025-12-15T20:59:59.917019Z,2025-12-15T14:30:00.107348Z,2025-12-15T14:30:00.003653Z,0,PRESENT_NONEMPTY,2025-12-15T21:00:00Z,2025-12-15T14:30:00Z,2025-12-15,97965,SOURCE_AVAILABLE,executed_at_and_created_at_timestamp,nanoseconds_normalized_from_arrow_unit,97965
False,AMZN,NO_TEMPORAL_ANOMALY_OBSERVED,111830,111826,111830,111830,111830,111830,0,0,9.740947,0.032587,0.07339,0.17796569999999984,1.128997,2025-12-15T21:00:00.072991Z,2025-12-15T20:59:59.986904Z,2025-12-15T14:30:00.107348Z,2025-12-15T14:30:00.006983Z,0,PRESENT_NONEMPTY,2025-12-15T21:00:00Z,2025-12-15T14:30:00Z,2025-12-15,111830,SOURCE_AVAILABLE,executed_at_and_created_at_timestamp,nanoseconds_normalized_from_arrow_unit,111830
False,META,NO_TEMPORAL_ANOMALY_OBSERVED,76722,76720,76722,76722,76722,76722,0,0,17.791385,0.032557,0.071583,0.15737864999999993,2.1710517899999506,2025-12-15T21:00:00.428837Z,2025-12-15T20:59:59.883879Z,2025-12-15T14:30:00.127258Z,2025-12-15T14:30:00.019841Z,0,PRESENT_NONEMPTY,2025-12-15T21:00:00Z,2025-12-15T14:30:00Z,2025-12-15,76722,SOURCE_AVAILABLE,executed_at_and_created_at_timestamp,nanoseconds_normalized_from_arrow_unit,76722
False,MSFT,NO_TEMPORAL_ANOMALY_OBSERVED,54191,54183,54191,54191,54191,54191,0,0,17.744082,0.032807,0.073135,0.244674,1.710795799999998,2025-12-15T21:00:00.533163Z,2025-12-15T20:59:59.980785Z,2025-12-15T14:30:00.068863Z,2025-12-15T14:30:00.024715Z,0,PRESENT_NONEMPTY,2025-12-15T21:00:00Z,2025-12-15T14:30:00Z,2025-12-15,54191,SOURCE_AVAILABLE,executed_at_and_created_at_timestamp,nanoseconds_normalized_from_arrow_unit,54191
False,NVDA,NO_TEMPORAL_ANOMALY_OBSERVED,231973,231932,231973,231973,231973,231973,0,0,6.304512,0.030274,0.073991,0.26624039999999977,1.4725304399999988,2025-12-15T21:00:01.204296Z,2025-12-15T20:59:59.986400Z,2025-12-15T14:30:00.105287Z,2025-12-15T14:30:00.002361Z,0,PRESENT_NONEMPTY,2025-12-15T21:00:00Z,2025-12-15T14:30:00Z,2025-12-15,231973,SOURCE_AVAILABLE,executed_at_and_created_at_timestamp,nanoseconds_normalized_from_arrow_unit,231973
False,QQQ,NO_TEMPORAL_ANOMALY_OBSERVED,801950,801933,801950,801950,801950,801950,0,0,6.112819,0.030855,0.0733135,0.16075554999999994,0.6374901000000001,2025-12-15T21:00:00.197048Z,2025-12-15T20:59:59.999073Z,2025-12-15T14:30:00.066947Z,2025-12-15T14:30:00.002447Z,0,PRESENT_NONEMPTY,2025-12-15T21:00:00Z,2025-12-15T14:30:00Z,2025-12-15,801950,SOURCE_AVAILABLE,executed_at_and_created_at_timestamp,nanoseconds_normalized_from_arrow_unit,801950
False,SPY,NO_TEMPORAL_ANOMALY_OBSERVED,1211447,1211157,1211447,1211447,1211447,1211447,0,0,5.674653,0.030426,0.070282,0.14066969999999995,0.471776,2025-12-15T21:00:02.211286Z,2025-12-15T20:59:59.994590Z,2025-12-15T14:30:00.099331Z,2025-12-15T14:30:00.002612Z,0,PRESENT_NONEMPTY,2025-12-15T21:00:00Z,2025-12-15T14:30:00Z,2025-12-15,1211447,SOURCE_AVAILABLE,executed_at_and_created_at_timestamp,nanoseconds_normalized_from_arrow_unit,1211447
False,TSLA,NO_TEMPORAL_ANOMALY_OBSERVED,617505,617504,617505,617505,617505,617505,0,0,2.32021,0.03195,0.077252,0.3692819999999993,1.0560511999999955,2025-12-15T21:00:00.014280Z,2025-12-15T20:59:59.950435Z,2025-12-15T14:30:00.069648Z,2025-12-15T14:30:00.002851Z,0,PRESENT_NONEMPTY,2025-12-15T21:00:00Z,2025-12-15T14:30:00Z,2025-12-15,617505,SOURCE_AVAILABLE,executed_at_and_created_at_timestamp,nanoseconds_normalized_from_arrow_unit,617505
False,AAPL,NO_TEMPORAL_ANOMALY_OBSERVED,76200,76200,76200,76200,76200,76200,0,0,8.832888,0.03195,0.069765,0.16089400000000018,0.7464120199999837,2025-12-16T20:59:59.302581Z,2025-12-16T20:59:59.220390Z,2025-12-16T14:30:00.067123Z,2025-12-16T14:30:00.011092Z,0,PRESENT_NONEMPTY,2025-12-16T21:00:00Z,2025-12-16T14:30:00Z,2025-12-16,76200,SOURCE_AVAILABLE,executed_at_and_created_at_timestamp,nanoseconds_normalized_from_arrow_unit,76200
False,AMZN,NO_TEMPORAL_ANOMALY_OBSERVED,85301,85301,85301,85301,85301,85301,0,0,12.364293,0.03287,0.07212,0.171906,2.103287,2025-12-16T20:59:59.876108Z,2025-12-16T20:59:59.806227Z,2025-12-16T14:30:00.263166Z,2025-12-16T14:30:00.002705Z,0,PRESENT_NONEMPTY,2025-12-16T21:00:00Z,2025-12-16T14:30:00Z,2025-12-16,85301,SOURCE_AVAILABLE,executed_at_and_created_at_timestamp,nanoseconds_normalized_from_arrow_unit,85301
False,META,NO_TEMPORAL_ANOMALY_OBSERVED,83171,83169,83171,83171,83171,83171,0,0,23.828577,0.031516,0.071627,0.200248,1.909544800000002,2025-12-16T21:00:00.176247Z,2025-12-16T20:59:59.979363Z,2025-12-16T14:30:00.139597Z,2025-12-16T14:30:00.006148Z,0,PRESENT_NONEMPTY,2025-12-16T21:00:00Z,2025-12-16T14:30:00Z,2025-12-16,83171,SOURCE_AVAILABLE,executed_at_and_created_at_timestamp,nanoseconds_normalized_from_arrow_unit,83171
False,MSFT,NO_TEMPORAL_ANOMALY_OBSERVED,46430,46428,46430,46430,46430,46430,0,0,23.541402,0.032352,0.073067,0.34993165,2.390141749999997,2025-12-16T21:00:02.684297Z,2025-12-16T20:59:59.612897Z,2025-12-16T14:30:00.170153Z,2025-12-16T14:30:00.039786Z,0,PRESENT_NONEMPTY,2025-12-16T21:00:00Z,2025-12-16T14:30:00Z,2025-12-16,46430,SOURCE_AVAILABLE,executed_at_and_created_at_timestamp,nanoseconds_normalized_from_arrow_unit,46430
False,NVDA,NO_TEMPORAL_ANOMALY_OBSERVED,194510,194474,194510,194510,194510,194510,0,0,4.446825,0.031811,0.074339,0.2887522499999998,1.5193489600000014,2025-12-16T21:00:03.100224Z,2025-12-16T20:59:59.983586Z,2025-12-16T14:30:00.070199Z,2025-12-16T14:30:00.004372Z,0,PRESENT_NONEMPTY,2025-12-16T21:00:00Z,2025-12-16T14:30:00Z,2025-12-16,194510,SOURCE_AVAILABLE,executed_at_and_created_at_timestamp,nanoseconds_normalized_from_arrow_unit,194510
False,QQQ,NO_TEMPORAL_ANOMALY_OBSERVED,837046,837043,837046,837046,837046,837046,0,0,4.891627,0.030581,0.072797,0.1639465,0.47003535000000357,2025-12-16T21:00:00.057042Z,2025-12-16T20:59:59.954900Z,2025-12-16T14:30:00.067175Z,2025-12-16T14:30:00.003266Z,0,PRESENT_NONEMPTY,2025-12-16T21:00:00Z,2025-12-16T14:30:00Z,2025-12-16,837046,SOURCE_AVAILABLE,executed_at_and_created_at_timestamp,nanoseconds_normalized_from_arrow_unit,837046
False,SPY,NO_TEMPORAL_ANOMALY_OBSERVED,1409745,1409696,1409745,1409745,1409745,1409745,0,0,6.428115,0.031454,0.07205,0.19416980000000006,0.8793,2025-12-16T21:00:00.830904Z,2025-12-16T20:59:59.963245Z,2025-12-16T14:30:00.069509Z,2025-12-16T14:30:00.002410Z,0,PRESENT_NONEMPTY,2025-12-16T21:00:00Z,2025-12-16T14:30:00Z,2025-12-16,1409745,SOURCE_AVAILABLE,executed_at_and_created_at_timestamp,nanoseconds_normalized_from_arrow_unit,1409745
False,TSLA,NO_TEMPORAL_ANOMALY_OBSERVED,624684,624681,624684,624684,624684,624684,0,0,1.672617,0.030208,0.073477,0.16840369999999996,0.2853853400000001,2025-12-16T21:00:00.034168Z,2025-12-16T20:59:59.982635Z,2025-12-16T14:30:00.097639Z,2025-12-16T14:30:00.002274Z,0,PRESENT_NONEMPTY,2025-12-16T21:00:00Z,2025-12-16T14:30:00Z,2025-12-16,624684,SOURCE_AVAILABLE,executed_at_and_created_at_timestamp,nanoseconds_normalized_from_arrow_unit,624684
False,AAPL,NO_TEMPORAL_ANOMALY_OBSERVED,70319,70318,70319,70319,70319,70319,0,0,11.371865,0.031493,0.070637,0.18384729999999955,1.1341989399998575,2025-12-17T21:00:00.111231Z,2025-12-17T20:59:59.967485Z,2025-12-17T14:30:00.208433Z,2025-12-17T14:30:00.116143Z,0,PRESENT_NONEMPTY,2025-12-17T21:00:00Z,2025-12-17T14:30:00Z,2025-12-17,70319,SOURCE_AVAILABLE,executed_at_and_created_at_timestamp,nanoseconds_normalized_from_arrow_unit,70319
False,AMZN,NO_TEMPORAL_ANOMALY_OBSERVED,85561,85561,85561,85561,85561,85561,0,0,14.979742,0.032696,0.073602,0.183781,2.634846999999803,2025-12-17T20:59:59.998310Z,2025-12-17T20:59:59.858420Z,2025-12-17T14:30:00.103769Z,2025-12-17T14:30:00.002790Z,0,PRESENT_NONEMPTY,2025-12-17T21:00:00Z,2025-12-17T14:30:00Z,2025-12-17,85561,SOURCE_AVAILABLE,executed_at_and_created_at_timestamp,nanoseconds_normalized_from_arrow_unit,85561
False,META,NO_TEMPORAL_ANOMALY_OBSERVED,70188,70184,70188,70188,70188,70188,0,0,14.479465,0.032108,0.0704185,0.16598249999999984,2.2048369000000454,2025-12-17T21:00:00.728716Z,2025-12-17T20:59:59.959395Z,2025-12-17T14:30:00.328493Z,2025-12-17T14:30:00.190379Z,0,PRESENT_NONEMPTY,2025-12-17T21:00:00Z,2025-12-17T14:30:00Z,2025-12-17,70188,SOURCE_AVAILABLE,executed_at_and_created_at_timestamp,nanoseconds_normalized_from_arrow_unit,70188
False,MSFT,NO_TEMPORAL_ANOMALY_OBSERVED,40903,40893,40903,40903,40903,40903,0,0,11.945333,0.032325,0.072165,0.2194875000000001,1.2269708200000222,2025-12-17T21:00:01.671787Z,2025-12-17T20:59:59.899644Z,2025-12-17T14:30:00.170924Z,2025-12-17T14:30:00.030808Z,0,PRESENT_NONEMPTY,2025-12-17T21:00:00Z,2025-12-17T14:30:00Z,2025-12-17,40903,SOURCE_AVAILABLE,executed_at_and_created_at_timestamp,nanoseconds_normalized_from_arrow_unit,40903
False,NVDA,NO_TEMPORAL_ANOMALY_OBSERVED,354306,354191,354306,354306,354306,354306,0,0,26.440829,0.031603,0.0760015,0.5271305,3.158573,2025-12-17T21:00:04.569120Z,2025-12-17T20:59:59.979892Z,2025-12-17T14:30:00.114551Z,2025-12-17T14:30:00.002405Z,0,PRESENT_NONEMPTY,2025-12-17T21:00:00Z,2025-12-17T14:30:00Z,2025-12-17,354306,SOURCE_AVAILABLE,executed_at_and_created_at_timestamp,nanoseconds_normalized_from_arrow_unit,354306
False,QQQ,NO_TEMPORAL_ANOMALY_OBSERVED,874666,874632,874666,874666,874666,874666,0,0,24.195786,0.03122,0.073252,0.17969849999999998,1.6791357999999854,2025-12-17T21:00:04.496610Z,2025-12-17T20:59:59.989449Z,2025-12-17T14:30:00.072176Z,2025-12-17T14:30:00.002486Z,0,PRESENT_NONEMPTY,2025-12-17T21:00:00Z,2025-12-17T14:30:00Z,2025-12-17,874666,SOURCE_AVAILABLE,executed_at_and_created_at_timestamp,nanoseconds_normalized_from_arrow_unit,874666
False,SPY,NO_TEMPORAL_ANOMALY_OBSERVED,1312018,1311753,1312018,1312018,1312018,1312018,0,0,5.985466,0.030619,0.070684,0.13481414999999988,0.49509240000002086,2025-12-17T21:00:02.377693Z,2025-12-17T20:59:59.998459Z,2025-12-17T14:30:00.067620Z,2025-12-17T14:30:00.002298Z,0,PRESENT_NONEMPTY,2025-12-17T21:00:00Z,2025-12-17T14:30:00Z,2025-12-17,1312018,SOURCE_AVAILABLE,executed_at_and_created_at_timestamp,nanoseconds_normalized_from_arrow_unit,1312018
False,TSLA,NO_TEMPORAL_ANOMALY_OBSERVED,656213,656212,656213,656213,656213,656213,0,0,9.796087,0.030837,0.075895,0.3342068,3.631409,2025-12-17T21:00:00.028803Z,2025-12-17T20:59:59.973685Z,2025-12-17T14:30:00.068078Z,2025-12-17T14:30:00.003305Z,0,PRESENT_NONEMPTY,2025-12-17T21:00:00Z,2025-12-17T14:30:00Z,2025-12-17,656213,SOURCE_AVAILABLE,executed_at_and_created_at_timestamp,nanoseconds_normalized_from_arrow_unit,656213
False,AAPL,NO_TEMPORAL_ANOMALY_OBSERVED,123982,123981,123982,123982,123982,123982,0,0,8.010442,0.031332,0.071389,0.129378,0.83268933,2025-12-18T21:00:00.015017Z,2025-12-18T20:59:59.947425Z,2025-12-18T14:30:00.069394Z,2025-12-18T14:30:00.002717Z,0,PRESENT_NONEMPTY,2025-12-18T21:00:00Z,2025-12-18T14:30:00Z,2025-12-18,123982,SOURCE_AVAILABLE,executed_at_and_created_at_timestamp,nanoseconds_normalized_from_arrow_unit,123982
False,AMZN,NO_TEMPORAL_ANOMALY_OBSERVED,124477,124476,124477,124477,124477,124477,0,0,24.287603,0.032353,0.071663,0.16393599999999997,3.818722520000008,2025-12-18T21:00:00.015017Z,2025-12-18T20:59:59.903056Z,2025-12-18T14:30:00.136257Z,2025-12-18T14:30:00.026600Z,0,PRESENT_NONEMPTY,2025-12-18T21:00:00Z,2025-12-18T14:30:00Z,2025-12-18,124477,SOURCE_AVAILABLE,executed_at_and_created_at_timestamp,nanoseconds_normalized_from_arrow_unit,124477
False,META,NO_TEMPORAL_ANOMALY_OBSERVED,111855,111854,111855,111855,111855,111855,0,0,25.659927,0.031617,0.072159,0.3195267999999989,7.162301359999999,2025-12-18T21:00:00.038810Z,2025-12-18T20:59:59.697458Z,2025-12-18T14:30:00.404132Z,2025-12-18T14:30:00.113543Z,0,PRESENT_NONEMPTY,2025-12-18T21:00:00Z,2025-12-18T14:30:00Z,2025-12-18,111855,SOURCE_AVAILABLE,executed_at_and_created_at_timestamp,nanoseconds_normalized_from_arrow_unit,111855
False,MSFT,NO_TEMPORAL_ANOMALY_OBSERVED,81610,81602,81610,81610,81610,81610,0,0,25.441863,0.030909,0.0721915,0.23111940000000009,2.23296847,2025-12-18T21:00:00.723495Z,2025-12-18T20:59:59.851790Z,2025-12-18T14:30:00.196433Z,2025-12-18T14:30:00.074665Z,0,PRESENT_NONEMPTY,2025-12-18T21:00:00Z,2025-12-18T14:30:00Z,2025-12-18,81610,SOURCE_AVAILABLE,executed_at_and_created_at_timestamp,nanoseconds_normalized_from_arrow_unit,81610
False,NVDA,NO_TEMPORAL_ANOMALY_OBSERVED,287288,287281,287288,287288,287288,287288,0,0,8.144021,0.03046,0.072027,0.2943739499999964,1.6636766900000004,2025-12-18T21:00:00.635783Z,2025-12-18T20:59:59.738552Z,2025-12-18T14:30:00.101276Z,2025-12-18T14:30:00.002442Z,0,PRESENT_NONEMPTY,2025-12-18T21:00:00Z,2025-12-18T14:30:00Z,2025-12-18,287288,SOURCE_AVAILABLE,executed_at_and_created_at_timestamp,nanoseconds_normalized_from_arrow_unit,287288
False,QQQ,NO_TEMPORAL_ANOMALY_OBSERVED,844297,844294,844297,844297,844297,844297,0,0,5.755255,0.030742,0.068987,0.11687519999999996,0.26247508000000097,2025-12-18T21:00:00.056726Z,2025-12-18T20:59:59.969693Z,2025-12-18T14:30:00.065102Z,2025-12-18T14:30:00.002988Z,0,PRESENT_NONEMPTY,2025-12-18T21:00:00Z,2025-12-18T14:30:00Z,2025-12-18,844297,SOURCE_AVAILABLE,executed_at_and_created_at_timestamp,nanoseconds_normalized_from_arrow_unit,844297
False,SPY,NO_TEMPORAL_ANOMALY_OBSERVED,1354729,1354648,1354729,1354729,1354729,1354729,0,0,6.804362,0.030681,0.071297,0.1736829999999993,3.8069964799999996,2025-12-18T21:00:00.858753Z,2025-12-18T20:59:59.999674Z,2025-12-18T14:30:00.066245Z,2025-12-18T14:30:00.002822Z,0,PRESENT_NONEMPTY,2025-12-18T21:00:00Z,2025-12-18T14:30:00Z,2025-12-18,1354729,SOURCE_AVAILABLE,executed_at_and_created_at_timestamp,nanoseconds_normalized_from_arrow_unit,1354729
False,TSLA,NO_TEMPORAL_ANOMALY_OBSERVED,599366,599364,599366,599366,599366,599366,0,0,2.802139,0.030645,0.072223,0.15454075,0.3246702499999992,2025-12-18T21:00:00.005160Z,2025-12-18T20:59:59.946441Z,2025-12-18T14:30:00.069895Z,2025-12-18T14:30:00.005376Z,0,PRESENT_NONEMPTY,2025-12-18T21:00:00Z,2025-12-18T14:30:00Z,2025-12-18,599366,SOURCE_AVAILABLE,executed_at_and_created_at_timestamp,nanoseconds_normalized_from_arrow_unit,599366
False,AAPL,NO_TEMPORAL_ANOMALY_OBSERVED,105854,105842,105854,105854,105854,105854,0,0,5.276262,0.031733,0.0700745,0.14184024999999986,0.8588789800000031,2025-12-19T21:00:00.125891Z,2025-12-19T20:59:59.999350Z,2025-12-19T14:30:00.097071Z,2025-12-19T14:30:00.008888Z,0,PRESENT_NONEMPTY,2025-12-19T21:00:00Z,2025-12-19T14:30:00Z,2025-12-19,105854,SOURCE_AVAILABLE,executed_at_and_created_at_timestamp,nanoseconds_normalized_from_arrow_unit,105854
False,AMZN,NO_TEMPORAL_ANOMALY_OBSERVED,109796,109787,109796,109796,109796,109796,0,0,20.038784,0.030477,0.069688,0.133072,2.2974565,2025-12-19T21:00:00.079693Z,2025-12-19T20:59:59.954244Z,2025-12-19T14:30:00.406721Z,2025-12-19T14:30:00.002411Z,0,PRESENT_NONEMPTY,2025-12-19T21:00:00Z,2025-12-19T14:30:00Z,2025-12-19,109796,SOURCE_AVAILABLE,executed_at_and_created_at_timestamp,nanoseconds_normalized_from_arrow_unit,109796
False,META,NO_TEMPORAL_ANOMALY_OBSERVED,116704,116521,116704,116704,116704,116704,0,0,14.970725,0.031424,0.06937,0.13693499999999967,2.4760923000000026,2025-12-19T21:00:03.284936Z,2025-12-19T20:59:59.958908Z,2025-12-19T14:30:00.159679Z,2025-12-19T14:30:00.004411Z,0,PRESENT_NONEMPTY,2025-12-19T21:00:00Z,2025-12-19T14:30:00Z,2025-12-19,116704,SOURCE_AVAILABLE,executed_at_and_created_at_timestamp,nanoseconds_normalized_from_arrow_unit,116704
False,MSFT,NO_TEMPORAL_ANOMALY_OBSERVED,60628,60610,60628,60628,60628,60628,0,0,15.093507,0.031765,0.0692075,0.2000360999999997,2.9435890599999897,2025-12-19T21:00:02.893865Z,2025-12-19T20:59:59.999448Z,2025-12-19T14:30:00.097623Z,2025-12-19T14:30:00.003361Z,0,PRESENT_NONEMPTY,2025-12-19T21:00:00Z,2025-12-19T14:30:00Z,2025-12-19,60628,SOURCE_AVAILABLE,executed_at_and_created_at_timestamp,nanoseconds_normalized_from_arrow_unit,60628
False,NVDA,NO_TEMPORAL_ANOMALY_OBSERVED,397282,397192,397282,397282,397282,397282,0,0,4.145436,0.031126,0.0702285,0.13561189999999992,0.4799730000000009,2025-12-19T21:00:01.128952Z,2025-12-19T20:59:59.939394Z,2025-12-19T14:30:00.068386Z,2025-12-19T14:30:00.002568Z,0,PRESENT_NONEMPTY,2025-12-19T21:00:00Z,2025-12-19T14:30:00Z,2025-12-19,397282,SOURCE_AVAILABLE,executed_at_and_created_at_timestamp,nanoseconds_normalized_from_arrow_unit,397282
False,QQQ,NO_TEMPORAL_ANOMALY_OBSERVED,640174,640125,640174,640174,640174,640174,0,0,4.64028,0.030098,0.06857,0.11037369999999995,0.2103476700000004,2025-12-19T21:00:00.691675Z,2025-12-19T20:59:59.992075Z,2025-12-19T14:30:00.071820Z,2025-12-19T14:30:00.002608Z,0,PRESENT_NONEMPTY,2025-12-19T21:00:00Z,2025-12-19T14:30:00Z,2025-12-19,640174,SOURCE_AVAILABLE,executed_at_and_created_at_timestamp,nanoseconds_normalized_from_arrow_unit,640174
False,SPY,NO_TEMPORAL_ANOMALY_OBSERVED,991230,990989,991230,991230,991230,991230,0,0,6.855787,0.030777,0.069345,0.127389,1.375022079999946,2025-12-19T21:00:03.912268Z,2025-12-19T20:59:59.980770Z,2025-12-19T14:30:00.104692Z,2025-12-19T14:30:00.002344Z,0,PRESENT_NONEMPTY,2025-12-19T21:00:00Z,2025-12-19T14:30:00Z,2025-12-19,991230,SOURCE_AVAILABLE,executed_at_and_created_at_timestamp,nanoseconds_normalized_from_arrow_unit,991230
False,TSLA,NO_TEMPORAL_ANOMALY_OBSERVED,682522,682521,682522,682522,682522,682522,0,0,4.135358,0.030235,0.069738,0.13402784999999987,0.3226519500000002,2025-12-19T21:00:00.068877Z,2025-12-19T20:59:59.991093Z,2025-12-19T14:30:00.068692Z,2025-12-19T14:30:00.003227Z,0,PRESENT_NONEMPTY,2025-12-19T21:00:00Z,2025-12-19T14:30:00Z,2025-12-19,682522,SOURCE_AVAILABLE,executed_at_and_created_at_timestamp,nanoseconds_normalized_from_arrow_unit,682522
False,AAPL,NO_TEMPORAL_ANOMALY_OBSERVED,82161,82160,82161,82161,82161,82161,0,0,19.264076,0.031745,0.0689,0.129766,6.20261699999999,2025-12-22T21:00:00.003282Z,2025-12-22T20:59:59.909843Z,2025-12-22T14:30:00.385369Z,2025-12-22T14:30:00.280594Z,0,PRESENT_NONEMPTY,2025-12-22T21:00:00Z,2025-12-22T14:30:00Z,2025-12-22,82161,SOURCE_AVAILABLE,executed_at_and_created_at_timestamp,nanoseconds_normalized_from_arrow_unit,82161
False,AMZN,NO_TEMPORAL_ANOMALY_OBSERVED,88006,88004,88006,88006,88006,88006,0,0,10.428513,0.030839,0.06737,0.116321,0.9236514999999997,2025-12-22T21:00:00.067812Z,2025-12-22T20:59:59.989408Z,2025-12-22T14:30:00.092985Z,2025-12-22T14:30:00.002314Z,0,PRESENT_NONEMPTY,2025-12-22T21:00:00Z,2025-12-22T14:30:00Z,2025-12-22,88006,SOURCE_AVAILABLE,executed_at_and_created_at_timestamp,nanoseconds_normalized_from_arrow_unit,88006
False,META,NO_TEMPORAL_ANOMALY_OBSERVED,106861,106856,106861,106861,106861,106861,0,0,19.522593,0.031618,0.070528,0.127859,1.1999689999999998,2025-12-22T21:00:00.945821Z,2025-12-22T20:59:59.960220Z,2025-12-22T14:30:00.232451Z,2025-12-22T14:30:00.135404Z,0,PRESENT_NONEMPTY,2025-12-22T21:00:00Z,2025-12-22T14:30:00Z,2025-12-22,106861,SOURCE_AVAILABLE,executed_at_and_created_at_timestamp,nanoseconds_normalized_from_arrow_unit,106861
False,MSFT,NO_TEMPORAL_ANOMALY_OBSERVED,44875,44873,44875,44875,44875,44875,0,0,19.788979,0.031349,0.068872,0.13557019999999967,2.2286307600000113,2025-12-22T21:00:00.391801Z,2025-12-22T20:59:59.579605Z,2025-12-22T14:30:00.329837Z,2025-12-22T14:30:00.133001Z,0,PRESENT_NONEMPTY,2025-12-22T21:00:00Z,2025-12-22T14:30:00Z,2025-12-22,44875,SOURCE_AVAILABLE,executed_at_and_created_at_timestamp,nanoseconds_normalized_from_arrow_unit,44875
False,NVDA,NO_TEMPORAL_ANOMALY_OBSERVED,212601,212592,212601,212601,212601,212601,0,0,10.85237,0.031428,0.070625,0.16365,1.622401,2025-12-22T21:00:00.842589Z,2025-12-22T20:59:59.993426Z,2025-12-22T14:30:00.068988Z,2025-12-22T14:30:00.002318Z,0,PRESENT_NONEMPTY,2025-12-22T21:00:00Z,2025-12-22T14:30:00Z,2025-12-22,212601,SOURCE_AVAILABLE,executed_at_and_created_at_timestamp,nanoseconds_normalized_from_arrow_unit,212601
False,QQQ,NO_TEMPORAL_ANOMALY_OBSERVED,551840,551839,551840,551840,551840,551840,0,0,10.044876,0.030608,0.069311,0.11133204999999999,0.39276890999999675,2025-12-22T21:00:00.077972Z,2025-12-22T20:59:59.970458Z,2025-12-22T14:30:00.068988Z,2025-12-22T14:30:00.002352Z,0,PRESENT_NONEMPTY,2025-12-22T21:00:00Z,2025-12-22T14:30:00Z,2025-12-22,551840,SOURCE_AVAILABLE,executed_at_and_created_at_timestamp,nanoseconds_normalized_from_arrow_unit,551840
False,SPY,NO_TEMPORAL_ANOMALY_OBSERVED,889799,889751,889799,889799,889799,889799,0,0,5.8641,0.030693,0.068804,0.11576409999999998,0.4572417200000007,2025-12-22T21:00:00.673417Z,2025-12-22T20:59:59.935976Z,2025-12-22T14:30:00.069706Z,2025-12-22T14:30:00.002336Z,0,PRESENT_NONEMPTY,2025-12-22T21:00:00Z,2025-12-22T14:30:00Z,2025-12-22,889799,SOURCE_AVAILABLE,executed_at_and_created_at_timestamp,nanoseconds_normalized_from_arrow_unit,889799
False,TSLA,NO_TEMPORAL_ANOMALY_OBSERVED,549340,549328,549340,549340,549340,549340,0,0,2.671452,0.030715,0.072115,0.25326654999999987,1.0399020299999997,2025-12-22T21:00:00.073366Z,2025-12-22T20:59:59.994674Z,2025-12-22T14:30:00.098418Z,2025-12-22T14:30:00.002775Z,0,PRESENT_NONEMPTY,2025-12-22T21:00:00Z,2025-12-22T14:30:00Z,2025-12-22,549340,SOURCE_AVAILABLE,executed_at_and_created_at_timestamp,nanoseconds_normalized_from_arrow_unit,549340
False,AAPL,NO_TEMPORAL_ANOMALY_OBSERVED,72117,72117,72117,72117,72117,72117,0,0,9.658305,0.033098,0.068619,0.10698859999999999,1.035508639999933,2025-12-23T20:59:59.983862Z,2025-12-23T20:59:59.910303Z,2025-12-23T14:30:00.231115Z,2025-12-23T14:30:00.004918Z,0,PRESENT_NONEMPTY,2025-12-23T21:00:00Z,2025-12-23T14:30:00Z,2025-12-23,72117,SOURCE_AVAILABLE,executed_at_and_created_at_timestamp,nanoseconds_normalized_from_arrow_unit,72117
False,AMZN,NO_TEMPORAL_ANOMALY_OBSERVED,117312,117310,117312,117312,117312,117312,0,0,10.770724,0.032113,0.067784,0.11063249999999997,0.46930382999999243,2025-12-23T21:00:00.019983Z,2025-12-23T20:59:59.917486Z,2025-12-23T14:30:00.098573Z,2025-12-23T14:30:00.002735Z,0,PRESENT_NONEMPTY,2025-12-23T21:00:00Z,2025-12-23T14:30:00Z,2025-12-23,117312,SOURCE_AVAILABLE,executed_at_and_created_at_timestamp,nanoseconds_normalized_from_arrow_unit,117312
False,META,NO_TEMPORAL_ANOMALY_OBSERVED,61739,61739,61739,61739,61739,61739,0,0,19.110178,0.032259,0.06856,0.11017819999999996,1.768339420000029,2025-12-23T20:59:59.953499Z,2025-12-23T20:59:59.882160Z,2025-12-23T14:30:00.128942Z,2025-12-23T14:30:00.041859Z,0,PRESENT_NONEMPTY,2025-12-23T21:00:00Z,2025-12-23T14:30:00Z,2025-12-23,61739,SOURCE_AVAILABLE,executed_at_and_created_at_timestamp,nanoseconds_normalized_from_arrow_unit,61739
False,MSFT,NO_TEMPORAL_ANOMALY_OBSERVED,34428,34428,34428,34428,34428,34428,0,0,19.001788,0.032369,0.067907,0.10784034999999992,1.111631620000146,2025-12-23T20:59:59.756908Z,2025-12-23T20:59:59.537411Z,2025-12-23T14:30:00.095383Z,2025-12-23T14:30:00.019480Z,0,PRESENT_NONEMPTY,2025-12-23T21:00:00Z,2025-12-23T14:30:00Z,2025-12-23,34428,SOURCE_AVAILABLE,executed_at_and_created_at_timestamp,nanoseconds_normalized_from_arrow_unit,34428
False,NVDA,NO_TEMPORAL_ANOMALY_OBSERVED,356487,356471,356487,356487,356487,356487,0,0,4.323876,0.031518,0.068556,0.1059737,0.213338,2025-12-23T21:00:00.528950Z,2025-12-23T20:59:59.979722Z,2025-12-23T14:30:00.072259Z,2025-12-23T14:30:00.002563Z,0,PRESENT_NONEMPTY,2025-12-23T21:00:00Z,2025-12-23T14:30:00Z,2025-12-23,356487,SOURCE_AVAILABLE,executed_at_and_created_at_timestamp,nanoseconds_normalized_from_arrow_unit,356487
False,QQQ,NO_TEMPORAL_ANOMALY_OBSERVED,473454,473450,473454,473454,473454,473454,0,0,5.42094,0.031418,0.069243,0.101576,0.159644,2025-12-23T21:00:00.043612Z,2025-12-23T20:59:59.995619Z,2025-12-23T14:30:00.102531Z,2025-12-23T14:30:00.003303Z,0,PRESENT_NONEMPTY,2025-12-23T21:00:00Z,2025-12-23T14:30:00Z,2025-12-23,473454,SOURCE_AVAILABLE,executed_at_and_created_at_timestamp,nanoseconds_normalized_from_arrow_unit,473454
False,SPY,NO_TEMPORAL_ANOMALY_OBSERVED,842755,842752,842755,842755,842755,842755,0,0,5.516481,0.031668,0.068942,0.109062,0.195793,2025-12-23T21:00:00.144123Z,2025-12-23T20:59:59.927541Z,2025-12-23T14:30:00.070139Z,2025-12-23T14:30:00.003325Z,0,PRESENT_NONEMPTY,2025-12-23T21:00:00Z,2025-12-23T14:30:00Z,2025-12-23,842755,SOURCE_AVAILABLE,executed_at_and_created_at_timestamp,nanoseconds_normalized_from_arrow_unit,842755
False,TSLA,NO_TEMPORAL_ANOMALY_OBSERVED,408001,407999,408001,408001,408001,408001,0,0,1.614787,0.031086,0.068548,0.107798,0.180362,2025-12-23T21:00:00.038948Z,2025-12-23T20:59:59.966362Z,2025-12-23T14:30:00.065586Z,2025-12-23T14:30:00.003008Z,0,PRESENT_NONEMPTY,2025-12-23T21:00:00Z,2025-12-23T14:30:00Z,2025-12-23,408001,SOURCE_AVAILABLE,executed_at_and_created_at_timestamp,nanoseconds_normalized_from_arrow_unit,408001
False,AAPL,NO_TEMPORAL_ANOMALY_OBSERVED,78598,78598,78598,78598,78598,78598,0,0,7.865437,0.032152,0.06839049999999999,0.102814,0.611979,2025-12-24T17:59:59.966809Z,2025-12-24T17:59:59.888408Z,2025-12-24T14:30:00.067385Z,2025-12-24T14:30:00.003915Z,0,PRESENT_NONEMPTY,2025-12-24T18:00:00Z,2025-12-24T14:30:00Z,2025-12-24,78598,SOURCE_AVAILABLE,executed_at_and_created_at_timestamp,nanoseconds_normalized_from_arrow_unit,78598
False,AMZN,NO_TEMPORAL_ANOMALY_OBSERVED,47624,47624,47624,47624,47624,47624,0,0,5.909434,0.031439,0.067011,0.0964077,1.3669853299999752,2025-12-24T17:59:59.419596Z,2025-12-24T17:59:59.347430Z,2025-12-24T14:30:00.097139Z,2025-12-24T14:30:00.004629Z,0,PRESENT_NONEMPTY,2025-12-24T18:00:00Z,2025-12-24T14:30:00Z,2025-12-24,47624,SOURCE_AVAILABLE,executed_at_and_created_at_timestamp,nanoseconds_normalized_from_arrow_unit,47624
False,META,NO_TEMPORAL_ANOMALY_OBSERVED,45457,45457,45457,45457,45457,45457,0,0,13.948493,0.032291,0.068423,0.10059539999999999,1.9952779600000055,2025-12-24T17:59:59.998558Z,2025-12-24T17:59:59.924164Z,2025-12-24T14:30:00.197901Z,2025-12-24T14:30:00.094916Z,0,PRESENT_NONEMPTY,2025-12-24T18:00:00Z,2025-12-24T14:30:00Z,2025-12-24,45457,SOURCE_AVAILABLE,executed_at_and_created_at_timestamp,nanoseconds_normalized_from_arrow_unit,45457
False,MSFT,NO_TEMPORAL_ANOMALY_OBSERVED,26318,26312,26318,26318,26318,26318,0,0,14.013531,0.03197,0.067351,0.09891709999999997,2.781094929999999,2025-12-24T18:00:00.428176Z,2025-12-24T17:59:59.940010Z,2025-12-24T14:30:00.248953Z,2025-12-24T14:30:00.068119Z,0,PRESENT_NONEMPTY,2025-12-24T18:00:00Z,2025-12-24T14:30:00Z,2025-12-24,26318,SOURCE_AVAILABLE,executed_at_and_created_at_timestamp,nanoseconds_normalized_from_arrow_unit,26318
False,NVDA,NO_TEMPORAL_ANOMALY_OBSERVED,153646,153642,153646,153646,153646,153646,0,0,4.069181,0.032236,0.068153,0.10183525,0.31911649999999986,2025-12-24T18:00:00.315136Z,2025-12-24T17:59:59.908534Z,2025-12-24T14:30:00.098685Z,2025-12-24T14:30:00.002359Z,0,PRESENT_NONEMPTY,2025-12-24T18:00:00Z,2025-12-24T14:30:00Z,2025-12-24,153646,SOURCE_AVAILABLE,executed_at_and_created_at_timestamp,nanoseconds_normalized_from_arrow_unit,153646
False,QQQ,NO_TEMPORAL_ANOMALY_OBSERVED,285091,277383,285091,285091,277385,285091,0,0,5.164047,0.031376,0.067375,0.0932265,0.13767539999999873,2025-12-24T18:14:59.766229Z,2025-12-24T18:14:59.717859Z,2025-12-24T14:30:00.069342Z,2025-12-24T14:30:00.002576Z,0,PRESENT_NONEMPTY,2025-12-24T18:00:00Z,2025-12-24T14:30:00Z,2025-12-24,285091,SOURCE_AVAILABLE,executed_at_and_created_at_timestamp,nanoseconds_normalized_from_arrow_unit,285091
False,SPY,NO_TEMPORAL_ANOMALY_OBSERVED,544901,529619,544901,544901,529625,544901,0,0,6.118438,0.031272,0.06882,0.106444,0.818949,2025-12-24T18:15:00.074900Z,2025-12-24T18:15:00.000294Z,2025-12-24T14:30:00.101058Z,2025-12-24T14:30:00.002434Z,0,PRESENT_NONEMPTY,2025-12-24T18:00:00Z,2025-12-24T14:30:00Z,2025-12-24,544901,SOURCE_AVAILABLE,executed_at_and_created_at_timestamp,nanoseconds_normalized_from_arrow_unit,544901
False,TSLA,NO_TEMPORAL_ANOMALY_OBSERVED,356402,356400,356402,356402,356401,356402,0,0,2.927898,0.031614,0.068804,0.10882575000000007,0.18177695999999996,2025-12-24T18:00:00.081797Z,2025-12-24T18:00:00.000089Z,2025-12-24T14:30:00.069424Z,2025-12-24T14:30:00.002544Z,0,PRESENT_NONEMPTY,2025-12-24T18:00:00Z,2025-12-24T14:30:00Z,2025-12-24,356402,SOURCE_AVAILABLE,executed_at_and_created_at_timestamp,nanoseconds_normalized_from_arrow_unit,356402
False,AAPL,NO_TEMPORAL_ANOMALY_OBSERVED,70709,70708,70709,70709,70709,70709,0,0,9.735313,0.0322,0.066631,0.10112999999999991,0.4661563199999999,2025-12-26T21:00:00.029640Z,2025-12-26T20:59:59.937745Z,2025-12-26T14:30:00.175204Z,2025-12-26T14:30:00.086577Z,0,PRESENT_NONEMPTY,2025-12-26T21:00:00Z,2025-12-26T14:30:00Z,2025-12-26,70709,SOURCE_AVAILABLE,executed_at_and_created_at_timestamp,nanoseconds_normalized_from_arrow_unit,70709
False,AMZN,NO_TEMPORAL_ANOMALY_OBSERVED,68153,68152,68153,68153,68153,68153,0,0,4.479023,0.031252,0.066097,0.094339,0.3098990399999926,2025-12-26T21:00:00.017015Z,2025-12-26T20:59:59.947419Z,2025-12-26T14:30:00.105132Z,2025-12-26T14:30:00.002388Z,0,PRESENT_NONEMPTY,2025-12-26T21:00:00Z,2025-12-26T14:30:00Z,2025-12-26,68153,SOURCE_AVAILABLE,executed_at_and_created_at_timestamp,nanoseconds_normalized_from_arrow_unit,68153
False,META,NO_TEMPORAL_ANOMALY_OBSERVED,83981,83979,83981,83981,83981,83981,0,0,17.743082,0.031519,0.067399,0.101044,2.3684829999999946,2025-12-26T21:00:00.078620Z,2025-12-26T20:59:59.968115Z,2025-12-26T14:30:00.162890Z,2025-12-26T14:30:00.031793Z,0,PRESENT_NONEMPTY,2025-12-26T21:00:00Z,2025-12-26T14:30:00Z,2025-12-26,83981,SOURCE_AVAILABLE,executed_at_and_created_at_timestamp,nanoseconds_normalized_from_arrow_unit,83981
False,MSFT,NO_TEMPORAL_ANOMALY_OBSERVED,37522,37520,37522,37522,37522,37522,0,0,17.792698,0.032435,0.0661435,0.0971133499999999,1.8857033500000018,2025-12-26T21:00:00.049433Z,2025-12-26T20:59:59.980973Z,2025-12-26T14:30:00.162890Z,2025-12-26T14:30:00.014990Z,0,PRESENT_NONEMPTY,2025-12-26T21:00:00Z,2025-12-26T14:30:00Z,2025-12-26,37522,SOURCE_AVAILABLE,executed_at_and_created_at_timestamp,nanoseconds_normalized_from_arrow_unit,37522
False,NVDA,NO_TEMPORAL_ANOMALY_OBSERVED,403080,403060,403080,403080,403080,403080,0,0,4.600854,0.031155,0.068041,0.10253004999999998,0.17947346000000053,2025-12-26T21:00:00.081083Z,2025-12-26T20:59:59.998459Z,2025-12-26T14:30:00.065989Z,2025-12-26T14:30:00.002399Z,0,PRESENT_NONEMPTY,2025-12-26T21:00:00Z,2025-12-26T14:30:00Z,2025-12-26,403080,SOURCE_AVAILABLE,executed_at_and_created_at_timestamp,nanoseconds_normalized_from_arrow_unit,403080
False,QQQ,NO_TEMPORAL_ANOMALY_OBSERVED,406396,406395,406396,406396,406396,406396,0,0,5.235007,0.03081,0.067705,0.09504525,0.13376404999999975,2025-12-26T21:00:00.009941Z,2025-12-26T20:59:59.945730Z,2025-12-26T14:30:00.069597Z,2025-12-26T14:30:00.002360Z,0,PRESENT_NONEMPTY,2025-12-26T21:00:00Z,2025-12-26T14:30:00Z,2025-12-26,406396,SOURCE_AVAILABLE,executed_at_and_created_at_timestamp,nanoseconds_normalized_from_arrow_unit,406396
False,SPY,NO_TEMPORAL_ANOMALY_OBSERVED,756767,756760,756767,756767,756767,756767,0,0,6.934673,0.031019,0.068923,0.103401,0.25970577999999944,2025-12-26T21:00:00.067886Z,2025-12-26T20:59:59.988970Z,2025-12-26T14:30:00.073285Z,2025-12-26T14:30:00.002309Z,0,PRESENT_NONEMPTY,2025-12-26T21:00:00Z,2025-12-26T14:30:00Z,2025-12-26,756767,SOURCE_AVAILABLE,executed_at_and_created_at_timestamp,nanoseconds_normalized_from_arrow_unit,756767
False,TSLA,NO_TEMPORAL_ANOMALY_OBSERVED,577609,577607,577609,577609,577609,577609,0,0,1.237784,0.031104,0.068362,0.10348759999999997,0.16033236000000034,2025-12-26T21:00:00.052482Z,2025-12-26T20:59:59.979037Z,2025-12-26T14:30:00.099807Z,2025-12-26T14:30:00.008827Z,0,PRESENT_NONEMPTY,2025-12-26T21:00:00Z,2025-12-26T14:30:00Z,2025-12-26,577609,SOURCE_AVAILABLE,executed_at_and_created_at_timestamp,nanoseconds_normalized_from_arrow_unit,577609
False,AAPL,NO_TEMPORAL_ANOMALY_OBSERVED,55673,55672,55673,55673,55673,55673,0,0,9.912003,0.032427,0.069562,0.11156379999999995,3.957991599999998,2025-12-29T21:00:00.047341Z,2025-12-29T20:59:59.816310Z,2025-12-29T14:30:00.135020Z,2025-12-29T14:30:00.049254Z,0,PRESENT_NONEMPTY,2025-12-29T21:00:00Z,2025-12-29T14:30:00Z,2025-12-29,55673,SOURCE_AVAILABLE,executed_at_and_created_at_timestamp,nanoseconds_normalized_from_arrow_unit,55673
False,AMZN,NO_TEMPORAL_ANOMALY_OBSERVED,63160,63160,63160,63160,63160,63160,0,0,11.582004,0.03275,0.069589,0.11469344999999996,3.1233580499999998,2025-12-29T20:59:59.394305Z,2025-12-29T20:59:59.254917Z,2025-12-29T14:30:00.210829Z,2025-12-29T14:30:00.003456Z,0,PRESENT_NONEMPTY,2025-12-29T21:00:00Z,2025-12-29T14:30:00Z,2025-12-29,63160,SOURCE_AVAILABLE,executed_at_and_created_at_timestamp,nanoseconds_normalized_from_arrow_unit,63160
False,META,NO_TEMPORAL_ANOMALY_OBSERVED,60204,60204,60204,60204,60204,60204,0,0,33.73162,0.032395,0.070257,0.22666179999999977,7.195691,2025-12-29T20:59:59.013670Z,2025-12-29T20:59:58.945821Z,2025-12-29T14:30:00.197046Z,2025-12-29T14:30:00.035315Z,0,PRESENT_NONEMPTY,2025-12-29T21:00:00Z,2025-12-29T14:30:00Z,2025-12-29,60204,SOURCE_AVAILABLE,executed_at_and_created_at_timestamp,nanoseconds_normalized_from_arrow_unit,60204
False,MSFT,NO_TEMPORAL_ANOMALY_OBSERVED,35202,35201,35202,35202,35202,35202,0,0,33.357027,0.032817,0.069012,0.1518320999999999,12.337357909999902,2025-12-29T21:00:00.036386Z,2025-12-29T20:59:59.773460Z,2025-12-29T14:30:00.203263Z,2025-12-29T14:30:00.086667Z,0,PRESENT_NONEMPTY,2025-12-29T21:00:00Z,2025-12-29T14:30:00Z,2025-12-29,35202,SOURCE_AVAILABLE,executed_at_and_created_at_timestamp,nanoseconds_normalized_from_arrow_unit,35202
False,NVDA,NO_TEMPORAL_ANOMALY_OBSERVED,212844,212842,212844,212844,212844,212844,0,0,4.743716,0.031666,0.069963,0.1366456499999993,0.7678526700000002,2025-12-29T21:00:00.022136Z,2025-12-29T20:59:59.922063Z,2025-12-29T14:30:00.068347Z,2025-12-29T14:30:00.002392Z,0,PRESENT_NONEMPTY,2025-12-29T21:00:00Z,2025-12-29T14:30:00Z,2025-12-29,212844,SOURCE_AVAILABLE,executed_at_and_created_at_timestamp,nanoseconds_normalized_from_arrow_unit,212844
False,QQQ,NO_TEMPORAL_ANOMALY_OBSERVED,533204,533203,533204,533204,533204,533204,0,0,4.882818,0.03135,0.069132,0.105987,0.2080895899999987,2025-12-29T21:00:00.001689Z,2025-12-29T20:59:59.902274Z,2025-12-29T14:30:00.070691Z,2025-12-29T14:30:00.002436Z,0,PRESENT_NONEMPTY,2025-12-29T21:00:00Z,2025-12-29T14:30:00Z,2025-12-29,533204,SOURCE_AVAILABLE,executed_at_and_created_at_timestamp,nanoseconds_normalized_from_arrow_unit,533204
False,SPY,NO_TEMPORAL_ANOMALY_OBSERVED,889312,889290,889312,889312,889312,889312,0,0,11.453002,0.031059,0.071127,0.22104434999999986,6.384225840000001,2025-12-29T21:00:00.449876Z,2025-12-29T20:59:59.951180Z,2025-12-29T14:30:00.109468Z,2025-12-29T14:30:00.002337Z,0,PRESENT_NONEMPTY,2025-12-29T21:00:00Z,2025-12-29T14:30:00Z,2025-12-29,889312,SOURCE_AVAILABLE,executed_at_and_created_at_timestamp,nanoseconds_normalized_from_arrow_unit,889312
False,TSLA,NO_TEMPORAL_ANOMALY_OBSERVED,431229,431229,431229,431229,431229,431229,0,0,3.427521,0.031059,0.069541,0.13096179999999993,0.279546199999999,2025-12-29T20:59:59.924336Z,2025-12-29T20:59:59.860423Z,2025-12-29T14:30:00.099325Z,2025-12-29T14:30:00.003204Z,0,PRESENT_NONEMPTY,2025-12-29T21:00:00Z,2025-12-29T14:30:00Z,2025-12-29,431229,SOURCE_AVAILABLE,executed_at_and_created_at_timestamp,nanoseconds_normalized_from_arrow_unit,431229
False,AAPL,NO_TEMPORAL_ANOMALY_OBSERVED,50838,50835,50838,50838,50838,50838,0,0,6.776097,0.032722,0.068077,0.098604,0.421432,2025-12-30T21:00:00.080514Z,2025-12-30T20:59:59.992135Z,2025-12-30T14:30:00.101008Z,2025-12-30T14:30:00.003074Z,0,PRESENT_NONEMPTY,2025-12-30T21:00:00Z,2025-12-30T14:30:00Z,2025-12-30,50838,SOURCE_AVAILABLE,executed_at_and_created_at_timestamp,nanoseconds_normalized_from_arrow_unit,50838
False,AMZN,NO_TEMPORAL_ANOMALY_OBSERVED,64734,64734,64734,64734,64734,64734,0,0,5.879209,0.031985,0.068179,0.0990181,1.3575955499999999,2025-12-30T20:59:59.988592Z,2025-12-30T20:59:59.904608Z,2025-12-30T14:30:00.101008Z,2025-12-30T14:30:00.003319Z,0,PRESENT_NONEMPTY,2025-12-30T21:00:00Z,2025-12-30T14:30:00Z,2025-12-30,64734,SOURCE_AVAILABLE,executed_at_and_created_at_timestamp,nanoseconds_normalized_from_arrow_unit,64734
False,META,NO_TEMPORAL_ANOMALY_OBSERVED,93348,93348,93348,93348,93348,93348,0,0,11.465467,0.032115,0.068037,0.107237,0.27615638999999914,2025-12-30T20:59:59.557835Z,2025-12-30T20:59:59.400480Z,2025-12-30T14:30:00.156204Z,2025-12-30T14:30:00.004234Z,0,PRESENT_NONEMPTY,2025-12-30T21:00:00Z,2025-12-30T14:30:00Z,2025-12-30,93348,SOURCE_AVAILABLE,executed_at_and_created_at_timestamp,nanoseconds_normalized_from_arrow_unit,93348
False,MSFT,NO_TEMPORAL_ANOMALY_OBSERVED,35070,35069,35070,35070,35070,35070,0,0,11.428493,0.032019,0.067635,0.11271359999999951,1.220203,2025-12-30T21:00:00.066738Z,2025-12-30T20:59:59.823346Z,2025-12-30T14:30:00.097801Z,2025-12-30T14:30:00.003098Z,0,PRESENT_NONEMPTY,2025-12-30T21:00:00Z,2025-12-30T14:30:00Z,2025-12-30,35070,SOURCE_AVAILABLE,executed_at_and_created_at_timestamp,nanoseconds_normalized_from_arrow_unit,35070
False,NVDA,NO_TEMPORAL_ANOMALY_OBSERVED,154344,154341,154344,154344,154344,154344,0,0,4.77801,0.031779,0.0692635,0.120698,0.6503505300000183,2025-12-30T21:00:00.067924Z,2025-12-30T20:59:59.982853Z,2025-12-30T14:30:00.069088Z,2025-12-30T14:30:00.002301Z,0,PRESENT_NONEMPTY,2025-12-30T21:00:00Z,2025-12-30T14:30:00Z,2025-12-30,154344,SOURCE_AVAILABLE,executed_at_and_created_at_timestamp,nanoseconds_normalized_from_arrow_unit,154344
False,QQQ,NO_TEMPORAL_ANOMALY_OBSERVED,461851,461851,461851,461851,461851,461851,0,0,4.063659,0.030561,0.067193,0.096676,0.16179949999999999,2025-12-30T20:59:59.943510Z,2025-12-30T20:59:59.860430Z,2025-12-30T14:30:00.069088Z,2025-12-30T14:30:00.002127Z,0,PRESENT_NONEMPTY,2025-12-30T21:00:00Z,2025-12-30T14:30:00Z,2025-12-30,461851,SOURCE_AVAILABLE,executed_at_and_created_at_timestamp,nanoseconds_normalized_from_arrow_unit,461851
False,SPY,NO_TEMPORAL_ANOMALY_OBSERVED,765195,765182,765195,765195,765195,765195,0,0,5.708491,0.030879,0.068202,0.11204029999999993,0.2825313599999996,2025-12-30T21:00:00.053659Z,2025-12-30T20:59:59.973378Z,2025-12-30T14:30:00.069285Z,2025-12-30T14:30:00.002266Z,0,PRESENT_NONEMPTY,2025-12-30T21:00:00Z,2025-12-30T14:30:00Z,2025-12-30,765195,SOURCE_AVAILABLE,executed_at_and_created_at_timestamp,nanoseconds_normalized_from_arrow_unit,765195
False,TSLA,NO_TEMPORAL_ANOMALY_OBSERVED,409295,409291,409295,409295,409295,409295,0,0,0.668412,0.03173,0.068295,0.1027143,0.14822354,2025-12-30T21:00:00.041909Z,2025-12-30T20:59:59.954496Z,2025-12-30T14:30:00.069329Z,2025-12-30T14:30:00.002734Z,0,PRESENT_NONEMPTY,2025-12-30T21:00:00Z,2025-12-30T14:30:00Z,2025-12-30,409295,SOURCE_AVAILABLE,executed_at_and_created_at_timestamp,nanoseconds_normalized_from_arrow_unit,409295
False,AAPL,NO_TEMPORAL_ANOMALY_OBSERVED,51324,51316,51324,51324,51324,51324,0,0,4.603732,0.033026,0.0690835,0.104112,0.23526650999999818,2025-12-31T21:00:00.028933Z,2025-12-31T20:59:59.908724Z,2025-12-31T14:30:00.218450Z,2025-12-31T14:30:00.075322Z,0,PRESENT_NONEMPTY,2025-12-31T21:00:00Z,2025-12-31T14:30:00Z,2025-12-31,51324,SOURCE_AVAILABLE,executed_at_and_created_at_timestamp,nanoseconds_normalized_from_arrow_unit,51324
False,AMZN,NO_TEMPORAL_ANOMALY_OBSERVED,67855,67855,67855,67855,67855,67855,0,0,9.257785,0.032705,0.06898,0.1009263,1.818679180000011,2025-12-31T20:59:59.756788Z,2025-12-31T20:59:59.568044Z,2025-12-31T14:30:00.136645Z,2025-12-31T14:30:00.002478Z,0,PRESENT_NONEMPTY,2025-12-31T21:00:00Z,2025-12-31T14:30:00Z,2025-12-31,67855,SOURCE_AVAILABLE,executed_at_and_created_at_timestamp,nanoseconds_normalized_from_arrow_unit,67855
False,META,NO_TEMPORAL_ANOMALY_OBSERVED,58554,58544,58554,58554,58554,58554,0,0,14.999418,0.031957,0.0665095,0.10136584999999998,0.8799159400000054,2025-12-31T21:00:00.782392Z,2025-12-31T20:59:59.992842Z,2025-12-31T14:30:00.219895Z,2025-12-31T14:30:00.107163Z,0,PRESENT_NONEMPTY,2025-12-31T21:00:00Z,2025-12-31T14:30:00Z,2025-12-31,58554,SOURCE_AVAILABLE,executed_at_and_created_at_timestamp,nanoseconds_normalized_from_arrow_unit,58554
False,MSFT,NO_TEMPORAL_ANOMALY_OBSERVED,39417,39408,39417,39417,39417,39417,0,0,15.137105,0.031931,0.067471,0.1088769999999999,0.28553467999999493,2025-12-31T21:00:00.670863Z,2025-12-31T20:59:59.850887Z,2025-12-31T14:30:00.127291Z,2025-12-31T14:30:00.003947Z,0,PRESENT_NONEMPTY,2025-12-31T21:00:00Z,2025-12-31T14:30:00Z,2025-12-31,39417,SOURCE_AVAILABLE,executed_at_and_created_at_timestamp,nanoseconds_normalized_from_arrow_unit,39417
False,NVDA,NO_TEMPORAL_ANOMALY_OBSERVED,209272,209263,209272,209272,209272,209272,0,0,4.777454,0.031215,0.069056,0.11999424999999991,0.3068445500000016,2025-12-31T21:00:00.844352Z,2025-12-31T20:59:59.985470Z,2025-12-31T14:30:00.070733Z,2025-12-31T14:30:00.002299Z,0,PRESENT_NONEMPTY,2025-12-31T21:00:00Z,2025-12-31T14:30:00Z,2025-12-31,209272,SOURCE_AVAILABLE,executed_at_and_created_at_timestamp,nanoseconds_normalized_from_arrow_unit,209272
False,QQQ,NO_TEMPORAL_ANOMALY_OBSERVED,507172,507172,507172,507172,507172,507172,0,0,3.588596,0.029808,0.06668,0.09836244999999996,0.16026153999999945,2025-12-31T20:59:59.950771Z,2025-12-31T20:59:59.822740Z,2025-12-31T14:30:00.066597Z,2025-12-31T14:30:00.002934Z,0,PRESENT_NONEMPTY,2025-12-31T21:00:00Z,2025-12-31T14:30:00Z,2025-12-31,507172,SOURCE_AVAILABLE,executed_at_and_created_at_timestamp,nanoseconds_normalized_from_arrow_unit,507172
False,SPY,NO_TEMPORAL_ANOMALY_OBSERVED,843607,843357,843607,843607,843607,843607,0,0,5.214131,0.03092,0.069185,0.115753,0.27158335999999755,2025-12-31T21:00:01.944357Z,2025-12-31T20:59:59.980979Z,2025-12-31T14:30:00.108377Z,2025-12-31T14:30:00.002560Z,0,PRESENT_NONEMPTY,2025-12-31T21:00:00Z,2025-12-31T14:30:00Z,2025-12-31,843607,SOURCE_AVAILABLE,executed_at_and_created_at_timestamp,nanoseconds_normalized_from_arrow_unit,843607
False,TSLA,NO_TEMPORAL_ANOMALY_OBSERVED,357265,357261,357265,357265,357265,357265,0,0,5.649733,0.031149,0.067646,0.102543,0.15042179999999994,2025-12-31T21:00:00.029161Z,2025-12-31T20:59:59.953092Z,2025-12-31T14:30:00.068636Z,2025-12-31T14:30:00.002533Z,0,PRESENT_NONEMPTY,2025-12-31T21:00:00Z,2025-12-31T14:30:00Z,2025-12-31,357265,SOURCE_AVAILABLE,executed_at_and_created_at_timestamp,nanoseconds_normalized_from_arrow_unit,357265
False,AAPL,NO_TEMPORAL_ANOMALY_OBSERVED,118315,118315,118315,118315,118315,118315,0,0,3.513234,0.031045,0.069419,0.12080689999999997,0.4355624000000007,2026-01-02T20:59:59.918686Z,2026-01-02T20:59:59.845952Z,2026-01-02T14:30:00.522897Z,2026-01-02T14:30:00.095035Z,0,PRESENT_NONEMPTY,2026-01-02T21:00:00Z,2026-01-02T14:30:00Z,2026-01-02,118315,SOURCE_AVAILABLE,executed_at_and_created_at_timestamp,nanoseconds_normalized_from_arrow_unit,118315
False,AMZN,NO_TEMPORAL_ANOMALY_OBSERVED,162157,162157,162157,162157,162157,162157,0,0,61.279498,0.033211,0.072884,0.13614419999999997,0.5625036800000005,2026-01-02T20:59:59.898087Z,2026-01-02T20:59:59.801060Z,2026-01-02T14:30:00.275072Z,2026-01-02T14:30:00.002436Z,0,PRESENT_NONEMPTY,2026-01-02T21:00:00Z,2026-01-02T14:30:00Z,2026-01-02,162157,SOURCE_AVAILABLE,executed_at_and_created_at_timestamp,nanoseconds_normalized_from_arrow_unit,162157
False,META,NO_TEMPORAL_ANOMALY_OBSERVED,112800,112797,112800,112800,112800,112800,0,0,24.671312,0.03198,0.071198,0.21462384999999864,1.1205150099999968,2026-01-02T21:00:00.235704Z,2026-01-02T20:59:59.992675Z,2026-01-02T14:30:00.339637Z,2026-01-02T14:30:00.017378Z,0,PRESENT_NONEMPTY,2026-01-02T21:00:00Z,2026-01-02T14:30:00Z,2026-01-02,112800,SOURCE_AVAILABLE,executed_at_and_created_at_timestamp,nanoseconds_normalized_from_arrow_unit,112800
False,MSFT,NO_TEMPORAL_ANOMALY_OBSERVED,95868,95867,95868,95868,95868,95868,0,0,24.963225,0.03226,0.07115,0.21026,1.0624551500000032,2026-01-02T21:00:00.119861Z,2026-01-02T20:59:59.921601Z,2026-01-02T14:30:00.069468Z,2026-01-02T14:30:00.002819Z,0,PRESENT_NONEMPTY,2026-01-02T21:00:00Z,2026-01-02T14:30:00Z,2026-01-02,95868,SOURCE_AVAILABLE,executed_at_and_created_at_timestamp,nanoseconds_normalized_from_arrow_unit,95868
False,NVDA,NO_TEMPORAL_ANOMALY_OBSERVED,316135,316131,316135,316135,316135,316135,0,0,4.343198,0.031416,0.073282,0.215704,0.8490097399999913,2026-01-02T21:00:00.408238Z,2026-01-02T20:59:59.994161Z,2026-01-02T14:30:00.100753Z,2026-01-02T14:30:00.002361Z,0,PRESENT_NONEMPTY,2026-01-02T21:00:00Z,2026-01-02T14:30:00Z,2026-01-02,316135,SOURCE_AVAILABLE,executed_at_and_created_at_timestamp,nanoseconds_normalized_from_arrow_unit,316135
False,QQQ,NO_TEMPORAL_ANOMALY_OBSERVED,745618,745611,745618,745618,745618,745618,0,0,5.553971,0.031123,0.069928,0.15570715000000004,0.5384351399999975,2026-01-02T21:00:00.137449Z,2026-01-02T20:59:59.969864Z,2026-01-02T14:30:00.069298Z,2026-01-02T14:30:00.002326Z,0,PRESENT_NONEMPTY,2026-01-02T21:00:00Z,2026-01-02T14:30:00Z,2026-01-02,745618,SOURCE_AVAILABLE,executed_at_and_created_at_timestamp,nanoseconds_normalized_from_arrow_unit,745618
False,SPY,NO_TEMPORAL_ANOMALY_OBSERVED,1109795,1109678,1109795,1109795,1109795,1109795,0,0,6.781576,0.03103,0.072113,0.2094632000000002,1.0010034400000012,2026-01-02T21:00:02.411068Z,2026-01-02T20:59:59.963739Z,2026-01-02T14:30:00.401309Z,2026-01-02T14:30:00.002336Z,0,PRESENT_NONEMPTY,2026-01-02T21:00:00Z,2026-01-02T14:30:00Z,2026-01-02,1109795,SOURCE_AVAILABLE,executed_at_and_created_at_timestamp,nanoseconds_normalized_from_arrow_unit,1109795
False,TSLA,NO_TEMPORAL_ANOMALY_OBSERVED,649934,649932,649934,649934,649934,649934,0,0,6.119038,0.031792,0.069535,0.11222334999999999,0.17948007000000088,2026-01-02T21:00:00.044931Z,2026-01-02T20:59:59.981269Z,2026-01-02T14:30:00.103181Z,2026-01-02T14:30:00.002566Z,0,PRESENT_NONEMPTY,2026-01-02T21:00:00Z,2026-01-02T14:30:00Z,2026-01-02,649934,SOURCE_AVAILABLE,executed_at_and_created_at_timestamp,nanoseconds_normalized_from_arrow_unit,649934
False,AAPL,NO_TEMPORAL_ANOMALY_OBSERVED,106061,106061,106061,106061,106061,106061,0,0,7.495546,0.031407,0.069424,0.133135,0.6846589999999991,2026-01-05T20:59:59.944405Z,2026-01-05T20:59:59.873395Z,2026-01-05T14:30:00.097165Z,2026-01-05T14:30:00.003649Z,0,PRESENT_NONEMPTY,2026-01-05T21:00:00Z,2026-01-05T14:30:00Z,2026-01-05,106061,SOURCE_AVAILABLE,executed_at_and_created_at_timestamp,nanoseconds_normalized_from_arrow_unit,106061
False,AMZN,NO_TEMPORAL_ANOMALY_OBSERVED,130906,130900,130906,130906,130906,130906,0,0,23.693819,0.032891,0.0724255,0.14646875,4.233631299999989,2026-01-05T21:00:00.015938Z,2026-01-05T20:59:59.916206Z,2026-01-05T14:30:00.070123Z,2026-01-05T14:30:00.002905Z,0,PRESENT_NONEMPTY,2026-01-05T21:00:00Z,2026-01-05T14:30:00Z,2026-01-05,130906,SOURCE_AVAILABLE,executed_at_and_created_at_timestamp,nanoseconds_normalized_from_arrow_unit,130906
False,META,NO_TEMPORAL_ANOMALY_OBSERVED,77772,77771,77772,77772,77772,77772,0,0,23.891851,0.03211,0.072635,0.46454984999999904,6.237473939999999,2026-01-05T21:00:00.580111Z,2026-01-05T20:59:59.680460Z,2026-01-05T14:30:00.067878Z,2026-01-05T14:30:00.003065Z,0,PRESENT_NONEMPTY,2026-01-05T21:00:00Z,2026-01-05T14:30:00Z,2026-01-05,77772,SOURCE_AVAILABLE,executed_at_and_created_at_timestamp,nanoseconds_normalized_from_arrow_unit,77772
False,MSFT,NO_TEMPORAL_ANOMALY_OBSERVED,57680,57680,57680,57680,57680,57680,0,0,24.078006,0.032763,0.0713625,1.8485102999999996,10.441589609999987,2026-01-05T20:59:59.880141Z,2026-01-05T20:59:59.013895Z,2026-01-05T14:30:00.070652Z,2026-01-05T14:30:00.004915Z,0,PRESENT_NONEMPTY,2026-01-05T21:00:00Z,2026-01-05T14:30:00Z,2026-01-05,57680,SOURCE_AVAILABLE,executed_at_and_created_at_timestamp,nanoseconds_normalized_from_arrow_unit,57680
False,NVDA,NO_TEMPORAL_ANOMALY_OBSERVED,280176,280174,280176,280176,280176,280176,0,0,4.325319,0.031861,0.073105,1.6124835,3.06825125,2026-01-05T21:00:00.190882Z,2026-01-05T20:59:59.981860Z,2026-01-05T14:30:00.070652Z,2026-01-05T14:30:00.002499Z,0,PRESENT_NONEMPTY,2026-01-05T21:00:00Z,2026-01-05T14:30:00Z,2026-01-05,280176,SOURCE_AVAILABLE,executed_at_and_created_at_timestamp,nanoseconds_normalized_from_arrow_unit,280176
False,QQQ,NO_TEMPORAL_ANOMALY_OBSERVED,624539,624536,624539,624539,624539,624539,0,0,33.643272,0.030964,0.070031,0.16940919999999995,2.8958355399999998,2026-01-05T21:00:00.067057Z,2026-01-05T20:59:59.954518Z,2026-01-05T14:30:00.070080Z,2026-01-05T14:30:00.002370Z,0,PRESENT_NONEMPTY,2026-01-05T21:00:00Z,2026-01-05T14:30:00Z,2026-01-05,624539,SOURCE_AVAILABLE,executed_at_and_created_at_timestamp,nanoseconds_normalized_from_arrow_unit,624539
False,SPY,NO_TEMPORAL_ANOMALY_OBSERVED,942020,941768,942020,942020,942020,942020,0,0,7.448008,0.031506,0.071587,0.228454,4.215654989999983,2026-01-05T21:00:03.326998Z,2026-01-05T20:59:59.921251Z,2026-01-05T14:30:00.069964Z,2026-01-05T14:30:00.002398Z,0,PRESENT_NONEMPTY,2026-01-05T21:00:00Z,2026-01-05T14:30:00Z,2026-01-05,942020,SOURCE_AVAILABLE,executed_at_and_created_at_timestamp,nanoseconds_normalized_from_arrow_unit,942020
False,TSLA,NO_TEMPORAL_ANOMALY_OBSERVED,409082,409078,409082,409082,409082,409082,0,0,8.048286,0.031304,0.069886,0.12794489999999992,0.2298866000000001,2026-01-05T21:00:00.047964Z,2026-01-05T20:59:59.980395Z,2026-01-05T14:30:00.067156Z,2026-01-05T14:30:00.002933Z,0,PRESENT_NONEMPTY,2026-01-05T21:00:00Z,2026-01-05T14:30:00Z,2026-01-05,409082,SOURCE_AVAILABLE,executed_at_and_created_at_timestamp,nanoseconds_normalized_from_arrow_unit,409082
False,AAPL,NO_TEMPORAL_ANOMALY_OBSERVED,123644,123643,123644,123644,123644,123644,0,0,10.729854,0.032253,0.070257,0.11630385,2.0279688699999956,2026-01-06T21:00:00.053688Z,2026-01-06T20:59:59.969390Z,2026-01-06T14:30:00.100280Z,2026-01-06T14:30:00.003880Z,0,PRESENT_NONEMPTY,2026-01-06T21:00:00Z,2026-01-06T14:30:00Z,2026-01-06,123644,SOURCE_AVAILABLE,executed_at_and_created_at_timestamp,nanoseconds_normalized_from_arrow_unit,123644
False,AMZN,NO_TEMPORAL_ANOMALY_OBSERVED,187985,187985,187985,187985,187985,187985,0,0,16.042263,0.031447,0.070746,0.117697,0.3331672000000017,2026-01-06T20:59:59.988739Z,2026-01-06T20:59:59.914450Z,2026-01-06T14:30:00.204308Z,2026-01-06T14:30:00.002920Z,0,PRESENT_NONEMPTY,2026-01-06T21:00:00Z,2026-01-06T14:30:00Z,2026-01-06,187985,SOURCE_AVAILABLE,executed_at_and_created_at_timestamp,nanoseconds_normalized_from_arrow_unit,187985
False,META,NO_TEMPORAL_ANOMALY_OBSERVED,72118,72117,72118,72118,72118,72118,0,0,24.098785,0.032317,0.070314,0.13598859999999963,2.190435,2026-01-06T21:00:00.402439Z,2026-01-06T20:59:59.943372Z,2026-01-06T14:30:00.238949Z,2026-01-06T14:30:00.005067Z,0,PRESENT_NONEMPTY,2026-01-06T21:00:00Z,2026-01-06T14:30:00Z,2026-01-06,72118,SOURCE_AVAILABLE,executed_at_and_created_at_timestamp,nanoseconds_normalized_from_arrow_unit,72118
False,MSFT,NO_TEMPORAL_ANOMALY_OBSERVED,56001,55998,56001,56001,56001,56001,0,0,23.89204,0.031949,0.068716,0.146776,1.968779,2026-01-06T21:00:00.470132Z,2026-01-06T20:59:59.937691Z,2026-01-06T14:30:00.069525Z,2026-01-06T14:30:00.019707Z,0,PRESENT_NONEMPTY,2026-01-06T21:00:00Z,2026-01-06T14:30:00Z,2026-01-06,56001,SOURCE_AVAILABLE,executed_at_and_created_at_timestamp,nanoseconds_normalized_from_arrow_unit,56001
False,NVDA,NO_TEMPORAL_ANOMALY_OBSERVED,298232,298204,298232,298232,298232,298232,0,0,13.596172,0.032112,0.071712,0.2102208000000003,1.7591720600000005,2026-01-06T21:00:00.493583Z,2026-01-06T20:59:59.989624Z,2026-01-06T14:30:00.069525Z,2026-01-06T14:30:00.002485Z,0,PRESENT_NONEMPTY,2026-01-06T21:00:00Z,2026-01-06T14:30:00Z,2026-01-06,298232,SOURCE_AVAILABLE,executed_at_and_created_at_timestamp,nanoseconds_normalized_from_arrow_unit,298232
False,QQQ,NO_TEMPORAL_ANOMALY_OBSERVED,630290,630257,630290,630290,630290,630290,0,0,8.800718,0.031216,0.064849,0.11539519999999971,0.2950655399999998,2026-01-06T21:00:00.774978Z,2026-01-06T20:59:59.973230Z,2026-01-06T14:30:00.071075Z,2026-01-06T14:30:00.003658Z,0,PRESENT_NONEMPTY,2026-01-06T21:00:00Z,2026-01-06T14:30:00Z,2026-01-06,630290,SOURCE_AVAILABLE,executed_at_and_created_at_timestamp,nanoseconds_normalized_from_arrow_unit,630290
False,SPY,NO_TEMPORAL_ANOMALY_OBSERVED,1029559,1029246,1029559,1029559,1029559,1029559,0,0,7.622916,0.03128,0.069373,0.14773119999999995,0.5397377000000056,2026-01-06T21:00:02.032546Z,2026-01-06T20:59:59.999337Z,2026-01-06T14:30:00.068714Z,2026-01-06T14:30:00.002513Z,0,PRESENT_NONEMPTY,2026-01-06T21:00:00Z,2026-01-06T14:30:00Z,2026-01-06,1029559,SOURCE_AVAILABLE,executed_at_and_created_at_timestamp,nanoseconds_normalized_from_arrow_unit,1029559
False,TSLA,NO_TEMPORAL_ANOMALY_OBSERVED,547875,547852,547875,547875,547875,547875,0,0,9.506795,0.031138,0.069665,0.129812,0.24872656000000007,2026-01-06T21:00:00.067852Z,2026-01-06T20:59:59.996974Z,2026-01-06T14:30:00.069425Z,2026-01-06T14:30:00.002480Z,0,PRESENT_NONEMPTY,2026-01-06T21:00:00Z,2026-01-06T14:30:00Z,2026-01-06,547875,SOURCE_AVAILABLE,executed_at_and_created_at_timestamp,nanoseconds_normalized_from_arrow_unit,547875
False,AAPL,NO_TEMPORAL_ANOMALY_OBSERVED,103829,103828,103829,103829,103829,103829,0,0,276.184324,0.032293,0.070429,0.17654619999999976,82.3626496,2026-01-07T21:00:00.038690Z,2026-01-07T20:59:59.934169Z,2026-01-07T14:30:00.167123Z,2026-01-07T14:30:00.013443Z,0,PRESENT_NONEMPTY,2026-01-07T21:00:00Z,2026-01-07T14:30:00Z,2026-01-07,103829,SOURCE_AVAILABLE,executed_at_and_created_at_timestamp,nanoseconds_normalized_from_arrow_unit,103829
False,AMZN,NO_TEMPORAL_ANOMALY_OBSERVED,149505,149504,149505,149505,149505,149505,0,0,280.867377,0.031541,0.071627,0.14228779999999988,71.9193661199996,2026-01-07T21:00:00.012256Z,2026-01-07T20:59:59.901953Z,2026-01-07T14:30:00.167123Z,2026-01-07T14:30:00.003324Z,0,PRESENT_NONEMPTY,2026-01-07T21:00:00Z,2026-01-07T14:30:00Z,2026-01-07,149505,SOURCE_AVAILABLE,executed_at_and_created_at_timestamp,nanoseconds_normalized_from_arrow_unit,149505
False,META,NO_TEMPORAL_ANOMALY_OBSERVED,105544,105543,105544,105544,105544,105544,0,0,23.973796,0.03206,0.070603,0.141223,2.9198512199999986,2026-01-07T21:00:00.044501Z,2026-01-07T20:59:59.843653Z,2026-01-07T14:30:00.123472Z,2026-01-07T14:30:00.011922Z,0,PRESENT_NONEMPTY,2026-01-07T21:00:00Z,2026-01-07T14:30:00Z,2026-01-07,105544,SOURCE_AVAILABLE,executed_at_and_created_at_timestamp,nanoseconds_normalized_from_arrow_unit,105544
False,MSFT,NO_TEMPORAL_ANOMALY_OBSERVED,84299,84293,84299,84299,84299,84299,0,0,30.505675,0.031365,0.070015,0.14361489999999982,4.50912072,2026-01-07T21:00:00.139688Z,2026-01-07T20:59:59.928150Z,2026-01-07T14:30:00.101358Z,2026-01-07T14:30:00.003777Z,0,PRESENT_NONEMPTY,2026-01-07T21:00:00Z,2026-01-07T14:30:00Z,2026-01-07,84299,SOURCE_AVAILABLE,executed_at_and_created_at_timestamp,nanoseconds_normalized_from_arrow_unit,84299
False,NVDA,NO_TEMPORAL_ANOMALY_OBSERVED,235759,235742,235759,235759,235759,235759,0,0,36.683979,0.0316,0.071708,0.1930507999999991,2.7178312399999998,2026-01-07T21:00:00.335916Z,2026-01-07T20:59:59.993685Z,2026-01-07T14:30:00.103259Z,2026-01-07T14:30:00.002295Z,0,PRESENT_NONEMPTY,2026-01-07T21:00:00Z,2026-01-07T14:30:00Z,2026-01-07,235759,SOURCE_AVAILABLE,executed_at_and_created_at_timestamp,nanoseconds_normalized_from_arrow_unit,235759
False,QQQ,NO_TEMPORAL_ANOMALY_OBSERVED,678707,678700,678707,678707,678707,678707,0,0,31.423101,0.031448,0.069581,0.1294597999999998,2.1433366999999994,2026-01-07T21:00:00.349999Z,2026-01-07T20:59:59.984600Z,2026-01-07T14:30:00.070384Z,2026-01-07T14:30:00.002584Z,0,PRESENT_NONEMPTY,2026-01-07T21:00:00Z,2026-01-07T14:30:00Z,2026-01-07,678707,SOURCE_AVAILABLE,executed_at_and_created_at_timestamp,nanoseconds_normalized_from_arrow_unit,678707
False,SPY,NO_TEMPORAL_ANOMALY_OBSERVED,1087307,1087221,1087307,1087307,1087307,1087307,0,0,63.17304,0.031358,0.070987,0.162522,3.004590399999988,2026-01-07T21:00:00.827915Z,2026-01-07T20:59:59.966652Z,2026-01-07T14:30:00.099423Z,2026-01-07T14:30:00.002277Z,0,PRESENT_NONEMPTY,2026-01-07T21:00:00Z,2026-01-07T14:30:00Z,2026-01-07,1087307,SOURCE_AVAILABLE,executed_at_and_created_at_timestamp,nanoseconds_normalized_from_arrow_unit,1087307
False,TSLA,NO_TEMPORAL_ANOMALY_OBSERVED,372658,372652,372658,372658,372658,372658,0,0,284.919535,0.031241,0.068617,0.12860714999999998,152.02352456999998,2026-01-07T21:00:00.074739Z,2026-01-07T20:59:59.991224Z,2026-01-07T14:30:00.096659Z,2026-01-07T14:30:00.004283Z,0,PRESENT_NONEMPTY,2026-01-07T21:00:00Z,2026-01-07T14:30:00Z,2026-01-07,372658,SOURCE_AVAILABLE,executed_at_and_created_at_timestamp,nanoseconds_normalized_from_arrow_unit,372658
False,AAPL,NO_TEMPORAL_ANOMALY_OBSERVED,156536,156534,156536,156536,156536,156536,0,0,6.433615,0.031596,0.071822,0.15552850000000001,2.240100499999999,2026-01-08T21:00:00.033145Z,2026-01-08T20:59:59.966373Z,2026-01-08T14:30:00.067831Z,2026-01-08T14:30:00.003267Z,0,PRESENT_NONEMPTY,2026-01-08T21:00:00Z,2026-01-08T14:30:00Z,2026-01-08,156536,SOURCE_AVAILABLE,executed_at_and_created_at_timestamp,nanoseconds_normalized_from_arrow_unit,156536
False,AMZN,NO_TEMPORAL_ANOMALY_OBSERVED,119192,119192,119192,119192,119192,119192,0,0,11.784044,0.031366,0.070229,0.13203325,0.36608258999999943,2026-01-08T20:59:59.901880Z,2026-01-08T20:59:59.810398Z,2026-01-08T14:30:00.067831Z,2026-01-08T14:30:00.002609Z,0,PRESENT_NONEMPTY,2026-01-08T21:00:00Z,2026-01-08T14:30:00Z,2026-01-08,119192,SOURCE_AVAILABLE,executed_at_and_created_at_timestamp,nanoseconds_normalized_from_arrow_unit,119192
False,META,NO_TEMPORAL_ANOMALY_OBSERVED,95948,95936,95948,95948,95948,95948,0,0,85.144424,0.031839,0.0740415,1.84467385,13.6850114,2026-01-08T21:00:00.544725Z,2026-01-08T20:59:59.772213Z,2026-01-08T14:30:00.157160Z,2026-01-08T14:30:00.004082Z,0,PRESENT_NONEMPTY,2026-01-08T21:00:00Z,2026-01-08T14:30:00Z,2026-01-08,95948,SOURCE_AVAILABLE,executed_at_and_created_at_timestamp,nanoseconds_normalized_from_arrow_unit,95948
False,MSFT,NO_TEMPORAL_ANOMALY_OBSERVED,47604,47602,47604,47604,47604,47604,0,0,25.07802,0.032255,0.072226,0.3066184999999995,3.4553456300000054,2026-01-08T21:00:00.005973Z,2026-01-08T20:59:59.498420Z,2026-01-08T14:30:00.141872Z,2026-01-08T14:30:00.016731Z,0,PRESENT_NONEMPTY,2026-01-08T21:00:00Z,2026-01-08T14:30:00Z,2026-01-08,47604,SOURCE_AVAILABLE,executed_at_and_created_at_timestamp,nanoseconds_normalized_from_arrow_unit,47604
False,NVDA,NO_TEMPORAL_ANOMALY_OBSERVED,301162,301145,301162,301162,301162,301162,0,0,4.070059,0.031444,0.0726185,0.21140780000000006,0.9639796500000061,2026-01-08T21:00:00.274728Z,2026-01-08T20:59:59.975277Z,2026-01-08T14:30:00.068604Z,2026-01-08T14:30:00.002428Z,0,PRESENT_NONEMPTY,2026-01-08T21:00:00Z,2026-01-08T14:30:00Z,2026-01-08,301162,SOURCE_AVAILABLE,executed_at_and_created_at_timestamp,nanoseconds_normalized_from_arrow_unit,301162
False,QQQ,NO_TEMPORAL_ANOMALY_OBSERVED,691557,691557,691557,691557,691557,691557,0,0,8.358776,0.03114,0.071771,0.18248719999999927,1.351264399999991,2026-01-08T20:59:59.968830Z,2026-01-08T20:59:59.884391Z,2026-01-08T14:30:00.068806Z,2026-01-08T14:30:00.002351Z,0,PRESENT_NONEMPTY,2026-01-08T21:00:00Z,2026-01-08T14:30:00Z,2026-01-08,691557,SOURCE_AVAILABLE,executed_at_and_created_at_timestamp,nanoseconds_normalized_from_arrow_unit,691557
False,SPY,NO_TEMPORAL_ANOMALY_OBSERVED,989961,989794,989961,989961,989961,989961,0,0,7.787656,0.030783,0.072279,0.259197,2.108555000000001,2026-01-08T21:00:01.254463Z,2026-01-08T20:59:59.999393Z,2026-01-08T14:30:00.100761Z,2026-01-08T14:30:00.002445Z,0,PRESENT_NONEMPTY,2026-01-08T21:00:00Z,2026-01-08T14:30:00Z,2026-01-08,989961,SOURCE_AVAILABLE,executed_at_and_created_at_timestamp,nanoseconds_normalized_from_arrow_unit,989961
False,TSLA,NO_TEMPORAL_ANOMALY_OBSERVED,419648,419641,419648,419648,419648,419648,0,0,1.264271,0.030437,0.06868,0.116261,0.21786494999999956,2026-01-08T21:00:00.050189Z,2026-01-08T20:59:59.988389Z,2026-01-08T14:30:00.069255Z,2026-01-08T14:30:00.002203Z,0,PRESENT_NONEMPTY,2026-01-08T21:00:00Z,2026-01-08T14:30:00Z,2026-01-08,419648,SOURCE_AVAILABLE,executed_at_and_created_at_timestamp,nanoseconds_normalized_from_arrow_unit,419648
False,AAPL,NO_TEMPORAL_ANOMALY_OBSERVED,160409,160406,160409,160409,160409,160409,0,0,44.060135,0.03121,0.071161,0.18861920000000065,9.304234600000001,2026-01-09T21:00:00.201733Z,2026-01-09T20:59:59.986732Z,2026-01-09T14:30:00.223108Z,2026-01-09T14:30:00.005619Z,0,PRESENT_NONEMPTY,2026-01-09T21:00:00Z,2026-01-09T14:30:00Z,2026-01-09,160409,SOURCE_AVAILABLE,executed_at_and_created_at_timestamp,nanoseconds_normalized_from_arrow_unit,160409
False,AMZN,NO_TEMPORAL_ANOMALY_OBSERVED,114113,114113,114113,114113,114113,114113,0,0,116.414764,0.031512,0.073761,0.3018509999999998,5.395576,2026-01-09T20:59:59.793745Z,2026-01-09T20:59:59.585119Z,2026-01-09T14:30:00.223108Z,2026-01-09T14:30:00.003144Z,0,PRESENT_NONEMPTY,2026-01-09T21:00:00Z,2026-01-09T14:30:00Z,2026-01-09,114113,SOURCE_AVAILABLE,executed_at_and_created_at_timestamp,nanoseconds_normalized_from_arrow_unit,114113
False,META,NO_TEMPORAL_ANOMALY_OBSERVED,106415,106409,106415,106415,106415,106415,0,0,28.686504,0.032138,0.07244,0.28093839999999826,3.45860532,2026-01-09T21:00:00.526409Z,2026-01-09T20:59:59.837108Z,2026-01-09T14:30:00.136422Z,2026-01-09T14:30:00.064813Z,0,PRESENT_NONEMPTY,2026-01-09T21:00:00Z,2026-01-09T14:30:00Z,2026-01-09,106415,SOURCE_AVAILABLE,executed_at_and_created_at_timestamp,nanoseconds_normalized_from_arrow_unit,106415
False,MSFT,NO_TEMPORAL_ANOMALY_OBSERVED,66476,66476,66476,66476,66476,66476,0,0,29.110206,0.032631,0.07197,0.267812,4.81759,2026-01-09T20:59:59.421687Z,2026-01-09T20:59:59.260935Z,2026-01-09T14:30:00.530205Z,2026-01-09T14:30:00.138681Z,0,PRESENT_NONEMPTY,2026-01-09T21:00:00Z,2026-01-09T14:30:00Z,2026-01-09,66476,SOURCE_AVAILABLE,executed_at_and_created_at_timestamp,nanoseconds_normalized_from_arrow_unit,66476
False,NVDA,NO_TEMPORAL_ANOMALY_OBSERVED,252490,252488,252490,252490,252490,252490,0,0,11.980241,0.031886,0.071497,0.156136,0.7059293499999905,2026-01-09T21:00:00.009775Z,2026-01-09T20:59:59.918198Z,2026-01-09T14:30:00.070276Z,2026-01-09T14:30:00.002328Z,0,PRESENT_NONEMPTY,2026-01-09T21:00:00Z,2026-01-09T14:30:00Z,2026-01-09,252490,SOURCE_AVAILABLE,executed_at_and_created_at_timestamp,nanoseconds_normalized_from_arrow_unit,252490
False,QQQ,NO_TEMPORAL_ANOMALY_OBSERVED,665848,665836,665848,665848,665848,665848,0,0,64.299011,0.030259,0.070724,0.15003165000000002,0.7030682500000007,2026-01-09T21:00:00.487453Z,2026-01-09T20:59:59.983273Z,2026-01-09T14:30:00.066785Z,2026-01-09T14:30:00.002402Z,0,PRESENT_NONEMPTY,2026-01-09T21:00:00Z,2026-01-09T14:30:00Z,2026-01-09,665848,SOURCE_AVAILABLE,executed_at_and_created_at_timestamp,nanoseconds_normalized_from_arrow_unit,665848
False,SPY,NO_TEMPORAL_ANOMALY_OBSERVED,1065796,1065559,1065796,1065796,1065796,1065796,0,0,14.497562,0.030739,0.072203,0.20980025,1.451621350000005,2026-01-09T21:00:03.027310Z,2026-01-09T20:59:59.975357Z,2026-01-09T14:30:00.070116Z,2026-01-09T14:30:00.002562Z,0,PRESENT_NONEMPTY,2026-01-09T21:00:00Z,2026-01-09T14:30:00Z,2026-01-09,1065796,SOURCE_AVAILABLE,executed_at_and_created_at_timestamp,nanoseconds_normalized_from_arrow_unit,1065796
False,TSLA,NO_TEMPORAL_ANOMALY_OBSERVED,596065,596065,596065,596065,596065,596065,0,0,20.071651,0.030426,0.06926,0.11812679999999992,0.20627771999999997,2026-01-09T20:59:59.938897Z,2026-01-09T20:59:59.882687Z,2026-01-09T14:30:00.067998Z,2026-01-09T14:30:00.002698Z,0,PRESENT_NONEMPTY,2026-01-09T21:00:00Z,2026-01-09T14:30:00Z,2026-01-09,596065,SOURCE_AVAILABLE,executed_at_and_created_at_timestamp,nanoseconds_normalized_from_arrow_unit,596065
False,AAPL,NO_TEMPORAL_ANOMALY_OBSERVED,120467,120467,120467,120467,120467,120467,0,0,14.312724,0.032259,0.072204,0.1410824,6.996023979999998,2026-01-12T20:59:59.945779Z,2026-01-12T20:59:59.835397Z,2026-01-12T14:30:00.072550Z,2026-01-12T14:30:00.010938Z,0,PRESENT_NONEMPTY,2026-01-12T21:00:00Z,2026-01-12T14:30:00Z,2026-01-12,120467,SOURCE_AVAILABLE,executed_at_and_created_at_timestamp,nanoseconds_normalized_from_arrow_unit,120467
False,AMZN,NO_TEMPORAL_ANOMALY_OBSERVED,81787,81787,81787,81787,81787,81787,0,0,20.313634,0.032403,0.070984,0.1610896999999999,4.210910919999996,2026-01-12T20:59:59.920271Z,2026-01-12T20:59:59.794825Z,2026-01-12T14:30:00.072550Z,2026-01-12T14:30:00.003288Z,0,PRESENT_NONEMPTY,2026-01-12T21:00:00Z,2026-01-12T14:30:00Z,2026-01-12,81787,SOURCE_AVAILABLE,executed_at_and_created_at_timestamp,nanoseconds_normalized_from_arrow_unit,81787
False,META,NO_TEMPORAL_ANOMALY_OBSERVED,79461,79454,79461,79461,79461,79461,0,0,26.625844,0.031941,0.072205,0.199629,3.5193535999999943,2026-01-12T21:00:00.608072Z,2026-01-12T20:59:59.919879Z,2026-01-12T14:30:00.069500Z,2026-01-12T14:30:00.003221Z,0,PRESENT_NONEMPTY,2026-01-12T21:00:00Z,2026-01-12T14:30:00Z,2026-01-12,79461,SOURCE_AVAILABLE,executed_at_and_created_at_timestamp,nanoseconds_normalized_from_arrow_unit,79461
False,MSFT,NO_TEMPORAL_ANOMALY_OBSERVED,45350,45349,45350,45350,45350,45350,0,0,26.654523,0.031807,0.070337,0.2062935999999989,3.36126804,2026-01-12T21:00:00.608072Z,2026-01-12T20:59:59.902717Z,2026-01-12T14:30:00.069500Z,2026-01-12T14:30:00.003141Z,0,PRESENT_NONEMPTY,2026-01-12T21:00:00Z,2026-01-12T14:30:00Z,2026-01-12,45350,SOURCE_AVAILABLE,executed_at_and_created_at_timestamp,nanoseconds_normalized_from_arrow_unit,45350
False,NVDA,NO_TEMPORAL_ANOMALY_OBSERVED,208210,208201,208210,208210,208210,208210,0,0,4.984784,0.032442,0.0713725,0.15458964999999972,1.73505265,2026-01-12T21:00:00.108950Z,2026-01-12T20:59:59.881169Z,2026-01-12T14:30:00.103697Z,2026-01-12T14:30:00.004075Z,0,PRESENT_NONEMPTY,2026-01-12T21:00:00Z,2026-01-12T14:30:00Z,2026-01-12,208210,SOURCE_AVAILABLE,executed_at_and_created_at_timestamp,nanoseconds_normalized_from_arrow_unit,208210
False,QQQ,NO_TEMPORAL_ANOMALY_OBSERVED,557536,557531,557536,557536,557536,557536,0,0,5.652305,0.031279,0.070174,0.13787775,0.84328,2026-01-12T21:00:00.198415Z,2026-01-12T20:59:59.828661Z,2026-01-12T14:30:00.075385Z,2026-01-12T14:30:00.002817Z,0,PRESENT_NONEMPTY,2026-01-12T21:00:00Z,2026-01-12T14:30:00Z,2026-01-12,557536,SOURCE_AVAILABLE,executed_at_and_created_at_timestamp,nanoseconds_normalized_from_arrow_unit,557536
False,SPY,NO_TEMPORAL_ANOMALY_OBSERVED,897086,897028,897086,897086,897086,897086,0,0,6.787294,0.029985,0.069189,0.175096,3.9125918,2026-01-12T21:00:01.211687Z,2026-01-12T20:59:59.985118Z,2026-01-12T14:30:00.077031Z,2026-01-12T14:30:00.003257Z,0,PRESENT_NONEMPTY,2026-01-12T21:00:00Z,2026-01-12T14:30:00Z,2026-01-12,897086,SOURCE_AVAILABLE,executed_at_and_created_at_timestamp,nanoseconds_normalized_from_arrow_unit,897086
False,TSLA,NO_TEMPORAL_ANOMALY_OBSERVED,352114,352113,352114,352114,352114,352114,0,0,4.169171,0.031159,0.069608,0.120774,0.19141257999999983,2026-01-12T21:00:00.028353Z,2026-01-12T20:59:59.949205Z,2026-01-12T14:30:00.073288Z,2026-01-12T14:30:00.002740Z,0,PRESENT_NONEMPTY,2026-01-12T21:00:00Z,2026-01-12T14:30:00Z,2026-01-12,352114,SOURCE_AVAILABLE,executed_at_and_created_at_timestamp,nanoseconds_normalized_from_arrow_unit,352114
False,AAPL,NO_TEMPORAL_ANOMALY_OBSERVED,97623,97608,97623,97623,97623,97623,0,0,5.747266,0.032507,0.073543,0.177751,2.496055219999998,2026-01-13T21:00:00.031194Z,2026-01-13T20:59:59.959394Z,2026-01-13T14:30:00.077609Z,2026-01-13T14:30:00.008103Z,0,PRESENT_NONEMPTY,2026-01-13T21:00:00Z,2026-01-13T14:30:00Z,2026-01-13,97623,SOURCE_AVAILABLE,executed_at_and_created_at_timestamp,nanoseconds_normalized_from_arrow_unit,97623
False,AMZN,NO_TEMPORAL_ANOMALY_OBSERVED,89749,89749,89749,89749,89749,89749,0,0,21.72678,0.032226,0.074195,0.1860399999999999,2.7836030000000194,2026-01-13T20:59:59.928386Z,2026-01-13T20:59:59.824413Z,2026-01-13T14:30:00.077609Z,2026-01-13T14:30:00.004523Z,0,PRESENT_NONEMPTY,2026-01-13T21:00:00Z,2026-01-13T14:30:00Z,2026-01-13,89749,SOURCE_AVAILABLE,executed_at_and_created_at_timestamp,nanoseconds_normalized_from_arrow_unit,89749
False,META,NO_TEMPORAL_ANOMALY_OBSERVED,146385,146375,146385,146385,146385,146385,0,0,30.259427,0.032765,0.076924,0.4979953999999999,3.6664808800000084,2026-01-13T21:00:00.711128Z,2026-01-13T20:59:59.979377Z,2026-01-13T14:30:00.070718Z,2026-01-13T14:30:00.005616Z,0,PRESENT_NONEMPTY,2026-01-13T21:00:00Z,2026-01-13T14:30:00Z,2026-01-13,146385,SOURCE_AVAILABLE,executed_at_and_created_at_timestamp,nanoseconds_normalized_from_arrow_unit,146385
False,MSFT,NO_TEMPORAL_ANOMALY_OBSERVED,99490,99488,99490,99490,99490,99490,0,0,30.337222,0.032574,0.074555,0.48123669999999824,3.6381772,2026-01-13T21:00:00.309088Z,2026-01-13T20:59:59.595429Z,2026-01-13T14:30:00.227030Z,2026-01-13T14:30:00.029670Z,0,PRESENT_NONEMPTY,2026-01-13T21:00:00Z,2026-01-13T14:30:00Z,2026-01-13,99490,SOURCE_AVAILABLE,executed_at_and_created_at_timestamp,nanoseconds_normalized_from_arrow_unit,99490
False,NVDA,NO_TEMPORAL_ANOMALY_OBSERVED,218400,218384,218400,218400,218400,218400,0,0,10.517197,0.032196,0.0740585,0.281163,2.5340041300000022,2026-01-13T21:00:00.403073Z,2026-01-13T20:59:59.951967Z,2026-01-13T14:30:00.106573Z,2026-01-13T14:30:00.002475Z,0,PRESENT_NONEMPTY,2026-01-13T21:00:00Z,2026-01-13T14:30:00Z,2026-01-13,218400,SOURCE_AVAILABLE,executed_at_and_created_at_timestamp,nanoseconds_normalized_from_arrow_unit,218400
False,QQQ,NO_TEMPORAL_ANOMALY_OBSERVED,678268,678266,678268,678268,678268,678268,0,0,5.683691,0.031966,0.073694,0.197456,1.9171293599999963,2026-01-13T21:00:00.033327Z,2026-01-13T20:59:59.980441Z,2026-01-13T14:30:00.073874Z,2026-01-13T14:30:00.002514Z,0,PRESENT_NONEMPTY,2026-01-13T21:00:00Z,2026-01-13T14:30:00Z,2026-01-13,678268,SOURCE_AVAILABLE,executed_at_and_created_at_timestamp,nanoseconds_normalized_from_arrow_unit,678268
False,SPY,NO_TEMPORAL_ANOMALY_OBSERVED,1117379,1117258,1117379,1117379,1117379,1117379,0,0,25.227059,0.032662,0.073624,0.2627786999999976,2.7671733999999995,2026-01-13T21:00:02.230608Z,2026-01-13T20:59:59.970782Z,2026-01-13T14:30:00.070012Z,2026-01-13T14:30:00.002645Z,0,PRESENT_NONEMPTY,2026-01-13T21:00:00Z,2026-01-13T14:30:00Z,2026-01-13,1117379,SOURCE_AVAILABLE,executed_at_and_created_at_timestamp,nanoseconds_normalized_from_arrow_unit,1117379
False,TSLA,NO_TEMPORAL_ANOMALY_OBSERVED,295916,295914,295916,295916,295916,295916,0,0,7.295324,0.03145,0.070569,0.1192975,0.18803694999999984,2026-01-13T21:00:00.064631Z,2026-01-13T20:59:59.989518Z,2026-01-13T14:30:00.408341Z,2026-01-13T14:30:00.002604Z,0,PRESENT_NONEMPTY,2026-01-13T21:00:00Z,2026-01-13T14:30:00Z,2026-01-13,295916,SOURCE_AVAILABLE,executed_at_and_created_at_timestamp,nanoseconds_normalized_from_arrow_unit,295916
False,AAPL,NO_TEMPORAL_ANOMALY_OBSERVED,100628,100619,100628,100628,100628,100628,0,0,8.656129,0.032727,0.071628,0.16566494999999987,0.896719,2026-01-14T21:00:00.223926Z,2026-01-14T20:59:59.986340Z,2026-01-14T14:30:00.204695Z,2026-01-14T14:30:00.012400Z,0,PRESENT_NONEMPTY,2026-01-14T21:00:00Z,2026-01-14T14:30:00Z,2026-01-14,100628,SOURCE_AVAILABLE,executed_at_and_created_at_timestamp,nanoseconds_normalized_from_arrow_unit,100628
False,AMZN,NO_TEMPORAL_ANOMALY_OBSERVED,90279,90279,90279,90279,90279,90279,0,0,15.902708,0.032128,0.073821,0.26576339999999926,1.4684356600000015,2026-01-14T20:59:59.318757Z,2026-01-14T20:59:59.138354Z,2026-01-14T14:30:00.102269Z,2026-01-14T14:30:00.005660Z,0,PRESENT_NONEMPTY,2026-01-14T21:00:00Z,2026-01-14T14:30:00Z,2026-01-14,90279,SOURCE_AVAILABLE,executed_at_and_created_at_timestamp,nanoseconds_normalized_from_arrow_unit,90279
False,META,NO_TEMPORAL_ANOMALY_OBSERVED,120050,120027,120050,120050,120050,120050,0,0,30.152581,0.031838,0.073012,0.3468284499999907,3.1866823099999975,2026-01-14T21:00:01.366863Z,2026-01-14T20:59:59.968877Z,2026-01-14T14:30:00.068201Z,2026-01-14T14:30:00.016366Z,0,PRESENT_NONEMPTY,2026-01-14T21:00:00Z,2026-01-14T14:30:00Z,2026-01-14,120050,SOURCE_AVAILABLE,executed_at_and_created_at_timestamp,nanoseconds_normalized_from_arrow_unit,120050
False,MSFT,NO_TEMPORAL_ANOMALY_OBSERVED,97497,97440,97497,97497,97497,97497,0,0,30.231457,0.032063,0.073102,0.29959099999999983,2.9491403199999886,2026-01-14T21:00:01.259916Z,2026-01-14T20:59:59.921734Z,2026-01-14T14:30:00.217739Z,2026-01-14T14:30:00.004318Z,0,PRESENT_NONEMPTY,2026-01-14T21:00:00Z,2026-01-14T14:30:00Z,2026-01-14,97497,SOURCE_AVAILABLE,executed_at_and_created_at_timestamp,nanoseconds_normalized_from_arrow_unit,97497
False,NVDA,NO_TEMPORAL_ANOMALY_OBSERVED,234695,234680,234695,234695,234695,234695,0,0,4.640836,0.031827,0.075853,0.2695142999999993,1.2610872799999968,2026-01-14T21:00:00.429411Z,2026-01-14T20:59:59.986031Z,2026-01-14T14:30:00.101588Z,2026-01-14T14:30:00.002489Z,0,PRESENT_NONEMPTY,2026-01-14T21:00:00Z,2026-01-14T14:30:00Z,2026-01-14,234695,SOURCE_AVAILABLE,executed_at_and_created_at_timestamp,nanoseconds_normalized_from_arrow_unit,234695
False,QQQ,NO_TEMPORAL_ANOMALY_OBSERVED,831768,831710,831768,831768,831768,831768,0,0,6.170454,0.0317,0.073522,0.19419894999999973,1.9349500799999926,2026-01-14T21:00:01.591523Z,2026-01-14T20:59:59.908270Z,2026-01-14T14:30:00.070056Z,2026-01-14T14:30:00.002411Z,0,PRESENT_NONEMPTY,2026-01-14T21:00:00Z,2026-01-14T14:30:00Z,2026-01-14,831768,SOURCE_AVAILABLE,executed_at_and_created_at_timestamp,nanoseconds_normalized_from_arrow_unit,831768
False,SPY,NO_TEMPORAL_ANOMALY_OBSERVED,1278773,1278137,1278773,1278773,1278773,1278773,0,0,7.166399,0.030643,0.07206,0.19334099999999954,1.8253847200000026,2026-01-14T21:00:03.426986Z,2026-01-14T20:59:59.986951Z,2026-01-14T14:30:00.105020Z,2026-01-14T14:30:00.002407Z,0,PRESENT_NONEMPTY,2026-01-14T21:00:00Z,2026-01-14T14:30:00Z,2026-01-14,1278773,SOURCE_AVAILABLE,executed_at_and_created_at_timestamp,nanoseconds_normalized_from_arrow_unit,1278773
False,TSLA,NO_TEMPORAL_ANOMALY_OBSERVED,340609,340580,340609,340609,340609,340609,0,0,99.909933,0.030852,0.069416,0.117594,0.1922745999999999,2026-01-14T21:00:00.005227Z,2026-01-14T20:59:59.965142Z,2026-01-14T14:30:00.068080Z,2026-01-14T14:30:00.004370Z,0,PRESENT_NONEMPTY,2026-01-14T21:00:00Z,2026-01-14T14:30:00Z,2026-01-14,340609,SOURCE_AVAILABLE,executed_at_and_created_at_timestamp,nanoseconds_normalized_from_arrow_unit,340609
False,AAPL,NO_TEMPORAL_ANOMALY_OBSERVED,98031,97990,98031,98031,98031,98031,0,0,21.22969,0.03309,0.070636,0.1648125,3.096382899999698,2026-01-15T21:00:00.293075Z,2026-01-15T20:59:59.983377Z,2026-01-15T14:30:00.156764Z,2026-01-15T14:30:00.030387Z,0,PRESENT_NONEMPTY,2026-01-15T21:00:00Z,2026-01-15T14:30:00Z,2026-01-15,98031,SOURCE_AVAILABLE,executed_at_and_created_at_timestamp,nanoseconds_normalized_from_arrow_unit,98031
False,AMZN,NO_TEMPORAL_ANOMALY_OBSERVED,90167,90166,90167,90167,90167,90167,0,0,11.840523,0.032336,0.070434,0.14824049999999994,0.8461161199999859,2026-01-15T21:00:00.035619Z,2026-01-15T20:59:59.801400Z,2026-01-15T14:30:00.123025Z,2026-01-15T14:30:00.002828Z,0,PRESENT_NONEMPTY,2026-01-15T21:00:00Z,2026-01-15T14:30:00Z,2026-01-15,90167,SOURCE_AVAILABLE,executed_at_and_created_at_timestamp,nanoseconds_normalized_from_arrow_unit,90167
False,META,NO_TEMPORAL_ANOMALY_OBSERVED,125848,125829,125848,125848,125848,125848,0,0,50.343476,0.032744,0.0728655,0.8206724999999923,7.498680409999996,2026-01-15T21:00:01.018398Z,2026-01-15T20:59:59.896423Z,2026-01-15T14:30:00.160617Z,2026-01-15T14:30:00.002364Z,0,PRESENT_NONEMPTY,2026-01-15T21:00:00Z,2026-01-15T14:30:00Z,2026-01-15,125848,SOURCE_AVAILABLE,executed_at_and_created_at_timestamp,nanoseconds_normalized_from_arrow_unit,125848
False,MSFT,NO_TEMPORAL_ANOMALY_OBSERVED,89026,89015,89026,89026,89026,89026,0,0,50.524158,0.031409,0.07221,0.69509025,24.5818275,2026-01-15T21:00:00.850342Z,2026-01-15T20:59:59.717760Z,2026-01-15T14:30:00.126901Z,2026-01-15T14:30:00.005548Z,0,PRESENT_NONEMPTY,2026-01-15T21:00:00Z,2026-01-15T14:30:00Z,2026-01-15,89026,SOURCE_AVAILABLE,executed_at_and_created_at_timestamp,nanoseconds_normalized_from_arrow_unit,89026
False,NVDA,NO_TEMPORAL_ANOMALY_OBSERVED,346512,346508,346512,346512,346512,346512,0,0,10.593811,0.031565,0.072363,0.8949181500000005,3.038891240000003,2026-01-15T21:00:00.116719Z,2026-01-15T20:59:59.998132Z,2026-01-15T14:30:00.070558Z,2026-01-15T14:30:00.002874Z,0,PRESENT_NONEMPTY,2026-01-15T21:00:00Z,2026-01-15T14:30:00Z,2026-01-15,346512,SOURCE_AVAILABLE,executed_at_and_created_at_timestamp,nanoseconds_normalized_from_arrow_unit,346512
False,QQQ,NO_TEMPORAL_ANOMALY_OBSERVED,717059,717040,717059,717059,717059,717059,0,0,7.768649,0.031359,0.070951,0.3562564999999994,3.6187103800000036,2026-01-15T21:00:00.758676Z,2026-01-15T20:59:59.998786Z,2026-01-15T14:30:00.103837Z,2026-01-15T14:30:00.003292Z,0,PRESENT_NONEMPTY,2026-01-15T21:00:00Z,2026-01-15T14:30:00Z,2026-01-15,717059,SOURCE_AVAILABLE,executed_at_and_created_at_timestamp,nanoseconds_normalized_from_arrow_unit,717059
False,SPY,NO_TEMPORAL_ANOMALY_OBSERVED,1078026,1077388,1078026,1078026,1078026,1078026,0,0,9.928009,0.031124,0.072462,0.5150975,5.37105625,2026-01-15T21:00:05.157638Z,2026-01-15T20:59:59.982274Z,2026-01-15T14:30:00.068043Z,2026-01-15T14:30:00.002300Z,0,PRESENT_NONEMPTY,2026-01-15T21:00:00Z,2026-01-15T14:30:00Z,2026-01-15,1078026,SOURCE_AVAILABLE,executed_at_and_created_at_timestamp,nanoseconds_normalized_from_arrow_unit,1078026
False,TSLA,NO_TEMPORAL_ANOMALY_OBSERVED,315723,315720,315723,315723,315723,315723,0,0,4.999846,0.030818,0.066567,0.102168,0.14610945999999977,2026-01-15T21:00:00.029988Z,2026-01-15T20:59:59.962177Z,2026-01-15T14:30:00.066946Z,2026-01-15T14:30:00.002793Z,0,PRESENT_NONEMPTY,2026-01-15T21:00:00Z,2026-01-15T14:30:00Z,2026-01-15,315723,SOURCE_AVAILABLE,executed_at_and_created_at_timestamp,nanoseconds_normalized_from_arrow_unit,315723
False,AAPL,NO_TEMPORAL_ANOMALY_OBSERVED,137076,137076,137076,137076,137076,137076,0,0,9.097922,0.032389,0.0691535,0.13512724999999998,0.5552794999999999,2026-01-16T20:59:59.420537Z,2026-01-16T20:59:59.241462Z,2026-01-16T14:30:00.163699Z,2026-01-16T14:30:00.008413Z,0,PRESENT_NONEMPTY,2026-01-16T21:00:00Z,2026-01-16T14:30:00Z,2026-01-16,137076,SOURCE_AVAILABLE,executed_at_and_created_at_timestamp,nanoseconds_normalized_from_arrow_unit,137076
False,AMZN,NO_TEMPORAL_ANOMALY_OBSERVED,84972,84972,84972,84972,84972,84972,0,0,19.773249,0.032407,0.0702345,0.1271948,1.707529019999996,2026-01-16T20:59:59.931431Z,2026-01-16T20:59:59.861418Z,2026-01-16T14:30:00.097478Z,2026-01-16T14:30:00.004489Z,0,PRESENT_NONEMPTY,2026-01-16T21:00:00Z,2026-01-16T14:30:00Z,2026-01-16,84972,SOURCE_AVAILABLE,executed_at_and_created_at_timestamp,nanoseconds_normalized_from_arrow_unit,84972
False,META,NO_TEMPORAL_ANOMALY_OBSERVED,120059,120010,120059,120059,120059,120059,0,0,46.375958,0.031805,0.073069,0.426101,4.72003262,2026-01-16T21:00:04.017746Z,2026-01-16T20:59:59.780874Z,2026-01-16T14:30:00.132051Z,2026-01-16T14:30:00.038114Z,0,PRESENT_NONEMPTY,2026-01-16T21:00:00Z,2026-01-16T14:30:00Z,2026-01-16,120059,SOURCE_AVAILABLE,executed_at_and_created_at_timestamp,nanoseconds_normalized_from_arrow_unit,120059
False,MSFT,NO_TEMPORAL_ANOMALY_OBSERVED,87800,87784,87800,87800,87800,87800,0,0,46.385625,0.032358,0.070774,0.3464534,10.97635824,2026-01-16T21:00:03.987473Z,2026-01-16T20:59:59.980822Z,2026-01-16T14:30:00.106388Z,2026-01-16T14:30:00.021997Z,0,PRESENT_NONEMPTY,2026-01-16T21:00:00Z,2026-01-16T14:30:00Z,2026-01-16,87800,SOURCE_AVAILABLE,executed_at_and_created_at_timestamp,nanoseconds_normalized_from_arrow_unit,87800
False,NVDA,NO_TEMPORAL_ANOMALY_OBSERVED,299280,299235,299280,299280,299280,299280,0,0,4.400713,0.030883,0.071309,0.20490494999999956,1.1545316500000056,2026-01-16T21:00:02.145912Z,2026-01-16T20:59:59.996148Z,2026-01-16T14:30:00.106388Z,2026-01-16T14:30:00.005855Z,0,PRESENT_NONEMPTY,2026-01-16T21:00:00Z,2026-01-16T14:30:00Z,2026-01-16,299280,SOURCE_AVAILABLE,executed_at_and_created_at_timestamp,nanoseconds_normalized_from_arrow_unit,299280
False,QQQ,NO_TEMPORAL_ANOMALY_OBSERVED,681584,681555,681584,681584,681584,681584,0,0,6.671772,0.0301,0.065712,0.23915584999999953,2.448998490000008,2026-01-16T21:00:01.709063Z,2026-01-16T20:59:59.977430Z,2026-01-16T14:30:00.074908Z,2026-01-16T14:30:00.002345Z,0,PRESENT_NONEMPTY,2026-01-16T21:00:00Z,2026-01-16T14:30:00Z,2026-01-16,681584,SOURCE_AVAILABLE,executed_at_and_created_at_timestamp,nanoseconds_normalized_from_arrow_unit,681584
False,SPY,NO_TEMPORAL_ANOMALY_OBSERVED,1028535,1027885,1028535,1028535,1028535,1028535,0,0,9.887896,0.031243,0.070781,0.33666339999999945,4.766954160000009,2026-01-16T21:00:08.681426Z,2026-01-16T20:59:59.982566Z,2026-01-16T14:30:00.103450Z,2026-01-16T14:30:00.002331Z,0,PRESENT_NONEMPTY,2026-01-16T21:00:00Z,2026-01-16T14:30:00Z,2026-01-16,1028535,SOURCE_AVAILABLE,executed_at_and_created_at_timestamp,nanoseconds_normalized_from_arrow_unit,1028535
False,TSLA,NO_TEMPORAL_ANOMALY_OBSERVED,472860,472860,472860,472860,472860,472860,0,0,4.423847,0.030923,0.067744,0.11237905,0.15894611999999916,2026-01-16T20:59:59.923826Z,2026-01-16T20:59:59.867760Z,2026-01-16T14:30:00.068388Z,2026-01-16T14:30:00.002570Z,0,PRESENT_NONEMPTY,2026-01-16T21:00:00Z,2026-01-16T14:30:00Z,2026-01-16,472860,SOURCE_AVAILABLE,executed_at_and_created_at_timestamp,nanoseconds_normalized_from_arrow_unit,472860
False,AAPL,NO_TEMPORAL_ANOMALY_OBSERVED,160700,160652,160700,160700,160700,160700,0,0,26.058258,0.031262,0.069179,0.17065474999999983,13.67613410000007,2026-01-20T21:00:00.279999Z,2026-01-20T20:59:59.985354Z,2026-01-20T14:30:00.286419Z,2026-01-20T14:30:00.003256Z,0,PRESENT_NONEMPTY,2026-01-20T21:00:00Z,2026-01-20T14:30:00Z,2026-01-20,160700,SOURCE_AVAILABLE,executed_at_and_created_at_timestamp,nanoseconds_normalized_from_arrow_unit,160700
False,AMZN,NO_TEMPORAL_ANOMALY_OBSERVED,97845,97843,97845,97845,97845,97845,0,0,6.876129,0.031757,0.072831,0.25380379999999997,2.7276269599999985,2026-01-20T21:00:00.200896Z,2026-01-20T20:59:59.923147Z,2026-01-20T14:30:00.398671Z,2026-01-20T14:30:00.123135Z,0,PRESENT_NONEMPTY,2026-01-20T21:00:00Z,2026-01-20T14:30:00Z,2026-01-20,97845,SOURCE_AVAILABLE,executed_at_and_created_at_timestamp,nanoseconds_normalized_from_arrow_unit,97845
False,META,NO_TEMPORAL_ANOMALY_OBSERVED,90040,90010,90040,90040,90040,90040,0,0,30.952209,0.033053,0.072697,2.7441838000000014,14.783182150000028,2026-01-20T21:00:03.972118Z,2026-01-20T20:59:59.891481Z,2026-01-20T14:30:00.239196Z,2026-01-20T14:30:00.107358Z,0,PRESENT_NONEMPTY,2026-01-20T21:00:00Z,2026-01-20T14:30:00Z,2026-01-20,90040,SOURCE_AVAILABLE,executed_at_and_created_at_timestamp,nanoseconds_normalized_from_arrow_unit,90040
False,MSFT,NO_TEMPORAL_ANOMALY_OBSERVED,64194,64158,64194,64194,64194,64194,0,0,30.974538,0.032211,0.074132,3.1350556000000003,10.69067135,2026-01-20T21:00:03.812608Z,2026-01-20T20:59:59.893896Z,2026-01-20T14:30:00.071716Z,2026-01-20T14:30:00.002608Z,0,PRESENT_NONEMPTY,2026-01-20T21:00:00Z,2026-01-20T14:30:00Z,2026-01-20,64194,SOURCE_AVAILABLE,executed_at_and_created_at_timestamp,nanoseconds_normalized_from_arrow_unit,64194
False,NVDA,NO_TEMPORAL_ANOMALY_OBSERVED,289086,289052,289086,289086,289086,289086,0,0,5.021007,0.031571,0.073295,2.757857,3.5650915000000043,2026-01-20T21:00:01.563116Z,2026-01-20T20:59:59.996761Z,2026-01-20T14:30:00.096009Z,2026-01-20T14:30:00.002447Z,0,PRESENT_NONEMPTY,2026-01-20T21:00:00Z,2026-01-20T14:30:00Z,2026-01-20,289086,SOURCE_AVAILABLE,executed_at_and_created_at_timestamp,nanoseconds_normalized_from_arrow_unit,289086
False,QQQ,NO_TEMPORAL_ANOMALY_OBSERVED,792894,792881,792894,792894,792894,792894,0,0,7.608453,0.030116,0.065141,0.191848,2.700297,2026-01-20T21:00:00.433289Z,2026-01-20T20:59:59.953358Z,2026-01-20T14:30:00.071120Z,2026-01-20T14:30:00.002380Z,0,PRESENT_NONEMPTY,2026-01-20T21:00:00Z,2026-01-20T14:30:00Z,2026-01-20,792894,SOURCE_AVAILABLE,executed_at_and_created_at_timestamp,nanoseconds_normalized_from_arrow_unit,792894
False,SPY,NO_TEMPORAL_ANOMALY_OBSERVED,1338904,1338227,1338904,1338904,1338904,1338904,0,0,34.34544,0.031557,0.075439,1.7139731499999973,9.622323559999991,2026-01-20T21:00:07.592446Z,2026-01-20T20:59:59.986864Z,2026-01-20T14:30:00.099596Z,2026-01-20T14:30:00.002759Z,0,PRESENT_NONEMPTY,2026-01-20T21:00:00Z,2026-01-20T14:30:00Z,2026-01-20,1338904,SOURCE_AVAILABLE,executed_at_and_created_at_timestamp,nanoseconds_normalized_from_arrow_unit,1338904
False,TSLA,NO_TEMPORAL_ANOMALY_OBSERVED,334755,334755,334755,334755,334755,334755,0,0,1.291,0.030197,0.066254,0.110612,0.22832922000000014,2026-01-20T20:59:59.924127Z,2026-01-20T20:59:59.863672Z,2026-01-20T14:30:00.203448Z,2026-01-20T14:30:00.002497Z,0,PRESENT_NONEMPTY,2026-01-20T21:00:00Z,2026-01-20T14:30:00Z,2026-01-20,334755,SOURCE_AVAILABLE,executed_at_and_created_at_timestamp,nanoseconds_normalized_from_arrow_unit,334755
False,AAPL,NO_TEMPORAL_ANOMALY_OBSERVED,133684,133683,133684,133684,133684,133684,0,0,14.501751,0.032344,0.071205,0.18581954999999978,7.104892420000004,2026-01-21T21:00:00.008221Z,2026-01-21T20:59:59.773848Z,2026-01-21T14:30:00.092938Z,2026-01-21T14:30:00.009334Z,0,PRESENT_NONEMPTY,2026-01-21T21:00:00Z,2026-01-21T14:30:00Z,2026-01-21,133684,SOURCE_AVAILABLE,executed_at_and_created_at_timestamp,nanoseconds_normalized_from_arrow_unit,133684
False,AMZN,NO_TEMPORAL_ANOMALY_OBSERVED,98213,98209,98213,98213,98213,98213,0,0,7.456198,0.032693,0.073638,0.18838839999999976,2.4008281200000097,2026-01-21T21:00:00.044282Z,2026-01-21T20:59:59.815929Z,2026-01-21T14:30:00.161432Z,2026-01-21T14:30:00.003657Z,0,PRESENT_NONEMPTY,2026-01-21T21:00:00Z,2026-01-21T14:30:00Z,2026-01-21,98213,SOURCE_AVAILABLE,executed_at_and_created_at_timestamp,nanoseconds_normalized_from_arrow_unit,98213
False,META,NO_TEMPORAL_ANOMALY_OBSERVED,96726,96716,96726,96726,96726,96726,0,0,39.137157,0.032154,0.074203,1.0920865,8.216627749999999,2026-01-21T21:00:03.618028Z,2026-01-21T20:59:59.425445Z,2026-01-21T14:30:00.124855Z,2026-01-21T14:30:00.003300Z,0,PRESENT_NONEMPTY,2026-01-21T21:00:00Z,2026-01-21T14:30:00Z,2026-01-21,96726,SOURCE_AVAILABLE,executed_at_and_created_at_timestamp,nanoseconds_normalized_from_arrow_unit,96726
False,MSFT,NO_TEMPORAL_ANOMALY_OBSERVED,119325,119295,119325,119325,119325,119325,0,0,39.163255,0.032252,0.074586,1.7608147999999746,12.917236519999998,2026-01-21T21:00:03.510073Z,2026-01-21T20:59:59.978631Z,2026-01-21T14:30:00.349621Z,2026-01-21T14:30:00.198415Z,0,PRESENT_NONEMPTY,2026-01-21T21:00:00Z,2026-01-21T14:30:00Z,2026-01-21,119325,SOURCE_AVAILABLE,executed_at_and_created_at_timestamp,nanoseconds_normalized_from_arrow_unit,119325
False,NVDA,NO_TEMPORAL_ANOMALY_OBSERVED,283916,283911,283916,283916,283916,283916,0,0,7.634404,0.031099,0.073439,1.84603975,3.317736,2026-01-21T21:00:00.679981Z,2026-01-21T20:59:59.795514Z,2026-01-21T14:30:00.099056Z,2026-01-21T14:30:00.002621Z,0,PRESENT_NONEMPTY,2026-01-21T21:00:00Z,2026-01-21T14:30:00Z,2026-01-21,283916,SOURCE_AVAILABLE,executed_at_and_created_at_timestamp,nanoseconds_normalized_from_arrow_unit,283916
False,QQQ,NO_TEMPORAL_ANOMALY_OBSERVED,957102,957085,957102,957102,957102,957102,0,0,6.842202,0.030389,0.072964,0.39395639999999943,3.07363953,2026-01-21T21:00:02.097264Z,2026-01-21T20:59:59.905974Z,2026-01-21T14:30:00.068650Z,2026-01-21T14:30:00.002456Z,0,PRESENT_NONEMPTY,2026-01-21T21:00:00Z,2026-01-21T14:30:00Z,2026-01-21,957102,SOURCE_AVAILABLE,executed_at_and_created_at_timestamp,nanoseconds_normalized_from_arrow_unit,957102
False,SPY,NO_TEMPORAL_ANOMALY_OBSERVED,1455727,1455369,1455727,1455727,1455727,1455727,0,0,37.346393,0.031246,0.079395,3.920501,8.56327894,2026-01-21T21:00:12.438777Z,2026-01-21T20:59:59.980597Z,2026-01-21T14:30:00.068195Z,2026-01-21T14:30:00.002317Z,0,PRESENT_NONEMPTY,2026-01-21T21:00:00Z,2026-01-21T14:30:00Z,2026-01-21,1455727,SOURCE_AVAILABLE,executed_at_and_created_at_timestamp,nanoseconds_normalized_from_arrow_unit,1455727
False,TSLA,NO_TEMPORAL_ANOMALY_OBSERVED,377749,377748,377749,377749,377749,377749,0,0,3.594527,0.030476,0.066511,0.105857,0.16325,2026-01-21T21:00:00.051689Z,2026-01-21T20:59:59.997425Z,2026-01-21T14:30:00.068216Z,2026-01-21T14:30:00.002784Z,0,PRESENT_NONEMPTY,2026-01-21T21:00:00Z,2026-01-21T14:30:00Z,2026-01-21,377749,SOURCE_AVAILABLE,executed_at_and_created_at_timestamp,nanoseconds_normalized_from_arrow_unit,377749
False,AAPL,NO_TEMPORAL_ANOMALY_OBSERVED,105852,105852,105852,105852,105852,105852,0,0,13.425129,0.031763,0.0706695,0.3148180999999992,3.0430846800000038,2026-01-22T20:59:59.962361Z,2026-01-22T20:59:59.902331Z,2026-01-22T14:30:00.098664Z,2026-01-22T14:30:00.002656Z,0,PRESENT_NONEMPTY,2026-01-22T21:00:00Z,2026-01-22T14:30:00Z,2026-01-22,105852,SOURCE_AVAILABLE,executed_at_and_created_at_timestamp,nanoseconds_normalized_from_arrow_unit,105852
False,AMZN,NO_TEMPORAL_ANOMALY_OBSERVED,98341,98341,98341,98341,98341,98341,0,0,27.806732,0.03173,0.07153,0.26638,4.333611,2026-01-22T20:59:59.172806Z,2026-01-22T20:59:59.060268Z,2026-01-22T14:30:00.098664Z,2026-01-22T14:30:00.005396Z,0,PRESENT_NONEMPTY,2026-01-22T21:00:00Z,2026-01-22T14:30:00Z,2026-01-22,98341,SOURCE_AVAILABLE,executed_at_and_created_at_timestamp,nanoseconds_normalized_from_arrow_unit,98341
False,META,NO_TEMPORAL_ANOMALY_OBSERVED,198840,198815,198840,198840,198840,198840,0,0,55.777158,0.031368,0.076017,3.5148958499999994,15.493603289998,2026-01-22T21:00:01.031235Z,2026-01-22T20:59:59.648930Z,2026-01-22T14:30:00.155553Z,2026-01-22T14:30:00.011319Z,0,PRESENT_NONEMPTY,2026-01-22T21:00:00Z,2026-01-22T14:30:00Z,2026-01-22,198840,SOURCE_AVAILABLE,executed_at_and_created_at_timestamp,nanoseconds_normalized_from_arrow_unit,198840
False,MSFT,NO_TEMPORAL_ANOMALY_OBSERVED,84220,84210,84220,84220,84220,84220,0,0,55.720959,0.031311,0.071922,1.1180595000000093,30.659951149999998,2026-01-22T21:00:01.251213Z,2026-01-22T20:59:59.900230Z,2026-01-22T14:30:00.192823Z,2026-01-22T14:30:00.003291Z,0,PRESENT_NONEMPTY,2026-01-22T21:00:00Z,2026-01-22T14:30:00Z,2026-01-22,84220,SOURCE_AVAILABLE,executed_at_and_created_at_timestamp,nanoseconds_normalized_from_arrow_unit,84220
False,NVDA,NO_TEMPORAL_ANOMALY_OBSERVED,208375,208367,208375,208375,208375,208375,0,0,8.196568,0.031316,0.070779,0.2709760999999996,2.4089366600000135,2026-01-22T21:00:00.728744Z,2026-01-22T20:59:59.884553Z,2026-01-22T14:30:00.069306Z,2026-01-22T14:30:00.002387Z,0,PRESENT_NONEMPTY,2026-01-22T21:00:00Z,2026-01-22T14:30:00Z,2026-01-22,208375,SOURCE_AVAILABLE,executed_at_and_created_at_timestamp,nanoseconds_normalized_from_arrow_unit,208375
False,QQQ,NO_TEMPORAL_ANOMALY_OBSERVED,655890,655876,655890,655890,655890,655890,0,0,10.845553,0.029768,0.066181,0.28461119999999973,2.636608,2026-01-22T21:00:00.846696Z,2026-01-22T20:59:59.963200Z,2026-01-22T14:30:00.069306Z,2026-01-22T14:30:00.002360Z,0,PRESENT_NONEMPTY,2026-01-22T21:00:00Z,2026-01-22T14:30:00Z,2026-01-22,655890,SOURCE_AVAILABLE,executed_at_and_created_at_timestamp,nanoseconds_normalized_from_arrow_unit,655890
False,SPY,NO_TEMPORAL_ANOMALY_OBSERVED,1180112,1179498,1180112,1180112,1180112,1180112,0,0,11.301219,0.031354,0.074467,0.7752477499999992,5.396169779999999,2026-01-22T21:00:10.349511Z,2026-01-22T20:59:59.985704Z,2026-01-22T14:30:00.067309Z,2026-01-22T14:30:00.002650Z,0,PRESENT_NONEMPTY,2026-01-22T21:00:00Z,2026-01-22T14:30:00Z,2026-01-22,1180112,SOURCE_AVAILABLE,executed_at_and_created_at_timestamp,nanoseconds_normalized_from_arrow_unit,1180112
False,TSLA,NO_TEMPORAL_ANOMALY_OBSERVED,491292,491289,491292,491292,491292,491292,0,0,8.60329,0.030599,0.06811,0.12725,0.249302,2026-01-22T21:00:00.070434Z,2026-01-22T20:59:59.994834Z,2026-01-22T14:30:00.124078Z,2026-01-22T14:30:00.059968Z,0,PRESENT_NONEMPTY,2026-01-22T21:00:00Z,2026-01-22T14:30:00Z,2026-01-22,491292,SOURCE_AVAILABLE,executed_at_and_created_at_timestamp,nanoseconds_normalized_from_arrow_unit,491292
False,AAPL,NO_TEMPORAL_ANOMALY_OBSERVED,127953,127951,127953,127953,127953,127953,0,0,17.545525,0.031752,0.069579,0.24867819999999866,10.612248079999986,2026-01-23T21:00:00.087507Z,2026-01-23T20:59:59.997476Z,2026-01-23T14:30:00.094290Z,2026-01-23T14:30:00.004740Z,0,PRESENT_NONEMPTY,2026-01-23T21:00:00Z,2026-01-23T14:30:00Z,2026-01-23,127953,SOURCE_AVAILABLE,executed_at_and_created_at_timestamp,nanoseconds_normalized_from_arrow_unit,127953
False,AMZN,NO_TEMPORAL_ANOMALY_OBSERVED,130941,130938,130941,130941,130941,130941,0,0,20.796912,0.03094,0.070849,0.183781,4.3002296,2026-01-23T21:00:00.069028Z,2026-01-23T20:59:59.922017Z,2026-01-23T14:30:00.216070Z,2026-01-23T14:30:00.009389Z,0,PRESENT_NONEMPTY,2026-01-23T21:00:00Z,2026-01-23T14:30:00Z,2026-01-23,130941,SOURCE_AVAILABLE,executed_at_and_created_at_timestamp,nanoseconds_normalized_from_arrow_unit,130941
False,META,NO_TEMPORAL_ANOMALY_OBSERVED,203976,203967,203976,203976,203976,203976,0,0,54.881651,0.032821,0.074851,2.6184965,18.29452075,2026-01-23T21:00:01.066671Z,2026-01-23T20:59:59.748446Z,2026-01-23T14:30:00.067406Z,2026-01-23T14:30:00.027838Z,0,PRESENT_NONEMPTY,2026-01-23T21:00:00Z,2026-01-23T14:30:00Z,2026-01-23,203976,SOURCE_AVAILABLE,executed_at_and_created_at_timestamp,nanoseconds_normalized_from_arrow_unit,203976
False,MSFT,NO_TEMPORAL_ANOMALY_OBSERVED,183849,183834,183849,183849,183849,183849,0,0,54.704132,0.031993,0.07099,0.2296730000000004,3.9034247999999554,2026-01-23T21:00:01.262058Z,2026-01-23T20:59:59.955553Z,2026-01-23T14:30:00.526126Z,2026-01-23T14:30:00.275609Z,0,PRESENT_NONEMPTY,2026-01-23T21:00:00Z,2026-01-23T14:30:00Z,2026-01-23,183849,SOURCE_AVAILABLE,executed_at_and_created_at_timestamp,nanoseconds_normalized_from_arrow_unit,183849
False,NVDA,NO_TEMPORAL_ANOMALY_OBSERVED,272866,272854,272866,272866,272866,272866,0,0,6.548042,0.031669,0.072782,1.48196125,2.489668,2026-01-23T21:00:00.327950Z,2026-01-23T20:59:59.955452Z,2026-01-23T14:30:00.069509Z,2026-01-23T14:30:00.002473Z,0,PRESENT_NONEMPTY,2026-01-23T21:00:00Z,2026-01-23T14:30:00Z,2026-01-23,272866,SOURCE_AVAILABLE,executed_at_and_created_at_timestamp,nanoseconds_normalized_from_arrow_unit,272866
False,QQQ,NO_TEMPORAL_ANOMALY_OBSERVED,681810,681800,681810,681810,681810,681810,0,0,7.680505,0.030575,0.069528,0.18908954999999994,0.9831082000000007,2026-01-23T21:00:00.697889Z,2026-01-23T20:59:59.927163Z,2026-01-23T14:30:00.070085Z,2026-01-23T14:30:00.002691Z,0,PRESENT_NONEMPTY,2026-01-23T21:00:00Z,2026-01-23T14:30:00Z,2026-01-23,681810,SOURCE_AVAILABLE,executed_at_and_created_at_timestamp,nanoseconds_normalized_from_arrow_unit,681810
False,SPY,NO_TEMPORAL_ANOMALY_OBSERVED,1060548,1060042,1060548,1060548,1060548,1060548,0,0,6.915107,0.031584,0.071397,0.2952850999999987,2.1169813300000047,2026-01-23T21:00:06.461875Z,2026-01-23T20:59:59.981022Z,2026-01-23T14:30:00.069142Z,2026-01-23T14:30:00.002295Z,0,PRESENT_NONEMPTY,2026-01-23T21:00:00Z,2026-01-23T14:30:00Z,2026-01-23,1060548,SOURCE_AVAILABLE,executed_at_and_created_at_timestamp,nanoseconds_normalized_from_arrow_unit,1060548
False,TSLA,NO_TEMPORAL_ANOMALY_OBSERVED,508735,508734,508735,508735,508735,508735,0,0,0.871442,0.031415,0.06916,0.11871859999999998,0.1901236399999999,2026-01-23T21:00:00.015637Z,2026-01-23T20:59:59.941431Z,2026-01-23T14:30:00.067214Z,2026-01-23T14:30:00.002829Z,0,PRESENT_NONEMPTY,2026-01-23T21:00:00Z,2026-01-23T14:30:00Z,2026-01-23,508735,SOURCE_AVAILABLE,executed_at_and_created_at_timestamp,nanoseconds_normalized_from_arrow_unit,508735
False,AAPL,NO_TEMPORAL_ANOMALY_OBSERVED,153453,153447,153453,153453,153453,153453,0,0,28.81266,0.033142,0.072534,0.3298341999999997,9.003944,2026-01-26T21:00:00.174942Z,2026-01-26T20:59:59.992322Z,2026-01-26T14:30:00.098484Z,2026-01-26T14:30:00.004963Z,0,PRESENT_NONEMPTY,2026-01-26T21:00:00Z,2026-01-26T14:30:00Z,2026-01-26,153453,SOURCE_AVAILABLE,executed_at_and_created_at_timestamp,nanoseconds_normalized_from_arrow_unit,153453
False,AMZN,NO_TEMPORAL_ANOMALY_OBSERVED,72020,72018,72020,72020,72020,72020,0,0,15.400427,0.031986,0.0721635,1.151494150000005,4.513513299999986,2026-01-26T21:00:00.070433Z,2026-01-26T20:59:59.895534Z,2026-01-26T14:30:00.098484Z,2026-01-26T14:30:00.005711Z,0,PRESENT_NONEMPTY,2026-01-26T21:00:00Z,2026-01-26T14:30:00Z,2026-01-26,72020,SOURCE_AVAILABLE,executed_at_and_created_at_timestamp,nanoseconds_normalized_from_arrow_unit,72020
False,META,NO_TEMPORAL_ANOMALY_OBSERVED,101208,101205,101208,101208,101208,101208,0,0,51.906711,0.031059,0.069767,0.434851,23.40992886999986,2026-01-26T21:00:00.812426Z,2026-01-26T20:59:59.951391Z,2026-01-26T14:30:00.159625Z,2026-01-26T14:30:00.008639Z,0,PRESENT_NONEMPTY,2026-01-26T21:00:00Z,2026-01-26T14:30:00Z,2026-01-26,101208,SOURCE_AVAILABLE,executed_at_and_created_at_timestamp,nanoseconds_normalized_from_arrow_unit,101208
False,MSFT,NO_TEMPORAL_ANOMALY_OBSERVED,81532,81526,81532,81532,81532,81532,0,0,52.362436,0.032117,0.069713,0.7975794499999903,24.74523249000006,2026-01-26T21:00:00.788388Z,2026-01-26T20:59:59.994776Z,2026-01-26T14:30:00.210791Z,2026-01-26T14:30:00.032116Z,0,PRESENT_NONEMPTY,2026-01-26T21:00:00Z,2026-01-26T14:30:00Z,2026-01-26,81532,SOURCE_AVAILABLE,executed_at_and_created_at_timestamp,nanoseconds_normalized_from_arrow_unit,81532
False,NVDA,NO_TEMPORAL_ANOMALY_OBSERVED,189048,189048,189048,189048,189048,189048,0,0,19.271943,0.032066,0.069994,0.26618869999999967,3.826392,2026-01-26T20:59:59.849019Z,2026-01-26T20:59:59.791857Z,2026-01-26T14:30:00.093964Z,2026-01-26T14:30:00.004361Z,0,PRESENT_NONEMPTY,2026-01-26T21:00:00Z,2026-01-26T14:30:00Z,2026-01-26,189048,SOURCE_AVAILABLE,executed_at_and_created_at_timestamp,nanoseconds_normalized_from_arrow_unit,189048
False,QQQ,NO_TEMPORAL_ANOMALY_OBSERVED,606506,606492,606506,606506,606506,606506,0,0,5.862384,0.030373,0.063294,0.13181,0.8915157999999886,2026-01-26T21:00:01.062214Z,2026-01-26T20:59:59.844648Z,2026-01-26T14:30:00.094537Z,2026-01-26T14:30:00.004477Z,0,PRESENT_NONEMPTY,2026-01-26T21:00:00Z,2026-01-26T14:30:00Z,2026-01-26,606506,SOURCE_AVAILABLE,executed_at_and_created_at_timestamp,nanoseconds_normalized_from_arrow_unit,606506
False,SPY,NO_TEMPORAL_ANOMALY_OBSERVED,978337,977841,978337,978337,978337,978337,0,0,6.856813,0.030861,0.068846,0.21821519999999994,1.9834516400000028,2026-01-26T21:00:02.910920Z,2026-01-26T20:59:59.973702Z,2026-01-26T14:30:00.124897Z,2026-01-26T14:30:00.004276Z,0,PRESENT_NONEMPTY,2026-01-26T21:00:00Z,2026-01-26T14:30:00Z,2026-01-26,978337,SOURCE_AVAILABLE,executed_at_and_created_at_timestamp,nanoseconds_normalized_from_arrow_unit,978337
False,TSLA,NO_TEMPORAL_ANOMALY_OBSERVED,244406,244403,244406,244406,244406,244406,0,0,5.772828,0.031746,0.068202,0.15385949999999998,0.44437345000000134,2026-01-26T21:00:00.072694Z,2026-01-26T20:59:59.999630Z,2026-01-26T14:30:00.069253Z,2026-01-26T14:30:00.005733Z,0,PRESENT_NONEMPTY,2026-01-26T21:00:00Z,2026-01-26T14:30:00Z,2026-01-26,244406,SOURCE_AVAILABLE,executed_at_and_created_at_timestamp,nanoseconds_normalized_from_arrow_unit,244406
False,AAPL,NO_TEMPORAL_ANOMALY_OBSERVED,144618,144618,144618,144618,144618,144618,0,0,11.08582,0.033783,0.072585,0.20408119999999996,8.653739979999902,2026-01-27T20:59:59.937608Z,2026-01-27T20:59:59.863410Z,2026-01-27T14:30:00.098451Z,2026-01-27T14:30:00.006081Z,0,PRESENT_NONEMPTY,2026-01-27T21:00:00Z,2026-01-27T14:30:00Z,2026-01-27,144618,SOURCE_AVAILABLE,executed_at_and_created_at_timestamp,nanoseconds_normalized_from_arrow_unit,144618
False,AMZN,NO_TEMPORAL_ANOMALY_OBSERVED,121228,121228,121228,121228,121228,121228,0,0,22.249975,0.032181,0.070285,0.123005,0.24891737999999997,2026-01-27T20:59:59.937608Z,2026-01-27T20:59:59.850416Z,2026-01-27T14:30:00.098451Z,2026-01-27T14:30:00.004754Z,0,PRESENT_NONEMPTY,2026-01-27T21:00:00Z,2026-01-27T14:30:00Z,2026-01-27,121228,SOURCE_AVAILABLE,executed_at_and_created_at_timestamp,nanoseconds_normalized_from_arrow_unit,121228
False,META,NO_TEMPORAL_ANOMALY_OBSERVED,83034,83034,83034,83034,83034,83034,0,0,41.510623,0.03128,0.0684645,0.22807324999999812,6.2827987,2026-01-27T20:59:59.998437Z,2026-01-27T20:59:59.859488Z,2026-01-27T14:30:00.117055Z,2026-01-27T14:30:00.003897Z,0,PRESENT_NONEMPTY,2026-01-27T21:00:00Z,2026-01-27T14:30:00Z,2026-01-27,83034,SOURCE_AVAILABLE,executed_at_and_created_at_timestamp,nanoseconds_normalized_from_arrow_unit,83034
False,MSFT,NO_TEMPORAL_ANOMALY_OBSERVED,92899,92899,92899,92899,92899,92899,0,0,43.420539,0.030925,0.068183,0.2684522999999984,23.723021680000116,2026-01-27T20:59:59.734666Z,2026-01-27T20:59:59.646407Z,2026-01-27T14:30:00.156338Z,2026-01-27T14:30:00.055411Z,0,PRESENT_NONEMPTY,2026-01-27T21:00:00Z,2026-01-27T14:30:00Z,2026-01-27,92899,SOURCE_AVAILABLE,executed_at_and_created_at_timestamp,nanoseconds_normalized_from_arrow_unit,92899
False,NVDA,NO_TEMPORAL_ANOMALY_OBSERVED,205685,205685,205685,205685,205685,205685,0,0,4.146264,0.032167,0.069058,0.13209519999999994,2.169924000000005,2026-01-27T20:59:59.953218Z,2026-01-27T20:59:59.903858Z,2026-01-27T14:30:00.095322Z,2026-01-27T14:30:00.002579Z,0,PRESENT_NONEMPTY,2026-01-27T21:00:00Z,2026-01-27T14:30:00Z,2026-01-27,205685,SOURCE_AVAILABLE,executed_at_and_created_at_timestamp,nanoseconds_normalized_from_arrow_unit,205685
False,QQQ,NO_TEMPORAL_ANOMALY_OBSERVED,639425,639410,639425,639425,639425,639425,0,0,4.639312,0.030349,0.067328,0.14576259999999916,2.2577470000000126,2026-01-27T21:00:00.649814Z,2026-01-27T20:59:59.981108Z,2026-01-27T14:30:00.069998Z,2026-01-27T14:30:00.002840Z,0,PRESENT_NONEMPTY,2026-01-27T21:00:00Z,2026-01-27T14:30:00Z,2026-01-27,639425,SOURCE_AVAILABLE,executed_at_and_created_at_timestamp,nanoseconds_normalized_from_arrow_unit,639425
False,SPY,NO_TEMPORAL_ANOMALY_OBSERVED,946864,946556,946864,946864,946864,946864,0,0,7.23372,0.030823,0.067671,0.165004,1.5333743199999998,2026-01-27T21:00:05.008031Z,2026-01-27T20:59:59.979625Z,2026-01-27T14:30:00.104875Z,2026-01-27T14:30:00.002657Z,0,PRESENT_NONEMPTY,2026-01-27T21:00:00Z,2026-01-27T14:30:00Z,2026-01-27,946864,SOURCE_AVAILABLE,executed_at_and_created_at_timestamp,nanoseconds_normalized_from_arrow_unit,946864
False,TSLA,NO_TEMPORAL_ANOMALY_OBSERVED,191842,191841,191842,191842,191842,191842,0,0,0.591189,0.03142,0.066277,0.10575479999999993,0.17628835999999998,2026-01-27T21:00:00.013566Z,2026-01-27T20:59:59.941254Z,2026-01-27T14:30:00.069292Z,2026-01-27T14:30:00.003650Z,0,PRESENT_NONEMPTY,2026-01-27T21:00:00Z,2026-01-27T14:30:00Z,2026-01-27,191842,SOURCE_AVAILABLE,executed_at_and_created_at_timestamp,nanoseconds_normalized_from_arrow_unit,191842
False,AAPL,NO_TEMPORAL_ANOMALY_OBSERVED,90182,90179,90182,90182,90182,90182,0,0,21.747797,0.032898,0.0701,0.16140794999999972,12.32172557,2026-01-28T21:00:00.067016Z,2026-01-28T20:59:59.983067Z,2026-01-28T14:30:00.101352Z,2026-01-28T14:30:00.003077Z,0,PRESENT_NONEMPTY,2026-01-28T21:00:00Z,2026-01-28T14:30:00Z,2026-01-28,90182,SOURCE_AVAILABLE,executed_at_and_created_at_timestamp,nanoseconds_normalized_from_arrow_unit,90182
False,AMZN,NO_TEMPORAL_ANOMALY_OBSERVED,109434,109434,109434,109434,109434,109434,0,0,8.07261,0.032423,0.0714075,0.16820509999999994,2.486373029999989,2026-01-28T20:59:59.878059Z,2026-01-28T20:59:59.817365Z,2026-01-28T14:30:00.162396Z,2026-01-28T14:30:00.002565Z,0,PRESENT_NONEMPTY,2026-01-28T21:00:00Z,2026-01-28T14:30:00Z,2026-01-28,109434,SOURCE_AVAILABLE,executed_at_and_created_at_timestamp,nanoseconds_normalized_from_arrow_unit,109434
False,META,NO_TEMPORAL_ANOMALY_OBSERVED,137870,137594,137870,137870,137870,137870,0,0,27.502532,0.0311,0.068652,0.3819824499999979,3.516794,2026-01-28T21:00:02.867409Z,2026-01-28T20:59:59.985406Z,2026-01-28T14:30:00.243838Z,2026-01-28T14:30:00.183630Z,0,PRESENT_NONEMPTY,2026-01-28T21:00:00Z,2026-01-28T14:30:00Z,2026-01-28,137870,SOURCE_AVAILABLE,executed_at_and_created_at_timestamp,nanoseconds_normalized_from_arrow_unit,137870
False,MSFT,NO_TEMPORAL_ANOMALY_OBSERVED,122774,122701,122774,122774,122774,122774,0,0,27.827973,0.030759,0.068258,0.23528929999999898,4.010447640000003,2026-01-28T21:00:02.790120Z,2026-01-28T20:59:59.985424Z,2026-01-28T14:30:00.217252Z,2026-01-28T14:30:00.091516Z,0,PRESENT_NONEMPTY,2026-01-28T21:00:00Z,2026-01-28T14:30:00Z,2026-01-28,122774,SOURCE_AVAILABLE,executed_at_and_created_at_timestamp,nanoseconds_normalized_from_arrow_unit,122774
False,NVDA,NO_TEMPORAL_ANOMALY_OBSERVED,236047,236045,236047,236047,236047,236047,0,0,5.22435,0.031646,0.071474,0.21545259999999933,2.232084820000001,2026-01-28T21:00:00.048790Z,2026-01-28T20:59:59.958975Z,2026-01-28T14:30:00.094870Z,2026-01-28T14:30:00.004799Z,0,PRESENT_NONEMPTY,2026-01-28T21:00:00Z,2026-01-28T14:30:00Z,2026-01-28,236047,SOURCE_AVAILABLE,executed_at_and_created_at_timestamp,nanoseconds_normalized_from_arrow_unit,236047
False,QQQ,NO_TEMPORAL_ANOMALY_OBSERVED,543470,543447,543470,543470,543470,543470,0,0,5.190441,0.030456,0.065284,0.210369,2.650822119999997,2026-01-28T21:00:00.824425Z,2026-01-28T20:59:59.961662Z,2026-01-28T14:30:00.070425Z,2026-01-28T14:30:00.002723Z,0,PRESENT_NONEMPTY,2026-01-28T21:00:00Z,2026-01-28T14:30:00Z,2026-01-28,543470,SOURCE_AVAILABLE,executed_at_and_created_at_timestamp,nanoseconds_normalized_from_arrow_unit,543470
False,SPY,NO_TEMPORAL_ANOMALY_OBSERVED,906274,905790,906274,906274,906274,906274,0,0,15.661873,0.030724,0.070625,1.056536599999994,4.5112334600000015,2026-01-28T21:00:04.384625Z,2026-01-28T20:59:59.959178Z,2026-01-28T14:30:00.071735Z,2026-01-28T14:30:00.002349Z,0,PRESENT_NONEMPTY,2026-01-28T21:00:00Z,2026-01-28T14:30:00Z,2026-01-28,906274,SOURCE_AVAILABLE,executed_at_and_created_at_timestamp,nanoseconds_normalized_from_arrow_unit,906274
False,TSLA,NO_TEMPORAL_ANOMALY_OBSERVED,284610,284578,284610,284610,284610,284610,0,0,0.833923,0.030287,0.066686,0.10504574999999994,0.15774372999999992,2026-01-28T21:00:00.078650Z,2026-01-28T20:59:59.991280Z,2026-01-28T14:30:00.072417Z,2026-01-28T14:30:00.002830Z,0,PRESENT_NONEMPTY,2026-01-28T21:00:00Z,2026-01-28T14:30:00Z,2026-01-28,284610,SOURCE_AVAILABLE,executed_at_and_created_at_timestamp,nanoseconds_normalized_from_arrow_unit,284610
False,AAPL,NO_TEMPORAL_ANOMALY_OBSERVED,176692,176674,176692,176692,176692,176692,0,0,36.111625,0.032599,0.0704,0.22676914999999986,21.960665049999978,2026-01-29T21:00:00.194716Z,2026-01-29T20:59:59.997757Z,2026-01-29T14:30:00.127284Z,2026-01-29T14:30:00.004174Z,0,PRESENT_NONEMPTY,2026-01-29T21:00:00Z,2026-01-29T14:30:00Z,2026-01-29,176692,SOURCE_AVAILABLE,executed_at_and_created_at_timestamp,nanoseconds_normalized_from_arrow_unit,176692
False,AMZN,NO_TEMPORAL_ANOMALY_OBSERVED,95367,95365,95367,95367,95367,95367,0,0,15.99918,0.031394,0.071067,0.22963599999999998,2.7809462199999935,2026-01-29T21:00:00.112101Z,2026-01-29T20:59:59.929440Z,2026-01-29T14:30:00.092684Z,2026-01-29T14:30:00.006301Z,0,PRESENT_NONEMPTY,2026-01-29T21:00:00Z,2026-01-29T14:30:00Z,2026-01-29,95367,SOURCE_AVAILABLE,executed_at_and_created_at_timestamp,nanoseconds_normalized_from_arrow_unit,95367
False,META,RECORD_CREATION_DELAY_OBSERVED_PROVIDER_CAUSE_UNRESOLVED,356964,356799,356964,356964,356964,356964,24900,0,468.803298,0.032073,0.101549,338.22919399999995,423.78573403999997,2026-01-29T21:00:08.515522Z,2026-01-29T20:59:59.993639Z,2026-01-29T14:30:00.219987Z,2026-01-29T14:30:00.039204Z,0,PRESENT_NONEMPTY,2026-01-29T21:00:00Z,2026-01-29T14:30:00Z,2026-01-29,356964,RECORD_CREATION_DELAY_OBSERVED,executed_at_and_created_at_timestamp,nanoseconds_normalized_from_arrow_unit,356964
False,MSFT,RECORD_CREATION_DELAY_OBSERVED_PROVIDER_CAUSE_UNRESOLVED,396517,396131,396517,396517,396517,396517,29056,0,468.830628,0.031957,0.081965,346.56813359999995,440.20606903999976,2026-01-29T21:00:08.515522Z,2026-01-29T20:59:59.996521Z,2026-01-29T14:30:00.093861Z,2026-01-29T14:30:00.002821Z,0,PRESENT_NONEMPTY,2026-01-29T21:00:00Z,2026-01-29T14:30:00Z,2026-01-29,396517,RECORD_CREATION_DELAY_OBSERVED,executed_at_and_created_at_timestamp,nanoseconds_normalized_from_arrow_unit,396517
False,NVDA,NO_TEMPORAL_ANOMALY_OBSERVED,277097,276403,277097,277097,277097,277097,0,0,238.454963,0.032211,0.076884,2.009844200000002,23.36233303999873,2026-01-29T21:03:56.276295Z,2026-01-29T20:59:59.976464Z,2026-01-29T14:30:00.093861Z,2026-01-29T14:30:00.003749Z,0,PRESENT_NONEMPTY,2026-01-29T21:00:00Z,2026-01-29T14:30:00Z,2026-01-29,277097,SOURCE_AVAILABLE,executed_at_and_created_at_timestamp,nanoseconds_normalized_from_arrow_unit,277097
False,QQQ,NO_TEMPORAL_ANOMALY_OBSERVED,844528,844368,844528,844528,844528,844528,0,0,219.08106,0.030594,0.074751,0.5303545499999993,2.3762177899999997,2026-01-29T21:03:38.492611Z,2026-01-29T20:59:59.950456Z,2026-01-29T14:30:00.070652Z,2026-01-29T14:30:00.002299Z,0,PRESENT_NONEMPTY,2026-01-29T21:00:00Z,2026-01-29T14:30:00Z,2026-01-29,844528,SOURCE_AVAILABLE,executed_at_and_created_at_timestamp,nanoseconds_normalized_from_arrow_unit,844528
False,SPY,NO_TEMPORAL_ANOMALY_OBSERVED,1280408,1279668,1280408,1280408,1280408,1280408,0,0,11.233612,0.031333,0.074252,0.40103624999999954,4.17869551,2026-01-29T21:00:10.520511Z,2026-01-29T20:59:59.996499Z,2026-01-29T14:30:00.068203Z,2026-01-29T14:30:00.002330Z,0,PRESENT_NONEMPTY,2026-01-29T21:00:00Z,2026-01-29T14:30:00Z,2026-01-29,1280408,SOURCE_AVAILABLE,executed_at_and_created_at_timestamp,nanoseconds_normalized_from_arrow_unit,1280408
False,TSLA,NO_TEMPORAL_ANOMALY_OBSERVED,513294,513293,513294,513294,513294,513294,0,0,6.508761,0.030496,0.0705305,0.26643614999999976,2.662750270000008,2026-01-29T21:00:00.079635Z,2026-01-29T20:59:59.998314Z,2026-01-29T14:30:00.069632Z,2026-01-29T14:30:00.004509Z,0,PRESENT_NONEMPTY,2026-01-29T21:00:00Z,2026-01-29T14:30:00Z,2026-01-29,513294,SOURCE_AVAILABLE,executed_at_and_created_at_timestamp,nanoseconds_normalized_from_arrow_unit,513294
False,AAPL,NO_TEMPORAL_ANOMALY_OBSERVED,279303,279220,279303,279303,279303,279303,0,0,20.316933,0.032414,0.074943,0.3153999999999996,14.87001162,2026-01-30T21:00:00.618608Z,2026-01-30T20:59:59.978326Z,2026-01-30T14:30:00.124416Z,2026-01-30T14:30:00.008319Z,0,PRESENT_NONEMPTY,2026-01-30T21:00:00Z,2026-01-30T14:30:00Z,2026-01-30,279303,SOURCE_AVAILABLE,executed_at_and_created_at_timestamp,nanoseconds_normalized_from_arrow_unit,279303
False,AMZN,NO_TEMPORAL_ANOMALY_OBSERVED,104751,104748,104751,104751,104751,104751,0,0,16.639891,0.032195,0.072724,0.26042750000000003,1.500583,2026-01-30T21:00:00.522425Z,2026-01-30T20:59:59.893857Z,2026-01-30T14:30:00.094611Z,2026-01-30T14:30:00.003330Z,0,PRESENT_NONEMPTY,2026-01-30T21:00:00Z,2026-01-30T14:30:00Z,2026-01-30,104751,SOURCE_AVAILABLE,executed_at_and_created_at_timestamp,nanoseconds_normalized_from_arrow_unit,104751
False,META,NO_TEMPORAL_ANOMALY_OBSERVED,162274,162222,162274,162274,162274,162274,0,0,68.87212,0.032548,0.07819,3.36902175,43.76670504,2026-01-30T21:00:08.734614Z,2026-01-30T20:59:59.942524Z,2026-01-30T14:30:00.427723Z,2026-01-30T14:30:00.262935Z,0,PRESENT_NONEMPTY,2026-01-30T21:00:00Z,2026-01-30T14:30:00Z,2026-01-30,162274,SOURCE_AVAILABLE,executed_at_and_created_at_timestamp,nanoseconds_normalized_from_arrow_unit,162274
False,MSFT,NO_TEMPORAL_ANOMALY_OBSERVED,216161,216054,216161,216161,216161,216161,0,0,69.632887,0.032968,0.080075,12.056025,56.536961399999925,2026-01-30T21:00:08.876716Z,2026-01-30T20:59:59.998829Z,2026-01-30T14:30:00.268356Z,2026-01-30T14:30:00.120620Z,0,PRESENT_NONEMPTY,2026-01-30T21:00:00Z,2026-01-30T14:30:00Z,2026-01-30,216161,SOURCE_AVAILABLE,executed_at_and_created_at_timestamp,nanoseconds_normalized_from_arrow_unit,216161
False,NVDA,NO_TEMPORAL_ANOMALY_OBSERVED,315830,315714,315830,315830,315830,315830,0,0,56.568044,0.031989,0.076634,1.947524,4.000073680000002,2026-01-30T21:00:05.214246Z,2026-01-30T20:59:59.963898Z,2026-01-30T14:30:00.098871Z,2026-01-30T14:30:00.002265Z,0,PRESENT_NONEMPTY,2026-01-30T21:00:00Z,2026-01-30T14:30:00Z,2026-01-30,315830,SOURCE_AVAILABLE,executed_at_and_created_at_timestamp,nanoseconds_normalized_from_arrow_unit,315830
False,QQQ,NO_TEMPORAL_ANOMALY_OBSERVED,791934,791876,791934,791934,791934,791934,0,0,12.834408,0.031041,0.071972,0.5693524999999997,2.614942,2026-01-30T21:00:03.768025Z,2026-01-30T20:59:59.980165Z,2026-01-30T14:30:00.072828Z,2026-01-30T14:30:00.002228Z,0,PRESENT_NONEMPTY,2026-01-30T21:00:00Z,2026-01-30T14:30:00Z,2026-01-30,791934,SOURCE_AVAILABLE,executed_at_and_created_at_timestamp,nanoseconds_normalized_from_arrow_unit,791934
False,SPY,NO_TEMPORAL_ANOMALY_OBSERVED,1208661,1207466,1208661,1208661,1208661,1208661,0,0,30.050019,0.031195,0.075684,0.596125,4.453499,2026-01-30T21:00:29.854097Z,2026-01-30T20:59:59.998461Z,2026-01-30T14:30:00.098478Z,2026-01-30T14:30:00.002229Z,0,PRESENT_NONEMPTY,2026-01-30T21:00:00Z,2026-01-30T14:30:00Z,2026-01-30,1208661,SOURCE_AVAILABLE,executed_at_and_created_at_timestamp,nanoseconds_normalized_from_arrow_unit,1208661
False,TSLA,NO_TEMPORAL_ANOMALY_OBSERVED,680498,680490,680498,680498,680498,680498,0,0,1.740582,0.030597,0.069634,0.13915945000000007,0.21718621000000018,2026-01-30T21:00:00.051986Z,2026-01-30T20:59:59.984424Z,2026-01-30T14:30:00.069020Z,2026-01-30T14:30:00.002276Z,0,PRESENT_NONEMPTY,2026-01-30T21:00:00Z,2026-01-30T14:30:00Z,2026-01-30,680498,SOURCE_AVAILABLE,executed_at_and_created_at_timestamp,nanoseconds_normalized_from_arrow_unit,680498
False,AAPL,NO_TEMPORAL_ANOMALY_OBSERVED,254088,254088,254088,254088,254088,254088,0,0,19.754029,0.031325,0.071194,0.13927319999999996,1.8047932900000025,2026-02-02T20:59:59.990722Z,2026-02-02T20:59:59.934436Z,2026-02-02T14:30:00.207519Z,2026-02-02T14:30:00.039692Z,0,PRESENT_NONEMPTY,2026-02-02T21:00:00Z,2026-02-02T14:30:00Z,2026-02-02,254088,SOURCE_AVAILABLE,executed_at_and_created_at_timestamp,nanoseconds_normalized_from_arrow_unit,254088
False,AMZN,NO_TEMPORAL_ANOMALY_OBSERVED,107253,107253,107253,107253,107253,107253,0,0,7.246871,0.032001,0.069679,0.138319,2.388755999999992,2026-02-02T20:59:59.399355Z,2026-02-02T20:59:59.286047Z,2026-02-02T14:30:00.106206Z,2026-02-02T14:30:00.002500Z,0,PRESENT_NONEMPTY,2026-02-02T21:00:00Z,2026-02-02T14:30:00Z,2026-02-02,107253,SOURCE_AVAILABLE,executed_at_and_created_at_timestamp,nanoseconds_normalized_from_arrow_unit,107253
False,META,NO_TEMPORAL_ANOMALY_OBSERVED,127147,127133,127147,127147,127147,127147,0,0,131.9107,0.031503,0.07472,65.23845099999991,110.22700382,2026-02-02T21:00:04.242142Z,2026-02-02T20:59:59.760291Z,2026-02-02T14:30:00.147048Z,2026-02-02T14:30:00.091522Z,0,PRESENT_NONEMPTY,2026-02-02T21:00:00Z,2026-02-02T14:30:00Z,2026-02-02,127147,SOURCE_AVAILABLE,executed_at_and_created_at_timestamp,nanoseconds_normalized_from_arrow_unit,127147
False,MSFT,NO_TEMPORAL_ANOMALY_OBSERVED,146946,146910,146946,146946,146946,146946,0,0,132.042671,0.032561,0.071911,64.15500975,111.3644743,2026-02-02T21:00:04.261747Z,2026-02-02T20:59:59.911667Z,2026-02-02T14:30:00.128080Z,2026-02-02T14:30:00.062583Z,0,PRESENT_NONEMPTY,2026-02-02T21:00:00Z,2026-02-02T14:30:00Z,2026-02-02,146946,SOURCE_AVAILABLE,executed_at_and_created_at_timestamp,nanoseconds_normalized_from_arrow_unit,146946
False,NVDA,NO_TEMPORAL_ANOMALY_OBSERVED,285909,285892,285909,285909,285909,285909,0,0,5.599223,0.031653,0.071425,0.7652269999999999,3.3863095999999953,2026-02-02T21:00:00.924571Z,2026-02-02T20:59:59.993794Z,2026-02-02T14:30:00.096484Z,2026-02-02T14:30:00.002715Z,0,PRESENT_NONEMPTY,2026-02-02T21:00:00Z,2026-02-02T14:30:00Z,2026-02-02,285909,SOURCE_AVAILABLE,executed_at_and_created_at_timestamp,nanoseconds_normalized_from_arrow_unit,285909
False,QQQ,NO_TEMPORAL_ANOMALY_OBSERVED,619608,619523,619608,619608,619608,619608,0,0,5.766788,0.031199,0.0723995,2.35309955,3.557496390000001,2026-02-02T21:00:03.449409Z,2026-02-02T20:59:59.958699Z,2026-02-02T14:30:00.068982Z,2026-02-02T14:30:00.002246Z,0,PRESENT_NONEMPTY,2026-02-02T21:00:00Z,2026-02-02T14:30:00Z,2026-02-02,619608,SOURCE_AVAILABLE,executed_at_and_created_at_timestamp,nanoseconds_normalized_from_arrow_unit,619608
False,SPY,NO_TEMPORAL_ANOMALY_OBSERVED,1023008,1022777,1023008,1023008,1023008,1023008,0,0,12.798025,0.030824,0.0732365,2.9556883999999686,7.850159319999933,2026-02-02T21:00:03.982884Z,2026-02-02T20:59:59.977500Z,2026-02-02T14:30:00.070079Z,2026-02-02T14:30:00.002260Z,0,PRESENT_NONEMPTY,2026-02-02T21:00:00Z,2026-02-02T14:30:00Z,2026-02-02,1023008,SOURCE_AVAILABLE,executed_at_and_created_at_timestamp,nanoseconds_normalized_from_arrow_unit,1023008
False,TSLA,NO_TEMPORAL_ANOMALY_OBSERVED,438074,438067,438074,438074,438074,438074,0,0,1.285441,0.030634,0.066645,0.11361834999999998,0.188231,2026-02-02T21:00:00.069100Z,2026-02-02T20:59:59.999399Z,2026-02-02T14:30:00.068036Z,2026-02-02T14:30:00.002635Z,0,PRESENT_NONEMPTY,2026-02-02T21:00:00Z,2026-02-02T14:30:00Z,2026-02-02,438074,SOURCE_AVAILABLE,executed_at_and_created_at_timestamp,nanoseconds_normalized_from_arrow_unit,438074
False,AAPL,NO_TEMPORAL_ANOMALY_OBSERVED,173001,173000,173001,173001,173001,173001,0,0,9.129475,0.032786,0.071956,0.152295,1.073189,2026-02-03T21:00:00.024367Z,2026-02-03T20:59:59.925068Z,2026-02-03T14:30:00.096540Z,2026-02-03T14:30:00.004346Z,0,PRESENT_NONEMPTY,2026-02-03T21:00:00Z,2026-02-03T14:30:00Z,2026-02-03,173001,SOURCE_AVAILABLE,executed_at_and_created_at_timestamp,nanoseconds_normalized_from_arrow_unit,173001
False,AMZN,NO_TEMPORAL_ANOMALY_OBSERVED,113006,113004,113006,113006,113006,113006,0,0,10.880451,0.033106,0.072118,0.18463225,2.0769442999999996,2026-02-03T21:00:00.055204Z,2026-02-03T20:59:59.948445Z,2026-02-03T14:30:00.121121Z,2026-02-03T14:30:00.013764Z,0,PRESENT_NONEMPTY,2026-02-03T21:00:00Z,2026-02-03T14:30:00Z,2026-02-03,113006,SOURCE_AVAILABLE,executed_at_and_created_at_timestamp,nanoseconds_normalized_from_arrow_unit,113006
False,META,NO_TEMPORAL_ANOMALY_OBSERVED,114698,114666,114698,114698,114698,114698,0,0,104.874643,0.031155,0.078855,3.3426172999999992,20.78214815,2026-02-03T21:00:05.320933Z,2026-02-03T20:59:59.856636Z,2026-02-03T14:30:00.777869Z,2026-02-03T14:30:00.180558Z,0,PRESENT_NONEMPTY,2026-02-03T21:00:00Z,2026-02-03T14:30:00Z,2026-02-03,114698,SOURCE_AVAILABLE,executed_at_and_created_at_timestamp,nanoseconds_normalized_from_arrow_unit,114698
False,MSFT,NO_TEMPORAL_ANOMALY_OBSERVED,185198,185150,185198,185198,185198,185198,0,0,105.214737,0.032205,0.0778875,3.8633383499999994,82.5054684099998,2026-02-03T21:00:05.334197Z,2026-02-03T20:59:59.903785Z,2026-02-03T14:30:00.264648Z,2026-02-03T14:30:00.090283Z,0,PRESENT_NONEMPTY,2026-02-03T21:00:00Z,2026-02-03T14:30:00Z,2026-02-03,185198,SOURCE_AVAILABLE,executed_at_and_created_at_timestamp,nanoseconds_normalized_from_arrow_unit,185198
False,NVDA,NO_TEMPORAL_ANOMALY_OBSERVED,384518,384502,384518,384518,384518,384518,0,0,4.238434,0.031558,0.074358,0.5342162999999979,2.3926569300000073,2026-02-03T21:00:00.767812Z,2026-02-03T20:59:59.962730Z,2026-02-03T14:30:00.094901Z,2026-02-03T14:30:00.002375Z,0,PRESENT_NONEMPTY,2026-02-03T21:00:00Z,2026-02-03T14:30:00Z,2026-02-03,384518,SOURCE_AVAILABLE,executed_at_and_created_at_timestamp,nanoseconds_normalized_from_arrow_unit,384518
False,QQQ,NO_TEMPORAL_ANOMALY_OBSERVED,947064,947010,947064,947064,947064,947064,0,0,5.748279,0.031157,0.0763805,1.835897,3.6119016899999994,2026-02-03T21:00:02.499266Z,2026-02-03T20:59:59.958424Z,2026-02-03T14:30:00.094901Z,2026-02-03T14:30:00.002942Z,0,PRESENT_NONEMPTY,2026-02-03T21:00:00Z,2026-02-03T14:30:00Z,2026-02-03,947064,SOURCE_AVAILABLE,executed_at_and_created_at_timestamp,nanoseconds_normalized_from_arrow_unit,947064
False,SPY,NO_TEMPORAL_ANOMALY_OBSERVED,1399541,1398850,1399541,1399541,1399541,1399541,0,0,11.381057,0.030532,0.07979,2.30245,4.619742800000002,2026-02-03T21:00:11.226000Z,2026-02-03T20:59:59.999650Z,2026-02-03T14:30:00.100775Z,2026-02-03T14:30:00.002217Z,0,PRESENT_NONEMPTY,2026-02-03T21:00:00Z,2026-02-03T14:30:00Z,2026-02-03,1399541,SOURCE_AVAILABLE,executed_at_and_created_at_timestamp,nanoseconds_normalized_from_arrow_unit,1399541
False,TSLA,NO_TEMPORAL_ANOMALY_OBSERVED,409324,409324,409324,409324,409324,409324,0,0,0.3574,0.030492,0.0667505,0.108363,0.15533377,2026-02-03T20:59:59.841988Z,2026-02-03T20:59:59.766511Z,2026-02-03T14:30:00.064345Z,2026-02-03T14:30:00.007369Z,0,PRESENT_NONEMPTY,2026-02-03T21:00:00Z,2026-02-03T14:30:00Z,2026-02-03,409324,SOURCE_AVAILABLE,executed_at_and_created_at_timestamp,nanoseconds_normalized_from_arrow_unit,409324
False,AAPL,NO_TEMPORAL_ANOMALY_OBSERVED,290511,290461,290511,290511,290511,290511,0,0,14.439976,0.031514,0.075967,0.31624,6.600375,2026-02-04T21:00:02.817842Z,2026-02-04T20:59:59.922812Z,2026-02-04T14:30:00.096660Z,2026-02-04T14:30:00.002926Z,0,PRESENT_NONEMPTY,2026-02-04T21:00:00Z,2026-02-04T14:30:00Z,2026-02-04,290511,SOURCE_AVAILABLE,executed_at_and_created_at_timestamp,nanoseconds_normalized_from_arrow_unit,290511
False,AMZN,NO_TEMPORAL_ANOMALY_OBSERVED,100693,100680,100693,100693,100693,100693,0,0,14.833071,0.031421,0.072924,0.30578039999999623,2.0802359600000013,2026-02-04T21:00:02.714898Z,2026-02-04T20:59:59.844299Z,2026-02-04T14:30:00.145238Z,2026-02-04T14:30:00.005536Z,0,PRESENT_NONEMPTY,2026-02-04T21:00:00Z,2026-02-04T14:30:00Z,2026-02-04,100693,SOURCE_AVAILABLE,executed_at_and_created_at_timestamp,nanoseconds_normalized_from_arrow_unit,100693
False,META,NO_TEMPORAL_ANOMALY_OBSERVED,131092,131066,131092,131092,131092,131092,0,0,187.951303,0.031114,0.0909185,4.213649599999999,29.48643361999998,2026-02-04T21:00:04.066365Z,2026-02-04T20:59:59.698481Z,2026-02-04T14:30:00.149820Z,2026-02-04T14:30:00.070928Z,0,PRESENT_NONEMPTY,2026-02-04T21:00:00Z,2026-02-04T14:30:00Z,2026-02-04,131092,SOURCE_AVAILABLE,executed_at_and_created_at_timestamp,nanoseconds_normalized_from_arrow_unit,131092
False,MSFT,NO_TEMPORAL_ANOMALY_OBSERVED,151912,151885,151912,151912,151912,151912,0,0,188.137805,0.032325,0.08541699999999999,5.442500449999981,151.01680904999517,2026-02-04T21:00:05.410563Z,2026-02-04T20:59:59.953229Z,2026-02-04T14:30:00.068112Z,2026-02-04T14:30:00.002559Z,0,PRESENT_NONEMPTY,2026-02-04T21:00:00Z,2026-02-04T14:30:00Z,2026-02-04,151912,SOURCE_AVAILABLE,executed_at_and_created_at_timestamp,nanoseconds_normalized_from_arrow_unit,151912
False,NVDA,NO_TEMPORAL_ANOMALY_OBSERVED,366334,366255,366334,366334,366334,366334,0,0,4.468278,0.03161,0.0755485,2.224719449999998,2.8949556999999997,2026-02-04T21:00:02.345911Z,2026-02-04T20:59:59.848047Z,2026-02-04T14:30:00.067331Z,2026-02-04T14:30:00.003210Z,0,PRESENT_NONEMPTY,2026-02-04T21:00:00Z,2026-02-04T14:30:00Z,2026-02-04,366334,SOURCE_AVAILABLE,executed_at_and_created_at_timestamp,nanoseconds_normalized_from_arrow_unit,366334
False,QQQ,NO_TEMPORAL_ANOMALY_OBSERVED,969184,969162,969184,969184,969184,969184,0,0,6.655598,0.030526,0.079582,3.16682265,3.6529354000000005,2026-02-04T21:00:02.160619Z,2026-02-04T20:59:59.990608Z,2026-02-04T14:30:00.067331Z,2026-02-04T14:30:00.002244Z,0,PRESENT_NONEMPTY,2026-02-04T21:00:00Z,2026-02-04T14:30:00Z,2026-02-04,969184,SOURCE_AVAILABLE,executed_at_and_created_at_timestamp,nanoseconds_normalized_from_arrow_unit,969184
False,SPY,NO_TEMPORAL_ANOMALY_OBSERVED,1310349,1310049,1310349,1310349,1310349,1310349,0,0,17.10095,0.030801,0.08499,3.907771,9.079072080000005,2026-02-04T21:00:10.068240Z,2026-02-04T20:59:59.954463Z,2026-02-04T14:30:00.066416Z,2026-02-04T14:30:00.002222Z,0,PRESENT_NONEMPTY,2026-02-04T21:00:00Z,2026-02-04T14:30:00Z,2026-02-04,1310349,SOURCE_AVAILABLE,executed_at_and_created_at_timestamp,nanoseconds_normalized_from_arrow_unit,1310349
False,TSLA,NO_TEMPORAL_ANOMALY_OBSERVED,561547,561547,561547,561547,561547,561547,0,0,1.685316,0.029779,0.066921,0.11047709999999987,0.16591682000000121,2026-02-04T20:59:59.966873Z,2026-02-04T20:59:59.922670Z,2026-02-04T14:30:00.068808Z,2026-02-04T14:30:00.005531Z,0,PRESENT_NONEMPTY,2026-02-04T21:00:00Z,2026-02-04T14:30:00Z,2026-02-04,561547,SOURCE_AVAILABLE,executed_at_and_created_at_timestamp,nanoseconds_normalized_from_arrow_unit,561547
False,AAPL,NO_TEMPORAL_ANOMALY_OBSERVED,165953,165946,165953,165953,165953,165953,0,0,188.950676,0.032036,0.081397,57.36984079999999,152.45602832,2026-02-05T21:00:00.002140Z,2026-02-05T20:59:59.899574Z,2026-02-05T14:30:00.158915Z,2026-02-05T14:30:00.023310Z,0,PRESENT_NONEMPTY,2026-02-05T21:00:00Z,2026-02-05T14:30:00Z,2026-02-05,165953,SOURCE_AVAILABLE,executed_at_and_created_at_timestamp,nanoseconds_normalized_from_arrow_unit,165953
False,AMZN,NO_TEMPORAL_ANOMALY_OBSERVED,227970,227950,227970,227970,227970,227970,0,0,149.797859,0.031084,0.07396,26.484154099999873,89.95293241,2026-02-05T21:00:00.096774Z,2026-02-05T20:59:59.998660Z,2026-02-05T14:30:00.094350Z,2026-02-05T14:30:00.003601Z,0,PRESENT_NONEMPTY,2026-02-05T21:00:00Z,2026-02-05T14:30:00Z,2026-02-05,227970,SOURCE_AVAILABLE,executed_at_and_created_at_timestamp,nanoseconds_normalized_from_arrow_unit,227970
False,META,RECORD_CREATION_DELAY_OBSERVED_PROVIDER_CAUSE_UNRESOLVED,114999,114987,114999,114999,114999,114999,1499,0,519.692194,0.031611,0.093356,29.77547419999979,334.420417,2026-02-05T21:00:01.778673Z,2026-02-05T20:59:59.953431Z,2026-02-05T14:30:00.229868Z,2026-02-05T14:30:00.124665Z,0,PRESENT_NONEMPTY,2026-02-05T21:00:00Z,2026-02-05T14:30:00Z,2026-02-05,114999,RECORD_CREATION_DELAY_OBSERVED,executed_at_and_created_at_timestamp,nanoseconds_normalized_from_arrow_unit,114999
False,MSFT,RECORD_CREATION_DELAY_OBSERVED_PROVIDER_CAUSE_UNRESOLVED,199349,199296,199349,199349,199349,199349,6563,0,519.567274,0.030938,0.084305,137.142991,475.93233523999993,2026-02-05T21:00:01.690627Z,2026-02-05T20:59:59.896745Z,2026-02-05T14:30:00.277141Z,2026-02-05T14:30:00.199308Z,0,PRESENT_NONEMPTY,2026-02-05T21:00:00Z,2026-02-05T14:30:00Z,2026-02-05,199349,RECORD_CREATION_DELAY_OBSERVED,executed_at_and_created_at_timestamp,nanoseconds_normalized_from_arrow_unit,199349
False,NVDA,NO_TEMPORAL_ANOMALY_OBSERVED,346869,346810,346869,346869,346869,346869,0,0,9.315624,0.032551,0.077678,2.3617289999999995,3.0118564,2026-02-05T21:00:01.494681Z,2026-02-05T20:59:59.999165Z,2026-02-05T14:30:00.106939Z,2026-02-05T14:30:00.002577Z,0,PRESENT_NONEMPTY,2026-02-05T21:00:00Z,2026-02-05T14:30:00Z,2026-02-05,346869,SOURCE_AVAILABLE,executed_at_and_created_at_timestamp,nanoseconds_normalized_from_arrow_unit,346869
False,QQQ,NO_TEMPORAL_ANOMALY_OBSERVED,891157,891115,891157,891157,891157,891157,0,0,9.246292,0.030293,0.080282,3.6278727999999996,4.158536079999996,2026-02-05T21:00:01.537109Z,2026-02-05T20:59:59.998338Z,2026-02-05T14:30:00.071270Z,2026-02-05T14:30:00.002487Z,0,PRESENT_NONEMPTY,2026-02-05T21:00:00Z,2026-02-05T14:30:00Z,2026-02-05,891157,SOURCE_AVAILABLE,executed_at_and_created_at_timestamp,nanoseconds_normalized_from_arrow_unit,891157
False,SPY,RECORD_CREATION_DELAY_OBSERVED_PROVIDER_CAUSE_UNRESOLVED,1330051,1329768,1330051,1330051,1330051,1330051,20211,0,465.556193,0.030309,0.168336,48.132566,385.02135499999997,2026-02-05T21:00:03.766389Z,2026-02-05T20:59:59.983501Z,2026-02-05T14:30:00.069329Z,2026-02-05T14:30:00.003244Z,0,PRESENT_NONEMPTY,2026-02-05T21:00:00Z,2026-02-05T14:30:00Z,2026-02-05,1330051,RECORD_CREATION_DELAY_OBSERVED,executed_at_and_created_at_timestamp,nanoseconds_normalized_from_arrow_unit,1330051
False,TSLA,NO_TEMPORAL_ANOMALY_OBSERVED,441167,441166,441167,441167,441167,441167,0,0,26.295557,0.030174,0.075343,1.8067847999999962,7.120965599999976,2026-02-05T21:00:00.028025Z,2026-02-05T20:59:59.982955Z,2026-02-05T14:30:00.066969Z,2026-02-05T14:30:00.002705Z,0,PRESENT_NONEMPTY,2026-02-05T21:00:00Z,2026-02-05T14:30:00Z,2026-02-05,441167,SOURCE_AVAILABLE,executed_at_and_created_at_timestamp,nanoseconds_normalized_from_arrow_unit,441167
False,AAPL,NO_TEMPORAL_ANOMALY_OBSERVED,195399,195335,195399,195399,195399,195399,0,0,47.667664,0.031745,0.078103,8.253309600000005,37.24412753999999,2026-02-06T21:00:03.910349Z,2026-02-06T20:59:59.993811Z,2026-02-06T14:30:00.100830Z,2026-02-06T14:30:00.003576Z,0,PRESENT_NONEMPTY,2026-02-06T21:00:00Z,2026-02-06T14:30:00Z,2026-02-06,195399,SOURCE_AVAILABLE,executed_at_and_created_at_timestamp,nanoseconds_normalized_from_arrow_unit,195399
False,AMZN,NO_TEMPORAL_ANOMALY_OBSERVED,455066,454949,455066,455066,455066,455066,0,0,82.862944,0.031161,0.0780335,24.21627175,54.08455324999996,2026-02-06T21:00:03.438495Z,2026-02-06T20:59:59.987412Z,2026-02-06T14:30:00.165399Z,2026-02-06T14:30:00.028700Z,0,PRESENT_NONEMPTY,2026-02-06T21:00:00Z,2026-02-06T14:30:00Z,2026-02-06,455066,SOURCE_AVAILABLE,executed_at_and_created_at_timestamp,nanoseconds_normalized_from_arrow_unit,455066
False,META,NO_TEMPORAL_ANOMALY_OBSERVED,164863,164811,164863,164863,164863,164863,0,0,263.825949,0.031013,0.079215,3.4546598999999993,35.94199262000004,2026-02-06T21:00:09.126353Z,2026-02-06T20:59:59.961961Z,2026-02-06T14:30:00.535655Z,2026-02-06T14:30:00.334143Z,0,PRESENT_NONEMPTY,2026-02-06T21:00:00Z,2026-02-06T14:30:00Z,2026-02-06,164863,SOURCE_AVAILABLE,executed_at_and_created_at_timestamp,nanoseconds_normalized_from_arrow_unit,164863
False,MSFT,NO_TEMPORAL_ANOMALY_OBSERVED,173635,173491,173635,173635,173635,173635,0,0,264.066227,0.030247,0.076157,19.58126549999998,238.34215520000004,2026-02-06T21:00:09.284955Z,2026-02-06T20:59:59.998713Z,2026-02-06T14:30:00.225161Z,2026-02-06T14:30:00.127806Z,0,PRESENT_NONEMPTY,2026-02-06T21:00:00Z,2026-02-06T14:30:00Z,2026-02-06,173635,SOURCE_AVAILABLE,executed_at_and_created_at_timestamp,nanoseconds_normalized_from_arrow_unit,173635
False,NVDA,NO_TEMPORAL_ANOMALY_OBSERVED,495597,495533,495597,495597,495597,495597,0,0,9.051468,0.031036,0.076214,2.8599931999999986,3.481803679999999,2026-02-06T21:00:01.536303Z,2026-02-06T20:59:59.995485Z,2026-02-06T14:30:00.068428Z,2026-02-06T14:30:00.002461Z,0,PRESENT_NONEMPTY,2026-02-06T21:00:00Z,2026-02-06T14:30:00Z,2026-02-06,495597,SOURCE_AVAILABLE,executed_at_and_created_at_timestamp,nanoseconds_normalized_from_arrow_unit,495597
False,QQQ,NO_TEMPORAL_ANOMALY_OBSERVED,730642,730403,730642,730642,730642,730642,0,0,10.155219,0.030035,0.073761,1.6066664999999969,3.58346777,2026-02-06T21:00:03.615114Z,2026-02-06T20:59:59.997418Z,2026-02-06T14:30:00.069879Z,2026-02-06T14:30:00.002296Z,0,PRESENT_NONEMPTY,2026-02-06T21:00:00Z,2026-02-06T14:30:00Z,2026-02-06,730642,SOURCE_AVAILABLE,executed_at_and_created_at_timestamp,nanoseconds_normalized_from_arrow_unit,730642
False,SPY,NO_TEMPORAL_ANOMALY_OBSERVED,1150294,1150281,1150294,1150294,1150294,1150294,0,0,4.357232,0.030738,0.071151,0.148862,0.3325107000000006,2026-02-06T21:00:00.086696Z,2026-02-06T20:59:59.993723Z,2026-02-06T14:30:00.069606Z,2026-02-06T14:30:00.002272Z,0,PRESENT_NONEMPTY,2026-02-06T21:00:00Z,2026-02-06T14:30:00Z,2026-02-06,1150294,SOURCE_AVAILABLE,executed_at_and_created_at_timestamp,nanoseconds_normalized_from_arrow_unit,1150294
False,TSLA,NO_TEMPORAL_ANOMALY_OBSERVED,505658,505654,505658,505658,505658,505658,0,0,2.566993,0.031556,0.067574,0.107947,0.15375643999999994,2026-02-06T21:00:00.045940Z,2026-02-06T20:59:59.980716Z,2026-02-06T14:30:00.069482Z,2026-02-06T14:30:00.002587Z,0,PRESENT_NONEMPTY,2026-02-06T21:00:00Z,2026-02-06T14:30:00Z,2026-02-06,505658,SOURCE_AVAILABLE,executed_at_and_created_at_timestamp,nanoseconds_normalized_from_arrow_unit,505658
False,AAPL,NO_TEMPORAL_ANOMALY_OBSERVED,156787,156778,156787,156787,156787,156787,0,0,27.770017,0.031385,0.07093,0.2974781999999999,9.075028259999565,2026-02-09T21:00:00.559647Z,2026-02-09T20:59:59.892132Z,2026-02-09T14:30:00.310691Z,2026-02-09T14:30:00.193466Z,0,PRESENT_NONEMPTY,2026-02-09T21:00:00Z,2026-02-09T14:30:00Z,2026-02-09,156787,SOURCE_AVAILABLE,executed_at_and_created_at_timestamp,nanoseconds_normalized_from_arrow_unit,156787
False,AMZN,NO_TEMPORAL_ANOMALY_OBSERVED,255318,255312,255318,255318,255318,255318,0,0,26.752982,0.03148,0.071902,0.3732950999999972,5.772712129999956,2026-02-09T21:00:00.644449Z,2026-02-09T20:59:59.980431Z,2026-02-09T14:30:00.123106Z,2026-02-09T14:30:00.003079Z,0,PRESENT_NONEMPTY,2026-02-09T21:00:00Z,2026-02-09T14:30:00Z,2026-02-09,255318,SOURCE_AVAILABLE,executed_at_and_created_at_timestamp,nanoseconds_normalized_from_arrow_unit,255318
False,META,NO_TEMPORAL_ANOMALY_OBSERVED,145348,145326,145348,145348,145348,145348,0,0,100.519625,0.030809,0.070991,2.4543782499999995,29.078942109999875,2026-02-09T21:00:02.103282Z,2026-02-09T20:59:59.906516Z,2026-02-09T14:30:00.125782Z,2026-02-09T14:30:00.039866Z,0,PRESENT_NONEMPTY,2026-02-09T21:00:00Z,2026-02-09T14:30:00Z,2026-02-09,145348,SOURCE_AVAILABLE,executed_at_and_created_at_timestamp,nanoseconds_normalized_from_arrow_unit,145348
False,MSFT,NO_TEMPORAL_ANOMALY_OBSERVED,163483,163466,163483,163483,163483,163483,0,0,100.576899,0.031608,0.072982,20.8829895,92.03856803999992,2026-02-09T21:00:02.243485Z,2026-02-09T20:59:59.984962Z,2026-02-09T14:30:00.357010Z,2026-02-09T14:30:00.072066Z,0,PRESENT_NONEMPTY,2026-02-09T21:00:00Z,2026-02-09T14:30:00Z,2026-02-09,163483,SOURCE_AVAILABLE,executed_at_and_created_at_timestamp,nanoseconds_normalized_from_arrow_unit,163483
False,NVDA,NO_TEMPORAL_ANOMALY_OBSERVED,412573,412515,412573,412573,412573,412573,0,0,6.158835,0.031617,0.074609,2.4692707999999985,3.1959115599999985,2026-02-09T21:00:00.683321Z,2026-02-09T20:59:59.996450Z,2026-02-09T14:30:00.067816Z,2026-02-09T14:30:00.002328Z,0,PRESENT_NONEMPTY,2026-02-09T21:00:00Z,2026-02-09T14:30:00Z,2026-02-09,412573,SOURCE_AVAILABLE,executed_at_and_created_at_timestamp,nanoseconds_normalized_from_arrow_unit,412573
False,QQQ,NO_TEMPORAL_ANOMALY_OBSERVED,643523,643380,643523,643523,643523,643523,0,0,7.474929,0.029642,0.070324,0.39887450000000035,3.541884700000002,2026-02-09T21:00:02.911097Z,2026-02-09T20:59:59.998988Z,2026-02-09T14:30:00.067586Z,2026-02-09T14:30:00.002375Z,0,PRESENT_NONEMPTY,2026-02-09T21:00:00Z,2026-02-09T14:30:00Z,2026-02-09,643523,SOURCE_AVAILABLE,executed_at_and_created_at_timestamp,nanoseconds_normalized_from_arrow_unit,643523
False,SPY,NO_TEMPORAL_ANOMALY_OBSERVED,1036804,1036758,1036804,1036804,1036804,1036804,0,0,4.774709,0.030285,0.066228,0.105149,0.1899754599999995,2026-02-09T21:00:00.126430Z,2026-02-09T20:59:59.995365Z,2026-02-09T14:30:00.067492Z,2026-02-09T14:30:00.002431Z,0,PRESENT_NONEMPTY,2026-02-09T21:00:00Z,2026-02-09T14:30:00Z,2026-02-09,1036804,SOURCE_AVAILABLE,executed_at_and_created_at_timestamp,nanoseconds_normalized_from_arrow_unit,1036804
False,TSLA,NO_TEMPORAL_ANOMALY_OBSERVED,417165,417162,417165,417165,417165,417165,0,0,0.528102,0.031178,0.067249,0.1062288,0.14941631999999982,2026-02-09T21:00:00.055548Z,2026-02-09T20:59:59.995097Z,2026-02-09T14:30:00.064339Z,2026-02-09T14:30:00.002395Z,0,PRESENT_NONEMPTY,2026-02-09T21:00:00Z,2026-02-09T14:30:00Z,2026-02-09,417165,SOURCE_AVAILABLE,executed_at_and_created_at_timestamp,nanoseconds_normalized_from_arrow_unit,417165
False,AAPL,NO_TEMPORAL_ANOMALY_OBSERVED,85171,85118,85171,85171,85171,85171,0,0,28.507602,0.031817,0.068785,0.444624,18.5929366,2026-02-10T21:00:02.916960Z,2026-02-10T20:59:59.903532Z,2026-02-10T14:30:00.134239Z,2026-02-10T14:30:00.003583Z,0,PRESENT_NONEMPTY,2026-02-10T21:00:00Z,2026-02-10T14:30:00Z,2026-02-10,85171,SOURCE_AVAILABLE,executed_at_and_created_at_timestamp,nanoseconds_normalized_from_arrow_unit,85171
False,AMZN,NO_TEMPORAL_ANOMALY_OBSERVED,184520,184502,184520,184520,184520,184520,0,0,35.88388,0.031315,0.069921,0.21862269999999914,8.252131739999998,2026-02-10T21:00:02.678182Z,2026-02-10T20:59:59.710019Z,2026-02-10T14:30:00.134239Z,2026-02-10T14:30:00.002990Z,0,PRESENT_NONEMPTY,2026-02-10T21:00:00Z,2026-02-10T14:30:00Z,2026-02-10,184520,SOURCE_AVAILABLE,executed_at_and_created_at_timestamp,nanoseconds_normalized_from_arrow_unit,184520
False,META,NO_TEMPORAL_ANOMALY_OBSERVED,76692,76657,76692,76692,76692,76692,0,0,62.481951,0.031272,0.070525,0.5569539,10.466005299999923,2026-02-10T21:00:06.273115Z,2026-02-10T20:59:59.979460Z,2026-02-10T14:30:00.222276Z,2026-02-10T14:30:00.126250Z,0,PRESENT_NONEMPTY,2026-02-10T21:00:00Z,2026-02-10T14:30:00Z,2026-02-10,76692,SOURCE_AVAILABLE,executed_at_and_created_at_timestamp,nanoseconds_normalized_from_arrow_unit,76692
False,MSFT,NO_TEMPORAL_ANOMALY_OBSERVED,147450,147396,147450,147450,147450,147450,0,0,62.808313,0.031658,0.0709685,0.9121538999999811,46.10604751000033,2026-02-10T21:00:06.835459Z,2026-02-10T20:59:59.868267Z,2026-02-10T14:30:00.190292Z,2026-02-10T14:30:00.079261Z,0,PRESENT_NONEMPTY,2026-02-10T21:00:00Z,2026-02-10T14:30:00Z,2026-02-10,147450,SOURCE_AVAILABLE,executed_at_and_created_at_timestamp,nanoseconds_normalized_from_arrow_unit,147450
False,NVDA,NO_TEMPORAL_ANOMALY_OBSERVED,212334,212306,212334,212334,212334,212334,0,0,5.334909,0.031705,0.071538,0.6478396499999977,2.882129749999998,2026-02-10T21:00:01.658393Z,2026-02-10T20:59:59.982573Z,2026-02-10T14:30:00.098623Z,2026-02-10T14:30:00.002742Z,0,PRESENT_NONEMPTY,2026-02-10T21:00:00Z,2026-02-10T14:30:00Z,2026-02-10,212334,SOURCE_AVAILABLE,executed_at_and_created_at_timestamp,nanoseconds_normalized_from_arrow_unit,212334
False,QQQ,NO_TEMPORAL_ANOMALY_OBSERVED,652817,652677,652817,652817,652817,652817,0,0,5.026798,0.030432,0.070672,0.2972109999999981,2.0586359199999955,2026-02-10T21:00:03.686739Z,2026-02-10T20:59:59.988641Z,2026-02-10T14:30:00.067443Z,2026-02-10T14:30:00.003034Z,0,PRESENT_NONEMPTY,2026-02-10T21:00:00Z,2026-02-10T14:30:00Z,2026-02-10,652817,SOURCE_AVAILABLE,executed_at_and_created_at_timestamp,nanoseconds_normalized_from_arrow_unit,652817
False,SPY,NO_TEMPORAL_ANOMALY_OBSERVED,1079596,1079593,1079596,1079596,1079596,1079596,0,0,2.943586,0.030304,0.067455,0.10551025,0.171828,2026-02-10T21:00:00.049817Z,2026-02-10T20:59:59.999575Z,2026-02-10T14:30:00.068816Z,2026-02-10T14:30:00.002752Z,0,PRESENT_NONEMPTY,2026-02-10T21:00:00Z,2026-02-10T14:30:00Z,2026-02-10,1079596,SOURCE_AVAILABLE,executed_at_and_created_at_timestamp,nanoseconds_normalized_from_arrow_unit,1079596
False,TSLA,NO_TEMPORAL_ANOMALY_OBSERVED,389232,389176,389232,389232,389232,389232,0,0,2.285817,0.03075,0.067023,0.10553345000000001,0.14419938,2026-02-10T21:00:00.059184Z,2026-02-10T20:59:59.982505Z,2026-02-10T14:30:00.065617Z,2026-02-10T14:30:00.002291Z,0,PRESENT_NONEMPTY,2026-02-10T21:00:00Z,2026-02-10T14:30:00Z,2026-02-10,389232,SOURCE_AVAILABLE,executed_at_and_created_at_timestamp,nanoseconds_normalized_from_arrow_unit,389232
False,AAPL,NO_TEMPORAL_ANOMALY_OBSERVED,186430,186393,186430,186430,186430,186430,0,0,24.009013,0.031999,0.071613,0.33459529999999993,8.315060369999962,2026-02-11T21:00:01.968504Z,2026-02-11T20:59:59.939423Z,2026-02-11T14:30:00.131457Z,2026-02-11T14:30:00.004910Z,0,PRESENT_NONEMPTY,2026-02-11T21:00:00Z,2026-02-11T14:30:00Z,2026-02-11,186430,SOURCE_AVAILABLE,executed_at_and_created_at_timestamp,nanoseconds_normalized_from_arrow_unit,186430
False,AMZN,NO_TEMPORAL_ANOMALY_OBSERVED,173556,173524,173556,173556,173556,173556,0,0,15.858512,0.032185,0.071381,0.27326925,1.6692819500000056,2026-02-11T21:00:01.939658Z,2026-02-11T20:59:59.952307Z,2026-02-11T14:30:00.174400Z,2026-02-11T14:30:00.051868Z,0,PRESENT_NONEMPTY,2026-02-11T21:00:00Z,2026-02-11T14:30:00Z,2026-02-11,173556,SOURCE_AVAILABLE,executed_at_and_created_at_timestamp,nanoseconds_normalized_from_arrow_unit,173556
False,META,NO_TEMPORAL_ANOMALY_OBSERVED,127061,127043,127061,127061,127061,127061,0,0,35.02305,0.031213,0.072489,0.453282,2.934155,2026-02-11T21:00:02.470850Z,2026-02-11T20:59:59.806426Z,2026-02-11T14:30:00.255932Z,2026-02-11T14:30:00.038914Z,0,PRESENT_NONEMPTY,2026-02-11T21:00:00Z,2026-02-11T14:30:00Z,2026-02-11,127061,SOURCE_AVAILABLE,executed_at_and_created_at_timestamp,nanoseconds_normalized_from_arrow_unit,127061
False,MSFT,NO_TEMPORAL_ANOMALY_OBSERVED,157867,157840,157867,157867,157867,157867,0,0,35.357158,0.032336,0.075211,2.0877940999999964,3.796674,2026-02-11T21:00:02.491732Z,2026-02-11T20:59:59.815705Z,2026-02-11T14:30:00.245320Z,2026-02-11T14:30:00.109087Z,0,PRESENT_NONEMPTY,2026-02-11T21:00:00Z,2026-02-11T14:30:00Z,2026-02-11,157867,SOURCE_AVAILABLE,executed_at_and_created_at_timestamp,nanoseconds_normalized_from_arrow_unit,157867
False,NVDA,NO_TEMPORAL_ANOMALY_OBSERVED,281552,281520,281552,281552,281552,281552,0,0,31.341012,0.03137,0.076335,2.638302300000001,3.3350601499999986,2026-02-11T21:00:01.584794Z,2026-02-11T20:59:59.746440Z,2026-02-11T14:30:00.070920Z,2026-02-11T14:30:00.002300Z,0,PRESENT_NONEMPTY,2026-02-11T21:00:00Z,2026-02-11T14:30:00Z,2026-02-11,281552,SOURCE_AVAILABLE,executed_at_and_created_at_timestamp,nanoseconds_normalized_from_arrow_unit,281552
False,QQQ,NO_TEMPORAL_ANOMALY_OBSERVED,733211,733152,733211,733211,733211,733211,0,0,47.2153,0.030007,0.075511,1.372387,29.395207600000013,2026-02-11T21:00:02.695257Z,2026-02-11T20:59:59.924816Z,2026-02-11T14:30:00.071933Z,2026-02-11T14:30:00.002398Z,0,PRESENT_NONEMPTY,2026-02-11T21:00:00Z,2026-02-11T14:30:00Z,2026-02-11,733211,SOURCE_AVAILABLE,executed_at_and_created_at_timestamp,nanoseconds_normalized_from_arrow_unit,733211
False,SPY,NO_TEMPORAL_ANOMALY_OBSERVED,1208338,1208323,1208338,1208338,1208338,1208338,0,0,2.833832,0.030658,0.068141,0.107988,0.16214681999999844,2026-02-11T21:00:00.082585Z,2026-02-11T20:59:59.994558Z,2026-02-11T14:30:00.098358Z,2026-02-11T14:30:00.002290Z,0,PRESENT_NONEMPTY,2026-02-11T21:00:00Z,2026-02-11T14:30:00Z,2026-02-11,1208338,SOURCE_AVAILABLE,executed_at_and_created_at_timestamp,nanoseconds_normalized_from_arrow_unit,1208338
False,TSLA,NO_TEMPORAL_ANOMALY_OBSERVED,503102,503102,503102,503102,503102,503102,0,0,0.585632,0.03047,0.069085,0.1179348999999999,0.17071894999999995,2026-02-11T20:59:59.915944Z,2026-02-11T20:59:59.844316Z,2026-02-11T14:30:00.065466Z,2026-02-11T14:30:00.006100Z,0,PRESENT_NONEMPTY,2026-02-11T21:00:00Z,2026-02-11T14:30:00Z,2026-02-11,503102,SOURCE_AVAILABLE,executed_at_and_created_at_timestamp,nanoseconds_normalized_from_arrow_unit,503102
False,AAPL,NO_TEMPORAL_ANOMALY_OBSERVED,207349,207323,207349,207349,207349,207349,0,0,26.936067,0.032411,0.072715,0.365239,4.419330599999949,2026-02-12T21:00:03.494683Z,2026-02-12T20:59:59.990327Z,2026-02-12T14:30:00.095048Z,2026-02-12T14:30:00.025524Z,0,PRESENT_NONEMPTY,2026-02-12T21:00:00Z,2026-02-12T14:30:00Z,2026-02-12,207349,SOURCE_AVAILABLE,executed_at_and_created_at_timestamp,nanoseconds_normalized_from_arrow_unit,207349
False,AMZN,NO_TEMPORAL_ANOMALY_OBSERVED,181556,181492,181556,181556,181556,181556,0,0,28.648325,0.031365,0.0724055,0.46047000000000005,5.9144915500000765,2026-02-12T21:00:04.005414Z,2026-02-12T20:59:59.978435Z,2026-02-12T14:30:00.095048Z,2026-02-12T14:30:00.003057Z,0,PRESENT_NONEMPTY,2026-02-12T21:00:00Z,2026-02-12T14:30:00Z,2026-02-12,181556,SOURCE_AVAILABLE,executed_at_and_created_at_timestamp,nanoseconds_normalized_from_arrow_unit,181556
False,META,NO_TEMPORAL_ANOMALY_OBSERVED,116672,116615,116672,116672,116672,116672,0,0,32.167726,0.030744,0.0744855,0.7980674499999995,16.727570789999938,2026-02-12T21:00:05.871988Z,2026-02-12T20:59:59.933230Z,2026-02-12T14:30:00.307155Z,2026-02-12T14:30:00.085241Z,0,PRESENT_NONEMPTY,2026-02-12T21:00:00Z,2026-02-12T14:30:00Z,2026-02-12,116672,SOURCE_AVAILABLE,executed_at_and_created_at_timestamp,nanoseconds_normalized_from_arrow_unit,116672
False,MSFT,NO_TEMPORAL_ANOMALY_OBSERVED,128570,128521,128570,128570,128570,128570,0,0,32.726153,0.0302,0.074168,1.006716,10.100438409999999,2026-02-12T21:00:05.750572Z,2026-02-12T20:59:59.922978Z,2026-02-12T14:30:00.273668Z,2026-02-12T14:30:00.084246Z,0,PRESENT_NONEMPTY,2026-02-12T21:00:00Z,2026-02-12T14:30:00Z,2026-02-12,128570,SOURCE_AVAILABLE,executed_at_and_created_at_timestamp,nanoseconds_normalized_from_arrow_unit,128570
False,NVDA,NO_TEMPORAL_ANOMALY_OBSERVED,280496,280485,280496,280496,280496,280496,0,0,8.665445,0.030501,0.0741475,1.5118825,4.940116999999994,2026-02-12T21:00:00.948391Z,2026-02-12T20:59:59.847443Z,2026-02-12T14:30:00.130506Z,2026-02-12T14:30:00.002365Z,0,PRESENT_NONEMPTY,2026-02-12T21:00:00Z,2026-02-12T14:30:00Z,2026-02-12,280496,SOURCE_AVAILABLE,executed_at_and_created_at_timestamp,nanoseconds_normalized_from_arrow_unit,280496
False,QQQ,NO_TEMPORAL_ANOMALY_OBSERVED,882966,882881,882966,882966,882966,882966,0,0,14.34103,0.029368,0.074786,0.601022,2.523247799999996,2026-02-12T21:00:03.497019Z,2026-02-12T20:59:59.994952Z,2026-02-12T14:30:00.069483Z,2026-02-12T14:30:00.002258Z,0,PRESENT_NONEMPTY,2026-02-12T21:00:00Z,2026-02-12T14:30:00Z,2026-02-12,882966,SOURCE_AVAILABLE,executed_at_and_created_at_timestamp,nanoseconds_normalized_from_arrow_unit,882966
False,SPY,NO_TEMPORAL_ANOMALY_OBSERVED,1468118,1468109,1468118,1468118,1468118,1468118,0,0,1.9423,0.030475,0.06986,0.116262,0.190184,2026-02-12T21:00:00.086357Z,2026-02-12T20:59:59.998516Z,2026-02-12T14:30:00.067224Z,2026-02-12T14:30:00.002403Z,0,PRESENT_NONEMPTY,2026-02-12T21:00:00Z,2026-02-12T14:30:00Z,2026-02-12,1468118,SOURCE_AVAILABLE,executed_at_and_created_at_timestamp,nanoseconds_normalized_from_arrow_unit,1468118
False,TSLA,NO_TEMPORAL_ANOMALY_OBSERVED,446613,446599,446613,446613,446613,446613,0,0,3.525167,0.031278,0.067497,0.11254139999999997,0.1581314,2026-02-12T21:00:00.082989Z,2026-02-12T20:59:59.998465Z,2026-02-12T14:30:00.093791Z,2026-02-12T14:30:00.004030Z,0,PRESENT_NONEMPTY,2026-02-12T21:00:00Z,2026-02-12T14:30:00Z,2026-02-12,446613,SOURCE_AVAILABLE,executed_at_and_created_at_timestamp,nanoseconds_normalized_from_arrow_unit,446613
False,AAPL,NO_TEMPORAL_ANOMALY_OBSERVED,171018,170998,171018,171018,171018,171018,0,0,39.773346,0.031894,0.074264,3.007890899999985,32.522244019999974,2026-02-13T21:00:01.001818Z,2026-02-13T20:59:59.863470Z,2026-02-13T14:30:00.122923Z,2026-02-13T14:30:00.004476Z,0,PRESENT_NONEMPTY,2026-02-13T21:00:00Z,2026-02-13T14:30:00Z,2026-02-13,171018,SOURCE_AVAILABLE,executed_at_and_created_at_timestamp,nanoseconds_normalized_from_arrow_unit,171018
False,AMZN,NO_TEMPORAL_ANOMALY_OBSERVED,151197,151191,151197,151197,151197,151197,0,0,41.330974,0.030445,0.074373,1.5269975999999905,9.6284568,2026-02-13T21:00:01.111684Z,2026-02-13T20:59:59.960456Z,2026-02-13T14:30:00.100164Z,2026-02-13T14:30:00.002148Z,0,PRESENT_NONEMPTY,2026-02-13T21:00:00Z,2026-02-13T14:30:00Z,2026-02-13,151197,SOURCE_AVAILABLE,executed_at_and_created_at_timestamp,nanoseconds_normalized_from_arrow_unit,151197
False,META,NO_TEMPORAL_ANOMALY_OBSERVED,121441,121434,121441,121441,121441,121441,0,0,96.216809,0.031717,0.082668,7.717684,83.88706160000001,2026-02-13T21:00:01.217673Z,2026-02-13T20:59:59.281826Z,2026-02-13T14:30:00.400647Z,2026-02-13T14:30:00.291864Z,0,PRESENT_NONEMPTY,2026-02-13T21:00:00Z,2026-02-13T14:30:00Z,2026-02-13,121441,SOURCE_AVAILABLE,executed_at_and_created_at_timestamp,nanoseconds_normalized_from_arrow_unit,121441
False,MSFT,NO_TEMPORAL_ANOMALY_OBSERVED,130972,130961,130972,130972,130972,130972,0,0,96.036048,0.031186,0.0779055,3.4601293999999987,68.11539051,2026-02-13T21:00:02.100416Z,2026-02-13T20:59:59.904044Z,2026-02-13T14:30:00.240111Z,2026-02-13T14:30:00.084200Z,0,PRESENT_NONEMPTY,2026-02-13T21:00:00Z,2026-02-13T14:30:00Z,2026-02-13,130972,SOURCE_AVAILABLE,executed_at_and_created_at_timestamp,nanoseconds_normalized_from_arrow_unit,130972
False,NVDA,NO_TEMPORAL_ANOMALY_OBSERVED,371129,371125,371129,371129,371129,371129,0,0,9.537087,0.031057,0.07723,2.2930487999999984,3.2145337999999994,2026-02-13T21:00:00.513300Z,2026-02-13T20:59:59.931431Z,2026-02-13T14:30:00.095363Z,2026-02-13T14:30:00.002401Z,0,PRESENT_NONEMPTY,2026-02-13T21:00:00Z,2026-02-13T14:30:00Z,2026-02-13,371129,SOURCE_AVAILABLE,executed_at_and_created_at_timestamp,nanoseconds_normalized_from_arrow_unit,371129
False,QQQ,NO_TEMPORAL_ANOMALY_OBSERVED,758053,758003,758053,758053,758053,758053,0,0,10.110682,0.031175,0.078066,3.0594308000000003,4.745685959999999,2026-02-13T21:00:02.243147Z,2026-02-13T20:59:59.991699Z,2026-02-13T14:30:00.070147Z,2026-02-13T14:30:00.002447Z,0,PRESENT_NONEMPTY,2026-02-13T21:00:00Z,2026-02-13T14:30:00Z,2026-02-13,758053,SOURCE_AVAILABLE,executed_at_and_created_at_timestamp,nanoseconds_normalized_from_arrow_unit,758053
False,SPY,NO_TEMPORAL_ANOMALY_OBSERVED,1251100,1251096,1251100,1251100,1251100,1251100,0,0,7.282714,0.030686,0.068495,0.111821,0.172524,2026-02-13T21:00:00.053465Z,2026-02-13T20:59:59.973965Z,2026-02-13T14:30:00.068572Z,2026-02-13T14:30:00.002467Z,0,PRESENT_NONEMPTY,2026-02-13T21:00:00Z,2026-02-13T14:30:00Z,2026-02-13,1251100,SOURCE_AVAILABLE,executed_at_and_created_at_timestamp,nanoseconds_normalized_from_arrow_unit,1251100
False,TSLA,NO_TEMPORAL_ANOMALY_OBSERVED,480702,480700,480702,480702,480702,480702,0,0,1.331182,0.030972,0.066997,0.10081094999999995,0.13836993999999994,2026-02-13T21:00:00.018164Z,2026-02-13T20:59:59.955544Z,2026-02-13T14:30:00.069323Z,2026-02-13T14:30:00.002417Z,0,PRESENT_NONEMPTY,2026-02-13T21:00:00Z,2026-02-13T14:30:00Z,2026-02-13,480702,SOURCE_AVAILABLE,executed_at_and_created_at_timestamp,nanoseconds_normalized_from_arrow_unit,480702
False,AAPL,NO_TEMPORAL_ANOMALY_OBSERVED,184445,184439,184445,184445,184445,184445,0,0,8.527643,0.030226,0.067689,0.16807599999999995,2.1721107599999927,2026-02-17T21:00:00.253071Z,2026-02-17T20:59:59.924531Z,2026-02-17T14:30:00.412789Z,2026-02-17T14:30:00.301767Z,0,PRESENT_NONEMPTY,2026-02-17T21:00:00Z,2026-02-17T14:30:00Z,2026-02-17,184445,SOURCE_AVAILABLE,executed_at_and_created_at_timestamp,nanoseconds_normalized_from_arrow_unit,184445
False,AMZN,NO_TEMPORAL_ANOMALY_OBSERVED,159374,159372,159374,159374,159374,159374,0,0,20.872025,0.030835,0.06936,0.21783865000000022,2.809799189999998,2026-02-17T21:00:00.157661Z,2026-02-17T20:59:59.921851Z,2026-02-17T14:30:00.163111Z,2026-02-17T14:30:00.043708Z,0,PRESENT_NONEMPTY,2026-02-17T21:00:00Z,2026-02-17T14:30:00Z,2026-02-17,159374,SOURCE_AVAILABLE,executed_at_and_created_at_timestamp,nanoseconds_normalized_from_arrow_unit,159374
False,META,NO_TEMPORAL_ANOMALY_OBSERVED,87790,87764,87790,87790,87790,87790,0,0,29.52307,0.031039,0.0705285,1.4434475500000061,14.68758559000001,2026-02-17T21:00:02.566528Z,2026-02-17T20:59:59.977636Z,2026-02-17T14:30:00.147494Z,2026-02-17T14:30:00.094596Z,0,PRESENT_NONEMPTY,2026-02-17T21:00:00Z,2026-02-17T14:30:00Z,2026-02-17,87790,SOURCE_AVAILABLE,executed_at_and_created_at_timestamp,nanoseconds_normalized_from_arrow_unit,87790
False,MSFT,NO_TEMPORAL_ANOMALY_OBSERVED,112319,112288,112319,112319,112319,112319,0,0,30.096105,0.031617,0.071844,0.7793014,19.53740638,2026-02-17T21:00:02.566528Z,2026-02-17T20:59:59.992822Z,2026-02-17T14:30:00.162658Z,2026-02-17T14:30:00.002512Z,0,PRESENT_NONEMPTY,2026-02-17T21:00:00Z,2026-02-17T14:30:00Z,2026-02-17,112319,SOURCE_AVAILABLE,executed_at_and_created_at_timestamp,nanoseconds_normalized_from_arrow_unit,112319
False,NVDA,NO_TEMPORAL_ANOMALY_OBSERVED,289233,289225,289233,289233,289233,289233,0,0,6.32539,0.03143,0.071247,0.2582683999999989,1.71982128,2026-02-17T21:00:00.248332Z,2026-02-17T20:59:59.918719Z,2026-02-17T14:30:00.118404Z,2026-02-17T14:30:00.002351Z,0,PRESENT_NONEMPTY,2026-02-17T21:00:00Z,2026-02-17T14:30:00Z,2026-02-17,289233,SOURCE_AVAILABLE,executed_at_and_created_at_timestamp,nanoseconds_normalized_from_arrow_unit,289233
False,QQQ,NO_TEMPORAL_ANOMALY_OBSERVED,836501,836481,836501,836501,836501,836501,0,0,5.498863,0.030044,0.072189,0.487114,2.385597,2026-02-17T21:00:00.951965Z,2026-02-17T20:59:59.988657Z,2026-02-17T14:30:00.067869Z,2026-02-17T14:30:00.002387Z,0,PRESENT_NONEMPTY,2026-02-17T21:00:00Z,2026-02-17T14:30:00Z,2026-02-17,836501,SOURCE_AVAILABLE,executed_at_and_created_at_timestamp,nanoseconds_normalized_from_arrow_unit,836501
False,SPY,NO_TEMPORAL_ANOMALY_OBSERVED,1310134,1310122,1310134,1310134,1310134,1310134,0,0,4.747574,0.030589,0.070628,0.132571,0.2765703599999994,2026-02-17T21:00:00.246340Z,2026-02-17T20:59:59.982580Z,2026-02-17T14:30:00.068892Z,2026-02-17T14:30:00.002278Z,0,PRESENT_NONEMPTY,2026-02-17T21:00:00Z,2026-02-17T14:30:00Z,2026-02-17,1310134,SOURCE_AVAILABLE,executed_at_and_created_at_timestamp,nanoseconds_normalized_from_arrow_unit,1310134
False,TSLA,NO_TEMPORAL_ANOMALY_OBSERVED,397750,397749,397750,397750,397750,397750,0,0,3.334957,0.030638,0.066286,0.098877,0.13569114000000013,2026-02-17T21:00:00.011374Z,2026-02-17T20:59:59.957381Z,2026-02-17T14:30:00.103377Z,2026-02-17T14:30:00.002671Z,0,PRESENT_NONEMPTY,2026-02-17T21:00:00Z,2026-02-17T14:30:00Z,2026-02-17,397750,SOURCE_AVAILABLE,executed_at_and_created_at_timestamp,nanoseconds_normalized_from_arrow_unit,397750
False,AAPL,NO_TEMPORAL_ANOMALY_OBSERVED,117179,117178,117179,117179,117179,117179,0,0,15.86704,0.031436,0.067313,0.13142399999999993,2.414996,2026-02-18T21:00:00.058326Z,2026-02-18T20:59:59.900748Z,2026-02-18T14:30:00.093626Z,2026-02-18T14:30:00.002783Z,0,PRESENT_NONEMPTY,2026-02-18T21:00:00Z,2026-02-18T14:30:00Z,2026-02-18,117179,SOURCE_AVAILABLE,executed_at_and_created_at_timestamp,nanoseconds_normalized_from_arrow_unit,117179
False,AMZN,NO_TEMPORAL_ANOMALY_OBSERVED,173497,173495,173497,173497,173497,173497,0,0,8.83249,0.030655,0.068708,0.14201279999999994,1.7556460400000007,2026-02-18T21:00:00.071116Z,2026-02-18T20:59:59.910025Z,2026-02-18T14:30:00.187866Z,2026-02-18T14:30:00.003037Z,0,PRESENT_NONEMPTY,2026-02-18T21:00:00Z,2026-02-18T14:30:00Z,2026-02-18,173497,SOURCE_AVAILABLE,executed_at_and_created_at_timestamp,nanoseconds_normalized_from_arrow_unit,173497
False,META,NO_TEMPORAL_ANOMALY_OBSERVED,115294,115282,115294,115294,115294,115294,0,0,47.288407,0.031016,0.0685925,0.44880634999998903,6.804150769999968,2026-02-18T21:00:01.369058Z,2026-02-18T20:59:59.944781Z,2026-02-18T14:30:00.153907Z,2026-02-18T14:30:00.004647Z,0,PRESENT_NONEMPTY,2026-02-18T21:00:00Z,2026-02-18T14:30:00Z,2026-02-18,115294,SOURCE_AVAILABLE,executed_at_and_created_at_timestamp,nanoseconds_normalized_from_arrow_unit,115294
False,MSFT,NO_TEMPORAL_ANOMALY_OBSERVED,100763,100758,100763,100763,100763,100763,0,0,47.381537,0.032114,0.068412,0.20814789999999972,2.7085860800000012,2026-02-18T21:00:01.356553Z,2026-02-18T20:59:59.921832Z,2026-02-18T14:30:00.190934Z,2026-02-18T14:30:00.005587Z,0,PRESENT_NONEMPTY,2026-02-18T21:00:00Z,2026-02-18T14:30:00Z,2026-02-18,100763,SOURCE_AVAILABLE,executed_at_and_created_at_timestamp,nanoseconds_normalized_from_arrow_unit,100763
False,NVDA,NO_TEMPORAL_ANOMALY_OBSERVED,291063,291060,291063,291063,291063,291063,0,0,3.862709,0.031091,0.070309,0.4507510999999934,2.3639192400000004,2026-02-18T21:00:00.064150Z,2026-02-18T20:59:59.953228Z,2026-02-18T14:30:00.094865Z,2026-02-18T14:30:00.002383Z,0,PRESENT_NONEMPTY,2026-02-18T21:00:00Z,2026-02-18T14:30:00Z,2026-02-18,291063,SOURCE_AVAILABLE,executed_at_and_created_at_timestamp,nanoseconds_normalized_from_arrow_unit,291063
False,QQQ,NO_TEMPORAL_ANOMALY_OBSERVED,761427,761414,761427,761427,761427,761427,0,0,4.246427,0.031309,0.068893,0.17028069999999995,1.23435,2026-02-18T21:00:00.426760Z,2026-02-18T20:59:59.867963Z,2026-02-18T14:30:00.067332Z,2026-02-18T14:30:00.002295Z,0,PRESENT_NONEMPTY,2026-02-18T21:00:00Z,2026-02-18T14:30:00Z,2026-02-18,761427,SOURCE_AVAILABLE,executed_at_and_created_at_timestamp,nanoseconds_normalized_from_arrow_unit,761427
False,SPY,NO_TEMPORAL_ANOMALY_OBSERVED,1190469,1190463,1190469,1190469,1190469,1190469,0,0,3.311822,0.031624,0.068755,0.12217159999999987,0.20563032000000006,2026-02-18T21:00:00.119798Z,2026-02-18T20:59:59.996374Z,2026-02-18T14:30:00.071365Z,2026-02-18T14:30:00.002359Z,0,PRESENT_NONEMPTY,2026-02-18T21:00:00Z,2026-02-18T14:30:00Z,2026-02-18,1190469,SOURCE_AVAILABLE,executed_at_and_created_at_timestamp,nanoseconds_normalized_from_arrow_unit,1190469
False,TSLA,NO_TEMPORAL_ANOMALY_OBSERVED,404996,404980,404996,404996,404996,404996,0,0,1.617262,0.030904,0.066484,0.09824825000000001,0.1343793999999999,2026-02-18T21:00:00.068868Z,2026-02-18T20:59:59.999643Z,2026-02-18T14:30:00.093223Z,2026-02-18T14:30:00.002498Z,0,PRESENT_NONEMPTY,2026-02-18T21:00:00Z,2026-02-18T14:30:00Z,2026-02-18,404996,SOURCE_AVAILABLE,executed_at_and_created_at_timestamp,nanoseconds_normalized_from_arrow_unit,404996
False,AAPL,NO_TEMPORAL_ANOMALY_OBSERVED,89980,89980,89980,89980,89980,89980,0,0,7.639399,0.030812,0.0663105,0.122757,0.3833665600000015,2026-02-19T20:59:59.682830Z,2026-02-19T20:59:59.614282Z,2026-02-19T14:30:00.360144Z,2026-02-19T14:30:00.236997Z,0,PRESENT_NONEMPTY,2026-02-19T21:00:00Z,2026-02-19T14:30:00Z,2026-02-19,89980,SOURCE_AVAILABLE,executed_at_and_created_at_timestamp,nanoseconds_normalized_from_arrow_unit,89980
False,AMZN,NO_TEMPORAL_ANOMALY_OBSERVED,92618,92618,92618,92618,92618,92618,0,0,11.554133,0.031558,0.068063,0.14475615,2.424932500000003,2026-02-19T20:59:59.936791Z,2026-02-19T20:59:59.845413Z,2026-02-19T14:30:00.187850Z,2026-02-19T14:30:00.003083Z,0,PRESENT_NONEMPTY,2026-02-19T21:00:00Z,2026-02-19T14:30:00Z,2026-02-19,92618,SOURCE_AVAILABLE,executed_at_and_created_at_timestamp,nanoseconds_normalized_from_arrow_unit,92618
False,META,NO_TEMPORAL_ANOMALY_OBSERVED,78631,78629,78631,78631,78631,78631,0,0,22.910635,0.031737,0.067759,0.135067,1.875121,2026-02-19T21:00:00.202955Z,2026-02-19T20:59:59.921870Z,2026-02-19T14:30:00.327458Z,2026-02-19T14:30:00.184398Z,0,PRESENT_NONEMPTY,2026-02-19T21:00:00Z,2026-02-19T14:30:00Z,2026-02-19,78631,SOURCE_AVAILABLE,executed_at_and_created_at_timestamp,nanoseconds_normalized_from_arrow_unit,78631
False,MSFT,NO_TEMPORAL_ANOMALY_OBSERVED,116521,116519,116521,116521,116521,116521,0,0,23.160559,0.031748,0.068648,0.16723,1.7857610000000008,2026-02-19T21:00:00.283949Z,2026-02-19T20:59:59.997451Z,2026-02-19T14:30:00.098265Z,2026-02-19T14:30:00.003143Z,0,PRESENT_NONEMPTY,2026-02-19T21:00:00Z,2026-02-19T14:30:00Z,2026-02-19,116521,SOURCE_AVAILABLE,executed_at_and_created_at_timestamp,nanoseconds_normalized_from_arrow_unit,116521
False,NVDA,NO_TEMPORAL_ANOMALY_OBSERVED,213884,213881,213884,213884,213884,213884,0,0,4.268786,0.030768,0.068693,0.16478984999999996,0.9306826199999987,2026-02-19T21:00:00.208092Z,2026-02-19T20:59:59.972453Z,2026-02-19T14:30:00.096547Z,2026-02-19T14:30:00.002450Z,0,PRESENT_NONEMPTY,2026-02-19T21:00:00Z,2026-02-19T14:30:00Z,2026-02-19,213884,SOURCE_AVAILABLE,executed_at_and_created_at_timestamp,nanoseconds_normalized_from_arrow_unit,213884
False,QQQ,NO_TEMPORAL_ANOMALY_OBSERVED,711823,711819,711823,711823,711823,711823,0,0,4.700352,0.030284,0.068822,0.19773280000000026,1.362573560000007,2026-02-19T21:00:00.441688Z,2026-02-19T20:59:59.991532Z,2026-02-19T14:30:00.067892Z,2026-02-19T14:30:00.002426Z,0,PRESENT_NONEMPTY,2026-02-19T21:00:00Z,2026-02-19T14:30:00Z,2026-02-19,711823,SOURCE_AVAILABLE,executed_at_and_created_at_timestamp,nanoseconds_normalized_from_arrow_unit,711823
False,SPY,NO_TEMPORAL_ANOMALY_OBSERVED,1187639,1187633,1187639,1187639,1187639,1187639,0,0,5.70422,0.030042,0.068497,0.112944,0.18786385999999963,2026-02-19T21:00:00.072775Z,2026-02-19T20:59:59.984843Z,2026-02-19T14:30:00.094683Z,2026-02-19T14:30:00.002408Z,0,PRESENT_NONEMPTY,2026-02-19T21:00:00Z,2026-02-19T14:30:00Z,2026-02-19,1187639,SOURCE_AVAILABLE,executed_at_and_created_at_timestamp,nanoseconds_normalized_from_arrow_unit,1187639
False,TSLA,NO_TEMPORAL_ANOMALY_OBSERVED,360880,360880,360880,360880,360880,360880,0,0,3.033086,0.031146,0.066999,0.10338404999999999,0.15564552000000026,2026-02-19T20:59:59.966856Z,2026-02-19T20:59:59.905359Z,2026-02-19T14:30:00.067866Z,2026-02-19T14:30:00.002255Z,0,PRESENT_NONEMPTY,2026-02-19T21:00:00Z,2026-02-19T14:30:00Z,2026-02-19,360880,SOURCE_AVAILABLE,executed_at_and_created_at_timestamp,nanoseconds_normalized_from_arrow_unit,360880
False,AAPL,NO_TEMPORAL_ANOMALY_OBSERVED,146037,146033,146037,146037,146037,146037,0,0,13.2523,0.03148,0.067197,0.13874079999999994,1.8506068399999736,2026-02-20T21:00:00.077891Z,2026-02-20T20:59:59.985805Z,2026-02-20T14:30:00.094673Z,2026-02-20T14:30:00.004130Z,0,PRESENT_NONEMPTY,2026-02-20T21:00:00Z,2026-02-20T14:30:00Z,2026-02-20,146037,SOURCE_AVAILABLE,executed_at_and_created_at_timestamp,nanoseconds_normalized_from_arrow_unit,146037
False,AMZN,NO_TEMPORAL_ANOMALY_OBSERVED,232520,232520,232520,232520,232520,232520,0,0,5.066046,0.031726,0.068712,0.1360073999999999,0.5964012999999997,2026-02-20T20:59:59.909279Z,2026-02-20T20:59:59.821418Z,2026-02-20T14:30:00.178995Z,2026-02-20T14:30:00.027084Z,0,PRESENT_NONEMPTY,2026-02-20T21:00:00Z,2026-02-20T14:30:00Z,2026-02-20,232520,SOURCE_AVAILABLE,executed_at_and_created_at_timestamp,nanoseconds_normalized_from_arrow_unit,232520
False,META,NO_TEMPORAL_ANOMALY_OBSERVED,143582,143571,143582,143582,143582,143582,0,0,20.82088,0.031737,0.0702595,0.2944225999999985,2.869010410000001,2026-02-20T21:00:01.259194Z,2026-02-20T20:59:59.944949Z,2026-02-20T14:30:00.163390Z,2026-02-20T14:30:00.005444Z,0,PRESENT_NONEMPTY,2026-02-20T21:00:00Z,2026-02-20T14:30:00Z,2026-02-20,143582,SOURCE_AVAILABLE,executed_at_and_created_at_timestamp,nanoseconds_normalized_from_arrow_unit,143582
False,MSFT,NO_TEMPORAL_ANOMALY_OBSERVED,132228,132227,132228,132228,132228,132228,0,0,21.673676,0.032568,0.070154,0.2458737499999999,2.7755009099999945,2026-02-20T21:00:00.350645Z,2026-02-20T20:59:59.116411Z,2026-02-20T14:30:00.187555Z,2026-02-20T14:30:00.077664Z,0,PRESENT_NONEMPTY,2026-02-20T21:00:00Z,2026-02-20T14:30:00Z,2026-02-20,132228,SOURCE_AVAILABLE,executed_at_and_created_at_timestamp,nanoseconds_normalized_from_arrow_unit,132228
False,NVDA,NO_TEMPORAL_ANOMALY_OBSERVED,320087,320084,320087,320087,320087,320087,0,0,4.087822,0.031198,0.069715,0.1536654,0.6492874800000081,2026-02-20T21:00:00.241953Z,2026-02-20T20:59:59.972415Z,2026-02-20T14:30:00.097919Z,2026-02-20T14:30:00.002571Z,0,PRESENT_NONEMPTY,2026-02-20T21:00:00Z,2026-02-20T14:30:00Z,2026-02-20,320087,SOURCE_AVAILABLE,executed_at_and_created_at_timestamp,nanoseconds_normalized_from_arrow_unit,320087
False,QQQ,NO_TEMPORAL_ANOMALY_OBSERVED,878561,878535,878561,878561,878561,878561,0,0,7.263598,0.031996,0.071954,0.575739,2.481441400000002,2026-02-20T21:00:00.727398Z,2026-02-20T20:59:59.982545Z,2026-02-20T14:30:00.071040Z,2026-02-20T14:30:00.002220Z,0,PRESENT_NONEMPTY,2026-02-20T21:00:00Z,2026-02-20T14:30:00Z,2026-02-20,878561,SOURCE_AVAILABLE,executed_at_and_created_at_timestamp,nanoseconds_normalized_from_arrow_unit,878561
False,SPY,NO_TEMPORAL_ANOMALY_OBSERVED,1407068,1407050,1407068,1407068,1407068,1407068,0,0,3.455198,0.031972,0.071947,0.1510746499999999,0.3422709600000009,2026-02-20T21:00:00.116090Z,2026-02-20T20:59:59.976800Z,2026-02-20T14:30:00.068111Z,2026-02-20T14:30:00.002210Z,0,PRESENT_NONEMPTY,2026-02-20T21:00:00Z,2026-02-20T14:30:00Z,2026-02-20,1407068,SOURCE_AVAILABLE,executed_at_and_created_at_timestamp,nanoseconds_normalized_from_arrow_unit,1407068
False,TSLA,NO_TEMPORAL_ANOMALY_OBSERVED,492055,492009,492055,492055,492055,492055,0,0,0.956714,0.031504,0.067448,0.10323629999999999,0.14017846,2026-02-20T21:00:00.081046Z,2026-02-20T20:59:59.998299Z,2026-02-20T14:30:00.094481Z,2026-02-20T14:30:00.002361Z,0,PRESENT_NONEMPTY,2026-02-20T21:00:00Z,2026-02-20T14:30:00Z,2026-02-20,492055,SOURCE_AVAILABLE,executed_at_and_created_at_timestamp,nanoseconds_normalized_from_arrow_unit,492055
False,AAPL,NO_TEMPORAL_ANOMALY_OBSERVED,170011,170011,170011,170011,170011,170011,0,0,4.341688,0.031847,0.066769,0.1039785,0.2905939,2026-02-23T20:59:59.999599Z,2026-02-23T20:59:59.943484Z,2026-02-23T14:30:00.093918Z,2026-02-23T14:30:00.003506Z,0,PRESENT_NONEMPTY,2026-02-23T21:00:00Z,2026-02-23T14:30:00Z,2026-02-23,170011,SOURCE_AVAILABLE,executed_at_and_created_at_timestamp,nanoseconds_normalized_from_arrow_unit,170011
False,AMZN,NO_TEMPORAL_ANOMALY_OBSERVED,145783,145782,145783,145783,145783,145783,0,0,16.077821,0.03131,0.067387,0.11188759999999998,2.8393887,2026-02-23T21:00:00.054047Z,2026-02-23T20:59:59.994654Z,2026-02-23T14:30:00.093918Z,2026-02-23T14:30:00.008555Z,0,PRESENT_NONEMPTY,2026-02-23T21:00:00Z,2026-02-23T14:30:00Z,2026-02-23,145783,SOURCE_AVAILABLE,executed_at_and_created_at_timestamp,nanoseconds_normalized_from_arrow_unit,145783
False,META,NO_TEMPORAL_ANOMALY_OBSERVED,107943,107940,107943,107943,107943,107943,0,0,25.319999,0.031197,0.068089,0.160486,4.6965870600000335,2026-02-23T21:00:00.109417Z,2026-02-23T20:59:59.590669Z,2026-02-23T14:30:00.152773Z,2026-02-23T14:30:00.074105Z,0,PRESENT_NONEMPTY,2026-02-23T21:00:00Z,2026-02-23T14:30:00Z,2026-02-23,107943,SOURCE_AVAILABLE,executed_at_and_created_at_timestamp,nanoseconds_normalized_from_arrow_unit,107943
False,MSFT,NO_TEMPORAL_ANOMALY_OBSERVED,190322,190305,190322,190322,190322,190322,0,0,25.306189,0.031168,0.070282,0.21649459999999984,4.4985252500000055,2026-02-23T21:00:00.850262Z,2026-02-23T20:59:59.915176Z,2026-02-23T14:30:00.065731Z,2026-02-23T14:30:00.002845Z,0,PRESENT_NONEMPTY,2026-02-23T21:00:00Z,2026-02-23T14:30:00Z,2026-02-23,190322,SOURCE_AVAILABLE,executed_at_and_created_at_timestamp,nanoseconds_normalized_from_arrow_unit,190322
False,NVDA,NO_TEMPORAL_ANOMALY_OBSERVED,327973,327967,327973,327973,327973,327973,0,0,3.446367,0.031776,0.070593,0.19956599999999983,2.10769668,2026-02-23T21:00:01.039075Z,2026-02-23T20:59:59.976452Z,2026-02-23T14:30:00.099936Z,2026-02-23T14:30:00.002661Z,0,PRESENT_NONEMPTY,2026-02-23T21:00:00Z,2026-02-23T14:30:00Z,2026-02-23,327973,SOURCE_AVAILABLE,executed_at_and_created_at_timestamp,nanoseconds_normalized_from_arrow_unit,327973
False,QQQ,NO_TEMPORAL_ANOMALY_OBSERVED,792557,792540,792557,792557,792557,792557,0,0,4.247462,0.030734,0.069434,0.17445519999999948,0.7892393999999702,2026-02-23T21:00:00.567665Z,2026-02-23T20:59:59.994862Z,2026-02-23T14:30:00.064909Z,2026-02-23T14:30:00.002307Z,0,PRESENT_NONEMPTY,2026-02-23T21:00:00Z,2026-02-23T14:30:00Z,2026-02-23,792557,SOURCE_AVAILABLE,executed_at_and_created_at_timestamp,nanoseconds_normalized_from_arrow_unit,792557
False,SPY,NO_TEMPORAL_ANOMALY_OBSERVED,1363033,1363013,1363033,1363033,1363033,1363033,0,0,3.582984,0.030568,0.068494,0.117533,0.17962135999999987,2026-02-23T21:00:00.193579Z,2026-02-23T20:59:59.994025Z,2026-02-23T14:30:00.068542Z,2026-02-23T14:30:00.002350Z,0,PRESENT_NONEMPTY,2026-02-23T21:00:00Z,2026-02-23T14:30:00Z,2026-02-23,1363033,SOURCE_AVAILABLE,executed_at_and_created_at_timestamp,nanoseconds_normalized_from_arrow_unit,1363033
False,TSLA,NO_TEMPORAL_ANOMALY_OBSERVED,496115,496099,496115,496115,496115,496115,0,0,0.947977,0.0305,0.067061,0.09704629999999999,0.13471143999999993,2026-02-23T21:00:00.075851Z,2026-02-23T20:59:59.991985Z,2026-02-23T14:30:00.066892Z,2026-02-23T14:30:00.002387Z,0,PRESENT_NONEMPTY,2026-02-23T21:00:00Z,2026-02-23T14:30:00Z,2026-02-23,496115,SOURCE_AVAILABLE,executed_at_and_created_at_timestamp,nanoseconds_normalized_from_arrow_unit,496115
False,AAPL,NO_TEMPORAL_ANOMALY_OBSERVED,165830,165830,165830,165830,165830,165830,0,0,15.399232,0.031649,0.069252,0.12990419999999994,0.888281619999977,2026-02-24T20:59:59.971868Z,2026-02-24T20:59:59.916207Z,2026-02-24T14:30:00.093083Z,2026-02-24T14:30:00.003279Z,0,PRESENT_NONEMPTY,2026-02-24T21:00:00Z,2026-02-24T14:30:00Z,2026-02-24,165830,SOURCE_AVAILABLE,executed_at_and_created_at_timestamp,nanoseconds_normalized_from_arrow_unit,165830
False,AMZN,NO_TEMPORAL_ANOMALY_OBSERVED,123661,123661,123661,123661,123661,123661,0,0,5.289593,0.031684,0.068214,0.115642,0.2217539999999988,2026-02-24T20:59:59.880862Z,2026-02-24T20:59:59.806139Z,2026-02-24T14:30:00.093083Z,2026-02-24T14:30:00.002495Z,0,PRESENT_NONEMPTY,2026-02-24T21:00:00Z,2026-02-24T14:30:00Z,2026-02-24,123661,SOURCE_AVAILABLE,executed_at_and_created_at_timestamp,nanoseconds_normalized_from_arrow_unit,123661
False,META,NO_TEMPORAL_ANOMALY_OBSERVED,101744,101736,101744,101744,101744,101744,0,0,41.228547,0.031056,0.068356,0.20018054999999998,3.597581,2026-02-24T21:00:00.913211Z,2026-02-24T20:59:59.902152Z,2026-02-24T14:30:00.218961Z,2026-02-24T14:30:00.109009Z,0,PRESENT_NONEMPTY,2026-02-24T21:00:00Z,2026-02-24T14:30:00Z,2026-02-24,101744,SOURCE_AVAILABLE,executed_at_and_created_at_timestamp,nanoseconds_normalized_from_arrow_unit,101744
False,MSFT,NO_TEMPORAL_ANOMALY_OBSERVED,117770,117761,117770,117770,117770,117770,0,0,39.513457,0.031788,0.070367,0.27932744999999976,2.5956678999999947,2026-02-24T21:00:00.961555Z,2026-02-24T20:59:59.914642Z,2026-02-24T14:30:00.273525Z,2026-02-24T14:30:00.173481Z,0,PRESENT_NONEMPTY,2026-02-24T21:00:00Z,2026-02-24T14:30:00Z,2026-02-24,117770,SOURCE_AVAILABLE,executed_at_and_created_at_timestamp,nanoseconds_normalized_from_arrow_unit,117770
False,NVDA,NO_TEMPORAL_ANOMALY_OBSERVED,208975,208961,208975,208975,208975,208975,0,0,3.540337,0.031116,0.068893,0.19549979999999934,1.5422808600000038,2026-02-24T21:00:00.184222Z,2026-02-24T20:59:59.954447Z,2026-02-24T14:30:00.094188Z,2026-02-24T14:30:00.002299Z,0,PRESENT_NONEMPTY,2026-02-24T21:00:00Z,2026-02-24T14:30:00Z,2026-02-24,208975,SOURCE_AVAILABLE,executed_at_and_created_at_timestamp,nanoseconds_normalized_from_arrow_unit,208975
False,QQQ,NO_TEMPORAL_ANOMALY_OBSERVED,694444,694438,694444,694444,694444,694444,0,0,4.674478,0.031339,0.068782,0.17139324999999989,0.5624116999999995,2026-02-24T21:00:00.416414Z,2026-02-24T20:59:59.728566Z,2026-02-24T14:30:00.067373Z,2026-02-24T14:30:00.002815Z,0,PRESENT_NONEMPTY,2026-02-24T21:00:00Z,2026-02-24T14:30:00Z,2026-02-24,694444,SOURCE_AVAILABLE,executed_at_and_created_at_timestamp,nanoseconds_normalized_from_arrow_unit,694444
False,SPY,NO_TEMPORAL_ANOMALY_OBSERVED,1200349,1200338,1200349,1200349,1200349,1200349,0,0,3.424719,0.030926,0.068818,0.11649759999999987,0.1885022000000002,2026-02-24T21:00:00.161553Z,2026-02-24T20:59:59.984515Z,2026-02-24T14:30:00.070014Z,2026-02-24T14:30:00.002307Z,0,PRESENT_NONEMPTY,2026-02-24T21:00:00Z,2026-02-24T14:30:00Z,2026-02-24,1200349,SOURCE_AVAILABLE,executed_at_and_created_at_timestamp,nanoseconds_normalized_from_arrow_unit,1200349
False,TSLA,NO_TEMPORAL_ANOMALY_OBSERVED,408644,408638,408644,408644,408644,408644,0,0,1.560933,0.03123,0.0665205,0.09410684999999998,0.12432785000000003,2026-02-24T21:00:00.074853Z,2026-02-24T20:59:59.996453Z,2026-02-24T14:30:00.072595Z,2026-02-24T14:30:00.002339Z,0,PRESENT_NONEMPTY,2026-02-24T21:00:00Z,2026-02-24T14:30:00Z,2026-02-24,408644,SOURCE_AVAILABLE,executed_at_and_created_at_timestamp,nanoseconds_normalized_from_arrow_unit,408644
False,AAPL,NO_TEMPORAL_ANOMALY_OBSERVED,134173,134172,134173,134173,134173,134173,0,0,6.334002,0.031532,0.066479,0.10971979999999995,0.7154607199999884,2026-02-25T21:00:00.080247Z,2026-02-25T20:59:59.991275Z,2026-02-25T14:30:00.123337Z,2026-02-25T14:30:00.012712Z,0,PRESENT_NONEMPTY,2026-02-25T21:00:00Z,2026-02-25T14:30:00Z,2026-02-25,134173,SOURCE_AVAILABLE,executed_at_and_created_at_timestamp,nanoseconds_normalized_from_arrow_unit,134173
False,AMZN,NO_TEMPORAL_ANOMALY_OBSERVED,112191,112191,112191,112191,112191,112191,0,0,12.135959,0.030984,0.066501,0.112094,2.48198,2026-02-25T20:59:59.622332Z,2026-02-25T20:59:59.538588Z,2026-02-25T14:30:00.094379Z,2026-02-25T14:30:00.002352Z,0,PRESENT_NONEMPTY,2026-02-25T21:00:00Z,2026-02-25T14:30:00Z,2026-02-25,112191,SOURCE_AVAILABLE,executed_at_and_created_at_timestamp,nanoseconds_normalized_from_arrow_unit,112191
False,META,NO_TEMPORAL_ANOMALY_OBSERVED,121307,121301,121307,121307,121307,121307,0,0,29.86853,0.03161,0.068609,0.1454811,2.277801600000001,2026-02-25T21:00:00.711501Z,2026-02-25T20:59:59.920729Z,2026-02-25T14:30:00.128776Z,2026-02-25T14:30:00.004229Z,0,PRESENT_NONEMPTY,2026-02-25T21:00:00Z,2026-02-25T14:30:00Z,2026-02-25,121307,SOURCE_AVAILABLE,executed_at_and_created_at_timestamp,nanoseconds_normalized_from_arrow_unit,121307
False,MSFT,NO_TEMPORAL_ANOMALY_OBSERVED,190606,190605,190606,190606,190606,190606,0,0,29.871289,0.032145,0.069617,0.186297,2.925415750000015,2026-02-25T21:00:00.341343Z,2026-02-25T20:59:59.484446Z,2026-02-25T14:30:00.068866Z,2026-02-25T14:30:00.014496Z,0,PRESENT_NONEMPTY,2026-02-25T21:00:00Z,2026-02-25T14:30:00Z,2026-02-25,190606,SOURCE_AVAILABLE,executed_at_and_created_at_timestamp,nanoseconds_normalized_from_arrow_unit,190606
False,NVDA,NO_TEMPORAL_ANOMALY_OBSERVED,455983,455962,455983,455983,455983,455983,0,0,4.162459,0.030813,0.068214,0.122571,0.6133169199999986,2026-02-25T21:00:00.125067Z,2026-02-25T20:59:59.986858Z,2026-02-25T14:30:00.096894Z,2026-02-25T14:30:00.002662Z,0,PRESENT_NONEMPTY,2026-02-25T21:00:00Z,2026-02-25T14:30:00Z,2026-02-25,455983,SOURCE_AVAILABLE,executed_at_and_created_at_timestamp,nanoseconds_normalized_from_arrow_unit,455983
False,QQQ,NO_TEMPORAL_ANOMALY_OBSERVED,574656,574641,574656,574656,574656,574656,0,0,5.969092,0.030107,0.067492,0.132301,0.5744830499999996,2026-02-25T21:00:00.273533Z,2026-02-25T20:59:59.995912Z,2026-02-25T14:30:00.066880Z,2026-02-25T14:30:00.002310Z,0,PRESENT_NONEMPTY,2026-02-25T21:00:00Z,2026-02-25T14:30:00Z,2026-02-25,574656,SOURCE_AVAILABLE,executed_at_and_created_at_timestamp,nanoseconds_normalized_from_arrow_unit,574656
False,SPY,NO_TEMPORAL_ANOMALY_OBSERVED,918913,918913,918913,918913,918913,918913,0,0,3.662659,0.031138,0.067166,0.1076623999999999,0.20993448000000012,2026-02-25T20:59:59.997361Z,2026-02-25T20:59:59.913335Z,2026-02-25T14:30:00.070603Z,2026-02-25T14:30:00.002387Z,0,PRESENT_NONEMPTY,2026-02-25T21:00:00Z,2026-02-25T14:30:00Z,2026-02-25,918913,SOURCE_AVAILABLE,executed_at_and_created_at_timestamp,nanoseconds_normalized_from_arrow_unit,918913
False,TSLA,NO_TEMPORAL_ANOMALY_OBSERVED,448609,448604,448609,448609,448609,448609,0,0,5.327602,0.031061,0.066982,0.095331,0.1235985199999999,2026-02-25T21:00:00.021277Z,2026-02-25T20:59:59.959799Z,2026-02-25T14:30:00.071946Z,2026-02-25T14:30:00.002477Z,0,PRESENT_NONEMPTY,2026-02-25T21:00:00Z,2026-02-25T14:30:00Z,2026-02-25,448609,SOURCE_AVAILABLE,executed_at_and_created_at_timestamp,nanoseconds_normalized_from_arrow_unit,448609
False,AAPL,NO_TEMPORAL_ANOMALY_OBSERVED,108352,108352,108352,108352,108352,108352,0,0,8.125502,0.031572,0.06645,0.10234414999999998,0.7080698600000184,2026-02-26T20:59:59.989543Z,2026-02-26T20:59:59.915060Z,2026-02-26T14:30:00.097110Z,2026-02-26T14:30:00.004161Z,0,PRESENT_NONEMPTY,2026-02-26T21:00:00Z,2026-02-26T14:30:00Z,2026-02-26,108352,SOURCE_AVAILABLE,executed_at_and_created_at_timestamp,nanoseconds_normalized_from_arrow_unit,108352
False,AMZN,NO_TEMPORAL_ANOMALY_OBSERVED,107374,107374,107374,107374,107374,107374,0,0,90.181422,0.031585,0.0676945,0.1108478499999999,2.009993600000003,2026-02-26T20:59:59.863201Z,2026-02-26T20:59:59.801459Z,2026-02-26T14:30:00.184446Z,2026-02-26T14:30:00.004716Z,0,PRESENT_NONEMPTY,2026-02-26T21:00:00Z,2026-02-26T14:30:00Z,2026-02-26,107374,SOURCE_AVAILABLE,executed_at_and_created_at_timestamp,nanoseconds_normalized_from_arrow_unit,107374
False,META,NO_TEMPORAL_ANOMALY_OBSERVED,91949,91944,91949,91949,91949,91949,0,0,37.519781,0.031949,0.070981,0.19760279999999997,2.170311,2026-02-26T21:00:00.693378Z,2026-02-26T20:59:59.938442Z,2026-02-26T14:30:00.515409Z,2026-02-26T14:30:00.364453Z,0,PRESENT_NONEMPTY,2026-02-26T21:00:00Z,2026-02-26T14:30:00Z,2026-02-26,91949,SOURCE_AVAILABLE,executed_at_and_created_at_timestamp,nanoseconds_normalized_from_arrow_unit,91949
False,MSFT,NO_TEMPORAL_ANOMALY_OBSERVED,136832,136823,136832,136832,136832,136832,0,0,37.55088,0.031521,0.0737105,1.1314992499999998,26.521045,2026-02-26T21:00:00.510270Z,2026-02-26T20:59:59.829144Z,2026-02-26T14:30:00.069370Z,2026-02-26T14:30:00.007627Z,0,PRESENT_NONEMPTY,2026-02-26T21:00:00Z,2026-02-26T14:30:00Z,2026-02-26,136832,SOURCE_AVAILABLE,executed_at_and_created_at_timestamp,nanoseconds_normalized_from_arrow_unit,136832
False,NVDA,NO_TEMPORAL_ANOMALY_OBSERVED,755464,755458,755464,755464,755464,755464,0,0,41.086721,0.031328,0.075521,1.3751983499999993,2.8037335,2026-02-26T21:00:00.380159Z,2026-02-26T20:59:59.974453Z,2026-02-26T14:30:00.067329Z,2026-02-26T14:30:00.002315Z,0,PRESENT_NONEMPTY,2026-02-26T21:00:00Z,2026-02-26T14:30:00Z,2026-02-26,755464,SOURCE_AVAILABLE,executed_at_and_created_at_timestamp,nanoseconds_normalized_from_arrow_unit,755464
False,QQQ,NO_TEMPORAL_ANOMALY_OBSERVED,823318,823303,823318,823318,823318,823318,0,0,290.608764,0.030299,0.073274,0.5391634499999979,2.487306849999996,2026-02-26T21:00:00.725937Z,2026-02-26T20:59:59.932245Z,2026-02-26T14:30:00.067329Z,2026-02-26T14:30:00.002250Z,0,PRESENT_NONEMPTY,2026-02-26T21:00:00Z,2026-02-26T14:30:00Z,2026-02-26,823318,SOURCE_AVAILABLE,executed_at_and_created_at_timestamp,nanoseconds_normalized_from_arrow_unit,823318
False,SPY,NO_TEMPORAL_ANOMALY_OBSERVED,1317100,1317097,1317100,1317100,1317100,1317100,0,0,24.598381,0.030593,0.071788,0.17233310000000007,0.412419,2026-02-26T21:00:00.079988Z,2026-02-26T20:59:59.991620Z,2026-02-26T14:30:00.068978Z,2026-02-26T14:30:00.002246Z,0,PRESENT_NONEMPTY,2026-02-26T21:00:00Z,2026-02-26T14:30:00Z,2026-02-26,1317100,SOURCE_AVAILABLE,executed_at_and_created_at_timestamp,nanoseconds_normalized_from_arrow_unit,1317100
False,TSLA,NO_TEMPORAL_ANOMALY_OBSERVED,361156,361156,361156,361156,361156,361156,0,0,61.831657,0.030095,0.066256,0.09876475,0.1737218000000012,2026-02-26T20:59:59.661411Z,2026-02-26T20:59:59.591099Z,2026-02-26T14:30:00.067283Z,2026-02-26T14:30:00.002754Z,0,PRESENT_NONEMPTY,2026-02-26T21:00:00Z,2026-02-26T14:30:00Z,2026-02-26,361156,SOURCE_AVAILABLE,executed_at_and_created_at_timestamp,nanoseconds_normalized_from_arrow_unit,361156
False,AAPL,NO_TEMPORAL_ANOMALY_OBSERVED,159574,159573,159574,159574,159574,159574,0,0,16.653952,0.031669,0.067537,0.11250470000000001,0.3499856999999999,2026-02-27T21:00:00.020465Z,2026-02-27T20:59:59.958692Z,2026-02-27T14:30:00.096442Z,2026-02-27T14:30:00.003042Z,0,PRESENT_NONEMPTY,2026-02-27T21:00:00Z,2026-02-27T14:30:00Z,2026-02-27,159574,SOURCE_AVAILABLE,executed_at_and_created_at_timestamp,nanoseconds_normalized_from_arrow_unit,159574
False,AMZN,NO_TEMPORAL_ANOMALY_OBSERVED,133577,133577,133577,133577,133577,133577,0,0,8.419208,0.031565,0.06753,0.11431439999999995,0.30283659999999707,2026-02-27T20:59:59.945005Z,2026-02-27T20:59:59.854275Z,2026-02-27T14:30:00.180939Z,2026-02-27T14:30:00.002333Z,0,PRESENT_NONEMPTY,2026-02-27T21:00:00Z,2026-02-27T14:30:00Z,2026-02-27,133577,SOURCE_AVAILABLE,executed_at_and_created_at_timestamp,nanoseconds_normalized_from_arrow_unit,133577
False,META,NO_TEMPORAL_ANOMALY_OBSERVED,120130,120068,120130,120130,120130,120130,0,0,17.718414,0.031995,0.069619,0.1700988999999998,2.6210864499999715,2026-02-27T21:00:05.741649Z,2026-02-27T20:59:59.951742Z,2026-02-27T14:30:00.094102Z,2026-02-27T14:30:00.002957Z,0,PRESENT_NONEMPTY,2026-02-27T21:00:00Z,2026-02-27T14:30:00Z,2026-02-27,120130,SOURCE_AVAILABLE,executed_at_and_created_at_timestamp,nanoseconds_normalized_from_arrow_unit,120130
False,MSFT,NO_TEMPORAL_ANOMALY_OBSERVED,131788,131717,131788,131788,131788,131788,0,0,17.789035,0.031579,0.071087,0.42237589999999775,3.11288899,2026-02-27T21:00:05.327913Z,2026-02-27T20:59:59.879944Z,2026-02-27T14:30:00.094102Z,2026-02-27T14:30:00.014492Z,0,PRESENT_NONEMPTY,2026-02-27T21:00:00Z,2026-02-27T14:30:00Z,2026-02-27,131788,SOURCE_AVAILABLE,executed_at_and_created_at_timestamp,nanoseconds_normalized_from_arrow_unit,131788
False,NVDA,NO_TEMPORAL_ANOMALY_OBSERVED,585956,585880,585956,585956,585956,585956,0,0,12.956525,0.031499,0.071513,0.30326699999999995,2.0074707499999995,2026-02-27T21:00:01.528978Z,2026-02-27T20:59:59.968403Z,2026-02-27T14:30:00.095965Z,2026-02-27T14:30:00.002457Z,0,PRESENT_NONEMPTY,2026-02-27T21:00:00Z,2026-02-27T14:30:00Z,2026-02-27,585956,SOURCE_AVAILABLE,executed_at_and_created_at_timestamp,nanoseconds_normalized_from_arrow_unit,585956
False,QQQ,NO_TEMPORAL_ANOMALY_OBSERVED,757169,757119,757169,757169,757169,757169,0,0,103.03501,0.030216,0.069162,0.3874089999999999,2.8914676399999872,2026-02-27T21:00:02.163830Z,2026-02-27T20:59:59.617871Z,2026-02-27T14:30:00.070410Z,2026-02-27T14:30:00.002317Z,0,PRESENT_NONEMPTY,2026-02-27T21:00:00Z,2026-02-27T14:30:00Z,2026-02-27,757169,SOURCE_AVAILABLE,executed_at_and_created_at_timestamp,nanoseconds_normalized_from_arrow_unit,757169
False,SPY,NO_TEMPORAL_ANOMALY_OBSERVED,1206197,1206192,1206197,1206197,1206197,1206197,0,0,10.490666,0.030999,0.068837,0.11564919999999995,0.20162632000000216,2026-02-27T21:00:00.068304Z,2026-02-27T20:59:59.999896Z,2026-02-27T14:30:00.068441Z,2026-02-27T14:30:00.002445Z,0,PRESENT_NONEMPTY,2026-02-27T21:00:00Z,2026-02-27T14:30:00Z,2026-02-27,1206197,SOURCE_AVAILABLE,executed_at_and_created_at_timestamp,nanoseconds_normalized_from_arrow_unit,1206197
False,TSLA,NO_TEMPORAL_ANOMALY_OBSERVED,494804,494801,494804,494804,494804,494804,0,0,2.61942,0.030695,0.06573,0.094307,0.12489866999999968,2026-02-27T21:00:00.059671Z,2026-02-27T20:59:59.991132Z,2026-02-27T14:30:00.068082Z,2026-02-27T14:30:00.002414Z,0,PRESENT_NONEMPTY,2026-02-27T21:00:00Z,2026-02-27T14:30:00Z,2026-02-27,494804,SOURCE_AVAILABLE,executed_at_and_created_at_timestamp,nanoseconds_normalized_from_arrow_unit,494804
False,AAPL,NO_TEMPORAL_ANOMALY_OBSERVED,126697,126697,126697,126697,126697,126697,0,0,14.460889,0.031635,0.068453,0.1256754,2.5728776799999666,2026-03-02T20:59:59.904604Z,2026-03-02T20:59:59.839372Z,2026-03-02T14:30:00.124887Z,2026-03-02T14:30:00.007321Z,0,PRESENT_NONEMPTY,2026-03-02T21:00:00Z,2026-03-02T14:30:00Z,2026-03-02,126697,SOURCE_AVAILABLE,executed_at_and_created_at_timestamp,nanoseconds_normalized_from_arrow_unit,126697
False,AMZN,NO_TEMPORAL_ANOMALY_OBSERVED,102954,102954,102954,102954,102954,102954,0,0,3.448179,0.031791,0.0701675,0.12961535,1.8567607400000024,2026-03-02T20:59:59.970041Z,2026-03-02T20:59:59.900737Z,2026-03-02T14:30:00.095500Z,2026-03-02T14:30:00.004595Z,0,PRESENT_NONEMPTY,2026-03-02T21:00:00Z,2026-03-02T14:30:00Z,2026-03-02,102954,SOURCE_AVAILABLE,executed_at_and_created_at_timestamp,nanoseconds_normalized_from_arrow_unit,102954
False,META,NO_TEMPORAL_ANOMALY_OBSERVED,114081,114081,114081,114081,114081,114081,0,0,17.941611,0.031154,0.069084,0.434077,2.4494928,2026-03-02T20:59:59.164105Z,2026-03-02T20:59:58.862142Z,2026-03-02T14:30:00.154354Z,2026-03-02T14:30:00.056140Z,0,PRESENT_NONEMPTY,2026-03-02T21:00:00Z,2026-03-02T14:30:00Z,2026-03-02,114081,SOURCE_AVAILABLE,executed_at_and_created_at_timestamp,nanoseconds_normalized_from_arrow_unit,114081
False,MSFT,NO_TEMPORAL_ANOMALY_OBSERVED,131581,131579,131581,131581,131581,131581,0,0,18.726502,0.03234,0.078002,2.102548,7.4442698,2026-03-02T21:00:00.437402Z,2026-03-02T20:59:59.637178Z,2026-03-02T14:30:00.157459Z,2026-03-02T14:30:00.021093Z,0,PRESENT_NONEMPTY,2026-03-02T21:00:00Z,2026-03-02T14:30:00Z,2026-03-02,131581,SOURCE_AVAILABLE,executed_at_and_created_at_timestamp,nanoseconds_normalized_from_arrow_unit,131581
False,NVDA,NO_TEMPORAL_ANOMALY_OBSERVED,394622,394608,394622,394622,394622,394622,0,0,17.083274,0.030709,0.073136,2.0521775499999975,10.797866479999932,2026-03-02T21:00:00.883973Z,2026-03-02T20:59:59.996550Z,2026-03-02T14:30:00.097013Z,2026-03-02T14:30:00.004087Z,0,PRESENT_NONEMPTY,2026-03-02T21:00:00Z,2026-03-02T14:30:00Z,2026-03-02,394622,SOURCE_AVAILABLE,executed_at_and_created_at_timestamp,nanoseconds_normalized_from_arrow_unit,394622
False,QQQ,NO_TEMPORAL_ANOMALY_OBSERVED,789812,789783,789812,789812,789812,789812,0,0,5.977089,0.031101,0.070112,0.207108,2.33249034,2026-03-02T21:00:00.988899Z,2026-03-02T20:59:59.979945Z,2026-03-02T14:30:00.066029Z,2026-03-02T14:30:00.002780Z,0,PRESENT_NONEMPTY,2026-03-02T21:00:00Z,2026-03-02T14:30:00Z,2026-03-02,789812,SOURCE_AVAILABLE,executed_at_and_created_at_timestamp,nanoseconds_normalized_from_arrow_unit,789812
False,SPY,NO_TEMPORAL_ANOMALY_OBSERVED,1374657,1374488,1374657,1374657,1374657,1374657,0,0,5.671324,0.031409,0.084126,0.5404213999999994,1.712162839999998,2026-03-02T21:00:02.563166Z,2026-03-02T20:59:59.991163Z,2026-03-02T14:30:00.067840Z,2026-03-02T14:30:00.002996Z,0,PRESENT_NONEMPTY,2026-03-02T21:00:00Z,2026-03-02T14:30:00Z,2026-03-02,1374657,SOURCE_AVAILABLE,executed_at_and_created_at_timestamp,nanoseconds_normalized_from_arrow_unit,1374657
False,TSLA,NO_TEMPORAL_ANOMALY_OBSERVED,434635,434629,434635,434635,434635,434635,0,0,3.675944,0.031004,0.067047,0.10542889999999996,0.19270097999999994,2026-03-02T21:00:00.048131Z,2026-03-02T20:59:59.976689Z,2026-03-02T14:30:00.158490Z,2026-03-02T14:30:00.004251Z,0,PRESENT_NONEMPTY,2026-03-02T21:00:00Z,2026-03-02T14:30:00Z,2026-03-02,434635,SOURCE_AVAILABLE,executed_at_and_created_at_timestamp,nanoseconds_normalized_from_arrow_unit,434635
False,AAPL,NO_TEMPORAL_ANOMALY_OBSERVED,117986,117985,117986,117986,117986,117986,0,0,11.939506,0.031633,0.069162,0.130003,0.5319975499999956,2026-03-03T21:00:00.016152Z,2026-03-03T20:59:59.935583Z,2026-03-03T14:30:00.095132Z,2026-03-03T14:30:00.019138Z,0,PRESENT_NONEMPTY,2026-03-03T21:00:00Z,2026-03-03T14:30:00Z,2026-03-03,117986,SOURCE_AVAILABLE,executed_at_and_created_at_timestamp,nanoseconds_normalized_from_arrow_unit,117986
False,AMZN,NO_TEMPORAL_ANOMALY_OBSERVED,107867,107866,107867,107867,107867,107867,0,0,8.615884,0.032023,0.070243,0.13903049999999997,1.5067564999999998,2026-03-03T21:00:00.016152Z,2026-03-03T20:59:59.921651Z,2026-03-03T14:30:00.159888Z,2026-03-03T14:30:00.004994Z,0,PRESENT_NONEMPTY,2026-03-03T21:00:00Z,2026-03-03T14:30:00Z,2026-03-03,107867,SOURCE_AVAILABLE,executed_at_and_created_at_timestamp,nanoseconds_normalized_from_arrow_unit,107867
False,META,NO_TEMPORAL_ANOMALY_OBSERVED,103259,103251,103259,103259,103259,103259,0,0,17.703216,0.030576,0.07063,0.37196129999999905,1.8901086399999976,2026-03-03T21:00:02.988740Z,2026-03-03T20:59:59.853559Z,2026-03-03T14:30:00.068325Z,2026-03-03T14:30:00.003007Z,0,PRESENT_NONEMPTY,2026-03-03T21:00:00Z,2026-03-03T14:30:00Z,2026-03-03,103259,SOURCE_AVAILABLE,executed_at_and_created_at_timestamp,nanoseconds_normalized_from_arrow_unit,103259
False,MSFT,NO_TEMPORAL_ANOMALY_OBSERVED,123181,123141,123181,123181,123181,123181,0,0,13.297682,0.03161,0.077725,0.637388,2.3187865999999997,2026-03-03T21:00:03.786846Z,2026-03-03T20:59:59.939693Z,2026-03-03T14:30:00.122319Z,2026-03-03T14:30:00.020202Z,0,PRESENT_NONEMPTY,2026-03-03T21:00:00Z,2026-03-03T14:30:00Z,2026-03-03,123181,SOURCE_AVAILABLE,executed_at_and_created_at_timestamp,nanoseconds_normalized_from_arrow_unit,123181
False,NVDA,NO_TEMPORAL_ANOMALY_OBSERVED,284877,284834,284877,284877,284877,284877,0,0,9.213386,0.031691,0.07205,0.46742740000000055,2.1620330399999963,2026-03-03T21:00:03.302967Z,2026-03-03T20:59:59.916189Z,2026-03-03T14:30:00.095413Z,2026-03-03T14:30:00.002789Z,0,PRESENT_NONEMPTY,2026-03-03T21:00:00Z,2026-03-03T14:30:00Z,2026-03-03,284877,SOURCE_AVAILABLE,executed_at_and_created_at_timestamp,nanoseconds_normalized_from_arrow_unit,284877
False,QQQ,NO_TEMPORAL_ANOMALY_OBSERVED,917058,917038,917058,917058,917058,917058,0,0,6.08148,0.029934,0.071729,0.2459514499999997,2.4309992399999825,2026-03-03T21:00:02.050694Z,2026-03-03T20:59:59.992410Z,2026-03-03T14:30:00.067709Z,2026-03-03T14:30:00.002717Z,0,PRESENT_NONEMPTY,2026-03-03T21:00:00Z,2026-03-03T14:30:00Z,2026-03-03,917058,SOURCE_AVAILABLE,executed_at_and_created_at_timestamp,nanoseconds_normalized_from_arrow_unit,917058
False,SPY,NO_TEMPORAL_ANOMALY_OBSERVED,1717851,1717599,1717851,1717851,1717851,1717851,0,0,11.71982,0.031218,0.13215,2.000828,2.4889875000000004,2026-03-03T21:00:03.490975Z,2026-03-03T20:59:59.996269Z,2026-03-03T14:30:00.067147Z,2026-03-03T14:30:00.002872Z,0,PRESENT_NONEMPTY,2026-03-03T21:00:00Z,2026-03-03T14:30:00Z,2026-03-03,1717851,SOURCE_AVAILABLE,executed_at_and_created_at_timestamp,nanoseconds_normalized_from_arrow_unit,1717851
False,TSLA,NO_TEMPORAL_ANOMALY_OBSERVED,412912,412910,412912,412912,412912,412912,0,0,5.224427,0.029991,0.066524,0.1044918999999999,0.16718224000000023,2026-03-03T21:00:00.052617Z,2026-03-03T20:59:59.984797Z,2026-03-03T14:30:00.070224Z,2026-03-03T14:30:00.002707Z,0,PRESENT_NONEMPTY,2026-03-03T21:00:00Z,2026-03-03T14:30:00Z,2026-03-03,412912,SOURCE_AVAILABLE,executed_at_and_created_at_timestamp,nanoseconds_normalized_from_arrow_unit,412912
False,AAPL,NO_TEMPORAL_ANOMALY_OBSERVED,131207,131204,131207,131207,131207,131207,0,0,47.959823,0.031704,0.070856,1.203920299999999,40.386999400000015,2026-03-04T21:00:00.120329Z,2026-03-04T20:59:59.886601Z,2026-03-04T14:30:00.095450Z,2026-03-04T14:30:00.004499Z,0,PRESENT_NONEMPTY,2026-03-04T21:00:00Z,2026-03-04T14:30:00Z,2026-03-04,131207,SOURCE_AVAILABLE,executed_at_and_created_at_timestamp,nanoseconds_normalized_from_arrow_unit,131207
False,AMZN,NO_TEMPORAL_ANOMALY_OBSERVED,202239,202234,202239,202239,202239,202239,0,0,8.412712,0.03097,0.073122,1.416005,3.5332590799999988,2026-03-04T21:00:00.212321Z,2026-03-04T20:59:59.983503Z,2026-03-04T14:30:00.174379Z,2026-03-04T14:30:00.004136Z,0,PRESENT_NONEMPTY,2026-03-04T21:00:00Z,2026-03-04T14:30:00Z,2026-03-04,202239,SOURCE_AVAILABLE,executed_at_and_created_at_timestamp,nanoseconds_normalized_from_arrow_unit,202239
False,META,NO_TEMPORAL_ANOMALY_OBSERVED,132884,132876,132884,132884,132884,132884,0,0,46.009391,0.031568,0.06949,1.4957220499999995,3.675685550000014,2026-03-04T21:00:01.197693Z,2026-03-04T20:59:59.999191Z,2026-03-04T14:30:00.128550Z,2026-03-04T14:30:00.002384Z,0,PRESENT_NONEMPTY,2026-03-04T21:00:00Z,2026-03-04T14:30:00Z,2026-03-04,132884,SOURCE_AVAILABLE,executed_at_and_created_at_timestamp,nanoseconds_normalized_from_arrow_unit,132884
False,MSFT,NO_TEMPORAL_ANOMALY_OBSERVED,150521,150500,150521,150521,150521,150521,0,0,105.846695,0.032106,0.07566,2.263947,35.541415799999996,2026-03-04T21:00:01.197693Z,2026-03-04T20:59:59.977001Z,2026-03-04T14:30:00.128550Z,2026-03-04T14:30:00.034299Z,0,PRESENT_NONEMPTY,2026-03-04T21:00:00Z,2026-03-04T14:30:00Z,2026-03-04,150521,SOURCE_AVAILABLE,executed_at_and_created_at_timestamp,nanoseconds_normalized_from_arrow_unit,150521
False,NVDA,NO_TEMPORAL_ANOMALY_OBSERVED,338200,338175,338200,338200,338200,338200,0,0,61.636111,0.032272,0.072732,2.2638222499999987,42.605271930000306,2026-03-04T21:00:01.197693Z,2026-03-04T20:59:59.999576Z,2026-03-04T14:30:00.128550Z,2026-03-04T14:30:00.002464Z,0,PRESENT_NONEMPTY,2026-03-04T21:00:00Z,2026-03-04T14:30:00Z,2026-03-04,338200,SOURCE_AVAILABLE,executed_at_and_created_at_timestamp,nanoseconds_normalized_from_arrow_unit,338200
False,QQQ,NO_TEMPORAL_ANOMALY_OBSERVED,778046,777932,778046,778046,778046,778046,0,0,61.932722,0.030808,0.071569,1.1056775,3.8639627500000104,2026-03-04T21:00:01.483787Z,2026-03-04T20:59:59.999924Z,2026-03-04T14:30:00.098425Z,2026-03-04T14:30:00.002579Z,0,PRESENT_NONEMPTY,2026-03-04T21:00:00Z,2026-03-04T14:30:00Z,2026-03-04,778046,SOURCE_AVAILABLE,executed_at_and_created_at_timestamp,nanoseconds_normalized_from_arrow_unit,778046
False,SPY,NO_TEMPORAL_ANOMALY_OBSERVED,1303578,1302730,1303578,1303578,1303578,1303578,0,0,91.875862,0.030245,0.119424,2.7311417999999987,60.434804299999996,2026-03-04T21:00:03.084716Z,2026-03-04T20:59:59.999736Z,2026-03-04T14:30:00.097807Z,2026-03-04T14:30:00.002760Z,0,PRESENT_NONEMPTY,2026-03-04T21:00:00Z,2026-03-04T14:30:00Z,2026-03-04,1303578,SOURCE_AVAILABLE,executed_at_and_created_at_timestamp,nanoseconds_normalized_from_arrow_unit,1303578
False,TSLA,NO_TEMPORAL_ANOMALY_OBSERVED,526480,526439,526480,526480,526480,526480,0,0,3.995379,0.030829,0.067117,0.107344,0.15795731000000024,2026-03-04T21:00:00.042890Z,2026-03-04T20:59:59.994208Z,2026-03-04T14:30:00.065396Z,2026-03-04T14:30:00.002308Z,0,PRESENT_NONEMPTY,2026-03-04T21:00:00Z,2026-03-04T14:30:00Z,2026-03-04,526480,SOURCE_AVAILABLE,executed_at_and_created_at_timestamp,nanoseconds_normalized_from_arrow_unit,526480
False,AAPL,NO_TEMPORAL_ANOMALY_OBSERVED,152858,152858,152858,152858,152858,152858,0,0,29.840053,0.032244,0.0692,0.1491829999999999,17.713213309999933,2026-03-05T20:59:59.783180Z,2026-03-05T20:59:59.709623Z,2026-03-05T14:30:00.167293Z,2026-03-05T14:30:00.002427Z,0,PRESENT_NONEMPTY,2026-03-05T21:00:00Z,2026-03-05T14:30:00Z,2026-03-05,152858,SOURCE_AVAILABLE,executed_at_and_created_at_timestamp,nanoseconds_normalized_from_arrow_unit,152858
False,AMZN,NO_TEMPORAL_ANOMALY_OBSERVED,168452,168452,168452,168452,168452,168452,0,0,17.757457,0.031552,0.070649,0.21654609999999935,6.470724039999965,2026-03-05T20:59:59.979907Z,2026-03-05T20:59:59.898999Z,2026-03-05T14:30:00.167293Z,2026-03-05T14:30:00.002944Z,0,PRESENT_NONEMPTY,2026-03-05T21:00:00Z,2026-03-05T14:30:00Z,2026-03-05,168452,SOURCE_AVAILABLE,executed_at_and_created_at_timestamp,nanoseconds_normalized_from_arrow_unit,168452
False,META,NO_TEMPORAL_ANOMALY_OBSERVED,107172,107164,107172,107172,107172,107172,0,0,17.225464,0.030851,0.070559,0.34916574999999994,2.0506457499999993,2026-03-05T21:00:00.901369Z,2026-03-05T20:59:59.814852Z,2026-03-05T14:30:00.092995Z,2026-03-05T14:30:00.006424Z,0,PRESENT_NONEMPTY,2026-03-05T21:00:00Z,2026-03-05T14:30:00Z,2026-03-05,107172,SOURCE_AVAILABLE,executed_at_and_created_at_timestamp,nanoseconds_normalized_from_arrow_unit,107172
False,MSFT,NO_TEMPORAL_ANOMALY_OBSERVED,128487,128476,128487,128487,128487,128487,0,0,17.671252,0.03231,0.0805,0.7754207999999999,2.4797047599999997,2026-03-05T21:00:01.070032Z,2026-03-05T20:59:59.986830Z,2026-03-05T14:30:00.238426Z,2026-03-05T14:30:00.082845Z,0,PRESENT_NONEMPTY,2026-03-05T21:00:00Z,2026-03-05T14:30:00Z,2026-03-05,128487,SOURCE_AVAILABLE,executed_at_and_created_at_timestamp,nanoseconds_normalized_from_arrow_unit,128487
False,NVDA,NO_TEMPORAL_ANOMALY_OBSERVED,333386,333374,333386,333386,333386,333386,0,0,14.19004,0.031177,0.072856,0.47101424999999997,2.313584450000015,2026-03-05T21:00:00.990748Z,2026-03-05T20:59:59.900623Z,2026-03-05T14:30:00.098348Z,2026-03-05T14:30:00.002477Z,0,PRESENT_NONEMPTY,2026-03-05T21:00:00Z,2026-03-05T14:30:00Z,2026-03-05,333386,SOURCE_AVAILABLE,executed_at_and_created_at_timestamp,nanoseconds_normalized_from_arrow_unit,333386
False,QQQ,NO_TEMPORAL_ANOMALY_OBSERVED,953318,953274,953318,953318,953318,953318,0,0,5.765566,0.030578,0.074927,0.391308,2.5414473699999856,2026-03-05T21:00:01.988376Z,2026-03-05T20:59:59.985795Z,2026-03-05T14:30:00.071033Z,2026-03-05T14:30:00.002343Z,0,PRESENT_NONEMPTY,2026-03-05T21:00:00Z,2026-03-05T14:30:00Z,2026-03-05,953318,SOURCE_AVAILABLE,executed_at_and_created_at_timestamp,nanoseconds_normalized_from_arrow_unit,953318
False,SPY,NO_TEMPORAL_ANOMALY_OBSERVED,1681900,1681404,1681900,1681900,1681900,1681900,0,0,11.373,0.031702,0.162294,2.1893184999999984,2.7879903600000007,2026-03-05T21:00:07.822907Z,2026-03-05T20:59:59.973770Z,2026-03-05T14:30:00.098945Z,2026-03-05T14:30:00.002381Z,0,PRESENT_NONEMPTY,2026-03-05T21:00:00Z,2026-03-05T14:30:00Z,2026-03-05,1681900,SOURCE_AVAILABLE,executed_at_and_created_at_timestamp,nanoseconds_normalized_from_arrow_unit,1681900
False,TSLA,NO_TEMPORAL_ANOMALY_OBSERVED,396905,396902,396905,396905,396905,396905,0,0,3.530377,0.029659,0.065849,0.0988208,0.139905,2026-03-05T21:00:00.051504Z,2026-03-05T20:59:59.985310Z,2026-03-05T14:30:00.068382Z,2026-03-05T14:30:00.002536Z,0,PRESENT_NONEMPTY,2026-03-05T21:00:00Z,2026-03-05T14:30:00Z,2026-03-05,396905,SOURCE_AVAILABLE,executed_at_and_created_at_timestamp,nanoseconds_normalized_from_arrow_unit,396905
False,AAPL,NO_TEMPORAL_ANOMALY_OBSERVED,135322,135322,135322,135322,135322,135322,0,0,7.761307,0.030904,0.0679625,0.11660159999999997,1.7770791300007567,2026-03-06T20:59:59.701576Z,2026-03-06T20:59:59.617385Z,2026-03-06T14:30:00.161480Z,2026-03-06T14:30:00.057523Z,0,PRESENT_NONEMPTY,2026-03-06T21:00:00Z,2026-03-06T14:30:00Z,2026-03-06,135322,SOURCE_AVAILABLE,executed_at_and_created_at_timestamp,nanoseconds_normalized_from_arrow_unit,135322
False,AMZN,NO_TEMPORAL_ANOMALY_OBSERVED,138751,138749,138751,138751,138751,138751,0,0,14.499975,0.031684,0.069933,0.1321475,2.2580549999999997,2026-03-06T21:00:00.050833Z,2026-03-06T20:59:59.976198Z,2026-03-06T14:30:00.161480Z,2026-03-06T14:30:00.037420Z,0,PRESENT_NONEMPTY,2026-03-06T21:00:00Z,2026-03-06T14:30:00Z,2026-03-06,138751,SOURCE_AVAILABLE,executed_at_and_created_at_timestamp,nanoseconds_normalized_from_arrow_unit,138751
False,META,NO_TEMPORAL_ANOMALY_OBSERVED,122375,122375,122375,122375,122375,122375,0,0,24.97915,0.031648,0.073747,2.2137909999999996,3.576997779999993,2026-03-06T20:59:59.211157Z,2026-03-06T20:59:59.148671Z,2026-03-06T14:30:00.210542Z,2026-03-06T14:30:00.076878Z,0,PRESENT_NONEMPTY,2026-03-06T21:00:00Z,2026-03-06T14:30:00Z,2026-03-06,122375,SOURCE_AVAILABLE,executed_at_and_created_at_timestamp,nanoseconds_normalized_from_arrow_unit,122375
False,MSFT,NO_TEMPORAL_ANOMALY_OBSERVED,141640,141640,141640,141640,141640,141640,0,0,25.771447,0.031604,0.087151,2.5975058499999966,5.764501749999995,2026-03-06T20:59:59.436170Z,2026-03-06T20:59:59.333166Z,2026-03-06T14:30:00.324490Z,2026-03-06T14:30:00.274574Z,0,PRESENT_NONEMPTY,2026-03-06T21:00:00Z,2026-03-06T14:30:00Z,2026-03-06,141640,SOURCE_AVAILABLE,executed_at_and_created_at_timestamp,nanoseconds_normalized_from_arrow_unit,141640
False,NVDA,NO_TEMPORAL_ANOMALY_OBSERVED,380253,380253,380253,380253,380253,380253,0,0,17.875456,0.031878,0.072876,1.423116,2.955474039999998,2026-03-06T20:59:59.956767Z,2026-03-06T20:59:59.888180Z,2026-03-06T14:30:00.067908Z,2026-03-06T14:30:00.002364Z,0,PRESENT_NONEMPTY,2026-03-06T21:00:00Z,2026-03-06T14:30:00Z,2026-03-06,380253,SOURCE_AVAILABLE,executed_at_and_created_at_timestamp,nanoseconds_normalized_from_arrow_unit,380253
False,QQQ,NO_TEMPORAL_ANOMALY_OBSERVED,840760,840737,840760,840760,840760,840760,0,0,10.188609,0.030903,0.074314,3.6178826499999976,5.087079190000002,2026-03-06T21:00:01.261727Z,2026-03-06T20:59:59.969670Z,2026-03-06T14:30:00.071554Z,2026-03-06T14:30:00.002456Z,0,PRESENT_NONEMPTY,2026-03-06T21:00:00Z,2026-03-06T14:30:00Z,2026-03-06,840760,SOURCE_AVAILABLE,executed_at_and_created_at_timestamp,nanoseconds_normalized_from_arrow_unit,840760
False,SPY,NO_TEMPORAL_ANOMALY_OBSERVED,1513376,1513026,1513376,1513376,1513376,1513376,0,0,6.365036,0.031347,0.193945,2.47568775,2.88082825,2026-03-06T21:00:02.967539Z,2026-03-06T20:59:59.984579Z,2026-03-06T14:30:00.068564Z,2026-03-06T14:30:00.002280Z,0,PRESENT_NONEMPTY,2026-03-06T21:00:00Z,2026-03-06T14:30:00Z,2026-03-06,1513376,SOURCE_AVAILABLE,executed_at_and_created_at_timestamp,nanoseconds_normalized_from_arrow_unit,1513376
False,TSLA,NO_TEMPORAL_ANOMALY_OBSERVED,529489,529489,529489,529489,529489,529489,0,0,4.502051,0.029892,0.067513,0.10545859999999997,0.16182612,2026-03-06T20:59:59.965872Z,2026-03-06T20:59:59.906644Z,2026-03-06T14:30:00.069272Z,2026-03-06T14:30:00.002340Z,0,PRESENT_NONEMPTY,2026-03-06T21:00:00Z,2026-03-06T14:30:00Z,2026-03-06,529489,SOURCE_AVAILABLE,executed_at_and_created_at_timestamp,nanoseconds_normalized_from_arrow_unit,529489
False,AAPL,NO_TEMPORAL_ANOMALY_OBSERVED,105606,105601,105606,105606,105606,105606,0,0,14.320258,0.031893,0.068224,0.129017,0.4277391499999995,2026-03-09T20:00:00.143182Z,2026-03-09T19:59:59.904531Z,2026-03-09T13:30:00.097975Z,2026-03-09T13:30:00.017925Z,0,PRESENT_NONEMPTY,2026-03-09T20:00:00Z,2026-03-09T13:30:00Z,2026-03-09,105606,SOURCE_AVAILABLE,executed_at_and_created_at_timestamp,nanoseconds_normalized_from_arrow_unit,105606
False,AMZN,NO_TEMPORAL_ANOMALY_OBSERVED,137072,137072,137072,137072,137072,137072,0,0,5.683646,0.032058,0.069298,0.1325846,0.5331505200000618,2026-03-09T19:59:59.508087Z,2026-03-09T19:59:59.365807Z,2026-03-09T13:30:00.152091Z,2026-03-09T13:30:00.074011Z,0,PRESENT_NONEMPTY,2026-03-09T20:00:00Z,2026-03-09T13:30:00Z,2026-03-09,137072,SOURCE_AVAILABLE,executed_at_and_created_at_timestamp,nanoseconds_normalized_from_arrow_unit,137072
False,META,NO_TEMPORAL_ANOMALY_OBSERVED,120150,120144,120150,120150,120150,120150,0,0,24.012337,0.031091,0.072724,0.910939,3.7093184999999997,2026-03-09T20:00:02.160498Z,2026-03-09T19:59:59.995882Z,2026-03-09T13:30:00.095485Z,2026-03-09T13:30:00.005485Z,0,PRESENT_NONEMPTY,2026-03-09T20:00:00Z,2026-03-09T13:30:00Z,2026-03-09,120150,SOURCE_AVAILABLE,executed_at_and_created_at_timestamp,nanoseconds_normalized_from_arrow_unit,120150
False,MSFT,NO_TEMPORAL_ANOMALY_OBSERVED,104501,104456,104501,104501,104501,104501,0,0,28.231996,0.032503,0.081528,2.301538,8.944569,2026-03-09T20:00:02.493162Z,2026-03-09T19:59:59.970497Z,2026-03-09T13:30:00.222477Z,2026-03-09T13:30:00.075701Z,0,PRESENT_NONEMPTY,2026-03-09T20:00:00Z,2026-03-09T13:30:00Z,2026-03-09,104501,SOURCE_AVAILABLE,executed_at_and_created_at_timestamp,nanoseconds_normalized_from_arrow_unit,104501
False,NVDA,NO_TEMPORAL_ANOMALY_OBSERVED,355078,355046,355078,355078,355078,355078,0,0,26.58428,0.032166,0.0738735,1.4460542499999973,5.73843052999995,2026-03-09T20:00:02.432039Z,2026-03-09T19:59:59.945814Z,2026-03-09T13:30:00.107083Z,2026-03-09T13:30:00.004301Z,0,PRESENT_NONEMPTY,2026-03-09T20:00:00Z,2026-03-09T13:30:00Z,2026-03-09,355078,SOURCE_AVAILABLE,executed_at_and_created_at_timestamp,nanoseconds_normalized_from_arrow_unit,355078
False,QQQ,NO_TEMPORAL_ANOMALY_OBSERVED,885405,885386,885405,885405,885405,885405,0,0,6.439933,0.031148,0.072947,0.5346355999999981,3.0142885999999987,2026-03-09T20:00:01.714753Z,2026-03-09T19:59:59.885661Z,2026-03-09T13:30:00.070607Z,2026-03-09T13:30:00.004472Z,0,PRESENT_NONEMPTY,2026-03-09T20:00:00Z,2026-03-09T13:30:00Z,2026-03-09,885405,SOURCE_AVAILABLE,executed_at_and_created_at_timestamp,nanoseconds_normalized_from_arrow_unit,885405
False,SPY,NO_TEMPORAL_ANOMALY_OBSERVED,1602751,1602647,1602751,1602751,1602751,1602751,0,0,24.538367,0.030434,0.107466,2.0672740000000003,3.4907155000000003,2026-03-09T20:00:02.083898Z,2026-03-09T19:59:59.994719Z,2026-03-09T13:30:00.070566Z,2026-03-09T13:30:00.004273Z,0,PRESENT_NONEMPTY,2026-03-09T20:00:00Z,2026-03-09T13:30:00Z,2026-03-09,1602751,SOURCE_AVAILABLE,executed_at_and_created_at_timestamp,nanoseconds_normalized_from_arrow_unit,1602751
False,TSLA,NO_TEMPORAL_ANOMALY_OBSERVED,538628,538612,538628,538628,538628,538628,0,0,8.443624,0.030715,0.068285,0.11002164999999996,0.16249083999999986,2026-03-09T20:00:00.064459Z,2026-03-09T19:59:59.940826Z,2026-03-09T13:30:00.068887Z,2026-03-09T13:30:00.005832Z,0,PRESENT_NONEMPTY,2026-03-09T20:00:00Z,2026-03-09T13:30:00Z,2026-03-09,538628,SOURCE_AVAILABLE,executed_at_and_created_at_timestamp,nanoseconds_normalized_from_arrow_unit,538628
False,AAPL,NO_TEMPORAL_ANOMALY_OBSERVED,95121,95121,95121,95121,95121,95121,0,0,55.160176,0.031658,0.066703,0.107619,0.3378782,2026-03-10T19:59:59.999161Z,2026-03-10T19:59:59.909537Z,2026-03-10T13:30:00.125626Z,2026-03-10T13:30:00.023401Z,0,PRESENT_NONEMPTY,2026-03-10T20:00:00Z,2026-03-10T13:30:00Z,2026-03-10,95121,SOURCE_AVAILABLE,executed_at_and_created_at_timestamp,nanoseconds_normalized_from_arrow_unit,95121
False,AMZN,NO_TEMPORAL_ANOMALY_OBSERVED,85053,85053,85053,85053,85053,85053,0,0,37.615306,0.031858,0.068971,0.12622599999999998,0.602833,2026-03-10T19:59:59.959487Z,2026-03-10T19:59:59.900516Z,2026-03-10T13:30:00.125626Z,2026-03-10T13:30:00.003349Z,0,PRESENT_NONEMPTY,2026-03-10T20:00:00Z,2026-03-10T13:30:00Z,2026-03-10,85053,SOURCE_AVAILABLE,executed_at_and_created_at_timestamp,nanoseconds_normalized_from_arrow_unit,85053
False,META,NO_TEMPORAL_ANOMALY_OBSERVED,99427,99427,99427,99427,99427,99427,0,0,54.842031,0.032156,0.070791,0.6292418999999994,3.026847000000001,2026-03-10T19:59:59.988222Z,2026-03-10T19:59:59.926062Z,2026-03-10T13:30:00.120638Z,2026-03-10T13:30:00.018112Z,0,PRESENT_NONEMPTY,2026-03-10T20:00:00Z,2026-03-10T13:30:00Z,2026-03-10,99427,SOURCE_AVAILABLE,executed_at_and_created_at_timestamp,nanoseconds_normalized_from_arrow_unit,99427
False,MSFT,NO_TEMPORAL_ANOMALY_OBSERVED,100257,100257,100257,100257,100257,100257,0,0,51.287863,0.032506,0.079124,1.4507697999999951,4.5158262800000015,2026-03-10T19:59:59.880613Z,2026-03-10T19:59:59.743301Z,2026-03-10T13:30:00.310215Z,2026-03-10T13:30:00.194757Z,0,PRESENT_NONEMPTY,2026-03-10T20:00:00Z,2026-03-10T13:30:00Z,2026-03-10,100257,SOURCE_AVAILABLE,executed_at_and_created_at_timestamp,nanoseconds_normalized_from_arrow_unit,100257
False,NVDA,NO_TEMPORAL_ANOMALY_OBSERVED,304521,304519,304521,304521,304521,304521,0,0,54.993819,0.031459,0.070877,0.513305,5.902104799999819,2026-03-10T20:00:00.042248Z,2026-03-10T19:59:59.925150Z,2026-03-10T13:30:00.068630Z,2026-03-10T13:30:00.002736Z,0,PRESENT_NONEMPTY,2026-03-10T20:00:00Z,2026-03-10T13:30:00Z,2026-03-10,304521,SOURCE_AVAILABLE,executed_at_and_created_at_timestamp,nanoseconds_normalized_from_arrow_unit,304521
False,QQQ,NO_TEMPORAL_ANOMALY_OBSERVED,805436,805387,805436,805436,805436,805436,0,0,37.66181,0.031165,0.071794,0.717313,3.8099526000000052,2026-03-10T20:00:02.472345Z,2026-03-10T19:59:59.965020Z,2026-03-10T13:30:00.068116Z,2026-03-10T13:30:00.002594Z,0,PRESENT_NONEMPTY,2026-03-10T20:00:00Z,2026-03-10T13:30:00Z,2026-03-10,805436,SOURCE_AVAILABLE,executed_at_and_created_at_timestamp,nanoseconds_normalized_from_arrow_unit,805436
False,SPY,NO_TEMPORAL_ANOMALY_OBSERVED,1595511,1595318,1595511,1595511,1595511,1595511,0,0,51.595751,0.031113,0.098449,1.965311,2.665160699999996,2026-03-10T20:00:02.216968Z,2026-03-10T19:59:59.987945Z,2026-03-10T13:30:00.098932Z,2026-03-10T13:30:00.003561Z,0,PRESENT_NONEMPTY,2026-03-10T20:00:00Z,2026-03-10T13:30:00Z,2026-03-10,1595511,SOURCE_AVAILABLE,executed_at_and_created_at_timestamp,nanoseconds_normalized_from_arrow_unit,1595511
False,TSLA,NO_TEMPORAL_ANOMALY_OBSERVED,439018,439018,439018,439018,439018,439018,0,0,48.69421,0.031574,0.068721,0.115303,0.17691245000000025,2026-03-10T19:59:59.995549Z,2026-03-10T19:59:59.922163Z,2026-03-10T13:30:00.070582Z,2026-03-10T13:30:00.002522Z,0,PRESENT_NONEMPTY,2026-03-10T20:00:00Z,2026-03-10T13:30:00Z,2026-03-10,439018,SOURCE_AVAILABLE,executed_at_and_created_at_timestamp,nanoseconds_normalized_from_arrow_unit,439018
False,AAPL,NO_TEMPORAL_ANOMALY_OBSERVED,77900,77900,77900,77900,77900,77900,0,0,7.507927,0.031748,0.066898,0.10810605,0.3081571599999989,2026-03-11T19:59:59.974382Z,2026-03-11T19:59:59.905140Z,2026-03-11T13:30:00.097906Z,2026-03-11T13:30:00.005837Z,0,PRESENT_NONEMPTY,2026-03-11T20:00:00Z,2026-03-11T13:30:00Z,2026-03-11,77900,SOURCE_AVAILABLE,executed_at_and_created_at_timestamp,nanoseconds_normalized_from_arrow_unit,77900
False,AMZN,NO_TEMPORAL_ANOMALY_OBSERVED,101870,101870,101870,101870,101870,101870,0,0,6.448391,0.032871,0.0700185,0.12001,0.4700648699999945,2026-03-11T19:59:59.927715Z,2026-03-11T19:59:59.850464Z,2026-03-11T13:30:00.071728Z,2026-03-11T13:30:00.003130Z,0,PRESENT_NONEMPTY,2026-03-11T20:00:00Z,2026-03-11T13:30:00Z,2026-03-11,101870,SOURCE_AVAILABLE,executed_at_and_created_at_timestamp,nanoseconds_normalized_from_arrow_unit,101870
False,META,NO_TEMPORAL_ANOMALY_OBSERVED,106351,106351,106351,106351,106351,106351,0,0,12.864283,0.03165,0.071364,0.35781700000000005,2.5739989999999997,2026-03-11T19:59:59.919194Z,2026-03-11T19:59:59.837762Z,2026-03-11T13:30:00.210768Z,2026-03-11T13:30:00.074734Z,0,PRESENT_NONEMPTY,2026-03-11T20:00:00Z,2026-03-11T13:30:00Z,2026-03-11,106351,SOURCE_AVAILABLE,executed_at_and_created_at_timestamp,nanoseconds_normalized_from_arrow_unit,106351
False,MSFT,NO_TEMPORAL_ANOMALY_OBSERVED,97483,97467,97483,97483,97483,97483,0,0,13.456202,0.031761,0.076272,0.8005370999999986,3.0236920799999956,2026-03-11T20:00:00.218049Z,2026-03-11T19:59:59.942634Z,2026-03-11T13:30:00.267636Z,2026-03-11T13:30:00.140914Z,0,PRESENT_NONEMPTY,2026-03-11T20:00:00Z,2026-03-11T13:30:00Z,2026-03-11,97483,SOURCE_AVAILABLE,executed_at_and_created_at_timestamp,nanoseconds_normalized_from_arrow_unit,97483
False,NVDA,NO_TEMPORAL_ANOMALY_OBSERVED,278060,278057,278060,278060,278060,278060,0,0,13.472673,0.031273,0.07214,0.847715,3.4996550699999505,2026-03-11T20:00:00.163583Z,2026-03-11T19:59:59.926541Z,2026-03-11T13:30:00.125345Z,2026-03-11T13:30:00.003088Z,0,PRESENT_NONEMPTY,2026-03-11T20:00:00Z,2026-03-11T13:30:00Z,2026-03-11,278060,SOURCE_AVAILABLE,executed_at_and_created_at_timestamp,nanoseconds_normalized_from_arrow_unit,278060
False,QQQ,NO_TEMPORAL_ANOMALY_OBSERVED,744980,744976,744980,744980,744980,744980,0,0,5.60521,0.031086,0.072912,0.29742929999999956,2.5061262699999745,2026-03-11T20:00:00.033829Z,2026-03-11T19:59:59.959664Z,2026-03-11T13:30:00.068911Z,2026-03-11T13:30:00.002361Z,0,PRESENT_NONEMPTY,2026-03-11T20:00:00Z,2026-03-11T13:30:00Z,2026-03-11,744980,SOURCE_AVAILABLE,executed_at_and_created_at_timestamp,nanoseconds_normalized_from_arrow_unit,744980
False,SPY,NO_TEMPORAL_ANOMALY_OBSERVED,1369538,1369403,1369538,1369538,1369538,1369538,0,0,7.144412,0.03153,0.09274,1.6496492999999997,2.219598449999998,2026-03-11T20:00:01.466206Z,2026-03-11T19:59:59.974674Z,2026-03-11T13:30:00.072662Z,2026-03-11T13:30:00.002451Z,0,PRESENT_NONEMPTY,2026-03-11T20:00:00Z,2026-03-11T13:30:00Z,2026-03-11,1369538,SOURCE_AVAILABLE,executed_at_and_created_at_timestamp,nanoseconds_normalized_from_arrow_unit,1369538
False,TSLA,NO_TEMPORAL_ANOMALY_OBSERVED,579876,579872,579876,579876,579876,579876,0,0,2.75277,0.03153,0.069002,0.107615,0.1662975,2026-03-11T20:00:00.064789Z,2026-03-11T19:59:59.986421Z,2026-03-11T13:30:00.161058Z,2026-03-11T13:30:00.002517Z,0,PRESENT_NONEMPTY,2026-03-11T20:00:00Z,2026-03-11T13:30:00Z,2026-03-11,579876,SOURCE_AVAILABLE,executed_at_and_created_at_timestamp,nanoseconds_normalized_from_arrow_unit,579876
False,AAPL,NO_TEMPORAL_ANOMALY_OBSERVED,112986,112985,112986,112986,112986,112986,0,0,7.665338,0.033573,0.074453,0.11718025,0.38125264999999936,2026-03-12T20:00:00.019194Z,2026-03-12T19:59:59.952013Z,2026-03-12T13:30:00.732775Z,2026-03-12T13:30:00.591262Z,0,PRESENT_NONEMPTY,2026-03-12T20:00:00Z,2026-03-12T13:30:00Z,2026-03-12,112986,SOURCE_AVAILABLE,executed_at_and_created_at_timestamp,nanoseconds_normalized_from_arrow_unit,112986
False,AMZN,NO_TEMPORAL_ANOMALY_OBSERVED,84542,84542,84542,84542,84542,84542,0,0,7.85012,0.037468,0.0774535,0.13570884999999994,1.2918142499999774,2026-03-12T19:59:59.907509Z,2026-03-12T19:59:59.815044Z,2026-03-12T13:30:00.142015Z,2026-03-12T13:30:00.010774Z,0,PRESENT_NONEMPTY,2026-03-12T20:00:00Z,2026-03-12T13:30:00Z,2026-03-12,84542,SOURCE_AVAILABLE,executed_at_and_created_at_timestamp,nanoseconds_normalized_from_arrow_unit,84542
False,META,NO_TEMPORAL_ANOMALY_OBSERVED,101698,101698,101698,101698,101698,101698,0,0,17.564328,0.036219,0.078092,0.21466894999999991,0.7942900699999991,2026-03-12T19:59:59.859221Z,2026-03-12T19:59:59.767488Z,2026-03-12T13:30:00.168446Z,2026-03-12T13:30:00.028081Z,0,PRESENT_NONEMPTY,2026-03-12T20:00:00Z,2026-03-12T13:30:00Z,2026-03-12,101698,SOURCE_AVAILABLE,executed_at_and_created_at_timestamp,nanoseconds_normalized_from_arrow_unit,101698
False,MSFT,NO_TEMPORAL_ANOMALY_OBSERVED,88901,88901,88901,88901,88901,88901,0,0,18.105526,0.035564,0.080266,0.306344,1.86198,2026-03-12T19:59:59.941989Z,2026-03-12T19:59:59.443440Z,2026-03-12T13:30:00.168446Z,2026-03-12T13:30:00.063155Z,0,PRESENT_NONEMPTY,2026-03-12T20:00:00Z,2026-03-12T13:30:00Z,2026-03-12,88901,SOURCE_AVAILABLE,executed_at_and_created_at_timestamp,nanoseconds_normalized_from_arrow_unit,88901
False,NVDA,NO_TEMPORAL_ANOMALY_OBSERVED,247798,247772,247798,247798,247798,247798,0,0,13.39764,0.033942,0.0768555,0.19607164999999993,1.5347895899999988,2026-03-12T20:00:00.468244Z,2026-03-12T19:59:59.991182Z,2026-03-12T13:30:00.071179Z,2026-03-12T13:30:00.002673Z,0,PRESENT_NONEMPTY,2026-03-12T20:00:00Z,2026-03-12T13:30:00Z,2026-03-12,247798,SOURCE_AVAILABLE,executed_at_and_created_at_timestamp,nanoseconds_normalized_from_arrow_unit,247798
False,QQQ,NO_TEMPORAL_ANOMALY_OBSERVED,862023,862005,862023,862023,862023,862023,0,0,20.662098,0.031776,0.079133,0.26937429999999934,2.8382320600000006,2026-03-12T20:00:01.025648Z,2026-03-12T19:59:59.994714Z,2026-03-12T13:30:00.071179Z,2026-03-12T13:30:00.002458Z,0,PRESENT_NONEMPTY,2026-03-12T20:00:00Z,2026-03-12T13:30:00Z,2026-03-12,862023,SOURCE_AVAILABLE,executed_at_and_created_at_timestamp,nanoseconds_normalized_from_arrow_unit,862023
False,SPY,NO_TEMPORAL_ANOMALY_OBSERVED,1537610,1537176,1537610,1537610,1537610,1537610,0,0,5.893622,0.033763,0.105518,1.7916105000000004,2.58378591,2026-03-12T20:00:03.474337Z,2026-03-12T19:59:59.965079Z,2026-03-12T13:30:00.070861Z,2026-03-12T13:30:00.002620Z,0,PRESENT_NONEMPTY,2026-03-12T20:00:00Z,2026-03-12T13:30:00Z,2026-03-12,1537610,SOURCE_AVAILABLE,executed_at_and_created_at_timestamp,nanoseconds_normalized_from_arrow_unit,1537610
False,TSLA,NO_TEMPORAL_ANOMALY_OBSERVED,425759,425754,425759,425759,425759,425759,0,0,2.197137,0.033344,0.073712,0.110286,0.15894983999999998,2026-03-12T20:00:00.067788Z,2026-03-12T19:59:59.998425Z,2026-03-12T13:30:00.074318Z,2026-03-12T13:30:00.002910Z,0,PRESENT_NONEMPTY,2026-03-12T20:00:00Z,2026-03-12T13:30:00Z,2026-03-12,425759,SOURCE_AVAILABLE,executed_at_and_created_at_timestamp,nanoseconds_normalized_from_arrow_unit,425759
False,AAPL,NO_TEMPORAL_ANOMALY_OBSERVED,119335,119334,119335,119335,119335,119335,0,0,9.191332,0.03669,0.074578,0.11941159999999998,0.2592408000000013,2026-03-13T20:00:00.073817Z,2026-03-13T19:59:59.955430Z,2026-03-13T13:30:00.139826Z,2026-03-13T13:30:00.007030Z,0,PRESENT_NONEMPTY,2026-03-13T20:00:00Z,2026-03-13T13:30:00Z,2026-03-13,119335,SOURCE_AVAILABLE,executed_at_and_created_at_timestamp,nanoseconds_normalized_from_arrow_unit,119335
False,AMZN,NO_TEMPORAL_ANOMALY_OBSERVED,96521,96521,96521,96521,96521,96521,0,0,6.709093,0.037028,0.075599,0.125774,0.24691100000000016,2026-03-13T19:59:59.904259Z,2026-03-13T19:59:59.802648Z,2026-03-13T13:30:00.103486Z,2026-03-13T13:30:00.002659Z,0,PRESENT_NONEMPTY,2026-03-13T20:00:00Z,2026-03-13T13:30:00Z,2026-03-13,96521,SOURCE_AVAILABLE,executed_at_and_created_at_timestamp,nanoseconds_normalized_from_arrow_unit,96521
False,META,NO_TEMPORAL_ANOMALY_OBSERVED,201310,201308,201310,201310,201310,201310,0,0,15.781807,0.036039,0.076523,0.22281329999999994,2.197765080000001,2026-03-13T20:00:00.184357Z,2026-03-13T19:59:59.943264Z,2026-03-13T13:30:00.139952Z,2026-03-13T13:30:00.004097Z,0,PRESENT_NONEMPTY,2026-03-13T20:00:00Z,2026-03-13T13:30:00Z,2026-03-13,201310,SOURCE_AVAILABLE,executed_at_and_created_at_timestamp,nanoseconds_normalized_from_arrow_unit,201310
False,MSFT,NO_TEMPORAL_ANOMALY_OBSERVED,127232,127227,127232,127232,127232,127232,0,0,16.151006,0.035619,0.0791155,0.26273259999999987,1.6574912300000018,2026-03-13T20:00:00.371394Z,2026-03-13T19:59:59.930507Z,2026-03-13T13:30:00.139952Z,2026-03-13T13:30:00.010978Z,0,PRESENT_NONEMPTY,2026-03-13T20:00:00Z,2026-03-13T13:30:00Z,2026-03-13,127232,SOURCE_AVAILABLE,executed_at_and_created_at_timestamp,nanoseconds_normalized_from_arrow_unit,127232
False,NVDA,NO_TEMPORAL_ANOMALY_OBSERVED,340271,340259,340271,340271,340271,340271,0,0,4.442901,0.035583,0.076389,0.192471,0.9526579999999955,2026-03-13T20:00:00.421436Z,2026-03-13T19:59:59.990766Z,2026-03-13T13:30:00.074812Z,2026-03-13T13:30:00.002899Z,0,PRESENT_NONEMPTY,2026-03-13T20:00:00Z,2026-03-13T13:30:00Z,2026-03-13,340271,SOURCE_AVAILABLE,executed_at_and_created_at_timestamp,nanoseconds_normalized_from_arrow_unit,340271
False,QQQ,NO_TEMPORAL_ANOMALY_OBSERVED,836957,836947,836957,836957,836957,836957,0,0,7.006466,0.035262,0.078272,0.21999019999999994,0.9906311999999955,2026-03-13T20:00:00.374953Z,2026-03-13T19:59:59.893593Z,2026-03-13T13:30:00.073850Z,2026-03-13T13:30:00.002125Z,0,PRESENT_NONEMPTY,2026-03-13T20:00:00Z,2026-03-13T13:30:00Z,2026-03-13,836957,SOURCE_AVAILABLE,executed_at_and_created_at_timestamp,nanoseconds_normalized_from_arrow_unit,836957
False,SPY,NO_TEMPORAL_ANOMALY_OBSERVED,1536192,1536081,1536192,1536192,1536192,1536192,0,0,11.179905,0.0349,0.09941,0.8684566999999997,2.0847899400000056,2026-03-13T20:00:01.766119Z,2026-03-13T19:59:59.951917Z,2026-03-13T13:30:00.104933Z,2026-03-13T13:30:00.003173Z,0,PRESENT_NONEMPTY,2026-03-13T20:00:00Z,2026-03-13T13:30:00Z,2026-03-13,1536192,SOURCE_AVAILABLE,executed_at_and_created_at_timestamp,nanoseconds_normalized_from_arrow_unit,1536192
False,TSLA,NO_TEMPORAL_ANOMALY_OBSERVED,528546,528544,528546,528546,528546,528546,0,0,2.953363,0.035456,0.074441,0.114783,0.16533204999999987,2026-03-13T20:00:00.054796Z,2026-03-13T19:59:59.967192Z,2026-03-13T13:30:00.074107Z,2026-03-13T13:30:00.002337Z,0,PRESENT_NONEMPTY,2026-03-13T20:00:00Z,2026-03-13T13:30:00Z,2026-03-13,528546,SOURCE_AVAILABLE,executed_at_and_created_at_timestamp,nanoseconds_normalized_from_arrow_unit,528546
False,AAPL,NO_TEMPORAL_ANOMALY_OBSERVED,106926,106925,106926,106926,106926,106926,0,0,16.224512,0.033588,0.071852,0.11240975,2.659714,2026-03-16T20:00:00.082528Z,2026-03-16T19:59:59.994409Z,2026-03-16T13:30:00.326544Z,2026-03-16T13:30:00.162088Z,0,PRESENT_NONEMPTY,2026-03-16T20:00:00Z,2026-03-16T13:30:00Z,2026-03-16,106926,SOURCE_AVAILABLE,executed_at_and_created_at_timestamp,nanoseconds_normalized_from_arrow_unit,106926
False,AMZN,NO_TEMPORAL_ANOMALY_OBSERVED,109113,109113,109113,109113,109113,109113,0,0,4.704059,0.031586,0.072259,0.11914859999999998,0.43954964,2026-03-16T19:59:59.984754Z,2026-03-16T19:59:59.903296Z,2026-03-16T13:30:00.070273Z,2026-03-16T13:30:00.002704Z,0,PRESENT_NONEMPTY,2026-03-16T20:00:00Z,2026-03-16T13:30:00Z,2026-03-16,109113,SOURCE_AVAILABLE,executed_at_and_created_at_timestamp,nanoseconds_normalized_from_arrow_unit,109113
False,META,NO_TEMPORAL_ANOMALY_OBSERVED,146324,146322,146324,146324,146324,146324,0,0,28.180758,0.032631,0.074657,0.25186655000000074,2.6889520999999905,2026-03-16T20:00:00.094133Z,2026-03-16T19:59:59.925552Z,2026-03-16T13:30:00.227795Z,2026-03-16T13:30:00.075262Z,0,PRESENT_NONEMPTY,2026-03-16T20:00:00Z,2026-03-16T13:30:00Z,2026-03-16,146324,SOURCE_AVAILABLE,executed_at_and_created_at_timestamp,nanoseconds_normalized_from_arrow_unit,146324
False,MSFT,NO_TEMPORAL_ANOMALY_OBSERVED,108672,108672,108672,108672,108672,108672,0,0,29.1947,0.034635,0.08022,0.5918365,7.53145945,2026-03-16T19:59:59.950244Z,2026-03-16T19:59:59.746515Z,2026-03-16T13:30:00.298949Z,2026-03-16T13:30:00.226470Z,0,PRESENT_NONEMPTY,2026-03-16T20:00:00Z,2026-03-16T13:30:00Z,2026-03-16,108672,SOURCE_AVAILABLE,executed_at_and_created_at_timestamp,nanoseconds_normalized_from_arrow_unit,108672
False,NVDA,NO_TEMPORAL_ANOMALY_OBSERVED,400320,400299,400320,400320,400320,400320,0,0,23.23133,0.032903,0.075975,0.30404894999999976,2.7814373,2026-03-16T20:00:00.176208Z,2026-03-16T19:59:59.996931Z,2026-03-16T13:30:00.103629Z,2026-03-16T13:30:00.002352Z,0,PRESENT_NONEMPTY,2026-03-16T20:00:00Z,2026-03-16T13:30:00Z,2026-03-16,400320,SOURCE_AVAILABLE,executed_at_and_created_at_timestamp,nanoseconds_normalized_from_arrow_unit,400320
False,QQQ,NO_TEMPORAL_ANOMALY_OBSERVED,737946,737944,737946,737946,737946,737946,0,0,15.947025,0.032022,0.074604,0.14778750000000002,0.5699326500000048,2026-03-16T20:00:00.223236Z,2026-03-16T19:59:59.886948Z,2026-03-16T13:30:00.070618Z,2026-03-16T13:30:00.002324Z,0,PRESENT_NONEMPTY,2026-03-16T20:00:00Z,2026-03-16T13:30:00Z,2026-03-16,737946,SOURCE_AVAILABLE,executed_at_and_created_at_timestamp,nanoseconds_normalized_from_arrow_unit,737946
False,SPY,NO_TEMPORAL_ANOMALY_OBSERVED,1360725,1360618,1360725,1360725,1360725,1360725,0,0,3.612249,0.032707,0.088603,0.650623,2.13609792,2026-03-16T20:00:01.225883Z,2026-03-16T19:59:59.993518Z,2026-03-16T13:30:00.075166Z,2026-03-16T13:30:00.021194Z,0,PRESENT_NONEMPTY,2026-03-16T20:00:00Z,2026-03-16T13:30:00Z,2026-03-16,1360725,SOURCE_AVAILABLE,executed_at_and_created_at_timestamp,nanoseconds_normalized_from_arrow_unit,1360725
False,TSLA,NO_TEMPORAL_ANOMALY_OBSERVED,477996,477993,477996,477996,477996,477996,0,0,18.809468,0.032679,0.071505,0.10310425000000001,0.14610914999999997,2026-03-16T20:00:00.082167Z,2026-03-16T19:59:59.999381Z,2026-03-16T13:30:00.101234Z,2026-03-16T13:30:00.004172Z,0,PRESENT_NONEMPTY,2026-03-16T20:00:00Z,2026-03-16T13:30:00Z,2026-03-16,477996,SOURCE_AVAILABLE,executed_at_and_created_at_timestamp,nanoseconds_normalized_from_arrow_unit,477996
False,AAPL,NO_TEMPORAL_ANOMALY_OBSERVED,77515,77515,77515,77515,77515,77515,0,0,12.128636,0.034075,0.072934,0.107013,0.2754912400000002,2026-03-17T19:59:59.983372Z,2026-03-17T19:59:59.888456Z,2026-03-17T13:30:00.303932Z,2026-03-17T13:30:00.203247Z,0,PRESENT_NONEMPTY,2026-03-17T20:00:00Z,2026-03-17T13:30:00Z,2026-03-17,77515,SOURCE_AVAILABLE,executed_at_and_created_at_timestamp,nanoseconds_normalized_from_arrow_unit,77515
False,AMZN,NO_TEMPORAL_ANOMALY_OBSERVED,106883,106883,106883,106883,106883,106883,0,0,8.893334,0.032665,0.073322,0.11444739999999996,0.8154193799999268,2026-03-17T19:59:59.889912Z,2026-03-17T19:59:59.806600Z,2026-03-17T13:30:00.113554Z,2026-03-17T13:30:00.002692Z,0,PRESENT_NONEMPTY,2026-03-17T20:00:00Z,2026-03-17T13:30:00Z,2026-03-17,106883,SOURCE_AVAILABLE,executed_at_and_created_at_timestamp,nanoseconds_normalized_from_arrow_unit,106883
False,META,NO_TEMPORAL_ANOMALY_OBSERVED,110931,110930,110931,110931,110931,110931,0,0,13.297761,0.03354,0.07503,0.167915,1.5300493999999996,2026-03-17T20:00:00.240537Z,2026-03-17T19:59:59.896008Z,2026-03-17T13:30:00.104911Z,2026-03-17T13:30:00.002772Z,0,PRESENT_NONEMPTY,2026-03-17T20:00:00Z,2026-03-17T13:30:00Z,2026-03-17,110931,SOURCE_AVAILABLE,executed_at_and_created_at_timestamp,nanoseconds_normalized_from_arrow_unit,110931
False,MSFT,NO_TEMPORAL_ANOMALY_OBSERVED,82342,82342,82342,82342,82342,82342,0,0,13.917514,0.034181,0.078313,0.221024,1.481647359999956,2026-03-17T19:59:59.961295Z,2026-03-17T19:59:59.606229Z,2026-03-17T13:30:00.448844Z,2026-03-17T13:30:00.314441Z,0,PRESENT_NONEMPTY,2026-03-17T20:00:00Z,2026-03-17T13:30:00Z,2026-03-17,82342,SOURCE_AVAILABLE,executed_at_and_created_at_timestamp,nanoseconds_normalized_from_arrow_unit,82342
False,NVDA,NO_TEMPORAL_ANOMALY_OBSERVED,286774,286769,286774,286774,286774,286774,0,0,10.49734,0.03256,0.075037,0.160749,2.2248695300000154,2026-03-17T20:00:00.288624Z,2026-03-17T19:59:59.851467Z,2026-03-17T13:30:00.163190Z,2026-03-17T13:30:00.002413Z,0,PRESENT_NONEMPTY,2026-03-17T20:00:00Z,2026-03-17T13:30:00Z,2026-03-17,286774,SOURCE_AVAILABLE,executed_at_and_created_at_timestamp,nanoseconds_normalized_from_arrow_unit,286774
False,QQQ,NO_TEMPORAL_ANOMALY_OBSERVED,689914,689909,689914,689914,689914,689914,0,0,4.620121,0.03261,0.074537,0.140089,0.33931977999999957,2026-03-17T20:00:00.535615Z,2026-03-17T19:59:59.999223Z,2026-03-17T13:30:00.076847Z,2026-03-17T13:30:00.002442Z,0,PRESENT_NONEMPTY,2026-03-17T20:00:00Z,2026-03-17T13:30:00Z,2026-03-17,689914,SOURCE_AVAILABLE,executed_at_and_created_at_timestamp,nanoseconds_normalized_from_arrow_unit,689914
False,SPY,NO_TEMPORAL_ANOMALY_OBSERVED,1201322,1201130,1201322,1201322,1201322,1201322,0,0,6.334249,0.033563,0.0864845,0.4206656499999988,1.6113981500000032,2026-03-17T20:00:01.699561Z,2026-03-17T19:59:59.999902Z,2026-03-17T13:30:00.072534Z,2026-03-17T13:30:00.002299Z,0,PRESENT_NONEMPTY,2026-03-17T20:00:00Z,2026-03-17T13:30:00Z,2026-03-17,1201322,SOURCE_AVAILABLE,executed_at_and_created_at_timestamp,nanoseconds_normalized_from_arrow_unit,1201322
False,TSLA,NO_TEMPORAL_ANOMALY_OBSERVED,342030,341971,342030,342030,342030,342030,0,0,2.482664,0.033912,0.072105,0.10619019999999996,0.16032230000000064,2026-03-17T20:00:00.062595Z,2026-03-17T19:59:59.985896Z,2026-03-17T13:30:00.069126Z,2026-03-17T13:30:00.006577Z,0,PRESENT_NONEMPTY,2026-03-17T20:00:00Z,2026-03-17T13:30:00Z,2026-03-17,342030,SOURCE_AVAILABLE,executed_at_and_created_at_timestamp,nanoseconds_normalized_from_arrow_unit,342030
False,AAPL,NO_TEMPORAL_ANOMALY_OBSERVED,91977,91977,91977,91977,91977,91977,0,0,10.718385,0.035535,0.072338,0.12799139999999995,1.9199722000000423,2026-03-18T19:59:59.364316Z,2026-03-18T19:59:59.294394Z,2026-03-18T13:30:00.140362Z,2026-03-18T13:30:00.003137Z,0,PRESENT_NONEMPTY,2026-03-18T20:00:00Z,2026-03-18T13:30:00Z,2026-03-18,91977,SOURCE_AVAILABLE,executed_at_and_created_at_timestamp,nanoseconds_normalized_from_arrow_unit,91977
False,AMZN,NO_TEMPORAL_ANOMALY_OBSERVED,97748,97748,97748,97748,97748,97748,0,0,4.831494,0.03372,0.07323299999999999,0.11761679999999994,0.2941261099999992,2026-03-18T19:59:59.533051Z,2026-03-18T19:59:59.441692Z,2026-03-18T13:30:00.172564Z,2026-03-18T13:30:00.003993Z,0,PRESENT_NONEMPTY,2026-03-18T20:00:00Z,2026-03-18T13:30:00Z,2026-03-18,97748,SOURCE_AVAILABLE,executed_at_and_created_at_timestamp,nanoseconds_normalized_from_arrow_unit,97748
False,META,NO_TEMPORAL_ANOMALY_OBSERVED,112032,112031,112032,112032,112032,112032,0,0,13.199805,0.032981,0.0745585,0.15999619999999995,1.7609569700000087,2026-03-18T20:00:00.206008Z,2026-03-18T19:59:59.928676Z,2026-03-18T13:30:00.172791Z,2026-03-18T13:30:00.002394Z,0,PRESENT_NONEMPTY,2026-03-18T20:00:00Z,2026-03-18T13:30:00Z,2026-03-18,112032,SOURCE_AVAILABLE,executed_at_and_created_at_timestamp,nanoseconds_normalized_from_arrow_unit,112032
False,MSFT,NO_TEMPORAL_ANOMALY_OBSERVED,102488,102485,102488,102488,102488,102488,0,0,14.623416,0.036725,0.078324,0.24168849999999995,1.9391958800000086,2026-03-18T20:00:00.272389Z,2026-03-18T19:59:59.921975Z,2026-03-18T13:30:00.249729Z,2026-03-18T13:30:00.170116Z,0,PRESENT_NONEMPTY,2026-03-18T20:00:00Z,2026-03-18T13:30:00Z,2026-03-18,102488,SOURCE_AVAILABLE,executed_at_and_created_at_timestamp,nanoseconds_normalized_from_arrow_unit,102488
False,NVDA,NO_TEMPORAL_ANOMALY_OBSERVED,262769,262767,262769,262769,262769,262769,0,0,7.978342,0.033584,0.073916,0.14069479999999993,0.9984096000000084,2026-03-18T20:00:00.272389Z,2026-03-18T19:59:59.935359Z,2026-03-18T13:30:00.105884Z,2026-03-18T13:30:00.002866Z,0,PRESENT_NONEMPTY,2026-03-18T20:00:00Z,2026-03-18T13:30:00Z,2026-03-18,262769,SOURCE_AVAILABLE,executed_at_and_created_at_timestamp,nanoseconds_normalized_from_arrow_unit,262769
False,QQQ,NO_TEMPORAL_ANOMALY_OBSERVED,646767,646748,646767,646767,646767,646767,0,0,7.571841,0.031545,0.076249,0.144672,0.4671042199999989,2026-03-18T20:00:01.050447Z,2026-03-18T19:59:59.987779Z,2026-03-18T13:30:00.077239Z,2026-03-18T13:30:00.002345Z,0,PRESENT_NONEMPTY,2026-03-18T20:00:00Z,2026-03-18T13:30:00Z,2026-03-18,646767,SOURCE_AVAILABLE,executed_at_and_created_at_timestamp,nanoseconds_normalized_from_arrow_unit,646767
False,SPY,NO_TEMPORAL_ANOMALY_OBSERVED,1224819,1224721,1224819,1224819,1224819,1224819,0,0,3.188897,0.033692,0.088654,0.6480904999999993,1.9627244600000002,2026-03-18T20:00:02.732744Z,2026-03-18T19:59:59.999833Z,2026-03-18T13:30:00.071856Z,2026-03-18T13:30:00.002371Z,0,PRESENT_NONEMPTY,2026-03-18T20:00:00Z,2026-03-18T13:30:00Z,2026-03-18,1224819,SOURCE_AVAILABLE,executed_at_and_created_at_timestamp,nanoseconds_normalized_from_arrow_unit,1224819
False,TSLA,NO_TEMPORAL_ANOMALY_OBSERVED,414569,414561,414569,414569,414569,414569,0,0,4.147743,0.032405,0.071408,0.102652,0.153879,2026-03-18T20:00:00.040171Z,2026-03-18T19:59:59.979058Z,2026-03-18T13:30:00.073287Z,2026-03-18T13:30:00.003109Z,0,PRESENT_NONEMPTY,2026-03-18T20:00:00Z,2026-03-18T13:30:00Z,2026-03-18,414569,SOURCE_AVAILABLE,executed_at_and_created_at_timestamp,nanoseconds_normalized_from_arrow_unit,414569
False,AAPL,NO_TEMPORAL_ANOMALY_OBSERVED,104170,104170,104170,104170,104170,104170,0,0,17.20716,0.034599,0.0722285,0.11646829999999993,6.917161429999999,2026-03-19T19:59:59.993845Z,2026-03-19T19:59:59.915815Z,2026-03-19T13:30:00.272874Z,2026-03-19T13:30:00.123570Z,0,PRESENT_NONEMPTY,2026-03-19T20:00:00Z,2026-03-19T13:30:00Z,2026-03-19,104170,SOURCE_AVAILABLE,executed_at_and_created_at_timestamp,nanoseconds_normalized_from_arrow_unit,104170
False,AMZN,NO_TEMPORAL_ANOMALY_OBSERVED,86873,86873,86873,86873,86873,86873,0,0,5.070949,0.035292,0.07458,0.123607,2.1296838399999753,2026-03-19T19:59:59.993845Z,2026-03-19T19:59:59.902068Z,2026-03-19T13:30:00.165655Z,2026-03-19T13:30:00.037960Z,0,PRESENT_NONEMPTY,2026-03-19T20:00:00Z,2026-03-19T13:30:00Z,2026-03-19,86873,SOURCE_AVAILABLE,executed_at_and_created_at_timestamp,nanoseconds_normalized_from_arrow_unit,86873
False,META,NO_TEMPORAL_ANOMALY_OBSERVED,121699,121691,121699,121699,121699,121699,0,0,27.858354,0.034772,0.078048,0.5795901999999962,2.7010688000000007,2026-03-19T20:00:00.986810Z,2026-03-19T19:59:59.910243Z,2026-03-19T13:30:00.073636Z,2026-03-19T13:30:00.018042Z,0,PRESENT_NONEMPTY,2026-03-19T20:00:00Z,2026-03-19T13:30:00Z,2026-03-19,121699,SOURCE_AVAILABLE,executed_at_and_created_at_timestamp,nanoseconds_normalized_from_arrow_unit,121699
False,MSFT,NO_TEMPORAL_ANOMALY_OBSERVED,92690,92681,92690,92690,92690,92690,0,0,32.771429,0.035782,0.085086,2.0030010000000003,5.625423670000001,2026-03-19T20:00:01.074621Z,2026-03-19T19:59:59.921260Z,2026-03-19T13:30:00.424770Z,2026-03-19T13:30:00.352132Z,0,PRESENT_NONEMPTY,2026-03-19T20:00:00Z,2026-03-19T13:30:00Z,2026-03-19,92690,SOURCE_AVAILABLE,executed_at_and_created_at_timestamp,nanoseconds_normalized_from_arrow_unit,92690
False,NVDA,NO_TEMPORAL_ANOMALY_OBSERVED,266173,266161,266173,266173,266173,266173,0,0,25.761435,0.032776,0.077299,1.6200069999999995,2.9686345199999966,2026-03-19T20:00:00.941060Z,2026-03-19T19:59:59.998027Z,2026-03-19T13:30:00.072640Z,2026-03-19T13:30:00.002392Z,0,PRESENT_NONEMPTY,2026-03-19T20:00:00Z,2026-03-19T13:30:00Z,2026-03-19,266173,SOURCE_AVAILABLE,executed_at_and_created_at_timestamp,nanoseconds_normalized_from_arrow_unit,266173
False,QQQ,NO_TEMPORAL_ANOMALY_OBSERVED,841683,841681,841683,841683,841683,841683,0,0,7.677844,0.032035,0.075444,0.22223549999999953,2.3943488799999892,2026-03-19T20:00:00.004615Z,2026-03-19T19:59:59.939268Z,2026-03-19T13:30:00.073289Z,2026-03-19T13:30:00.002739Z,0,PRESENT_NONEMPTY,2026-03-19T20:00:00Z,2026-03-19T13:30:00Z,2026-03-19,841683,SOURCE_AVAILABLE,executed_at_and_created_at_timestamp,nanoseconds_normalized_from_arrow_unit,841683
False,SPY,NO_TEMPORAL_ANOMALY_OBSERVED,1461571,1461418,1461571,1461571,1461571,1461571,0,0,3.569593,0.035816,0.123266,2.0132275,2.3930903000000003,2026-03-19T20:00:02.432414Z,2026-03-19T19:59:59.989748Z,2026-03-19T13:30:00.073786Z,2026-03-19T13:30:00.002320Z,0,PRESENT_NONEMPTY,2026-03-19T20:00:00Z,2026-03-19T13:30:00Z,2026-03-19,1461571,SOURCE_AVAILABLE,executed_at_and_created_at_timestamp,nanoseconds_normalized_from_arrow_unit,1461571
False,TSLA,NO_TEMPORAL_ANOMALY_OBSERVED,411309,411305,411309,411309,411309,411309,0,0,3.869751,0.031186,0.072784,0.117008,0.25826811999999816,2026-03-19T20:00:00.072677Z,2026-03-19T19:59:59.991458Z,2026-03-19T13:30:00.106210Z,2026-03-19T13:30:00.002536Z,0,PRESENT_NONEMPTY,2026-03-19T20:00:00Z,2026-03-19T13:30:00Z,2026-03-19,411309,SOURCE_AVAILABLE,executed_at_and_created_at_timestamp,nanoseconds_normalized_from_arrow_unit,411309
False,AAPL,NO_TEMPORAL_ANOMALY_OBSERVED,123048,123048,123048,123048,123048,123048,0,0,14.234694,0.033373,0.073197,0.13083765,0.46508479999999985,2026-03-20T19:59:59.999866Z,2026-03-20T19:59:59.747322Z,2026-03-20T13:30:00.071230Z,2026-03-20T13:30:00.003362Z,0,PRESENT_NONEMPTY,2026-03-20T20:00:00Z,2026-03-20T13:30:00Z,2026-03-20,123048,SOURCE_AVAILABLE,executed_at_and_created_at_timestamp,nanoseconds_normalized_from_arrow_unit,123048
False,AMZN,NO_TEMPORAL_ANOMALY_OBSERVED,103954,103952,103954,103954,103954,103954,0,0,6.055218,0.035155,0.07424,0.13376514999999992,1.8397039000000026,2026-03-20T20:00:00.192700Z,2026-03-20T19:59:59.971401Z,2026-03-20T13:30:00.144279Z,2026-03-20T13:30:00.008384Z,0,PRESENT_NONEMPTY,2026-03-20T20:00:00Z,2026-03-20T13:30:00Z,2026-03-20,103954,SOURCE_AVAILABLE,executed_at_and_created_at_timestamp,nanoseconds_normalized_from_arrow_unit,103954
False,META,NO_TEMPORAL_ANOMALY_OBSERVED,156657,156639,156657,156657,156657,156657,0,0,11.99971,0.03477,0.077141,0.23143399999999992,2.0591418800000008,2026-03-20T20:00:01.855253Z,2026-03-20T19:59:59.973065Z,2026-03-20T13:30:00.136007Z,2026-03-20T13:30:00.022468Z,0,PRESENT_NONEMPTY,2026-03-20T20:00:00Z,2026-03-20T13:30:00Z,2026-03-20,156657,SOURCE_AVAILABLE,executed_at_and_created_at_timestamp,nanoseconds_normalized_from_arrow_unit,156657
False,MSFT,NO_TEMPORAL_ANOMALY_OBSERVED,118684,118656,118684,118684,118684,118684,0,0,17.80715,0.034608,0.0816015,0.551137,2.8825330699999965,2026-03-20T20:00:01.909001Z,2026-03-20T19:59:59.740915Z,2026-03-20T13:30:00.207445Z,2026-03-20T13:30:00.098760Z,0,PRESENT_NONEMPTY,2026-03-20T20:00:00Z,2026-03-20T13:30:00Z,2026-03-20,118684,SOURCE_AVAILABLE,executed_at_and_created_at_timestamp,nanoseconds_normalized_from_arrow_unit,118684
False,NVDA,NO_TEMPORAL_ANOMALY_OBSERVED,345068,345005,345068,345068,345068,345068,0,0,12.618689,0.03549,0.075926,0.18175379999999958,2.0364860000000116,2026-03-20T20:00:02.156073Z,2026-03-20T19:59:59.999310Z,2026-03-20T13:30:00.072310Z,2026-03-20T13:30:00.002544Z,0,PRESENT_NONEMPTY,2026-03-20T20:00:00Z,2026-03-20T13:30:00Z,2026-03-20,345068,SOURCE_AVAILABLE,executed_at_and_created_at_timestamp,nanoseconds_normalized_from_arrow_unit,345068
False,QQQ,NO_TEMPORAL_ANOMALY_OBSERVED,855758,855682,855758,855758,855758,855758,0,0,9.758328,0.032171,0.074555,0.1793277999999989,1.294157009999993,2026-03-20T20:00:03.343676Z,2026-03-20T19:59:59.927525Z,2026-03-20T13:30:00.074145Z,2026-03-20T13:30:00.002475Z,0,PRESENT_NONEMPTY,2026-03-20T20:00:00Z,2026-03-20T13:30:00Z,2026-03-20,855758,SOURCE_AVAILABLE,executed_at_and_created_at_timestamp,nanoseconds_normalized_from_arrow_unit,855758
False,SPY,NO_TEMPORAL_ANOMALY_OBSERVED,1553938,1553466,1553938,1553938,1553938,1553938,0,0,13.606229,0.035871,0.099274,1.5392724999999992,2.306582749999986,2026-03-20T20:00:03.620280Z,2026-03-20T19:59:59.999928Z,2026-03-20T13:30:00.105061Z,2026-03-20T13:30:00.002317Z,0,PRESENT_NONEMPTY,2026-03-20T20:00:00Z,2026-03-20T13:30:00Z,2026-03-20,1553938,SOURCE_AVAILABLE,executed_at_and_created_at_timestamp,nanoseconds_normalized_from_arrow_unit,1553938
False,TSLA,NO_TEMPORAL_ANOMALY_OBSERVED,550756,550756,550756,550756,550756,550756,0,0,72.705671,0.032017,0.076962,0.90163925,11.280425249999988,2026-03-20T19:59:59.996106Z,2026-03-20T19:59:59.917473Z,2026-03-20T13:30:00.173345Z,2026-03-20T13:30:00.004443Z,0,PRESENT_NONEMPTY,2026-03-20T20:00:00Z,2026-03-20T13:30:00Z,2026-03-20,550756,SOURCE_AVAILABLE,executed_at_and_created_at_timestamp,nanoseconds_normalized_from_arrow_unit,550756
False,AAPL,NO_TEMPORAL_ANOMALY_OBSERVED,123132,123126,123132,123132,123132,123132,0,0,15.092211,0.03211,0.068943,0.13622179999999992,6.00889897000003,2026-03-23T20:00:00.097833Z,2026-03-23T19:59:59.990993Z,2026-03-23T13:30:00.101413Z,2026-03-23T13:30:00.029301Z,0,PRESENT_NONEMPTY,2026-03-23T20:00:00Z,2026-03-23T13:30:00Z,2026-03-23,123132,SOURCE_AVAILABLE,executed_at_and_created_at_timestamp,nanoseconds_normalized_from_arrow_unit,123132
False,AMZN,NO_TEMPORAL_ANOMALY_OBSERVED,111446,111446,111446,111446,111446,111446,0,0,7.210407,0.031899,0.0698445,0.13671175,2.0220991000000024,2026-03-23T19:59:59.954379Z,2026-03-23T19:59:59.855252Z,2026-03-23T13:30:00.101413Z,2026-03-23T13:30:00.005660Z,0,PRESENT_NONEMPTY,2026-03-23T20:00:00Z,2026-03-23T13:30:00Z,2026-03-23,111446,SOURCE_AVAILABLE,executed_at_and_created_at_timestamp,nanoseconds_normalized_from_arrow_unit,111446
False,META,NO_TEMPORAL_ANOMALY_OBSERVED,129926,129914,129926,129926,129926,129926,0,0,26.932318,0.031955,0.072157,0.4984765,2.4700385,2026-03-23T20:00:02.635209Z,2026-03-23T19:59:59.922637Z,2026-03-23T13:30:00.161043Z,2026-03-23T13:30:00.057916Z,0,PRESENT_NONEMPTY,2026-03-23T20:00:00Z,2026-03-23T13:30:00Z,2026-03-23,129926,SOURCE_AVAILABLE,executed_at_and_created_at_timestamp,nanoseconds_normalized_from_arrow_unit,129926
False,MSFT,NO_TEMPORAL_ANOMALY_OBSERVED,105913,105895,105913,105913,105913,105913,0,0,29.639195,0.032818,0.079822,1.8547953999999995,6.005785240000003,2026-03-23T20:00:02.986257Z,2026-03-23T19:59:59.943074Z,2026-03-23T13:30:00.254767Z,2026-03-23T13:30:00.114381Z,0,PRESENT_NONEMPTY,2026-03-23T20:00:00Z,2026-03-23T13:30:00Z,2026-03-23,105913,SOURCE_AVAILABLE,executed_at_and_created_at_timestamp,nanoseconds_normalized_from_arrow_unit,105913
False,NVDA,NO_TEMPORAL_ANOMALY_OBSERVED,288766,288694,288766,288766,288766,288766,0,0,18.568979,0.03207,0.0765005,1.06233525,2.9630950999999954,2026-03-23T20:00:02.940979Z,2026-03-23T19:59:59.986004Z,2026-03-23T13:30:00.096917Z,2026-03-23T13:30:00.004576Z,0,PRESENT_NONEMPTY,2026-03-23T20:00:00Z,2026-03-23T13:30:00Z,2026-03-23,288766,SOURCE_AVAILABLE,executed_at_and_created_at_timestamp,nanoseconds_normalized_from_arrow_unit,288766
False,QQQ,NO_TEMPORAL_ANOMALY_OBSERVED,836246,836161,836246,836246,836246,836246,0,0,13.559631,0.031146,0.073788,0.42176775,2.631339,2026-03-23T20:00:01.191859Z,2026-03-23T19:59:59.998401Z,2026-03-23T13:30:00.066648Z,2026-03-23T13:30:00.005601Z,0,PRESENT_NONEMPTY,2026-03-23T20:00:00Z,2026-03-23T13:30:00Z,2026-03-23,836246,SOURCE_AVAILABLE,executed_at_and_created_at_timestamp,nanoseconds_normalized_from_arrow_unit,836246
False,SPY,NO_TEMPORAL_ANOMALY_OBSERVED,1483183,1482555,1483183,1483183,1483183,1483183,0,0,57.649036,0.032015,0.113207,1.9950973999999995,3.2184970199999974,2026-03-23T20:00:03.649775Z,2026-03-23T19:59:59.998423Z,2026-03-23T13:30:00.097827Z,2026-03-23T13:30:00.002878Z,0,PRESENT_NONEMPTY,2026-03-23T20:00:00Z,2026-03-23T13:30:00Z,2026-03-23,1483183,SOURCE_AVAILABLE,executed_at_and_created_at_timestamp,nanoseconds_normalized_from_arrow_unit,1483183
False,TSLA,NO_TEMPORAL_ANOMALY_OBSERVED,536463,536451,536463,536463,536463,536463,0,0,3.463945,0.032141,0.070408,0.116311,0.18456292000000016,2026-03-23T20:00:00.077950Z,2026-03-23T19:59:59.989442Z,2026-03-23T13:30:00.067951Z,2026-03-23T13:30:00.005792Z,0,PRESENT_NONEMPTY,2026-03-23T20:00:00Z,2026-03-23T13:30:00Z,2026-03-23,536463,SOURCE_AVAILABLE,executed_at_and_created_at_timestamp,nanoseconds_normalized_from_arrow_unit,536463
