origin_id,asset,session_date,forecast_origin_utc,session_segment,b1t_atm_iv,b1t_skew,b1t_complete,b1t_b1b_complete,b1t_b1c_complete,b1t_valid_contract_count,b1t_valid_quote_count,b1t_valid_expiry_bucket_count,b1t_median_quote_age,b1t_median_relative_spread,b1t_iv_inversion_success_rate,b1t_missing_reason
AAPL:2026-07-13T13:35:00+00:00,AAPL,2026-07-13,2026-07-13T13:35:00+00:00,first,0.28520028339301423,0.014885847273550967,true,true,true,247,247,3,140.234774,0.07751937984496124,0.9391634980988594,
AAPL:2026-07-13T13:40:00+00:00,AAPL,2026-07-13,2026-07-13T13:40:00+00:00,first,0.2863104010534808,0.00874493096213802,true,true,true,241,241,3,99.291501,0.08917197452229295,0.9796747967479674,
AAPL:2026-07-13T13:45:00+00:00,AAPL,2026-07-13,2026-07-13T13:45:00+00:00,first,0.28979283898089825,0.015751418301284348,true,true,true,221,221,3,101.721324,0.0796252927400468,0.9910313901345291,
AAPL:2026-07-13T13:50:00+00:00,AAPL,2026-07-13,2026-07-13T13:50:00+00:00,middle,0.29113217370758576,0.007421782618559747,true,true,true,232,232,3,96.1139325,0.06266697607444818,1.0,
AAPL:2026-07-13T13:55:00+00:00,AAPL,2026-07-13,2026-07-13T13:55:00+00:00,middle,0.3045672442174592,-0.0226597815135941,true,true,true,237,237,3,114.866877,0.05882352941176468,1.0,
AAPL:2026-07-13T14:00:00+00:00,AAPL,2026-07-13,2026-07-13T14:00:00+00:00,middle,0.27617571357055004,-0.00503945994915822,true,true,true,198,198,3,131.1788335,0.057534354539978544,0.9949748743718593,
AAPL:2026-07-13T14:05:00+00:00,AAPL,2026-07-13,2026-07-13T14:05:00+00:00,middle,0.2949228607190997,-0.007593965501718425,true,true,true,173,173,3,147.394679,0.060985144644253406,1.0,
AAPL:2026-07-13T14:10:00+00:00,AAPL,2026-07-13,2026-07-13T14:10:00+00:00,middle,0.29148289109259096,-0.0038319073404223802,true,true,true,165,165,3,124.794398,0.050314465408805076,1.0,
AAPL:2026-07-13T14:15:00+00:00,AAPL,2026-07-13,2026-07-13T14:15:00+00:00,middle,0.28721685713406286,0.0061374890450238695,true,true,true,142,142,3,140.0829025,0.049669010320299314,1.0,
AAPL:2026-07-13T14:20:00+00:00,AAPL,2026-07-13,2026-07-13T14:20:00+00:00,middle,0.29328773800187186,-0.011136119820676638,true,true,true,195,195,3,141.421309,0.07580174927113707,1.0,
AAPL:2026-07-13T14:25:00+00:00,AAPL,2026-07-13,2026-07-13T14:25:00+00:00,middle,0.29520337502247096,0.004961526891700929,true,true,true,167,167,3,106.352629,0.057803468208092484,1.0,
AAPL:2026-07-13T14:30:00+00:00,AAPL,2026-07-13,2026-07-13T14:30:00+00:00,middle,0.27993123384867985,-0.00841550360693033,true,true,true,137,137,3,150.3885,0.05128205128205131,1.0,
AAPL:2026-07-13T14:35:00+00:00,AAPL,2026-07-13,2026-07-13T14:35:00+00:00,middle,0.3009439344655797,-0.017397847272306644,true,true,true,137,137,3,143.890303,0.047337278106508916,1.0,
AAPL:2026-07-13T14:40:00+00:00,AAPL,2026-07-13,2026-07-13T14:40:00+00:00,middle,0.281379645053491,-0.0116767710935623,true,true,true,176,176,3,152.3389365,0.04765225853539856,0.9943502824858758,
AAPL:2026-07-13T14:45:00+00:00,AAPL,2026-07-13,2026-07-13T14:45:00+00:00,middle,0.2913666620585248,-0.016330328297883168,true,true,true,137,137,3,155.512267,0.04484304932735426,1.0,
AAPL:2026-07-13T14:50:00+00:00,AAPL,2026-07-13,2026-07-13T14:50:00+00:00,middle,0.2800698704994098,-0.006058810929655989,true,true,true,135,135,3,118.723022,0.0425531914893617,1.0,
AAPL:2026-07-13T14:55:00+00:00,AAPL,2026-07-13,2026-07-13T14:55:00+00:00,middle,0.27748789093639326,-0.01700482922442248,true,true,true,108,108,3,144.695487,0.03508771929824556,1.0,
AAPL:2026-07-13T15:00:00+00:00,AAPL,2026-07-13,2026-07-13T15:00:00+00:00,middle,0.28578649495713787,-0.002096518454864582,true,true,true,130,130,3,172.06887849999998,0.04255319148936167,1.0,
AAPL:2026-07-13T15:05:00+00:00,AAPL,2026-07-13,2026-07-13T15:05:00+00:00,middle,0.26745764194609223,-0.015107986289620345,true,true,true,88,88,3,158.027763,0.03802501265090726,1.0,
AAPL:2026-07-13T15:10:00+00:00,AAPL,2026-07-13,2026-07-13T15:10:00+00:00,middle,0.2818404261183515,-0.019951272490896232,true,true,true,113,113,3,121.835401,0.04081632653061222,1.0,
AAPL:2026-07-13T15:15:00+00:00,AAPL,2026-07-13,2026-07-13T15:15:00+00:00,middle,0.2781541589730196,-0.008600948520898766,true,true,true,116,116,3,127.5281645,0.039999999999999945,1.0,
AAPL:2026-07-13T15:20:00+00:00,AAPL,2026-07-13,2026-07-13T15:20:00+00:00,middle,0.2894490320080147,-0.006349197250343885,true,true,true,129,129,3,116.635208,0.05152224824355962,1.0,
AAPL:2026-07-13T15:25:00+00:00,AAPL,2026-07-13,2026-07-13T15:25:00+00:00,middle,0.2892765138487965,-0.015455630310744262,true,true,true,106,106,3,138.6323325,0.04368144969003333,1.0,
AAPL:2026-07-13T15:30:00+00:00,AAPL,2026-07-13,2026-07-13T15:30:00+00:00,middle,0.2922333134202286,-0.014363710689745901,true,true,true,149,149,3,122.771112,0.0402684563758389,0.9933333333333333,
AAPL:2026-07-13T15:35:00+00:00,AAPL,2026-07-13,2026-07-13T15:35:00+00:00,middle,0.2742313359410465,-0.012385917212948072,true,true,true,144,144,3,140.048442,0.05835866261398176,0.9863013698630136,
AAPL:2026-07-13T15:40:00+00:00,AAPL,2026-07-13,2026-07-13T15:40:00+00:00,middle,0.2829142967114635,-0.014105808893963678,true,true,true,123,123,3,176.920253,0.044444444444444446,1.0,
AAPL:2026-07-13T15:45:00+00:00,AAPL,2026-07-13,2026-07-13T15:45:00+00:00,middle,0.2862009892992973,-0.0027537340378761543,true,true,true,95,95,3,146.928022,0.0411522633744856,0.9895833333333334,
AAPL:2026-07-13T15:50:00+00:00,AAPL,2026-07-13,2026-07-13T15:50:00+00:00,middle,0.2848410537213795,-0.006625650988101972,true,true,true,108,108,3,120.85521299999999,0.04181235431235432,1.0,
AAPL:2026-07-13T15:55:00+00:00,AAPL,2026-07-13,2026-07-13T15:55:00+00:00,middle,0.28164989618414266,-0.009622236651964489,true,true,true,89,89,3,122.413303,0.04784688995215311,1.0,
AAPL:2026-07-13T16:00:00+00:00,AAPL,2026-07-13,2026-07-13T16:00:00+00:00,middle,0.28684891028487314,-0.012935509180761973,true,true,true,102,102,3,161.7793985,0.04410291170576443,1.0,
AAPL:2026-07-13T16:05:00+00:00,AAPL,2026-07-13,2026-07-13T16:05:00+00:00,middle,0.29143345650021735,0.013410409093029763,true,true,true,110,110,3,111.891143,0.04605711688508447,1.0,
AAPL:2026-07-13T16:10:00+00:00,AAPL,2026-07-13,2026-07-13T16:10:00+00:00,middle,0.29163903660422186,0.002635009059809179,true,true,true,127,127,3,136.204977,0.05325443786982262,0.9921875,
AAPL:2026-07-13T16:15:00+00:00,AAPL,2026-07-13,2026-07-13T16:15:00+00:00,middle,0.2887717184878625,-0.013020185012310614,true,true,true,102,102,3,147.67449349999998,0.04066125017611421,0.9902912621359223,
AAPL:2026-07-13T16:20:00+00:00,AAPL,2026-07-13,2026-07-13T16:20:00+00:00,middle,0.291999830897469,-0.015251856972172906,true,true,true,106,106,3,136.742479,0.04001600640256101,1.0,
AAPL:2026-07-13T16:25:00+00:00,AAPL,2026-07-13,2026-07-13T16:25:00+00:00,middle,0.29247093101439253,-0.012035814500719277,true,true,true,81,81,3,136.237701,0.0353356890459364,1.0,
AAPL:2026-07-13T16:30:00+00:00,AAPL,2026-07-13,2026-07-13T16:30:00+00:00,middle,0.2843524819964506,-0.007189287297531988,true,true,true,96,96,3,133.8416375,0.04505327245053278,1.0,
AAPL:2026-07-13T16:35:00+00:00,AAPL,2026-07-13,2026-07-13T16:35:00+00:00,middle,0.28940591178143404,-0.008267535105869306,true,true,true,75,75,3,137.571043,0.03773584905660381,1.0,
AAPL:2026-07-13T16:40:00+00:00,AAPL,2026-07-13,2026-07-13T16:40:00+00:00,middle,0.29390596842970707,-0.006231589859142739,true,true,true,92,92,3,191.141913,0.04061018346732634,1.0,
AAPL:2026-07-13T16:45:00+00:00,AAPL,2026-07-13,2026-07-13T16:45:00+00:00,middle,0.2908428118415252,-0.008288359474472706,true,true,true,132,132,3,212.6372575,0.04407637044839569,1.0,
AAPL:2026-07-13T16:50:00+00:00,AAPL,2026-07-13,2026-07-13T16:50:00+00:00,middle,0.2869333253461533,-0.012653691026046965,true,true,true,80,80,3,152.4727335,0.0405810739281303,1.0,
AAPL:2026-07-13T16:55:00+00:00,AAPL,2026-07-13,2026-07-13T16:55:00+00:00,middle,0.292728814183727,-0.01486725807867928,true,true,true,82,82,3,131.217289,0.036675035868005676,1.0,
AAPL:2026-07-13T17:00:00+00:00,AAPL,2026-07-13,2026-07-13T17:00:00+00:00,middle,0.2857001054923944,-0.001756026989683579,true,true,true,67,67,3,167.540587,0.0384615384615385,1.0,
AAPL:2026-07-13T17:05:00+00:00,AAPL,2026-07-13,2026-07-13T17:05:00+00:00,middle,0.2916327594913244,-0.023561934884741897,true,true,true,62,62,3,134.4917325,0.036530442035029156,1.0,
AAPL:2026-07-13T17:10:00+00:00,AAPL,2026-07-13,2026-07-13T17:10:00+00:00,middle,0.28910813076098263,-0.0018065791689232391,true,true,true,62,62,3,147.80292400000002,0.03956525138791149,1.0,
AAPL:2026-07-13T17:15:00+00:00,AAPL,2026-07-13,2026-07-13T17:15:00+00:00,middle,0.27366792314898963,-0.0077111631110682866,true,true,true,64,64,3,180.28216650000002,0.03921568627450984,1.0,
AAPL:2026-07-13T17:20:00+00:00,AAPL,2026-07-13,2026-07-13T17:20:00+00:00,middle,0.2866023892486766,-0.009022800309926304,true,true,true,92,92,3,192.4956945,0.03830548793366011,0.989247311827957,
AAPL:2026-07-13T17:25:00+00:00,AAPL,2026-07-13,2026-07-13T17:25:00+00:00,middle,0.2868822702528239,-0.006391367528088443,true,true,true,72,72,3,161.233618,0.03949860724233974,1.0,
AAPL:2026-07-13T17:30:00+00:00,AAPL,2026-07-13,2026-07-13T17:30:00+00:00,middle,0.2832186342415288,-0.0064628558346181975,true,true,true,65,65,3,143.122511,0.03821656050955412,1.0,
AAPL:2026-07-13T17:35:00+00:00,AAPL,2026-07-13,2026-07-13T17:35:00+00:00,middle,0.2754179896753878,-0.003008879119388741,true,true,true,66,66,3,160.4554865,0.046156577312266994,1.0,
AAPL:2026-07-13T17:40:00+00:00,AAPL,2026-07-13,2026-07-13T17:40:00+00:00,middle,0.2868215480331033,-0.002071521761961348,true,true,true,50,50,3,200.3562005,0.039359108324625566,1.0,
AAPL:2026-07-13T17:45:00+00:00,AAPL,2026-07-13,2026-07-13T17:45:00+00:00,middle,0.27730449493167925,-0.00044316044527292764,true,true,true,56,56,3,160.81620850000002,0.030771051541511357,1.0,
AAPL:2026-07-13T17:50:00+00:00,AAPL,2026-07-13,2026-07-13T17:50:00+00:00,middle,0.2757553146444484,-0.0020445879184902704,true,true,true,55,55,3,144.121006,0.03076923076923066,1.0,
AAPL:2026-07-13T17:55:00+00:00,AAPL,2026-07-13,2026-07-13T17:55:00+00:00,middle,0.29077961230425164,-0.0101906785849184,true,true,true,73,73,3,174.417904,0.0402684563758389,1.0,
AAPL:2026-07-13T18:00:00+00:00,AAPL,2026-07-13,2026-07-13T18:00:00+00:00,middle,0.28956509340405095,-0.010402424043133851,true,true,true,69,69,3,128.693116,0.036697247706422055,1.0,
AAPL:2026-07-13T18:05:00+00:00,AAPL,2026-07-13,2026-07-13T18:05:00+00:00,middle,0.27190288095858695,-0.014902015030212656,true,true,true,58,58,3,157.9754845,0.0407527848889504,1.0,
AAPL:2026-07-13T18:10:00+00:00,AAPL,2026-07-13,2026-07-13T18:10:00+00:00,middle,0.2891441915638596,0.030291893980339213,true,true,true,48,48,3,199.3648565,0.04238854238854243,1.0,
AAPL:2026-07-13T18:15:00+00:00,AAPL,2026-07-13,2026-07-13T18:15:00+00:00,middle,0.27252375634200504,0.00045429906103755524,true,true,true,56,56,3,166.1212965,0.04806914799012063,1.0,
AAPL:2026-07-13T18:20:00+00:00,AAPL,2026-07-13,2026-07-13T18:20:00+00:00,middle,0.2905763418797701,-0.00014591959180687564,true,true,true,65,65,3,179.358511,0.035714285714285546,1.0,
AAPL:2026-07-13T18:25:00+00:00,AAPL,2026-07-13,2026-07-13T18:25:00+00:00,middle,0.28828845530054714,-0.007521732137277581,true,true,true,68,68,3,169.4883105,0.025158227848101254,1.0,
AAPL:2026-07-13T18:30:00+00:00,AAPL,2026-07-13,2026-07-13T18:30:00+00:00,middle,0.2841558612138219,0.0019418071797117076,true,true,true,62,62,3,149.9623885,0.03606649760495916,1.0,
AAPL:2026-07-13T18:35:00+00:00,AAPL,2026-07-13,2026-07-13T18:35:00+00:00,middle,0.28732464838729055,-0.001317336891874743,true,true,true,69,69,3,160.91948,0.034285714285714364,1.0,
AAPL:2026-07-13T18:40:00+00:00,AAPL,2026-07-13,2026-07-13T18:40:00+00:00,middle,0.27730082552146906,-0.005637890463016992,true,true,true,64,64,3,164.2269585,0.03434045689019892,1.0,
AAPL:2026-07-13T18:45:00+00:00,AAPL,2026-07-13,2026-07-13T18:45:00+00:00,middle,0.2890943285631873,0.0002691894231290348,true,true,true,73,73,3,111.445054,0.04081632653061222,1.0,
AAPL:2026-07-13T18:50:00+00:00,AAPL,2026-07-13,2026-07-13T18:50:00+00:00,middle,0.28981636418442797,0.0014383715494648008,true,true,true,65,65,3,183.575411,0.03448275862068954,1.0,
AAPL:2026-07-13T18:55:00+00:00,AAPL,2026-07-13,2026-07-13T18:55:00+00:00,middle,0.2890854996269457,-0.0007697938333154353,true,true,true,76,76,3,108.4603805,0.029712803818247056,1.0,
AAPL:2026-07-13T19:00:00+00:00,AAPL,2026-07-13,2026-07-13T19:00:00+00:00,last,0.29366388048807907,-0.013836842988208087,true,true,true,90,90,3,131.04103700000002,0.03704974271012,1.0,
AAPL:2026-07-13T19:05:00+00:00,AAPL,2026-07-13,2026-07-13T19:05:00+00:00,last,0.2927224066856951,-0.006578265304982622,true,true,true,78,78,3,115.9203785,0.053713049747656824,1.0,
AAPL:2026-07-13T19:10:00+00:00,AAPL,2026-07-13,2026-07-13T19:10:00+00:00,last,0.29079550066419696,-0.011266355943463813,true,true,true,81,81,3,193.625209,0.04724409448818902,1.0,
AAPL:2026-07-13T19:15:00+00:00,AAPL,2026-07-13,2026-07-13T19:15:00+00:00,last,0.2946100667817481,-0.012527329204395476,true,true,true,108,108,3,153.34059000000002,0.04117967661842184,1.0,
AAPL:2026-07-13T19:20:00+00:00,AAPL,2026-07-13,2026-07-13T19:20:00+00:00,last,0.2789861837683245,-0.008248163600191372,true,true,true,85,85,3,147.70427,0.04620462046204616,1.0,
AAPL:2026-07-13T19:25:00+00:00,AAPL,2026-07-13,2026-07-13T19:25:00+00:00,last,0.27872252640018236,0.003349147067196634,true,true,true,84,84,3,140.271692,0.03905927220721443,1.0,
AMZN:2026-07-13T13:35:00+00:00,AMZN,2026-07-13,2026-07-13T13:35:00+00:00,first,0.4410938723178879,-0.00668089703217889,true,true,true,152,152,3,186.002791,0.09569597069597069,1.0,
AMZN:2026-07-13T13:40:00+00:00,AMZN,2026-07-13,2026-07-13T13:40:00+00:00,first,0.4435093500643149,-0.01166447763803602,true,true,true,118,118,3,130.898146,0.06918556728442661,0.9915966386554622,
AMZN:2026-07-13T13:45:00+00:00,AMZN,2026-07-13,2026-07-13T13:45:00+00:00,first,0.449937039165549,-0.04826436716625854,true,true,true,136,136,3,138.3684975,0.07280088332719913,1.0,
AMZN:2026-07-13T13:50:00+00:00,AMZN,2026-07-13,2026-07-13T13:50:00+00:00,middle,0.45246982628001275,-0.06564824460273988,true,true,true,134,134,3,158.77832,0.06114659604299735,0.9925925925925926,
AMZN:2026-07-13T13:55:00+00:00,AMZN,2026-07-13,2026-07-13T13:55:00+00:00,middle,0.432342459351927,-0.016613524809732994,true,true,true,110,110,3,164.276228,0.05272407732864675,1.0,
AMZN:2026-07-13T14:00:00+00:00,AMZN,2026-07-13,2026-07-13T14:00:00+00:00,middle,0.4392791720177382,0.012205762210145465,true,true,true,118,118,3,137.053895,0.06689038031319919,1.0,
AMZN:2026-07-13T14:05:00+00:00,AMZN,2026-07-13,2026-07-13T14:05:00+00:00,middle,0.4230513264354691,-0.028771007267266557,true,true,true,120,120,3,132.9855365,0.06366092536305301,1.0,
AMZN:2026-07-13T14:10:00+00:00,AMZN,2026-07-13,2026-07-13T14:10:00+00:00,middle,0.4523868268287629,-0.024519334299966666,true,true,true,100,100,3,135.324225,0.060042918454935715,1.0,
AMZN:2026-07-13T14:15:00+00:00,AMZN,2026-07-13,2026-07-13T14:15:00+00:00,middle,0.4499267201134861,-0.022419351325817516,true,true,true,88,88,3,131.745619,0.05086936849589556,1.0,
AMZN:2026-07-13T14:20:00+00:00,AMZN,2026-07-13,2026-07-13T14:20:00+00:00,middle,0.43454995418258757,-0.018182244240671386,true,true,true,143,143,3,181.22047,0.08000000000000007,1.0,
AMZN:2026-07-13T14:25:00+00:00,AMZN,2026-07-13,2026-07-13T14:25:00+00:00,middle,0.43769398680697386,-0.01077540003322075,true,true,true,74,74,3,134.697123,0.05401576123407113,1.0,
AMZN:2026-07-13T14:30:00+00:00,AMZN,2026-07-13,2026-07-13T14:30:00+00:00,middle,0.4344294783184305,-0.013209206204250479,true,true,true,94,94,3,149.72374,0.053517093252192595,1.0,
AMZN:2026-07-13T14:35:00+00:00,AMZN,2026-07-13,2026-07-13T14:35:00+00:00,middle,0.4512986697502137,-0.05647877964309611,true,true,true,82,82,3,155.581165,0.05237899355546413,1.0,
AMZN:2026-07-13T14:40:00+00:00,AMZN,2026-07-13,2026-07-13T14:40:00+00:00,middle,0.42008215890271966,-0.0372377708584517,true,true,true,84,84,3,150.7134035,0.06433810848720364,1.0,
AMZN:2026-07-13T14:45:00+00:00,AMZN,2026-07-13,2026-07-13T14:45:00+00:00,middle,0.4134073340925128,-0.025429124514698864,true,true,true,84,84,3,170.95101599999998,0.0450283010898032,1.0,
AMZN:2026-07-13T14:50:00+00:00,AMZN,2026-07-13,2026-07-13T14:50:00+00:00,middle,0.43704008673166483,-0.014478188837721895,true,true,true,119,119,3,120.068932,0.045307443365695865,1.0,
AMZN:2026-07-13T14:55:00+00:00,AMZN,2026-07-13,2026-07-13T14:55:00+00:00,middle,0.44762426765210933,-0.02236749529523402,true,true,true,142,142,3,166.251616,0.058006460870733134,1.0,
AMZN:2026-07-13T15:00:00+00:00,AMZN,2026-07-13,2026-07-13T15:00:00+00:00,middle,0.448424497101076,-0.02560734236693374,true,true,true,114,114,3,144.476629,0.04319033969021843,1.0,
AMZN:2026-07-13T15:05:00+00:00,AMZN,2026-07-13,2026-07-13T15:05:00+00:00,middle,0.4467059092714042,-0.029265576708376484,true,true,true,160,160,3,117.4339545,0.051021736300924166,0.9937888198757764,
AMZN:2026-07-13T15:10:00+00:00,AMZN,2026-07-13,2026-07-13T15:10:00+00:00,middle,0.45886264667102694,-0.03069228810153901,true,true,true,140,140,3,142.18185549999998,0.05033853931569917,1.0,
AMZN:2026-07-13T15:15:00+00:00,AMZN,2026-07-13,2026-07-13T15:15:00+00:00,middle,0.4318340690865741,-0.04828079569318905,true,true,true,122,122,3,174.553004,0.045122985581000884,1.0,
AMZN:2026-07-13T15:20:00+00:00,AMZN,2026-07-13,2026-07-13T15:20:00+00:00,middle,0.4477742850624249,-0.03919831624461706,true,true,true,100,100,3,144.17894,0.038339049485546284,1.0,
AMZN:2026-07-13T15:25:00+00:00,AMZN,2026-07-13,2026-07-13T15:25:00+00:00,middle,0.44034091679335385,-0.023117880369976085,true,true,true,78,78,3,159.29031750000001,0.030557534400659888,1.0,
AMZN:2026-07-13T15:30:00+00:00,AMZN,2026-07-13,2026-07-13T15:30:00+00:00,middle,0.42834980576727544,-0.011299436514698002,true,true,true,78,78,3,127.575336,0.045940123972391965,1.0,
AMZN:2026-07-13T15:35:00+00:00,AMZN,2026-07-13,2026-07-13T15:35:00+00:00,middle,0.4362640530383475,-0.009403971937030575,true,true,true,90,90,3,167.2953655,0.04340318656306413,1.0,
AMZN:2026-07-13T15:40:00+00:00,AMZN,2026-07-13,2026-07-13T15:40:00+00:00,middle,0.45188462054406864,-0.0068279342108518715,true,true,true,85,85,3,125.670873,0.052910052910052914,1.0,
AMZN:2026-07-13T15:45:00+00:00,AMZN,2026-07-13,2026-07-13T15:45:00+00:00,middle,0.4324456498725563,-0.023006829488389113,true,true,true,117,117,3,124.323648,0.039927404718693243,1.0,
AMZN:2026-07-13T15:50:00+00:00,AMZN,2026-07-13,2026-07-13T15:50:00+00:00,middle,0.4417832185232975,-0.034397908126100774,true,true,true,93,93,3,125.303302,0.03305785123966945,1.0,
AMZN:2026-07-13T15:55:00+00:00,AMZN,2026-07-13,2026-07-13T15:55:00+00:00,middle,0.4385516043415107,-0.031980195205941864,true,true,true,111,111,3,133.000296,0.0416666666666667,1.0,
AMZN:2026-07-13T16:00:00+00:00,AMZN,2026-07-13,2026-07-13T16:00:00+00:00,middle,0.4402186155373156,-0.025861034585520637,true,true,true,78,78,3,167.2461225,0.047809523809523885,1.0,
AMZN:2026-07-13T16:05:00+00:00,AMZN,2026-07-13,2026-07-13T16:05:00+00:00,middle,0.4411108968911469,-0.04314071567319333,true,true,true,82,82,3,130.246668,0.045983086680761134,1.0,
AMZN:2026-07-13T16:10:00+00:00,AMZN,2026-07-13,2026-07-13T16:10:00+00:00,middle,0.43672297145843136,-0.03475032051785287,true,true,true,73,73,3,140.05721,0.04651162790697672,1.0,
AMZN:2026-07-13T16:15:00+00:00,AMZN,2026-07-13,2026-07-13T16:15:00+00:00,middle,0.4356719368902818,-0.02006239787827435,true,true,true,62,62,3,161.9262375,0.028819401187658335,1.0,
AMZN:2026-07-13T16:20:00+00:00,AMZN,2026-07-13,2026-07-13T16:20:00+00:00,middle,0.44061912141720205,-0.030062341638058543,true,true,true,72,72,3,159.22401200000002,0.03732908977190856,1.0,
AMZN:2026-07-13T16:25:00+00:00,AMZN,2026-07-13,2026-07-13T16:25:00+00:00,middle,0.44215487203559284,-0.01756474024429916,true,true,true,72,72,3,121.38316449999999,0.0308534263959391,1.0,
AMZN:2026-07-13T16:30:00+00:00,AMZN,2026-07-13,2026-07-13T16:30:00+00:00,middle,0.4366630129230693,-0.03092433638782044,true,true,true,71,71,3,144.001762,0.04494382022471914,1.0,
AMZN:2026-07-13T16:35:00+00:00,AMZN,2026-07-13,2026-07-13T16:35:00+00:00,middle,0.42873928479008383,-0.030058020302176414,true,true,true,91,91,3,171.735884,0.02803738317757012,1.0,
AMZN:2026-07-13T16:40:00+00:00,AMZN,2026-07-13,2026-07-13T16:40:00+00:00,middle,0.43304437840957943,-0.01957736517842118,true,true,true,103,103,3,154.835489,0.026431718061674072,0.9903846153846154,
AMZN:2026-07-13T16:45:00+00:00,AMZN,2026-07-13,2026-07-13T16:45:00+00:00,middle,0.4458241332341135,-0.02477526169228561,true,true,true,73,73,3,153.720972,0.04301075268817208,1.0,
AMZN:2026-07-13T16:50:00+00:00,AMZN,2026-07-13,2026-07-13T16:50:00+00:00,middle,0.4601723094664217,-0.006861610828414522,true,true,true,88,88,3,118.11635100000001,0.043636940653760656,1.0,
AMZN:2026-07-13T16:55:00+00:00,AMZN,2026-07-13,2026-07-13T16:55:00+00:00,middle,0.45419023950156573,-0.031194382627546813,true,true,true,96,96,3,191.72747950000002,0.027050049908805364,1.0,
AMZN:2026-07-13T17:00:00+00:00,AMZN,2026-07-13,2026-07-13T17:00:00+00:00,middle,0.43862255248105525,-0.02911228104325403,true,true,true,72,72,3,179.951478,0.033900739783092756,1.0,
AMZN:2026-07-13T17:05:00+00:00,AMZN,2026-07-13,2026-07-13T17:05:00+00:00,middle,0.42124094747120144,-0.03175760915512588,true,true,true,64,64,3,143.804292,0.04325456043833659,1.0,
AMZN:2026-07-13T17:10:00+00:00,AMZN,2026-07-13,2026-07-13T17:10:00+00:00,middle,0.42618658600295717,-0.018448378926366416,true,true,true,56,56,3,146.153995,0.03131881575727921,1.0,
AMZN:2026-07-13T17:15:00+00:00,AMZN,2026-07-13,2026-07-13T17:15:00+00:00,middle,0.42240841596434264,-0.015169900601998076,true,true,true,70,70,3,171.53094249999998,0.0358170770706748,0.9459459459459459,
AMZN:2026-07-13T17:20:00+00:00,AMZN,2026-07-13,2026-07-13T17:20:00+00:00,middle,0.4477618239688687,-0.026805581751786156,true,true,true,80,80,3,129.299928,0.03236788351751954,0.9876543209876543,
AMZN:2026-07-13T17:25:00+00:00,AMZN,2026-07-13,2026-07-13T17:25:00+00:00,middle,0.4434430585367122,-0.029675135041877576,true,true,true,75,75,3,151.315022,0.03252032520325206,0.9868421052631579,
AMZN:2026-07-13T17:30:00+00:00,AMZN,2026-07-13,2026-07-13T17:30:00+00:00,middle,0.42694093851107356,-0.03633438814175133,true,true,true,88,88,3,189.5204035,0.039669529866893954,0.9887640449438202,
AMZN:2026-07-13T17:35:00+00:00,AMZN,2026-07-13,2026-07-13T17:35:00+00:00,middle,0.4467243680811413,-0.020774300711929816,true,true,true,69,69,3,122.612742,0.03448275862068968,0.9857142857142858,
AMZN:2026-07-13T17:40:00+00:00,AMZN,2026-07-13,2026-07-13T17:40:00+00:00,middle,0.4404718234682604,-0.006459726591393433,true,true,true,60,60,3,138.498526,0.041966250917094675,0.967741935483871,
AMZN:2026-07-13T17:45:00+00:00,AMZN,2026-07-13,2026-07-13T17:45:00+00:00,middle,0.4431553357980549,-0.022604423710830546,true,true,true,72,72,3,159.1830535,0.041966250917094675,0.972972972972973,
AMZN:2026-07-13T17:50:00+00:00,AMZN,2026-07-13,2026-07-13T17:50:00+00:00,middle,0.42930262307634953,-0.022149081568717865,true,true,true,69,69,3,179.966048,0.03726708074534148,0.9857142857142858,
AMZN:2026-07-13T17:55:00+00:00,AMZN,2026-07-13,2026-07-13T17:55:00+00:00,middle,0.4236773613449186,-0.027052531196281315,true,true,true,79,79,3,150.213798,0.05217391304347812,0.9875,
AMZN:2026-07-13T18:00:00+00:00,AMZN,2026-07-13,2026-07-13T18:00:00+00:00,middle,0.421099870755814,-0.02472657215782259,true,true,true,78,78,3,127.25178600000001,0.030974815830049608,1.0,
AMZN:2026-07-13T18:05:00+00:00,AMZN,2026-07-13,2026-07-13T18:05:00+00:00,middle,0.44119909312132377,-0.015251186420053076,true,true,true,60,60,3,130.733319,0.033200165312026506,0.967741935483871,
AMZN:2026-07-13T18:10:00+00:00,AMZN,2026-07-13,2026-07-13T18:10:00+00:00,middle,0.4355389999325685,-0.035713568637676496,true,true,true,60,60,3,223.9153995,0.03653653653653654,0.967741935483871,
AMZN:2026-07-13T18:15:00+00:00,AMZN,2026-07-13,2026-07-13T18:15:00+00:00,middle,0.43241320260054616,-0.0012305376452803607,true,true,true,57,57,3,98.310074,0.033271719038816955,0.9827586206896551,
AMZN:2026-07-13T18:20:00+00:00,AMZN,2026-07-13,2026-07-13T18:20:00+00:00,middle,0.44982103364885595,-0.020530666775137152,true,true,true,52,52,3,164.6778655,0.026756152125279667,0.9811320754716981,
AMZN:2026-07-13T18:25:00+00:00,AMZN,2026-07-13,2026-07-13T18:25:00+00:00,middle,0.44571148047801856,-0.00032551580117634593,true,true,true,60,60,3,147.553918,0.039276087793607986,1.0,
AMZN:2026-07-13T18:30:00+00:00,AMZN,2026-07-13,2026-07-13T18:30:00+00:00,middle,0.43820168789375946,-0.020500938964501003,true,true,true,74,74,3,143.316145,0.034591150241085555,0.9866666666666667,
AMZN:2026-07-13T18:35:00+00:00,AMZN,2026-07-13,2026-07-13T18:35:00+00:00,middle,0.4475835502372906,-0.039249986010722826,true,true,true,156,156,3,134.9673335,0.0373601321329705,1.0,
AMZN:2026-07-13T18:40:00+00:00,AMZN,2026-07-13,2026-07-13T18:40:00+00:00,middle,0.441154315140892,-0.019811536879747904,true,true,true,66,66,3,156.411319,0.04004005435948782,1.0,
AMZN:2026-07-13T18:45:00+00:00,AMZN,2026-07-13,2026-07-13T18:45:00+00:00,middle,0.44684428515186536,-0.0027259061249121364,true,true,true,145,145,3,108.452857,0.04428044280442808,0.9931506849315068,
AMZN:2026-07-13T18:50:00+00:00,AMZN,2026-07-13,2026-07-13T18:50:00+00:00,middle,0.4416708824168146,-0.03600414122284201,true,true,true,101,101,3,187.351247,0.035928143712574794,0.9901960784313726,
AMZN:2026-07-13T18:55:00+00:00,AMZN,2026-07-13,2026-07-13T18:55:00+00:00,middle,0.44802395396829403,-0.04342674340510366,true,true,true,75,75,3,176.270216,0.04174950298210739,1.0,
AMZN:2026-07-13T19:00:00+00:00,AMZN,2026-07-13,2026-07-13T19:00:00+00:00,last,0.44343849505700916,-0.02025484633660335,true,true,true,56,56,3,143.3503035,0.03263279240932862,1.0,
AMZN:2026-07-13T19:05:00+00:00,AMZN,2026-07-13,2026-07-13T19:05:00+00:00,last,0.44581105746778105,-0.02744160043723881,true,true,true,77,77,3,165.654256,0.04379562043795636,1.0,
AMZN:2026-07-13T19:10:00+00:00,AMZN,2026-07-13,2026-07-13T19:10:00+00:00,last,0.43495582447943093,0.003246142811045072,true,true,true,71,71,3,152.079865,0.041841004184100423,1.0,
AMZN:2026-07-13T19:15:00+00:00,AMZN,2026-07-13,2026-07-13T19:15:00+00:00,last,0.44594988038298866,-0.025779227226927937,true,true,true,56,56,3,134.220713,0.034201637001429114,1.0,
AMZN:2026-07-13T19:20:00+00:00,AMZN,2026-07-13,2026-07-13T19:20:00+00:00,last,0.4477754585286342,-0.028891892913274486,true,true,true,63,63,3,157.128708,0.031545741324921245,1.0,
AMZN:2026-07-13T19:25:00+00:00,AMZN,2026-07-13,2026-07-13T19:25:00+00:00,last,0.4318739669376909,-0.027854101749487326,true,true,true,76,76,3,145.77955350000002,0.034866362309595875,1.0,
META:2026-07-13T13:35:00+00:00,META,2026-07-13,2026-07-13T13:35:00+00:00,first,0.5858580283168331,-0.05388327727900055,true,true,true,344,344,3,193.93453699999998,0.08378459687123951,1.0,
META:2026-07-13T13:40:00+00:00,META,2026-07-13,2026-07-13T13:40:00+00:00,first,0.5647142999531161,-0.00682528925526904,true,true,true,230,230,3,135.8764195,0.07376943005181347,0.9704641350210971,
META:2026-07-13T13:45:00+00:00,META,2026-07-13,2026-07-13T13:45:00+00:00,first,0.5821969813817776,-0.03765921286562823,true,true,true,341,341,3,144.240134,0.06006674082313672,0.9970760233918129,
META:2026-07-13T13:50:00+00:00,META,2026-07-13,2026-07-13T13:50:00+00:00,middle,0.5081395941040199,-0.06037235915207462,true,true,true,287,287,3,150.278347,0.061879743140688816,0.9965277777777778,
META:2026-07-13T13:55:00+00:00,META,2026-07-13,2026-07-13T13:55:00+00:00,middle,0.5790516076531522,-0.020159236780214917,true,true,true,274,274,3,176.0472405,0.07256694734559646,0.9963636363636363,
META:2026-07-13T14:00:00+00:00,META,2026-07-13,2026-07-13T14:00:00+00:00,middle,0.5389495827289986,-0.03841784945673132,true,true,true,197,197,3,164.897028,0.05701754385964916,1.0,
META:2026-07-13T14:05:00+00:00,META,2026-07-13,2026-07-13T14:05:00+00:00,middle,0.5592182312633973,-0.04627942113351857,true,true,true,178,178,3,173.662622,0.04486672703838397,0.994413407821229,
META:2026-07-13T14:10:00+00:00,META,2026-07-13,2026-07-13T14:10:00+00:00,middle,0.5501544527683835,-0.05809652388455744,true,true,true,155,155,3,166.895157,0.033898305084745686,1.0,
META:2026-07-13T14:15:00+00:00,META,2026-07-13,2026-07-13T14:15:00+00:00,middle,0.5765574145384618,-0.08630519869373743,true,true,true,219,219,3,163.689839,0.04074402125775029,1.0,
META:2026-07-13T14:20:00+00:00,META,2026-07-13,2026-07-13T14:20:00+00:00,middle,0.5484741609153208,-0.04299956445201447,true,true,true,327,327,3,189.008493,0.05128205128205122,1.0,
META:2026-07-13T14:25:00+00:00,META,2026-07-13,2026-07-13T14:25:00+00:00,middle,0.5266266135962792,-0.04858114716343187,true,true,true,279,279,3,168.169697,0.04098360655737705,1.0,
META:2026-07-13T14:30:00+00:00,META,2026-07-13,2026-07-13T14:30:00+00:00,middle,0.5395831520365699,-0.03724842518657451,true,true,true,222,222,3,179.506058,0.04035323555007153,1.0,
META:2026-07-13T14:35:00+00:00,META,2026-07-13,2026-07-13T14:35:00+00:00,middle,0.5375647156507446,-0.059213086295951234,true,true,true,162,162,3,144.8961265,0.044319398206797686,1.0,
META:2026-07-13T14:40:00+00:00,META,2026-07-13,2026-07-13T14:40:00+00:00,middle,0.5486991684043464,-0.047641852655436856,true,true,true,147,147,3,174.490373,0.040160642570281124,1.0,
META:2026-07-13T14:45:00+00:00,META,2026-07-13,2026-07-13T14:45:00+00:00,middle,0.5180509784178956,-0.013176535414867296,true,true,true,132,132,3,181.9029595,0.03864734299516909,1.0,
META:2026-07-13T14:50:00+00:00,META,2026-07-13,2026-07-13T14:50:00+00:00,middle,0.5344736473305838,-0.026462668848395543,true,true,true,136,136,3,148.3445715,0.03187977690559809,0.9927007299270073,
META:2026-07-13T14:55:00+00:00,META,2026-07-13,2026-07-13T14:55:00+00:00,middle,0.5276524652070478,-0.02254321720346808,true,true,true,192,192,3,144.809598,0.04326114714099699,1.0,
META:2026-07-13T15:00:00+00:00,META,2026-07-13,2026-07-13T15:00:00+00:00,middle,0.5524602673035823,-0.04586896873052437,true,true,true,166,166,3,162.98229800000001,0.03284593050644009,1.0,
META:2026-07-13T15:05:00+00:00,META,2026-07-13,2026-07-13T15:05:00+00:00,middle,0.5364210796975215,-0.002453959987513632,true,true,true,110,110,3,160.5430465,0.033019051592268166,1.0,
META:2026-07-13T15:10:00+00:00,META,2026-07-13,2026-07-13T15:10:00+00:00,middle,0.5604105846907551,-0.08193021864222017,true,true,true,175,175,3,154.00169,0.04824561403508778,1.0,
META:2026-07-13T15:15:00+00:00,META,2026-07-13,2026-07-13T15:15:00+00:00,middle,0.5480489097995758,-0.042276169100087135,true,true,true,154,154,3,195.8940225,0.04296560013388713,1.0,
META:2026-07-13T15:20:00+00:00,META,2026-07-13,2026-07-13T15:20:00+00:00,middle,0.529465675391376,-0.029578091249011562,true,true,true,133,133,3,173.019161,0.046948356807511735,1.0,
META:2026-07-13T15:25:00+00:00,META,2026-07-13,2026-07-13T15:25:00+00:00,middle,0.5181781225503534,-0.02652892312310251,true,true,true,145,145,3,176.791814,0.05376344086021505,1.0,
META:2026-07-13T15:30:00+00:00,META,2026-07-13,2026-07-13T15:30:00+00:00,middle,0.5180740286470075,-0.05320745387467002,true,true,true,107,107,3,184.812732,0.04081632653061222,1.0,
META:2026-07-13T15:35:00+00:00,META,2026-07-13,2026-07-13T15:35:00+00:00,middle,0.5188001155206374,-0.038725577000290334,true,true,true,151,151,3,150.03457,0.04926108374384236,0.993421052631579,
META:2026-07-13T15:40:00+00:00,META,2026-07-13,2026-07-13T15:40:00+00:00,middle,0.5248506097413655,-0.024349740493047722,true,true,true,108,108,3,179.293365,0.04500009039793175,1.0,
META:2026-07-13T15:45:00+00:00,META,2026-07-13,2026-07-13T15:45:00+00:00,middle,0.5016448404776006,-0.04715598176543412,true,true,true,111,111,3,196.376376,0.035294117647058906,1.0,
META:2026-07-13T15:50:00+00:00,META,2026-07-13,2026-07-13T15:50:00+00:00,middle,0.5429623249375671,-0.03484062153662759,true,true,true,116,116,3,139.22519499999999,0.04027571293418032,1.0,
META:2026-07-13T15:55:00+00:00,META,2026-07-13,2026-07-13T15:55:00+00:00,middle,0.5084034843027592,-0.02957878042757911,true,true,true,101,101,3,162.124155,0.04545454545454543,1.0,
META:2026-07-13T16:00:00+00:00,META,2026-07-13,2026-07-13T16:00:00+00:00,middle,0.5470701179090907,-0.035159543575294494,true,true,true,96,96,3,154.2933045,0.04316583953680732,1.0,
META:2026-07-13T16:05:00+00:00,META,2026-07-13,2026-07-13T16:05:00+00:00,middle,0.5440007773402501,-0.06334739401587108,true,true,true,83,83,3,171.755693,0.0555555555555556,1.0,
META:2026-07-13T16:10:00+00:00,META,2026-07-13,2026-07-13T16:10:00+00:00,middle,0.5192930830872393,-0.05927757105812037,true,true,true,80,80,3,182.33917050000002,0.04620663362561955,1.0,
META:2026-07-13T16:15:00+00:00,META,2026-07-13,2026-07-13T16:15:00+00:00,middle,0.5371394924746715,-0.03259207401508879,true,true,true,82,82,3,198.69569,0.0323049227140107,1.0,
META:2026-07-13T16:20:00+00:00,META,2026-07-13,2026-07-13T16:20:00+00:00,middle,0.5318257022028008,-0.02458678066733122,true,true,true,77,77,3,159.35225,0.03257328990228013,0.9871794871794872,
META:2026-07-13T16:25:00+00:00,META,2026-07-13,2026-07-13T16:25:00+00:00,middle,0.5417839227195865,-0.025414819402813982,true,true,true,82,82,3,151.2538925,0.03629458136123111,1.0,
META:2026-07-13T16:30:00+00:00,META,2026-07-13,2026-07-13T16:30:00+00:00,middle,0.534922470215978,-0.051685896609477755,true,true,true,84,84,3,194.295616,0.03992485625913203,1.0,
META:2026-07-13T16:35:00+00:00,META,2026-07-13,2026-07-13T16:35:00+00:00,middle,0.5382298288476094,-0.03771010032092792,true,true,true,134,134,3,152.9691955,0.038838612368024134,1.0,
META:2026-07-13T16:40:00+00:00,META,2026-07-13,2026-07-13T16:40:00+00:00,middle,0.543804836422965,-0.04139124519312376,true,true,true,97,97,3,153.389003,0.03174603174603177,1.0,
META:2026-07-13T16:45:00+00:00,META,2026-07-13,2026-07-13T16:45:00+00:00,middle,0.5252996468309089,-0.0500429135312922,true,true,true,104,104,3,169.458043,0.03344203559849719,0.9811320754716981,
META:2026-07-13T16:50:00+00:00,META,2026-07-13,2026-07-13T16:50:00+00:00,middle,0.572911501592217,-0.057642746364057196,true,true,true,130,130,3,174.717929,0.03440484748895955,1.0,
META:2026-07-13T16:55:00+00:00,META,2026-07-13,2026-07-13T16:55:00+00:00,middle,0.534472939525569,-0.05681113135060284,true,true,true,102,102,3,188.6935235,0.0472837022132797,1.0,
META:2026-07-13T17:00:00+00:00,META,2026-07-13,2026-07-13T17:00:00+00:00,middle,0.5361434618067779,-0.09749757038667017,true,true,true,93,93,3,191.503403,0.038461538461538464,1.0,
META:2026-07-13T17:05:00+00:00,META,2026-07-13,2026-07-13T17:05:00+00:00,middle,0.535303669782754,-0.039037961155790946,true,true,true,87,87,3,184.135482,0.03655352480417751,0.9886363636363636,
META:2026-07-13T17:10:00+00:00,META,2026-07-13,2026-07-13T17:10:00+00:00,middle,0.5114153995331339,-0.030913998709309776,true,true,true,72,72,3,163.406347,0.047004403046185576,0.972972972972973,
META:2026-07-13T17:15:00+00:00,META,2026-07-13,2026-07-13T17:15:00+00:00,middle,0.49993340520387136,-0.03781351435893021,true,true,true,61,61,3,194.697674,0.03921568627450985,1.0,
META:2026-07-13T17:20:00+00:00,META,2026-07-13,2026-07-13T17:20:00+00:00,middle,0.5093203618808667,-0.03097535422825426,true,true,true,67,67,3,145.546134,0.040219378427787854,1.0,
META:2026-07-13T17:25:00+00:00,META,2026-07-13,2026-07-13T17:25:00+00:00,middle,0.5230024749674742,-0.02613346501056124,true,true,true,80,80,3,160.653806,0.046455738515617004,1.0,
META:2026-07-13T17:30:00+00:00,META,2026-07-13,2026-07-13T17:30:00+00:00,middle,0.5422785480400397,-0.043766135909866444,true,true,true,75,75,3,181.108083,0.0444444444444445,1.0,
META:2026-07-13T17:35:00+00:00,META,2026-07-13,2026-07-13T17:35:00+00:00,middle,0.532094696048228,-0.005791633162886001,true,true,true,68,68,3,201.59322450000002,0.049770954562337474,0.9714285714285714,
META:2026-07-13T17:40:00+00:00,META,2026-07-13,2026-07-13T17:40:00+00:00,middle,0.5057685963148604,-0.017437298088677444,true,true,true,41,41,3,167.461877,0.038953811908736785,1.0,
META:2026-07-13T17:45:00+00:00,META,2026-07-13,2026-07-13T17:45:00+00:00,middle,0.5246622870412171,-0.04300325248867287,true,true,true,46,46,3,170.49111599999998,0.03268646025813604,1.0,
META:2026-07-13T17:50:00+00:00,META,2026-07-13,2026-07-13T17:50:00+00:00,middle,0.5338744717588144,-0.03986819781211004,true,true,true,53,53,3,209.433642,0.046301524562394065,1.0,
META:2026-07-13T17:55:00+00:00,META,2026-07-13,2026-07-13T17:55:00+00:00,middle,0.5096247646034995,-0.013966222294397701,true,true,true,76,76,3,173.40182900000002,0.038914924297044046,1.0,
META:2026-07-13T18:00:00+00:00,META,2026-07-13,2026-07-13T18:00:00+00:00,middle,0.504951621689351,-0.05644260708153248,true,true,true,85,85,3,213.770326,0.03348554033485545,1.0,
META:2026-07-13T18:05:00+00:00,META,2026-07-13,2026-07-13T18:05:00+00:00,middle,0.5245829942530729,-0.01638788402148328,true,true,true,59,59,3,148.415486,0.0434782608695651,1.0,
META:2026-07-13T18:10:00+00:00,META,2026-07-13,2026-07-13T18:10:00+00:00,middle,0.5212062055373898,-0.03257074673239502,true,true,true,58,58,3,141.26770449999998,0.036176676793643295,1.0,
META:2026-07-13T18:15:00+00:00,META,2026-07-13,2026-07-13T18:15:00+00:00,middle,0.5231868022945765,-0.03305566767356205,true,true,true,69,69,3,150.5417,0.0327868852459016,1.0,
META:2026-07-13T18:20:00+00:00,META,2026-07-13,2026-07-13T18:20:00+00:00,middle,0.506255594104953,-0.06120993462881458,true,true,true,61,61,3,154.236551,0.051282051282051246,1.0,
META:2026-07-13T18:25:00+00:00,META,2026-07-13,2026-07-13T18:25:00+00:00,middle,0.522469944825815,-0.03884784100343275,true,true,true,63,63,3,170.53544,0.03636363636363624,1.0,
META:2026-07-13T18:30:00+00:00,META,2026-07-13,2026-07-13T18:30:00+00:00,middle,0.5343282958454341,-0.00021591778251550675,true,true,true,78,78,3,189.60529350000002,0.02863374002610082,0.975,
META:2026-07-13T18:35:00+00:00,META,2026-07-13,2026-07-13T18:35:00+00:00,middle,0.5280835836538395,-0.04893113811697436,true,true,true,106,106,3,161.34315550000002,0.03768120841291568,1.0,
META:2026-07-13T18:40:00+00:00,META,2026-07-13,2026-07-13T18:40:00+00:00,middle,0.5105198026716,-0.009676514120757762,true,true,true,65,65,3,191.715365,0.04255319148936175,1.0,
META:2026-07-13T18:45:00+00:00,META,2026-07-13,2026-07-13T18:45:00+00:00,middle,0.5284797775110676,-0.02924484547201156,true,true,true,72,72,3,155.0381655,0.0442369159183319,1.0,
META:2026-07-13T18:50:00+00:00,META,2026-07-13,2026-07-13T18:50:00+00:00,middle,0.5108271111200842,-0.03892752494698015,true,true,true,50,50,3,150.020382,0.04383322418685877,1.0,
META:2026-07-13T18:55:00+00:00,META,2026-07-13,2026-07-13T18:55:00+00:00,middle,0.5282152260734329,-0.008606350190751066,true,true,true,74,74,3,158.829763,0.038655695364945175,1.0,
META:2026-07-13T19:00:00+00:00,META,2026-07-13,2026-07-13T19:00:00+00:00,last,0.5151725309989954,-0.0025599817282037085,true,true,true,57,57,3,165.697353,0.047619047619047616,1.0,
META:2026-07-13T19:05:00+00:00,META,2026-07-13,2026-07-13T19:05:00+00:00,last,0.5304053517415505,-0.08115094394699107,true,true,true,75,75,3,166.100575,0.03878116343490302,1.0,
META:2026-07-13T19:10:00+00:00,META,2026-07-13,2026-07-13T19:10:00+00:00,last,0.5243477235913276,-0.05362520784518898,true,true,true,66,66,3,157.7832995,0.049533156137122565,1.0,
META:2026-07-13T19:15:00+00:00,META,2026-07-13,2026-07-13T19:15:00+00:00,last,0.5394035185743049,-0.04801363655286628,true,true,true,86,86,3,172.1137395,0.041274066187560986,1.0,
META:2026-07-13T19:20:00+00:00,META,2026-07-13,2026-07-13T19:20:00+00:00,last,0.5248867264235858,-0.016469337477568735,true,true,true,62,62,3,165.30679450000002,0.035950271301432635,1.0,
META:2026-07-13T19:25:00+00:00,META,2026-07-13,2026-07-13T19:25:00+00:00,last,0.5261666148422247,-0.031162661786999446,true,true,true,95,95,3,134.954684,0.03030303030303033,1.0,
MSFT:2026-07-13T13:35:00+00:00,MSFT,2026-07-13,2026-07-13T13:35:00+00:00,first,0.48708123075041926,-0.06387385193555795,true,true,true,238,238,3,164.997097,0.11028102332450154,0.9916666666666667,
MSFT:2026-07-13T13:40:00+00:00,MSFT,2026-07-13,2026-07-13T13:40:00+00:00,first,0.44898289937868346,-0.01073531591762611,true,true,true,159,159,3,141.543354,0.06503137478608104,1.0,
MSFT:2026-07-13T13:45:00+00:00,MSFT,2026-07-13,2026-07-13T13:45:00+00:00,first,0.4533562775556929,-0.03236106880988182,true,true,true,186,186,3,131.49114450000002,0.0622835452857894,0.9946524064171123,
MSFT:2026-07-13T13:50:00+00:00,MSFT,2026-07-13,2026-07-13T13:50:00+00:00,middle,0.46252529548059035,-0.03984130122153473,true,true,true,167,167,3,153.097555,0.05940594059405944,1.0,
MSFT:2026-07-13T13:55:00+00:00,MSFT,2026-07-13,2026-07-13T13:55:00+00:00,middle,0.4490310859990568,-0.015306879498876547,true,true,true,162,162,3,157.345051,0.07184101767447315,1.0,
MSFT:2026-07-13T14:00:00+00:00,MSFT,2026-07-13,2026-07-13T14:00:00+00:00,middle,0.4532187957447246,-0.025116088433526418,true,true,true,125,125,3,163.653198,0.05405405405405398,1.0,
MSFT:2026-07-13T14:05:00+00:00,MSFT,2026-07-13,2026-07-13T14:05:00+00:00,middle,0.45146455689402676,-0.04030927209523316,true,true,true,122,122,3,136.0404215,0.05829288025889963,1.0,
MSFT:2026-07-13T14:10:00+00:00,MSFT,2026-07-13,2026-07-13T14:10:00+00:00,middle,0.43323019585250316,-0.0683856991252676,true,true,true,169,169,3,114.610419,0.08247422680412361,1.0,
MSFT:2026-07-13T14:15:00+00:00,MSFT,2026-07-13,2026-07-13T14:15:00+00:00,middle,0.44409556162843855,-0.01658588316124676,true,true,true,139,139,3,166.551383,0.05797101449275358,1.0,
MSFT:2026-07-13T14:20:00+00:00,MSFT,2026-07-13,2026-07-13T14:20:00+00:00,middle,0.4358086736433394,-0.04177141099204873,true,true,true,154,154,3,158.3531795,0.07536942215153411,1.0,
MSFT:2026-07-13T14:25:00+00:00,MSFT,2026-07-13,2026-07-13T14:25:00+00:00,middle,0.43985880844580016,-0.026763485979832746,true,true,true,128,128,3,133.036346,0.061289877088799904,0.9922480620155039,
MSFT:2026-07-13T14:30:00+00:00,MSFT,2026-07-13,2026-07-13T14:30:00+00:00,middle,0.4413112243368812,-0.0015988570234254373,true,true,true,110,110,3,170.42677350000002,0.05870046763475267,1.0,
MSFT:2026-07-13T14:35:00+00:00,MSFT,2026-07-13,2026-07-13T14:35:00+00:00,middle,0.4579720044445992,-0.032129653822824455,true,true,true,108,108,3,157.680838,0.06448028673835132,1.0,
MSFT:2026-07-13T14:40:00+00:00,MSFT,2026-07-13,2026-07-13T14:40:00+00:00,middle,0.42207464864680544,-0.01664064491768169,true,true,true,103,103,3,155.233562,0.0457084814626714,1.0,
MSFT:2026-07-13T14:45:00+00:00,MSFT,2026-07-13,2026-07-13T14:45:00+00:00,middle,0.4440371863411367,-0.02792201377804593,true,true,true,89,89,3,142.258089,0.04724409448818895,1.0,
MSFT:2026-07-13T14:50:00+00:00,MSFT,2026-07-13,2026-07-13T14:50:00+00:00,middle,0.4342212346323952,0.004592909490391595,true,true,true,133,133,3,123.331348,0.0641975308641974,1.0,
MSFT:2026-07-13T14:55:00+00:00,MSFT,2026-07-13,2026-07-13T14:55:00+00:00,middle,0.44453644964708394,-0.01547664094382517,true,true,true,148,148,3,172.2002005,0.0602275818297216,1.0,
MSFT:2026-07-13T15:00:00+00:00,MSFT,2026-07-13,2026-07-13T15:00:00+00:00,middle,0.44054411271204424,-0.004070251366049049,true,true,true,158,158,3,161.6681795,0.057696224778997926,0.9937106918238994,
MSFT:2026-07-13T15:05:00+00:00,MSFT,2026-07-13,2026-07-13T15:05:00+00:00,middle,0.43235251763372123,-0.032544241297222665,true,true,true,153,153,3,162.489681,0.05787781350482317,1.0,
MSFT:2026-07-13T15:10:00+00:00,MSFT,2026-07-13,2026-07-13T15:10:00+00:00,middle,0.45020753244002165,-0.04065840623217826,true,true,true,162,162,3,149.5347405,0.052341065669248024,1.0,
MSFT:2026-07-13T15:15:00+00:00,MSFT,2026-07-13,2026-07-13T15:15:00+00:00,middle,0.4552154391866625,-0.03516241204825027,true,true,true,181,181,3,150.762501,0.05102040816326524,1.0,
MSFT:2026-07-13T15:20:00+00:00,MSFT,2026-07-13,2026-07-13T15:20:00+00:00,middle,0.45099926822880665,-0.02830914586843547,true,true,true,142,142,3,149.178498,0.05037600797318108,1.0,
MSFT:2026-07-13T15:25:00+00:00,MSFT,2026-07-13,2026-07-13T15:25:00+00:00,middle,0.452836134001799,-0.04749949071515347,true,true,true,164,164,3,155.52539000000002,0.04532273552705392,1.0,
MSFT:2026-07-13T15:30:00+00:00,MSFT,2026-07-13,2026-07-13T15:30:00+00:00,middle,0.44168582082792374,-0.040311917050816104,true,true,true,152,152,3,164.506444,0.04666718519094662,1.0,
MSFT:2026-07-13T15:35:00+00:00,MSFT,2026-07-13,2026-07-13T15:35:00+00:00,middle,0.43120138453527174,-0.024708839779548353,true,true,true,148,148,3,167.413778,0.042871066555277094,1.0,
MSFT:2026-07-13T15:40:00+00:00,MSFT,2026-07-13,2026-07-13T15:40:00+00:00,middle,0.45038390627392766,-0.026929224112063666,true,true,true,135,135,3,153.455164,0.043222003929273035,1.0,
MSFT:2026-07-13T15:45:00+00:00,MSFT,2026-07-13,2026-07-13T15:45:00+00:00,middle,0.43129822343721247,-0.008722243948757646,true,true,true,114,114,3,167.022744,0.03444407190570757,1.0,
MSFT:2026-07-13T15:50:00+00:00,MSFT,2026-07-13,2026-07-13T15:50:00+00:00,middle,0.4347841817632579,-0.020321417260922514,true,true,true,132,132,3,153.657012,0.0327273809169617,1.0,
MSFT:2026-07-13T15:55:00+00:00,MSFT,2026-07-13,2026-07-13T15:55:00+00:00,middle,0.43714061367026347,-0.042927703616529644,true,true,true,127,127,3,158.779562,0.03960396039603963,1.0,
MSFT:2026-07-13T16:00:00+00:00,MSFT,2026-07-13,2026-07-13T16:00:00+00:00,middle,0.4491584163959921,-0.04562794249641894,true,true,true,105,105,3,150.889521,0.02892102335928819,1.0,
MSFT:2026-07-13T16:05:00+00:00,MSFT,2026-07-13,2026-07-13T16:05:00+00:00,middle,0.43996278127723565,-0.025993580387830728,true,true,true,108,108,3,149.236321,0.02927107874634116,1.0,
MSFT:2026-07-13T16:10:00+00:00,MSFT,2026-07-13,2026-07-13T16:10:00+00:00,middle,0.4461374300855547,-0.024545374073945025,true,true,true,118,118,3,166.5697825,0.03677479183168793,1.0,
MSFT:2026-07-13T16:15:00+00:00,MSFT,2026-07-13,2026-07-13T16:15:00+00:00,middle,0.4289250091007687,-0.047565726363413,true,true,true,133,133,3,138.204737,0.03314917127071811,1.0,
MSFT:2026-07-13T16:20:00+00:00,MSFT,2026-07-13,2026-07-13T16:20:00+00:00,middle,0.4362056591245979,-0.022956016538880797,true,true,true,147,147,3,219.865907,0.03636363636363645,1.0,
MSFT:2026-07-13T16:25:00+00:00,MSFT,2026-07-13,2026-07-13T16:25:00+00:00,middle,0.43751347790166367,-0.023849117456413715,true,true,true,187,187,3,128.979991,0.04545454545454543,1.0,
MSFT:2026-07-13T16:30:00+00:00,MSFT,2026-07-13,2026-07-13T16:30:00+00:00,middle,0.4284357295708247,-0.036592066420160274,true,true,true,148,148,3,207.0389995,0.04240335630806115,1.0,
MSFT:2026-07-13T16:35:00+00:00,MSFT,2026-07-13,2026-07-13T16:35:00+00:00,middle,0.43450102250430367,-0.01801203576097643,true,true,true,127,127,3,133.990701,0.0430416068866571,1.0,
MSFT:2026-07-13T16:40:00+00:00,MSFT,2026-07-13,2026-07-13T16:40:00+00:00,middle,0.4466951059316993,-0.020385045206494534,true,true,true,181,181,3,127.677594,0.04255319148936165,1.0,
MSFT:2026-07-13T16:45:00+00:00,MSFT,2026-07-13,2026-07-13T16:45:00+00:00,middle,0.43890388634812844,-0.03703649346388116,true,true,true,164,164,3,125.761787,0.050497440355452616,1.0,
MSFT:2026-07-13T16:50:00+00:00,MSFT,2026-07-13,2026-07-13T16:50:00+00:00,middle,0.427200814710319,-0.017573122145794318,true,true,true,118,118,3,158.821682,0.042329227323628135,1.0,
MSFT:2026-07-13T16:55:00+00:00,MSFT,2026-07-13,2026-07-13T16:55:00+00:00,middle,0.4442667107437458,-0.013615262765571512,true,true,true,104,104,3,167.2692265,0.04553639637673251,1.0,
MSFT:2026-07-13T17:00:00+00:00,MSFT,2026-07-13,2026-07-13T17:00:00+00:00,middle,0.43305359850122405,-0.01685268839906151,true,true,true,98,98,3,151.9239005,0.040586864116275885,1.0,
MSFT:2026-07-13T17:05:00+00:00,MSFT,2026-07-13,2026-07-13T17:05:00+00:00,middle,0.44515060088285807,-0.022367122766278724,true,true,true,105,105,3,165.86989,0.04484304932735426,1.0,
MSFT:2026-07-13T17:10:00+00:00,MSFT,2026-07-13,2026-07-13T17:10:00+00:00,middle,0.43215435085592796,-0.01612815683381985,true,true,true,98,98,3,136.93767350000002,0.03694855868768907,1.0,
MSFT:2026-07-13T17:15:00+00:00,MSFT,2026-07-13,2026-07-13T17:15:00+00:00,middle,0.4361884482868612,-0.019138451563239123,true,true,true,127,127,3,179.646597,0.04255319148936175,1.0,
MSFT:2026-07-13T17:20:00+00:00,MSFT,2026-07-13,2026-07-13T17:20:00+00:00,middle,0.4355365226150156,-0.037696577519848895,true,true,true,86,86,3,147.24739399999999,0.03737289301321585,1.0,
MSFT:2026-07-13T17:25:00+00:00,MSFT,2026-07-13,2026-07-13T17:25:00+00:00,middle,0.4357953184802905,-0.025481353074237767,true,true,true,118,118,3,177.406183,0.03618465901344309,1.0,
MSFT:2026-07-13T17:30:00+00:00,MSFT,2026-07-13,2026-07-13T17:30:00+00:00,middle,0.43340954991805175,-0.00710781521499898,true,true,true,96,96,3,177.24016699999999,0.036154499705901594,1.0,
MSFT:2026-07-13T17:35:00+00:00,MSFT,2026-07-13,2026-07-13T17:35:00+00:00,middle,0.4347956742815301,-0.02650595671300593,true,true,true,74,74,3,155.1838035,0.03461010605115414,1.0,
MSFT:2026-07-13T17:40:00+00:00,MSFT,2026-07-13,2026-07-13T17:40:00+00:00,middle,0.4191281122480929,-0.018076297005772568,true,true,true,106,106,3,130.0965215,0.04245935940769342,1.0,
MSFT:2026-07-13T17:45:00+00:00,MSFT,2026-07-13,2026-07-13T17:45:00+00:00,middle,0.43723484486951675,-0.014761422602467267,true,true,true,96,96,3,164.71107949999998,0.04317440596365893,1.0,
MSFT:2026-07-13T17:50:00+00:00,MSFT,2026-07-13,2026-07-13T17:50:00+00:00,middle,0.4093915650861822,-0.04272050301156932,true,true,true,76,76,3,145.38613450000003,0.04901960784313727,1.0,
MSFT:2026-07-13T17:55:00+00:00,MSFT,2026-07-13,2026-07-13T17:55:00+00:00,middle,0.4337614035163708,-0.019894759848371135,true,true,true,119,119,3,134.551373,0.044164037854889544,1.0,
MSFT:2026-07-13T18:00:00+00:00,MSFT,2026-07-13,2026-07-13T18:00:00+00:00,middle,0.45376980332256855,-0.032395192462190914,true,true,true,96,96,3,168.252771,0.0454571543362222,1.0,
MSFT:2026-07-13T18:05:00+00:00,MSFT,2026-07-13,2026-07-13T18:05:00+00:00,middle,0.42416475960363825,0.00242259304947412,true,true,true,95,95,3,146.942408,0.04511278195488719,1.0,
MSFT:2026-07-13T18:10:00+00:00,MSFT,2026-07-13,2026-07-13T18:10:00+00:00,middle,0.4366188309889659,-0.02154532389079783,true,true,true,72,72,3,168.0046195,0.0392156862745098,1.0,
MSFT:2026-07-13T18:15:00+00:00,MSFT,2026-07-13,2026-07-13T18:15:00+00:00,middle,0.4333796544693857,-0.004039219704069286,true,true,true,81,81,3,155.326764,0.03921568627450985,1.0,
MSFT:2026-07-13T18:20:00+00:00,MSFT,2026-07-13,2026-07-13T18:20:00+00:00,middle,0.43551694621841236,-0.021849121253877724,true,true,true,66,66,3,127.322641,0.03035551270785165,1.0,
MSFT:2026-07-13T18:25:00+00:00,MSFT,2026-07-13,2026-07-13T18:25:00+00:00,middle,0.436730347531747,-0.04313490422149002,true,true,true,106,106,3,213.77200699999997,0.04320435543457118,1.0,
MSFT:2026-07-13T18:30:00+00:00,MSFT,2026-07-13,2026-07-13T18:30:00+00:00,middle,0.43478211422755575,-0.00968679591992494,true,true,true,76,76,3,148.31977949999998,0.04748325108291651,1.0,
MSFT:2026-07-13T18:35:00+00:00,MSFT,2026-07-13,2026-07-13T18:35:00+00:00,middle,0.4266603869548068,-0.0380760355137586,true,true,true,100,100,3,157.453734,0.0416272772427937,1.0,
MSFT:2026-07-13T18:40:00+00:00,MSFT,2026-07-13,2026-07-13T18:40:00+00:00,middle,0.43495418535202746,-0.00925812685101468,true,true,true,86,86,3,143.68301200000002,0.03300118808520269,1.0,
MSFT:2026-07-13T18:45:00+00:00,MSFT,2026-07-13,2026-07-13T18:45:00+00:00,middle,0.43615804992410545,-0.023567895348027335,true,true,true,126,126,3,154.59015499999998,0.04133447228549743,0.9921259842519685,
MSFT:2026-07-13T18:50:00+00:00,MSFT,2026-07-13,2026-07-13T18:50:00+00:00,middle,0.43766498542780063,-0.01600045390792937,true,true,true,80,80,3,196.4228975,0.034637876743139916,0.975609756097561,
MSFT:2026-07-13T18:55:00+00:00,MSFT,2026-07-13,2026-07-13T18:55:00+00:00,middle,0.43833322786789014,-0.0012796742144897677,true,true,true,98,98,3,139.2371515,0.03427614767820955,1.0,
MSFT:2026-07-13T19:00:00+00:00,MSFT,2026-07-13,2026-07-13T19:00:00+00:00,last,0.44353635841357714,-0.0251372108252943,true,true,true,150,150,3,216.9261195,0.04938355236417827,1.0,
MSFT:2026-07-13T19:05:00+00:00,MSFT,2026-07-13,2026-07-13T19:05:00+00:00,last,0.4315093914755471,-0.023055071988105857,true,true,true,95,95,3,177.613966,0.03636363636363645,1.0,
MSFT:2026-07-13T19:10:00+00:00,MSFT,2026-07-13,2026-07-13T19:10:00+00:00,last,0.4502064893589467,-0.01697912472650409,true,true,true,103,103,3,179.490272,0.03921568627450984,1.0,
MSFT:2026-07-13T19:15:00+00:00,MSFT,2026-07-13,2026-07-13T19:15:00+00:00,last,0.44420819575808573,-0.03269284309750797,true,true,true,102,102,3,150.056137,0.04764605785592747,1.0,
MSFT:2026-07-13T19:20:00+00:00,MSFT,2026-07-13,2026-07-13T19:20:00+00:00,last,0.4265088980551176,-0.050037455982096524,true,true,true,101,101,3,176.129537,0.051635111876075696,1.0,
MSFT:2026-07-13T19:25:00+00:00,MSFT,2026-07-13,2026-07-13T19:25:00+00:00,last,0.4373758098262176,-0.06275768067956716,true,true,true,129,129,3,152.156592,0.045197740112994385,1.0,
NVDA:2026-07-13T13:35:00+00:00,NVDA,2026-07-13,2026-07-13T13:35:00+00:00,first,0.4194361936941594,-0.01099362749525895,true,true,true,311,311,3,130.260647,0.034063260340632576,0.9873015873015873,
NVDA:2026-07-13T13:40:00+00:00,NVDA,2026-07-13,2026-07-13T13:40:00+00:00,first,0.41856246428230415,-0.025430167595773878,true,true,true,274,274,3,127.6610305,0.03080475038347801,0.9963636363636363,
NVDA:2026-07-13T13:45:00+00:00,NVDA,2026-07-13,2026-07-13T13:45:00+00:00,first,0.4042814177677483,-0.024165804321348627,true,true,true,253,253,3,87.894262,0.0273972602739726,0.9960629921259843,
NVDA:2026-07-13T13:50:00+00:00,NVDA,2026-07-13,2026-07-13T13:50:00+00:00,middle,0.416909776824832,-0.018123682688891862,true,true,true,236,236,3,126.6532235,0.026223796261275155,1.0,
NVDA:2026-07-13T13:55:00+00:00,NVDA,2026-07-13,2026-07-13T13:55:00+00:00,middle,0.42000318276418747,-0.029068508891001266,true,true,true,274,274,3,105.0537825,0.03115748604707602,0.9963636363636363,
NVDA:2026-07-13T14:00:00+00:00,NVDA,2026-07-13,2026-07-13T14:00:00+00:00,middle,0.3909590000139699,0.025747487759932963,true,true,true,206,206,3,118.715752,0.024590576971529325,0.9856459330143541,
NVDA:2026-07-13T14:05:00+00:00,NVDA,2026-07-13,2026-07-13T14:05:00+00:00,middle,0.41728070390566446,-0.02565882586856183,true,true,true,234,234,3,136.2353525,0.026525945470536452,1.0,
NVDA:2026-07-13T14:10:00+00:00,NVDA,2026-07-13,2026-07-13T14:10:00+00:00,middle,0.41268924727819867,-0.004807188145503405,true,true,true,207,207,3,110.25491,0.022727272727272846,1.0,
NVDA:2026-07-13T14:15:00+00:00,NVDA,2026-07-13,2026-07-13T14:15:00+00:00,middle,0.41741563389328873,-0.021173279223099417,true,true,true,192,192,3,147.371736,0.02159867515685865,1.0,
NVDA:2026-07-13T14:20:00+00:00,NVDA,2026-07-13,2026-07-13T14:20:00+00:00,middle,0.4086767379002273,-0.0007984785628765145,true,true,true,261,261,3,147.225396,0.034285714285714364,1.0,
NVDA:2026-07-13T14:25:00+00:00,NVDA,2026-07-13,2026-07-13T14:25:00+00:00,middle,0.4063908257244677,-0.000019222494095583187,true,true,true,176,176,3,129.868314,0.024793811792428632,1.0,
NVDA:2026-07-13T14:30:00+00:00,NVDA,2026-07-13,2026-07-13T14:30:00+00:00,middle,0.4025430859034434,-0.01344516604456314,true,true,true,171,171,3,116.51218,0.027397260273972626,1.0,
NVDA:2026-07-13T14:35:00+00:00,NVDA,2026-07-13,2026-07-13T14:35:00+00:00,middle,0.4238952535308972,-0.02927824269285806,true,true,true,192,192,3,115.8403035,0.024940137450632744,0.9948186528497409,
NVDA:2026-07-13T14:40:00+00:00,NVDA,2026-07-13,2026-07-13T14:40:00+00:00,middle,0.4043123004181459,-0.009606553182944622,true,true,true,205,205,3,142.226337,0.02564102564102566,0.9903381642512077,
NVDA:2026-07-13T14:45:00+00:00,NVDA,2026-07-13,2026-07-13T14:45:00+00:00,middle,0.41541746308263394,-0.023383344503551784,true,true,true,220,220,3,130.1495965,0.029287856043761766,1.0,
NVDA:2026-07-13T14:50:00+00:00,NVDA,2026-07-13,2026-07-13T14:50:00+00:00,middle,0.40929804169194406,-0.00597834467530256,true,true,true,213,213,3,149.188118,0.02750491159135571,1.0,
NVDA:2026-07-13T14:55:00+00:00,NVDA,2026-07-13,2026-07-13T14:55:00+00:00,middle,0.419814459595412,-0.03354325219675891,true,true,true,183,183,3,103.153908,0.030769230769230795,1.0,
NVDA:2026-07-13T15:00:00+00:00,NVDA,2026-07-13,2026-07-13T15:00:00+00:00,middle,0.41320110206283633,-0.0051452954253704,true,true,true,180,180,3,143.77433000000002,0.029106532328825145,1.0,
NVDA:2026-07-13T15:05:00+00:00,NVDA,2026-07-13,2026-07-13T15:05:00+00:00,middle,0.41816486412826925,-0.028531992689520058,true,true,true,156,156,3,134.8288465,0.026109660574412556,0.9936305732484076,
NVDA:2026-07-13T15:10:00+00:00,NVDA,2026-07-13,2026-07-13T15:10:00+00:00,middle,0.4153406476120427,-0.025323251785591305,true,true,true,156,156,3,154.2998595,0.026373753767679153,1.0,
NVDA:2026-07-13T15:15:00+00:00,NVDA,2026-07-13,2026-07-13T15:15:00+00:00,middle,0.4115294528815374,-0.01369647407783564,true,true,true,156,156,3,125.44373250000001,0.024615617662652398,1.0,
NVDA:2026-07-13T15:20:00+00:00,NVDA,2026-07-13,2026-07-13T15:20:00+00:00,middle,0.4175242260837704,-0.017359253272533404,true,true,true,164,164,3,116.586559,0.024271129871404645,0.9939393939393939,
NVDA:2026-07-13T15:25:00+00:00,NVDA,2026-07-13,2026-07-13T15:25:00+00:00,middle,0.39676933413041376,-0.025216484986990584,true,true,true,137,137,3,106.546875,0.02493765586034904,0.9856115107913669,
NVDA:2026-07-13T15:30:00+00:00,NVDA,2026-07-13,2026-07-13T15:30:00+00:00,middle,0.4161336127463804,-0.02566672348241511,true,true,true,143,143,3,159.825885,0.02298850574712656,0.9930555555555556,
NVDA:2026-07-13T15:35:00+00:00,NVDA,2026-07-13,2026-07-13T15:35:00+00:00,middle,0.4185959546353892,-0.026402244651839157,true,true,true,158,158,3,139.3729645,0.019436881285509675,0.9937106918238994,
NVDA:2026-07-13T15:40:00+00:00,NVDA,2026-07-13,2026-07-13T15:40:00+00:00,middle,0.4133686655869484,-0.01582495551706864,true,true,true,185,185,3,192.424992,0.02044989775051125,1.0,
NVDA:2026-07-13T15:45:00+00:00,NVDA,2026-07-13,2026-07-13T15:45:00+00:00,middle,0.4137170919188783,-0.023988406032815546,true,true,true,138,138,3,145.8846945,0.022727456155218213,1.0,
NVDA:2026-07-13T15:50:00+00:00,NVDA,2026-07-13,2026-07-13T15:50:00+00:00,middle,0.41293086955863234,-0.02187341014176608,true,true,true,181,181,3,170.361742,0.019417475728155442,1.0,
NVDA:2026-07-13T15:55:00+00:00,NVDA,2026-07-13,2026-07-13T15:55:00+00:00,middle,0.37964753081401437,-0.015886124771535504,true,true,true,149,149,3,144.189679,0.018018018018018063,0.9933333333333333,
NVDA:2026-07-13T16:00:00+00:00,NVDA,2026-07-13,2026-07-13T16:00:00+00:00,middle,0.4144850603603125,-0.0255354442785532,true,true,true,148,148,3,151.0544205,0.02105366838625482,1.0,
NVDA:2026-07-13T16:05:00+00:00,NVDA,2026-07-13,2026-07-13T16:05:00+00:00,middle,0.4164283949087412,-0.029521206077530948,true,true,true,211,211,3,154.862629,0.02547770700636945,0.9952830188679245,
NVDA:2026-07-13T16:10:00+00:00,NVDA,2026-07-13,2026-07-13T16:10:00+00:00,middle,0.4095268489763141,-0.01481577457705141,true,true,true,186,186,3,116.8753195,0.021276595744680774,1.0,
NVDA:2026-07-13T16:15:00+00:00,NVDA,2026-07-13,2026-07-13T16:15:00+00:00,middle,0.41126372797769317,-0.018277909676402915,true,true,true,187,187,3,158.106677,0.02230483271375457,1.0,
NVDA:2026-07-13T16:20:00+00:00,NVDA,2026-07-13,2026-07-13T16:20:00+00:00,middle,0.3930093993841634,-0.01660413708005859,true,true,true,181,181,3,138.916589,0.0203045685279188,1.0,
NVDA:2026-07-13T16:25:00+00:00,NVDA,2026-07-13,2026-07-13T16:25:00+00:00,middle,0.410973043633841,-0.020462195953145523,true,true,true,165,165,3,100.0719,0.023904382470119435,1.0,
NVDA:2026-07-13T16:30:00+00:00,NVDA,2026-07-13,2026-07-13T16:30:00+00:00,middle,0.4101486370556727,-0.020130123642355224,true,true,true,187,187,3,164.868681,0.02484472049689443,1.0,
NVDA:2026-07-13T16:35:00+00:00,NVDA,2026-07-13,2026-07-13T16:35:00+00:00,middle,0.4198738779637888,-0.031747588126227355,true,true,true,224,224,3,105.6381325,0.025236844200302602,1.0,
NVDA:2026-07-13T16:40:00+00:00,NVDA,2026-07-13,2026-07-13T16:40:00+00:00,middle,0.41731035721050946,-0.00999532440073786,true,true,true,234,234,3,158.8637685,0.022288446017259544,0.9957446808510638,
NVDA:2026-07-13T16:45:00+00:00,NVDA,2026-07-13,2026-07-13T16:45:00+00:00,middle,0.41281821680253744,-0.018351595903769113,true,true,true,169,169,3,149.744745,0.020477815699658723,1.0,
NVDA:2026-07-13T16:50:00+00:00,NVDA,2026-07-13,2026-07-13T16:50:00+00:00,middle,0.42663613531981404,-0.03292999503047761,true,true,true,151,151,3,148.373373,0.0185758513931889,1.0,
NVDA:2026-07-13T16:55:00+00:00,NVDA,2026-07-13,2026-07-13T16:55:00+00:00,middle,0.4014216247362867,-0.0276284609612375,true,true,true,203,203,3,172.740536,0.02247191011235957,1.0,
NVDA:2026-07-13T17:00:00+00:00,NVDA,2026-07-13,2026-07-13T17:00:00+00:00,middle,0.4001594593826979,-0.02685255765305472,true,true,true,159,159,3,144.836604,0.021201413427561887,1.0,
NVDA:2026-07-13T17:05:00+00:00,NVDA,2026-07-13,2026-07-13T17:05:00+00:00,middle,0.4224538272439986,-0.03001398737965516,true,true,true,151,151,3,136.452409,0.020725388601036288,1.0,
NVDA:2026-07-13T17:10:00+00:00,NVDA,2026-07-13,2026-07-13T17:10:00+00:00,middle,0.40537713718409096,-0.013119203208640406,true,true,true,159,159,3,147.812545,0.020703933747412008,1.0,
NVDA:2026-07-13T17:15:00+00:00,NVDA,2026-07-13,2026-07-13T17:15:00+00:00,middle,0.4242832796907798,-0.025387103248536547,true,true,true,156,156,3,130.30412,0.02413278491609941,0.9936305732484076,
NVDA:2026-07-13T17:20:00+00:00,NVDA,2026-07-13,2026-07-13T17:20:00+00:00,middle,0.4030026748756469,-0.02276248774658135,true,true,true,192,192,3,182.7047345,0.024264597657646325,0.9948186528497409,
NVDA:2026-07-13T17:25:00+00:00,NVDA,2026-07-13,2026-07-13T17:25:00+00:00,middle,0.4049088310343326,-0.026313135725721637,true,true,true,180,180,3,187.3895945,0.0221640173007058,0.994475138121547,
NVDA:2026-07-13T17:30:00+00:00,NVDA,2026-07-13,2026-07-13T17:30:00+00:00,middle,0.4147256768125668,-0.019209828111082294,true,true,true,210,210,3,166.938388,0.020463856725085,1.0,
NVDA:2026-07-13T17:35:00+00:00,NVDA,2026-07-13,2026-07-13T17:35:00+00:00,middle,0.4153257092009336,-0.019622813710972853,true,true,true,163,163,3,159.743105,0.024896265560165887,1.0,
NVDA:2026-07-13T17:40:00+00:00,NVDA,2026-07-13,2026-07-13T17:40:00+00:00,middle,0.42402768757452075,-0.03020837298855189,true,true,true,139,139,3,156.502351,0.021052631578947295,0.9928571428571429,
NVDA:2026-07-13T17:45:00+00:00,NVDA,2026-07-13,2026-07-13T17:45:00+00:00,middle,0.4176182896449939,-0.025725285034194578,true,true,true,160,160,3,160.27110249999998,0.021819335898758316,1.0,
NVDA:2026-07-13T17:50:00+00:00,NVDA,2026-07-13,2026-07-13T17:50:00+00:00,middle,0.42538753002019974,-0.03320521942268306,true,true,true,147,147,3,124.298712,0.016085790884718395,0.9932432432432432,
NVDA:2026-07-13T17:55:00+00:00,NVDA,2026-07-13,2026-07-13T17:55:00+00:00,middle,0.4194578376264647,-0.02295285004276043,true,true,true,199,199,3,159.968955,0.02020202020202022,1.0,
NVDA:2026-07-13T18:00:00+00:00,NVDA,2026-07-13,2026-07-13T18:00:00+00:00,middle,0.42516244802538306,-0.028520369786113386,true,true,true,156,156,3,154.511758,0.022347066167290847,1.0,
NVDA:2026-07-13T18:05:00+00:00,NVDA,2026-07-13,2026-07-13T18:05:00+00:00,middle,0.40371092692554006,-0.020004059843867994,true,true,true,148,148,3,136.23009150000001,0.021441972661484926,0.9932885906040269,
NVDA:2026-07-13T18:10:00+00:00,NVDA,2026-07-13,2026-07-13T18:10:00+00:00,middle,0.42608345136167114,-0.029414066749975154,true,true,true,164,164,3,165.49258600000002,0.023952954675846155,0.9939393939393939,
NVDA:2026-07-13T18:15:00+00:00,NVDA,2026-07-13,2026-07-13T18:15:00+00:00,middle,0.40509643661624184,-0.012882349298834861,true,true,true,142,142,3,155.2289945,0.021279003961516656,1.0,
NVDA:2026-07-13T18:20:00+00:00,NVDA,2026-07-13,2026-07-13T18:20:00+00:00,middle,0.42719034664667405,-0.03214954686903948,true,true,true,113,113,3,128.404967,0.018348623853210944,1.0,
NVDA:2026-07-13T18:25:00+00:00,NVDA,2026-07-13,2026-07-13T18:25:00+00:00,middle,0.4045927029628307,-0.016155165183082243,true,true,true,126,126,3,144.329421,0.028370221327967834,0.9921259842519685,
NVDA:2026-07-13T18:30:00+00:00,NVDA,2026-07-13,2026-07-13T18:30:00+00:00,middle,0.40655715990302715,-0.030350306520536496,true,true,true,149,149,3,156.820201,0.024691358024691384,1.0,
NVDA:2026-07-13T18:35:00+00:00,NVDA,2026-07-13,2026-07-13T18:35:00+00:00,middle,0.4192221385564208,-0.030382269504904857,true,true,true,189,189,3,178.268185,0.02376910016977923,0.9947368421052631,
NVDA:2026-07-13T18:40:00+00:00,NVDA,2026-07-13,2026-07-13T18:40:00+00:00,middle,0.4162933531624302,-0.020214911232590782,true,true,true,132,132,3,138.839761,0.020696153063737354,1.0,
NVDA:2026-07-13T18:45:00+00:00,NVDA,2026-07-13,2026-07-13T18:45:00+00:00,middle,0.42378323407402635,-0.02808845971529189,true,true,true,122,122,3,111.13203949999999,0.018809516789999765,0.991869918699187,
NVDA:2026-07-13T18:50:00+00:00,NVDA,2026-07-13,2026-07-13T18:50:00+00:00,middle,0.42228723229517046,-0.02175479692238569,true,true,true,131,131,3,132.721035,0.02230483271375457,0.9924242424242424,
NVDA:2026-07-13T18:55:00+00:00,NVDA,2026-07-13,2026-07-13T18:55:00+00:00,middle,0.404397199767068,-0.023984457225888933,true,true,true,120,120,3,156.8187985,0.023212002960371375,1.0,
NVDA:2026-07-13T19:00:00+00:00,NVDA,2026-07-13,2026-07-13T19:00:00+00:00,last,0.42212864671888206,-0.029365339962616532,true,true,true,144,144,3,86.60373899999999,0.020041367953892778,1.0,
NVDA:2026-07-13T19:05:00+00:00,NVDA,2026-07-13,2026-07-13T19:05:00+00:00,last,0.4055743167601526,-0.01889913896232842,true,true,true,123,123,3,122.428172,0.02481389578163772,0.984,
NVDA:2026-07-13T19:10:00+00:00,NVDA,2026-07-13,2026-07-13T19:10:00+00:00,last,0.43233143249484896,-0.029951998561486615,true,true,true,138,138,3,171.5629545,0.019672131147541017,1.0,
NVDA:2026-07-13T19:15:00+00:00,NVDA,2026-07-13,2026-07-13T19:15:00+00:00,last,0.4175557420333922,-0.019699033135235355,true,true,true,151,151,3,118.562734,0.02281368821292781,1.0,
NVDA:2026-07-13T19:20:00+00:00,NVDA,2026-07-13,2026-07-13T19:20:00+00:00,last,0.41900841869474204,-0.018654163921296596,true,true,true,137,137,3,133.986291,0.02020202020202013,1.0,
NVDA:2026-07-13T19:25:00+00:00,NVDA,2026-07-13,2026-07-13T19:25:00+00:00,last,0.4070062435586899,-0.024330834648564503,true,true,true,156,156,3,119.31575000000001,0.019900990099009933,0.9873417721518988,
QQQ:2026-07-13T13:35:00+00:00,QQQ,2026-07-13,2026-07-13T13:35:00+00:00,first,0.24502100527674708,0.0000618211801386992,true,true,true,708,708,3,164.5515925,0.01732985805927128,0.9957805907172996,
QQQ:2026-07-13T13:40:00+00:00,QQQ,2026-07-13,2026-07-13T13:40:00+00:00,first,0.24546604699324442,0.005161388676241052,true,true,true,565,565,3,143.207867,0.013318534961154383,1.0,
QQQ:2026-07-13T13:45:00+00:00,QQQ,2026-07-13,2026-07-13T13:45:00+00:00,first,0.2433118610560931,0.018657814705058923,true,true,true,597,597,3,159.189754,0.011787819253438213,0.9983277591973244,
QQQ:2026-07-13T13:50:00+00:00,QQQ,2026-07-13,2026-07-13T13:50:00+00:00,middle,0.25731354810703916,0.011989062116824128,true,true,true,589,589,3,165.420236,0.01230012300122997,1.0,
QQQ:2026-07-13T13:55:00+00:00,QQQ,2026-07-13,2026-07-13T13:55:00+00:00,middle,0.2580793000011891,0.0032865808291472898,true,true,true,552,552,3,159.72733950000003,0.012280711203994467,0.9981916817359855,
QQQ:2026-07-13T14:00:00+00:00,QQQ,2026-07-13,2026-07-13T14:00:00+00:00,middle,0.24552646187657673,0.01443380201269312,true,true,true,435,435,3,145.521328,0.01330798479087458,1.0,
QQQ:2026-07-13T14:05:00+00:00,QQQ,2026-07-13,2026-07-13T14:05:00+00:00,middle,0.2591730543272923,0.002615488542549338,true,true,true,480,480,3,149.502321,0.0120436736150852,0.997920997920998,
QQQ:2026-07-13T14:10:00+00:00,QQQ,2026-07-13,2026-07-13T14:10:00+00:00,middle,0.24496504211443101,0.0048518543672486925,true,true,true,386,386,3,159.599124,0.011312507503772917,1.0,
QQQ:2026-07-13T14:15:00+00:00,QQQ,2026-07-13,2026-07-13T14:15:00+00:00,middle,0.2503415290094856,0.006296093247759982,true,true,true,380,380,3,167.1521495,0.012232530300763047,1.0,
QQQ:2026-07-13T14:20:00+00:00,QQQ,2026-07-13,2026-07-13T14:20:00+00:00,middle,0.23639094361798835,0.0021651382884383674,true,true,true,639,639,3,182.912333,0.036223506743738004,0.9953271028037384,
QQQ:2026-07-13T14:25:00+00:00,QQQ,2026-07-13,2026-07-13T14:25:00+00:00,middle,0.2373770929553416,0.017634459038291028,true,true,true,339,339,3,127.528049,0.017202354006337826,1.0,
QQQ:2026-07-13T14:30:00+00:00,QQQ,2026-07-13,2026-07-13T14:30:00+00:00,middle,0.24990612647970764,0.009374784293379679,true,true,true,375,375,3,142.89198,0.012993503248375891,1.0,
QQQ:2026-07-13T14:35:00+00:00,QQQ,2026-07-13,2026-07-13T14:35:00+00:00,middle,0.2423520588291064,0.008296927640445484,true,true,true,419,419,3,191.718789,0.01010101010101011,1.0,
QQQ:2026-07-13T14:40:00+00:00,QQQ,2026-07-13,2026-07-13T14:40:00+00:00,middle,0.2373882315711062,0.005759837816547486,true,true,true,332,332,3,158.11911800000001,0.011715513987539429,1.0,
QQQ:2026-07-13T14:45:00+00:00,QQQ,2026-07-13,2026-07-13T14:45:00+00:00,middle,0.2376822500491087,0.003281793832071056,true,true,true,345,345,3,138.420588,0.009427609427609467,1.0,
QQQ:2026-07-13T14:50:00+00:00,QQQ,2026-07-13,2026-07-13T14:50:00+00:00,middle,0.24495159381914325,0.010417623224511702,true,true,true,318,318,3,156.3824285,0.021935833637506855,0.9968652037617555,
QQQ:2026-07-13T14:55:00+00:00,QQQ,2026-07-13,2026-07-13T14:55:00+00:00,middle,0.2629633222437315,-0.0035775073168202998,true,true,true,253,253,3,153.346844,0.02169197396963129,1.0,
QQQ:2026-07-13T15:00:00+00:00,QQQ,2026-07-13,2026-07-13T15:00:00+00:00,middle,0.2471270977257639,0.017658226385641795,true,true,true,276,276,3,164.3676595,0.01105991722900657,1.0,
QQQ:2026-07-13T15:05:00+00:00,QQQ,2026-07-13,2026-07-13T15:05:00+00:00,middle,0.2556020848936382,0.0018591802574172145,true,true,true,361,361,3,181.616535,0.010471204188481584,1.0,
QQQ:2026-07-13T15:10:00+00:00,QQQ,2026-07-13,2026-07-13T15:10:00+00:00,middle,0.2386003569727689,0.003406479273423524,true,true,true,265,265,3,156.517707,0.009584664536741151,1.0,
QQQ:2026-07-13T15:15:00+00:00,QQQ,2026-07-13,2026-07-13T15:15:00+00:00,middle,0.23758555084552616,-0.00044373786515367053,true,true,true,281,281,3,172.455739,0.008968609865470888,1.0,
QQQ:2026-07-13T15:20:00+00:00,QQQ,2026-07-13,2026-07-13T15:20:00+00:00,middle,0.2519314267115351,-0.003238990255102492,true,true,true,278,278,3,169.513088,0.009385667237254368,1.0,
QQQ:2026-07-13T15:25:00+00:00,QQQ,2026-07-13,2026-07-13T15:25:00+00:00,middle,0.25098719619488163,0.019481345840182074,true,true,true,224,224,3,135.2159715,0.009912041547610235,1.0,
QQQ:2026-07-13T15:30:00+00:00,QQQ,2026-07-13,2026-07-13T15:30:00+00:00,middle,0.23814765047301542,0.010590774682953885,true,true,true,238,238,3,169.1111845,0.009489585888814009,1.0,
QQQ:2026-07-13T15:35:00+00:00,QQQ,2026-07-13,2026-07-13T15:35:00+00:00,middle,0.2386316214653459,-0.0006005725553519525,true,true,true,273,273,3,184.307601,0.010111223458038386,0.9963503649635036,
QQQ:2026-07-13T15:40:00+00:00,QQQ,2026-07-13,2026-07-13T15:40:00+00:00,middle,0.2529854415113274,0.00505596298187963,true,true,true,259,259,3,197.177457,0.010246856078248667,1.0,
QQQ:2026-07-13T15:45:00+00:00,QQQ,2026-07-13,2026-07-13T15:45:00+00:00,middle,0.22145407850400362,-0.0010262986455149559,true,true,true,210,210,3,150.8292685,0.009877085162423225,0.995260663507109,
QQQ:2026-07-13T15:50:00+00:00,QQQ,2026-07-13,2026-07-13T15:50:00+00:00,middle,0.22381832420584752,0.004185753968652395,true,true,true,326,326,3,154.1190665,0.009724473257698622,1.0,
QQQ:2026-07-13T15:55:00+00:00,QQQ,2026-07-13,2026-07-13T15:55:00+00:00,middle,0.23844658633322824,0.010494364189311794,true,true,true,305,305,3,188.57731,0.009532888465204925,0.9967320261437909,
QQQ:2026-07-13T16:00:00+00:00,QQQ,2026-07-13,2026-07-13T16:00:00+00:00,middle,0.25266157415077833,0.010580381125099902,true,true,true,221,221,3,159.55004,0.00851063829787235,1.0,
QQQ:2026-07-13T16:05:00+00:00,QQQ,2026-07-13,2026-07-13T16:05:00+00:00,middle,0.2555303265036158,0.0027205603344030715,true,true,true,247,247,3,173.919813,0.008849557522123902,0.9959677419354839,
QQQ:2026-07-13T16:10:00+00:00,QQQ,2026-07-13,2026-07-13T16:10:00+00:00,middle,0.25022075512216424,0.008117927477404419,true,true,true,240,240,3,196.4978875,0.008060455446187808,0.995850622406639,
QQQ:2026-07-13T16:15:00+00:00,QQQ,2026-07-13,2026-07-13T16:15:00+00:00,middle,0.25253157085858846,0.002217571738902413,true,true,true,251,251,3,158.099928,0.009144350097975217,1.0,
QQQ:2026-07-13T16:20:00+00:00,QQQ,2026-07-13,2026-07-13T16:20:00+00:00,middle,0.25288607872571417,0.008864289239428946,true,true,true,332,332,3,172.2416905,0.009751528579443329,0.996996996996997,
QQQ:2026-07-13T16:25:00+00:00,QQQ,2026-07-13,2026-07-13T16:25:00+00:00,middle,0.25326467058980273,0.007994005720410424,true,true,true,265,265,3,132.70793,0.00796812749003985,1.0,
QQQ:2026-07-13T16:30:00+00:00,QQQ,2026-07-13,2026-07-13T16:30:00+00:00,middle,0.25291947594656045,0.010175572535779387,true,true,true,303,303,3,176.491321,0.009082652134423217,1.0,
QQQ:2026-07-13T16:35:00+00:00,QQQ,2026-07-13,2026-07-13T16:35:00+00:00,middle,0.2447569101870824,0.008696148295436051,true,true,true,403,403,3,144.597025,0.010362694300518144,0.9975247524752475,
QQQ:2026-07-13T16:40:00+00:00,QQQ,2026-07-13,2026-07-13T16:40:00+00:00,middle,0.24449857066977765,0.01502295655556396,true,true,true,535,535,3,205.046922,0.009708737864077681,0.9981343283582089,
QQQ:2026-07-13T16:45:00+00:00,QQQ,2026-07-13,2026-07-13T16:45:00+00:00,middle,0.2579619533802569,0.012772322871874991,true,true,true,363,363,3,153.586633,0.008230452674897127,1.0,
QQQ:2026-07-13T16:50:00+00:00,QQQ,2026-07-13,2026-07-13T16:50:00+00:00,middle,0.24594931949378362,0.004930066821422385,true,true,true,313,313,3,141.969135,0.008078476630121005,1.0,
QQQ:2026-07-13T16:55:00+00:00,QQQ,2026-07-13,2026-07-13T16:55:00+00:00,middle,0.2432432039696239,0.0100979747543819,true,true,true,334,334,3,200.14057350000002,0.009390499283588634,1.0,
QQQ:2026-07-13T17:00:00+00:00,QQQ,2026-07-13,2026-07-13T17:00:00+00:00,middle,0.24630681690577602,0.005356668354630445,true,true,true,270,270,3,146.8353935,0.008017519331600657,1.0,
QQQ:2026-07-13T17:05:00+00:00,QQQ,2026-07-13,2026-07-13T17:05:00+00:00,middle,0.25965777037753346,0.007898787319425504,true,true,true,249,249,3,173.151352,0.009685230024213082,1.0,
QQQ:2026-07-13T17:10:00+00:00,QQQ,2026-07-13,2026-07-13T17:10:00+00:00,middle,0.2530653024061285,0.004426333168011165,true,true,true,202,202,3,132.35898300000002,0.008446746060530367,1.0,
QQQ:2026-07-13T17:15:00+00:00,QQQ,2026-07-13,2026-07-13T17:15:00+00:00,middle,0.24243701405737178,0.008269863411839995,true,true,true,205,205,3,173.179541,0.00734753857457749,1.0,
QQQ:2026-07-13T17:20:00+00:00,QQQ,2026-07-13,2026-07-13T17:20:00+00:00,middle,0.24253473771558143,0.012421214331466646,true,true,true,237,237,3,159.992875,0.008298755186721999,1.0,
QQQ:2026-07-13T17:25:00+00:00,QQQ,2026-07-13,2026-07-13T17:25:00+00:00,middle,0.24503613926555773,0.0029285805030651035,true,true,true,199,199,3,175.123799,0.009345794392523374,1.0,
QQQ:2026-07-13T17:30:00+00:00,QQQ,2026-07-13,2026-07-13T17:30:00+00:00,middle,0.24169546723209506,0.006587913804925988,true,true,true,241,241,3,179.94418,0.008484848484848519,1.0,
QQQ:2026-07-13T17:35:00+00:00,QQQ,2026-07-13,2026-07-13T17:35:00+00:00,middle,0.25523314152949306,0.006850416333306519,true,true,true,226,226,3,177.4586725,0.008325075639376588,1.0,
QQQ:2026-07-13T17:40:00+00:00,QQQ,2026-07-13,2026-07-13T17:40:00+00:00,middle,0.24313095168215593,0.004576872118864206,true,true,true,230,230,3,177.106731,0.008064647252979517,1.0,
QQQ:2026-07-13T17:45:00+00:00,QQQ,2026-07-13,2026-07-13T17:45:00+00:00,middle,0.256580513568392,0.0035681754664890764,true,true,true,215,215,3,158.337436,0.008491620111731742,1.0,
QQQ:2026-07-13T17:50:00+00:00,QQQ,2026-07-13,2026-07-13T17:50:00+00:00,middle,0.24284313581125996,0.0006111896305791564,true,true,true,216,216,3,169.148796,0.00823517943197183,1.0,
QQQ:2026-07-13T17:55:00+00:00,QQQ,2026-07-13,2026-07-13T17:55:00+00:00,middle,0.25745382388517263,0.007623171771816956,true,true,true,333,333,3,172.704078,0.008188331627430918,1.0,
QQQ:2026-07-13T18:00:00+00:00,QQQ,2026-07-13,2026-07-13T18:00:00+00:00,middle,0.24448321316359375,0.00511079924410579,true,true,true,215,215,3,168.577757,0.0075117370892018856,0.9953703703703703,
QQQ:2026-07-13T18:05:00+00:00,QQQ,2026-07-13,2026-07-13T18:05:00+00:00,middle,0.2605859448962118,0.01256895931515467,true,true,true,227,227,3,193.854647,0.008176614881439054,1.0,
QQQ:2026-07-13T18:10:00+00:00,QQQ,2026-07-13,2026-07-13T18:10:00+00:00,middle,0.2629530497577879,0.00679584084134921,true,true,true,229,229,3,176.205023,0.007662835249042151,1.0,
QQQ:2026-07-13T18:15:00+00:00,QQQ,2026-07-13,2026-07-13T18:15:00+00:00,middle,0.25647935333056937,0.006284060562502525,true,true,true,244,244,3,197.1907625,0.007660036378571866,1.0,
QQQ:2026-07-13T18:20:00+00:00,QQQ,2026-07-13,2026-07-13T18:20:00+00:00,middle,0.2640943015256972,0.004706419063083889,true,true,true,208,208,3,136.076418,0.006987531948265515,0.9952153110047847,
QQQ:2026-07-13T18:25:00+00:00,QQQ,2026-07-13,2026-07-13T18:25:00+00:00,middle,0.2570532621259428,0.011305341098640065,true,true,true,244,244,3,158.1690795,0.00860590934170725,1.0,
QQQ:2026-07-13T18:30:00+00:00,QQQ,2026-07-13,2026-07-13T18:30:00+00:00,middle,0.24696140615965234,0.0051146362923458755,true,true,true,193,193,3,178.93207,0.009693053311793152,0.9948453608247423,
QQQ:2026-07-13T18:35:00+00:00,QQQ,2026-07-13,2026-07-13T18:35:00+00:00,middle,0.2642034152567163,0.01224450522150089,true,true,true,340,340,3,165.03274299999998,0.008075428633535348,1.0,
QQQ:2026-07-13T18:40:00+00:00,QQQ,2026-07-13,2026-07-13T18:40:00+00:00,middle,0.2622318709531445,0.004731099106375147,true,true,true,240,240,3,146.3294415,0.007621467901010418,1.0,
QQQ:2026-07-13T18:45:00+00:00,QQQ,2026-07-13,2026-07-13T18:45:00+00:00,middle,0.24516403776915002,0.010900569762214929,true,true,true,261,261,3,146.053124,0.008429926238145424,1.0,
QQQ:2026-07-13T18:50:00+00:00,QQQ,2026-07-13,2026-07-13T18:50:00+00:00,middle,0.24402369869718143,0.010477022966440791,true,true,true,197,197,3,154.594146,0.009445100354191273,1.0,
QQQ:2026-07-13T18:55:00+00:00,QQQ,2026-07-13,2026-07-13T18:55:00+00:00,middle,0.22981445713876747,0.0022181119058877763,true,true,true,219,219,3,186.087038,0.008032128514056172,1.0,
QQQ:2026-07-13T19:00:00+00:00,QQQ,2026-07-13,2026-07-13T19:00:00+00:00,last,0.26122079942867904,0.00380728317647433,true,true,true,183,183,3,112.573274,0.008438818565400998,1.0,
QQQ:2026-07-13T19:05:00+00:00,QQQ,2026-07-13,2026-07-13T19:05:00+00:00,last,0.25558636417172287,-0.0009329428893066205,true,true,true,210,210,3,197.4573365,0.008209962741344057,1.0,
QQQ:2026-07-13T19:10:00+00:00,QQQ,2026-07-13,2026-07-13T19:10:00+00:00,last,0.2407468408737686,0.0013458167305104018,true,true,true,239,239,3,172.475953,0.00880281690140842,1.0,
QQQ:2026-07-13T19:15:00+00:00,QQQ,2026-07-13,2026-07-13T19:15:00+00:00,last,0.23191800707766416,0.006848739953007665,true,true,true,340,340,3,162.070999,0.008567960337789511,0.9941520467836257,
QQQ:2026-07-13T19:20:00+00:00,QQQ,2026-07-13,2026-07-13T19:20:00+00:00,last,0.2598712201557197,0.005275252151440812,true,true,true,237,237,3,168.114578,0.008182349503214528,1.0,
QQQ:2026-07-13T19:25:00+00:00,QQQ,2026-07-13,2026-07-13T19:25:00+00:00,last,0.26204579273995193,0.0029961386291161296,true,true,true,403,403,3,122.425121,0.008438818565400852,1.0,
SPY:2026-07-13T13:35:00+00:00,SPY,2026-07-13,2026-07-13T13:35:00+00:00,first,0.1537849760772288,0.01903932160822308,true,true,true,789,789,3,167.553987,0.010152284263959475,1.0,
SPY:2026-07-13T13:40:00+00:00,SPY,2026-07-13,2026-07-13T13:40:00+00:00,first,0.1537735021854043,0.01707993106181921,true,true,true,498,498,3,133.829294,0.008438818565400852,1.0,
SPY:2026-07-13T13:45:00+00:00,SPY,2026-07-13,2026-07-13T13:45:00+00:00,first,0.15043830632758515,0.020603384427219595,true,true,true,534,534,3,161.7284005,0.006984903988063083,1.0,
SPY:2026-07-13T13:50:00+00:00,SPY,2026-07-13,2026-07-13T13:50:00+00:00,middle,0.15334541053637488,0.018882412412233623,true,true,true,522,522,3,185.66533850000002,0.00801606425702803,1.0,
SPY:2026-07-13T13:55:00+00:00,SPY,2026-07-13,2026-07-13T13:55:00+00:00,middle,0.13998145580407606,0.017447356370471456,true,true,true,524,524,3,165.60859299999998,0.006826018078464268,0.9980952380952381,
SPY:2026-07-13T14:00:00+00:00,SPY,2026-07-13,2026-07-13T14:00:00+00:00,middle,0.14856476507893948,0.026173754017081108,true,true,true,429,429,3,142.252456,0.00754716981132076,1.0,
SPY:2026-07-13T14:05:00+00:00,SPY,2026-07-13,2026-07-13T14:05:00+00:00,middle,0.1549731664935108,0.011540406869460007,true,true,true,502,502,3,149.92323549999998,0.00793078873164714,0.9980119284294234,
SPY:2026-07-13T14:10:00+00:00,SPY,2026-07-13,2026-07-13T14:10:00+00:00,middle,0.15085158063741586,0.01833531638842073,true,true,true,416,416,3,157.0499375,0.008264478489778501,1.0,
SPY:2026-07-13T14:15:00+00:00,SPY,2026-07-13,2026-07-13T14:15:00+00:00,middle,0.14991994159945288,0.0167810324545018,true,true,true,338,338,3,166.81963100000002,0.007550519934420894,1.0,
SPY:2026-07-13T14:20:00+00:00,SPY,2026-07-13,2026-07-13T14:20:00+00:00,middle,0.15230314902512354,0.018864642781063867,true,true,true,780,780,3,175.5791435,0.015195686620952706,0.9923664122137404,
SPY:2026-07-13T14:25:00+00:00,SPY,2026-07-13,2026-07-13T14:25:00+00:00,middle,0.1488864624583237,0.02264366963627562,true,true,true,427,427,3,151.086391,0.010582010582010592,1.0,
SPY:2026-07-13T14:30:00+00:00,SPY,2026-07-13,2026-07-13T14:30:00+00:00,middle,0.15009948192947914,0.021490692519497118,true,true,true,379,379,3,179.42113,0.00898876404494383,1.0,
SPY:2026-07-13T14:35:00+00:00,SPY,2026-07-13,2026-07-13T14:35:00+00:00,middle,0.15492421618877908,0.012855489961154709,true,true,true,330,330,3,163.614351,0.008658008658008667,1.0,
SPY:2026-07-13T14:40:00+00:00,SPY,2026-07-13,2026-07-13T14:40:00+00:00,middle,0.15327678138957732,0.020127329675190098,true,true,true,352,352,3,156.90363100000002,0.009090909090909097,0.9971671388101983,
SPY:2026-07-13T14:45:00+00:00,SPY,2026-07-13,2026-07-13T14:45:00+00:00,middle,0.14023215847779624,0.017424427213270255,true,true,true,414,414,3,130.8215345,0.00849260728452943,1.0,
SPY:2026-07-13T14:50:00+00:00,SPY,2026-07-13,2026-07-13T14:50:00+00:00,middle,0.15072700695475005,0.025601773059051425,true,true,true,418,418,3,178.21736950000002,0.008166708906347946,0.9976133651551312,
SPY:2026-07-13T14:55:00+00:00,SPY,2026-07-13,2026-07-13T14:55:00+00:00,middle,0.13936139067113584,0.017971821260247378,true,true,true,347,347,3,145.361495,0.00873362445414848,0.9971264367816092,
SPY:2026-07-13T15:00:00+00:00,SPY,2026-07-13,2026-07-13T15:00:00+00:00,middle,0.14838557865142077,0.021138261501297384,true,true,true,287,287,3,162.681293,0.007168458781362013,1.0,
SPY:2026-07-13T15:05:00+00:00,SPY,2026-07-13,2026-07-13T15:05:00+00:00,middle,0.15455986424400844,0.016774569077126572,true,true,true,359,359,3,152.864831,0.0069686411149826365,0.9972222222222222,
SPY:2026-07-13T15:10:00+00:00,SPY,2026-07-13,2026-07-13T15:10:00+00:00,middle,0.1374565756166894,0.015478540841497496,true,true,true,259,259,3,151.861425,0.0061919504643962895,1.0,
SPY:2026-07-13T15:15:00+00:00,SPY,2026-07-13,2026-07-13T15:15:00+00:00,middle,0.15568500413459913,0.012125612605404179,true,true,true,271,271,3,139.97878,0.007042253521126767,0.9963235294117647,
SPY:2026-07-13T15:20:00+00:00,SPY,2026-07-13,2026-07-13T15:20:00+00:00,middle,0.15141422043189035,0.014978905006594934,true,true,true,237,237,3,180.97748,0.0065146579804560316,1.0,
SPY:2026-07-13T15:25:00+00:00,SPY,2026-07-13,2026-07-13T15:25:00+00:00,middle,0.13670128247296068,0.013407317102700489,true,true,true,222,222,3,156.6271975,0.006993348982785609,1.0,
SPY:2026-07-13T15:30:00+00:00,SPY,2026-07-13,2026-07-13T15:30:00+00:00,middle,0.13742249853049962,0.015162822551846533,true,true,true,241,241,3,171.827692,0.005540166204986154,1.0,
SPY:2026-07-13T15:35:00+00:00,SPY,2026-07-13,2026-07-13T15:35:00+00:00,middle,0.1373518577273432,0.01446991869491343,true,true,true,220,220,3,163.3841205,0.006623170129941366,1.0,
SPY:2026-07-13T15:40:00+00:00,SPY,2026-07-13,2026-07-13T15:40:00+00:00,middle,0.15313594681801085,0.01804407325113566,true,true,true,276,276,3,184.283378,0.006018151033256735,1.0,
SPY:2026-07-13T15:45:00+00:00,SPY,2026-07-13,2026-07-13T15:45:00+00:00,middle,0.15568053378713503,0.019350103889215736,true,true,true,245,245,3,156.318271,0.005988023952095814,1.0,
SPY:2026-07-13T15:50:00+00:00,SPY,2026-07-13,2026-07-13T15:50:00+00:00,middle,0.14017210681019535,0.012825873909205199,true,true,true,273,273,3,180.143548,0.006486486486486348,1.0,
SPY:2026-07-13T15:55:00+00:00,SPY,2026-07-13,2026-07-13T15:55:00+00:00,middle,0.15215354139665888,0.020230147666864123,true,true,true,334,334,3,191.5461945,0.006128702757916292,0.9970149253731343,
SPY:2026-07-13T16:00:00+00:00,SPY,2026-07-13,2026-07-13T16:00:00+00:00,middle,0.1412554303255491,0.018826179166424983,true,true,true,283,283,3,156.01368,0.005970149253731349,1.0,
SPY:2026-07-13T16:05:00+00:00,SPY,2026-07-13,2026-07-13T16:05:00+00:00,middle,0.13818414329291692,0.01510981168150155,true,true,true,366,366,3,163.5050695,0.006329177307095318,1.0,
SPY:2026-07-13T16:10:00+00:00,SPY,2026-07-13,2026-07-13T16:10:00+00:00,middle,0.15272435820170305,0.015490424515172851,true,true,true,259,259,3,156.530994,0.006060606060606067,1.0,
SPY:2026-07-13T16:15:00+00:00,SPY,2026-07-13,2026-07-13T16:15:00+00:00,middle,0.13978941712759807,0.013984736983478074,true,true,true,312,312,3,200.29355750000002,0.005660382396210774,1.0,
SPY:2026-07-13T16:20:00+00:00,SPY,2026-07-13,2026-07-13T16:20:00+00:00,middle,0.1566193998868316,0.02486681068306046,true,true,true,355,355,3,153.210958,0.006091370558375684,1.0,
SPY:2026-07-13T16:25:00+00:00,SPY,2026-07-13,2026-07-13T16:25:00+00:00,middle,0.1398917880845256,0.018212512218292842,true,true,true,352,352,3,126.30416149999999,0.006400016384041949,1.0,
SPY:2026-07-13T16:30:00+00:00,SPY,2026-07-13,2026-07-13T16:30:00+00:00,middle,0.15644289566779138,0.019148677483063203,true,true,true,449,449,3,166.548077,0.006444683136412514,0.9955654101995566,
SPY:2026-07-13T16:35:00+00:00,SPY,2026-07-13,2026-07-13T16:35:00+00:00,middle,0.14231843238638897,0.0209024879254624,true,true,true,490,490,3,171.308127,0.006999904453215152,0.9939148073022313,
SPY:2026-07-13T16:40:00+00:00,SPY,2026-07-13,2026-07-13T16:40:00+00:00,middle,0.14300427681961844,0.026213148954108312,true,true,true,555,555,3,185.636995,0.00799999999999983,1.0,
SPY:2026-07-13T16:45:00+00:00,SPY,2026-07-13,2026-07-13T16:45:00+00:00,middle,0.15857242950132305,0.021356228193067067,true,true,true,397,397,3,155.151553,0.007326007326007331,1.0,
SPY:2026-07-13T16:50:00+00:00,SPY,2026-07-13,2026-07-13T16:50:00+00:00,middle,0.16042198919846865,0.018846835896998648,true,true,true,327,327,3,166.636561,0.007308160779537209,1.0,
SPY:2026-07-13T16:55:00+00:00,SPY,2026-07-13,2026-07-13T16:55:00+00:00,middle,0.12661015293813307,0.017425693811718324,true,true,true,379,379,3,193.980098,0.006600660066006606,0.994750656167979,
SPY:2026-07-13T17:00:00+00:00,SPY,2026-07-13,2026-07-13T17:00:00+00:00,middle,0.14205932918472586,0.020331326531134536,true,true,true,288,288,3,145.9418015,0.007211798919096998,1.0,
SPY:2026-07-13T17:05:00+00:00,SPY,2026-07-13,2026-07-13T17:05:00+00:00,middle,0.1591285034729596,0.0215715871821493,true,true,true,293,293,3,172.34265,0.006389776357827482,0.9965986394557823,
SPY:2026-07-13T17:10:00+00:00,SPY,2026-07-13,2026-07-13T17:10:00+00:00,middle,0.15462624890385007,0.02162979483142119,true,true,true,249,249,3,153.135422,0.006659267480576995,1.0,
SPY:2026-07-13T17:15:00+00:00,SPY,2026-07-13,2026-07-13T17:15:00+00:00,middle,0.15730338167528435,0.014658306587629066,true,true,true,239,239,3,174.619287,0.006006006006005878,0.9958333333333333,
SPY:2026-07-13T17:20:00+00:00,SPY,2026-07-13,2026-07-13T17:20:00+00:00,middle,0.15553966196267308,0.018525399287883215,true,true,true,372,372,3,157.279244,0.005048580957932812,1.0,
SPY:2026-07-13T17:25:00+00:00,SPY,2026-07-13,2026-07-13T17:25:00+00:00,middle,0.12431805678171476,0.014248059075560371,true,true,true,248,248,3,174.0915075,0.005797296275447196,1.0,
SPY:2026-07-13T17:30:00+00:00,SPY,2026-07-13,2026-07-13T17:30:00+00:00,middle,0.14201473746877166,0.021235975846283173,true,true,true,268,268,3,178.848859,0.00631528407657177,1.0,
SPY:2026-07-13T17:35:00+00:00,SPY,2026-07-13,2026-07-13T17:35:00+00:00,middle,0.15722276640934868,0.019738353566471467,true,true,true,225,225,3,146.653837,0.006069056015746698,1.0,
SPY:2026-07-13T17:40:00+00:00,SPY,2026-07-13,2026-07-13T17:40:00+00:00,middle,0.14177174614442697,0.021840292317636317,true,true,true,222,222,3,171.85977450000001,0.006147702327749409,1.0,
SPY:2026-07-13T17:45:00+00:00,SPY,2026-07-13,2026-07-13T17:45:00+00:00,middle,0.15566924615978822,0.021956502725254734,true,true,true,204,204,3,162.357147,0.005530254570105559,1.0,
SPY:2026-07-13T17:50:00+00:00,SPY,2026-07-13,2026-07-13T17:50:00+00:00,middle,0.14348740030857549,0.01553678574366496,true,true,true,240,240,3,142.6470765,0.0058653044024183035,1.0,
SPY:2026-07-13T17:55:00+00:00,SPY,2026-07-13,2026-07-13T17:55:00+00:00,middle,0.14387134727639705,0.01903952649914853,true,true,true,391,391,3,174.93319,0.006329113924050638,0.9974489795918368,
SPY:2026-07-13T18:00:00+00:00,SPY,2026-07-13,2026-07-13T18:00:00+00:00,middle,0.14398619795332848,0.017586458682395556,true,true,true,237,237,3,162.912652,0.006622516556291398,1.0,
SPY:2026-07-13T18:05:00+00:00,SPY,2026-07-13,2026-07-13T18:05:00+00:00,middle,0.15887784736535882,0.020052786631226505,true,true,true,280,280,3,163.106092,0.006325201788339776,1.0,
SPY:2026-07-13T18:10:00+00:00,SPY,2026-07-13,2026-07-13T18:10:00+00:00,middle,0.14333954356620088,0.013051142168499535,true,true,true,288,288,3,174.39486449999998,0.006779661016949183,0.9965397923875432,
SPY:2026-07-13T18:15:00+00:00,SPY,2026-07-13,2026-07-13T18:15:00+00:00,middle,0.15820959561204537,0.023423726642310627,true,true,true,330,330,3,192.025306,0.006163342830009433,1.0,
SPY:2026-07-13T18:20:00+00:00,SPY,2026-07-13,2026-07-13T18:20:00+00:00,middle,0.14516812988316077,0.02298375131960584,true,true,true,261,261,3,143.413575,0.006240249609984405,0.9961832061068703,
SPY:2026-07-13T18:25:00+00:00,SPY,2026-07-13,2026-07-13T18:25:00+00:00,middle,0.15929019966602515,0.022774166529331313,true,true,true,267,267,3,148.694707,0.006042296072507603,1.0,
SPY:2026-07-13T18:30:00+00:00,SPY,2026-07-13,2026-07-13T18:30:00+00:00,middle,0.12920465878727289,0.018114499850142712,true,true,true,213,213,3,155.910197,0.006054490413723383,1.0,
SPY:2026-07-13T18:35:00+00:00,SPY,2026-07-13,2026-07-13T18:35:00+00:00,middle,0.14388241138637065,0.01982459401963277,true,true,true,345,345,3,143.907799,0.005888125613346466,1.0,
SPY:2026-07-13T18:40:00+00:00,SPY,2026-07-13,2026-07-13T18:40:00+00:00,middle,0.14576135430486875,0.01884378115956492,true,true,true,278,278,3,120.291821,0.006761374675703218,1.0,
SPY:2026-07-13T18:45:00+00:00,SPY,2026-07-13,2026-07-13T18:45:00+00:00,middle,0.14412848538782072,0.018920149595409608,true,true,true,293,293,3,169.243066,0.006444683136412514,1.0,
SPY:2026-07-13T18:50:00+00:00,SPY,2026-07-13,2026-07-13T18:50:00+00:00,middle,0.14494834711273386,0.01923201221037285,true,true,true,247,247,3,192.296654,0.006309148264984233,1.0,
SPY:2026-07-13T18:55:00+00:00,SPY,2026-07-13,2026-07-13T18:55:00+00:00,middle,0.14370927855437618,0.02091215505185351,true,true,true,202,202,3,160.4524,0.0058086736486960815,1.0,
SPY:2026-07-13T19:00:00+00:00,SPY,2026-07-13,2026-07-13T19:00:00+00:00,last,0.16157816075103915,0.01679082996602732,true,true,true,251,251,3,120.620953,0.007952286282306171,1.0,
SPY:2026-07-13T19:05:00+00:00,SPY,2026-07-13,2026-07-13T19:05:00+00:00,last,0.14378671801096757,0.013387573068067427,true,true,true,289,289,3,171.571089,0.005730659025787971,1.0,
SPY:2026-07-13T19:10:00+00:00,SPY,2026-07-13,2026-07-13T19:10:00+00:00,last,0.1447693096967973,0.01909568523916605,true,true,true,192,192,3,167.0504795,0.005726630265466416,1.0,
SPY:2026-07-13T19:15:00+00:00,SPY,2026-07-13,2026-07-13T19:15:00+00:00,last,0.14420754534536784,0.02134894525199013,true,true,true,265,265,3,154.426793,0.005808325266214784,1.0,
SPY:2026-07-13T19:20:00+00:00,SPY,2026-07-13,2026-07-13T19:20:00+00:00,last,0.14404097833621127,0.023274156266741425,true,true,true,265,265,3,162.473316,0.005906674542232807,1.0,
SPY:2026-07-13T19:25:00+00:00,SPY,2026-07-13,2026-07-13T19:25:00+00:00,last,0.13130832048485613,0.014392358166411434,true,true,true,410,410,3,88.32292849999999,0.006019594254888377,0.9975669099756691,
TSLA:2026-07-13T13:35:00+00:00,TSLA,2026-07-13,2026-07-13T13:35:00+00:00,first,0.4994638697085604,-0.019547674620680355,true,true,true,401,401,3,166.975249,0.02666666666666657,0.9975124378109452,
TSLA:2026-07-13T13:40:00+00:00,TSLA,2026-07-13,2026-07-13T13:40:00+00:00,first,0.5044639719735867,-0.07082576378274719,true,true,true,374,374,3,137.015472,0.02185857620640238,0.9973333333333333,
TSLA:2026-07-13T13:45:00+00:00,TSLA,2026-07-13,2026-07-13T13:45:00+00:00,first,0.4827042390425429,-0.01444440046147244,true,true,true,348,348,3,138.509391,0.01783697513746243,0.9858356940509915,
TSLA:2026-07-13T13:50:00+00:00,TSLA,2026-07-13,2026-07-13T13:50:00+00:00,middle,0.5089042377245278,-0.042911461354076974,true,true,true,334,334,3,148.43005599999998,0.01607876368023435,1.0,
TSLA:2026-07-13T13:55:00+00:00,TSLA,2026-07-13,2026-07-13T13:55:00+00:00,middle,0.4866265219075308,-0.026061268899015888,true,true,true,326,326,3,139.3335755,0.014945611319603837,1.0,
TSLA:2026-07-13T14:00:00+00:00,TSLA,2026-07-13,2026-07-13T14:00:00+00:00,middle,0.49912468209472294,-0.022062319575019196,true,true,true,286,286,3,138.8473265,0.017021584818195032,1.0,
TSLA:2026-07-13T14:05:00+00:00,TSLA,2026-07-13,2026-07-13T14:05:00+00:00,middle,0.5007303005186877,-0.018198039468377725,true,true,true,316,316,3,132.09242749999999,0.020202020202020235,1.0,
TSLA:2026-07-13T14:10:00+00:00,TSLA,2026-07-13,2026-07-13T14:10:00+00:00,middle,0.4948896425452791,-0.031095178166739568,true,true,true,280,280,3,163.3708755,0.01649141316452719,1.0,
TSLA:2026-07-13T14:15:00+00:00,TSLA,2026-07-13,2026-07-13T14:15:00+00:00,middle,0.49975557850703967,-0.025102453873760755,true,true,true,276,276,3,145.346915,0.018520106319128884,1.0,
TSLA:2026-07-13T14:20:00+00:00,TSLA,2026-07-13,2026-07-13T14:20:00+00:00,middle,0.5002011790169701,-0.02040303835503754,true,true,true,352,352,3,153.47572150000002,0.030592846070603398,0.9971671388101983,
TSLA:2026-07-13T14:25:00+00:00,TSLA,2026-07-13,2026-07-13T14:25:00+00:00,middle,0.4916068615114763,-0.004007778260238459,true,true,true,264,264,3,149.0058805,0.020170723501474856,1.0,
TSLA:2026-07-13T14:30:00+00:00,TSLA,2026-07-13,2026-07-13T14:30:00+00:00,middle,0.48431833250024175,0.01303687430950995,true,true,true,287,287,3,133.124791,0.019230769230769162,0.9828767123287672,
TSLA:2026-07-13T14:35:00+00:00,TSLA,2026-07-13,2026-07-13T14:35:00+00:00,middle,0.4969411595023385,-0.022627483253165936,true,true,true,327,327,3,130.786174,0.01960784313725501,1.0,
TSLA:2026-07-13T14:40:00+00:00,TSLA,2026-07-13,2026-07-13T14:40:00+00:00,middle,0.49323218671717856,-0.031744309871420295,true,true,true,246,246,3,150.9892025,0.02162225338943438,0.9919354838709677,
TSLA:2026-07-13T14:45:00+00:00,TSLA,2026-07-13,2026-07-13T14:45:00+00:00,middle,0.5043906582751758,-0.023449058611273665,true,true,true,202,202,3,169.679386,0.019543973941368125,1.0,
TSLA:2026-07-13T14:50:00+00:00,TSLA,2026-07-13,2026-07-13T14:50:00+00:00,middle,0.49305791767187046,-0.031210066096566458,true,true,true,196,196,3,169.98301750000002,0.021583013081790385,1.0,
TSLA:2026-07-13T14:55:00+00:00,TSLA,2026-07-13,2026-07-13T14:55:00+00:00,middle,0.5026140304342619,-0.024454178985677644,true,true,true,164,164,3,150.0524805,0.02105263157894742,1.0,
TSLA:2026-07-13T15:00:00+00:00,TSLA,2026-07-13,2026-07-13T15:00:00+00:00,middle,0.48343620256044334,-0.051224295980915324,true,true,true,169,169,3,150.641501,0.019169329073482472,1.0,
TSLA:2026-07-13T15:05:00+00:00,TSLA,2026-07-13,2026-07-13T15:05:00+00:00,middle,0.472444679853782,-0.04884495354315632,true,true,true,142,142,3,144.2934105,0.02065410593672233,1.0,
TSLA:2026-07-13T15:10:00+00:00,TSLA,2026-07-13,2026-07-13T15:10:00+00:00,middle,0.4961094141037501,-0.019229162363864405,true,true,true,170,170,3,160.0925085,0.01807245311777033,1.0,
TSLA:2026-07-13T15:15:00+00:00,TSLA,2026-07-13,2026-07-13T15:15:00+00:00,middle,0.497142436896909,-0.03959535760521887,true,true,true,143,143,3,147.026087,0.021052631578947295,1.0,
TSLA:2026-07-13T15:20:00+00:00,TSLA,2026-07-13,2026-07-13T15:20:00+00:00,middle,0.4883551866454444,-0.00631946943970757,true,true,true,176,176,3,145.3211855,0.01904761904761902,1.0,
TSLA:2026-07-13T15:25:00+00:00,TSLA,2026-07-13,2026-07-13T15:25:00+00:00,middle,0.4814093842731229,-0.04676665175420791,true,true,true,187,187,3,158.756229,0.016806722689075647,0.9946808510638298,
TSLA:2026-07-13T15:30:00+00:00,TSLA,2026-07-13,2026-07-13T15:30:00+00:00,middle,0.49714293981099866,-0.016212162113249273,true,true,true,215,215,3,179.158661,0.01950162513542792,1.0,
TSLA:2026-07-13T15:35:00+00:00,TSLA,2026-07-13,2026-07-13T15:35:00+00:00,middle,0.4770373472003527,-0.011314374925807114,true,true,true,153,153,3,142.644416,0.01825293350717087,1.0,
TSLA:2026-07-13T15:40:00+00:00,TSLA,2026-07-13,2026-07-13T15:40:00+00:00,middle,0.4794160935917832,-0.019355114403664997,true,true,true,149,149,3,155.683159,0.01886792452830182,1.0,
TSLA:2026-07-13T15:45:00+00:00,TSLA,2026-07-13,2026-07-13T15:45:00+00:00,middle,0.486807272956662,-0.021824981377571884,true,true,true,123,123,3,170.066251,0.017657445556209534,1.0,
TSLA:2026-07-13T15:50:00+00:00,TSLA,2026-07-13,2026-07-13T15:50:00+00:00,middle,0.5023947412647009,-0.031416894172571375,true,true,true,223,223,3,115.107819,0.01694915254237297,1.0,
TSLA:2026-07-13T15:55:00+00:00,TSLA,2026-07-13,2026-07-13T15:55:00+00:00,middle,0.49453506948558607,-0.02737827051483077,true,true,true,229,229,3,183.254024,0.0189753320683113,1.0,
TSLA:2026-07-13T16:00:00+00:00,TSLA,2026-07-13,2026-07-13T16:00:00+00:00,middle,0.4907093274993747,-0.029337400290965987,true,true,true,161,161,3,165.923039,0.0142857142857143,1.0,
TSLA:2026-07-13T16:05:00+00:00,TSLA,2026-07-13,2026-07-13T16:05:00+00:00,middle,0.5041531710661462,-0.04985916362407039,true,true,true,168,168,3,114.3890855,0.01650697061895466,1.0,
TSLA:2026-07-13T16:10:00+00:00,TSLA,2026-07-13,2026-07-13T16:10:00+00:00,middle,0.47747421190628037,-0.031165176357448088,true,true,true,182,182,3,149.041491,0.015267175572519075,1.0,
TSLA:2026-07-13T16:15:00+00:00,TSLA,2026-07-13,2026-07-13T16:15:00+00:00,middle,0.5010673088381363,-0.02453013763967149,true,true,true,198,198,3,146.136518,0.014085205574567331,1.0,
TSLA:2026-07-13T16:20:00+00:00,TSLA,2026-07-13,2026-07-13T16:20:00+00:00,middle,0.5016939956732578,-0.031112016475520976,true,true,true,155,155,3,129.829489,0.014150943396226447,1.0,
TSLA:2026-07-13T16:25:00+00:00,TSLA,2026-07-13,2026-07-13T16:25:00+00:00,middle,0.4993222714526355,-0.041401117210440264,true,true,true,166,166,3,132.8853105,0.016876191323824882,1.0,
TSLA:2026-07-13T16:30:00+00:00,TSLA,2026-07-13,2026-07-13T16:30:00+00:00,middle,0.49341429749699667,-0.013203953545980196,true,true,true,184,184,3,177.561914,0.015999999999999896,1.0,
TSLA:2026-07-13T16:35:00+00:00,TSLA,2026-07-13,2026-07-13T16:35:00+00:00,middle,0.4994725682596676,-0.02089373349501189,true,true,true,171,171,3,148.419701,0.0162601626016261,1.0,
TSLA:2026-07-13T16:40:00+00:00,TSLA,2026-07-13,2026-07-13T16:40:00+00:00,middle,0.48415726960640026,-0.026363799663647935,true,true,true,245,245,3,159.049362,0.015267175572519097,0.9959349593495935,
TSLA:2026-07-13T16:45:00+00:00,TSLA,2026-07-13,2026-07-13T16:45:00+00:00,middle,0.5031671055478081,-0.03575231164903203,true,true,true,172,172,3,148.05627800000002,0.01459854014598548,1.0,
TSLA:2026-07-13T16:50:00+00:00,TSLA,2026-07-13,2026-07-13T16:50:00+00:00,middle,0.4922198765339367,-0.03650660827780505,true,true,true,145,145,3,113.73947,0.014814814814814762,1.0,
TSLA:2026-07-13T16:55:00+00:00,TSLA,2026-07-13,2026-07-13T16:55:00+00:00,middle,0.4832474048858769,-0.031457313564225875,true,true,true,193,193,3,187.99919,0.014319809069212442,1.0,
TSLA:2026-07-13T17:00:00+00:00,TSLA,2026-07-13,2026-07-13T17:00:00+00:00,middle,0.4921342880064472,-0.02535100519276412,true,true,true,119,119,3,177.995148,0.016901408450704064,1.0,
TSLA:2026-07-13T17:05:00+00:00,TSLA,2026-07-13,2026-07-13T17:05:00+00:00,middle,0.4943322833487465,-0.0421190177602766,true,true,true,169,169,3,174.344463,0.01597444089456869,1.0,
TSLA:2026-07-13T17:10:00+00:00,TSLA,2026-07-13,2026-07-13T17:10:00+00:00,middle,0.49685983643138776,-0.033021376383222556,true,true,true,129,129,3,165.399274,0.019801980198019733,1.0,
TSLA:2026-07-13T17:15:00+00:00,TSLA,2026-07-13,2026-07-13T17:15:00+00:00,middle,0.5010207613451667,-0.02405393387605992,true,true,true,182,182,3,154.906894,0.015533394989746242,0.994535519125683,
TSLA:2026-07-13T17:20:00+00:00,TSLA,2026-07-13,2026-07-13T17:20:00+00:00,middle,0.5016443561899587,-0.03202005580416323,true,true,true,136,136,3,166.57612699999999,0.01662100877092018,1.0,
TSLA:2026-07-13T17:25:00+00:00,TSLA,2026-07-13,2026-07-13T17:25:00+00:00,middle,0.5026455463838837,-0.03018993280526233,true,true,true,110,110,3,190.364481,0.01604564858313496,1.0,
TSLA:2026-07-13T17:30:00+00:00,TSLA,2026-07-13,2026-07-13T17:30:00+00:00,middle,0.5031609401935973,-0.02964585426598776,true,true,true,134,134,3,166.737012,0.014235055724417408,1.0,
TSLA:2026-07-13T17:35:00+00:00,TSLA,2026-07-13,2026-07-13T17:35:00+00:00,middle,0.49263519043979787,-0.02728759696710109,true,true,true,123,123,3,111.970398,0.015748031496063006,1.0,
TSLA:2026-07-13T17:40:00+00:00,TSLA,2026-07-13,2026-07-13T17:40:00+00:00,middle,0.5049198356562368,-0.034148686254978244,true,true,true,169,169,3,125.815884,0.013856812933025438,1.0,
TSLA:2026-07-13T17:45:00+00:00,TSLA,2026-07-13,2026-07-13T17:45:00+00:00,middle,0.4910411017870009,-0.012752597463689619,true,true,true,122,122,3,169.41746899999998,0.016529427389670934,1.0,
TSLA:2026-07-13T17:50:00+00:00,TSLA,2026-07-13,2026-07-13T17:50:00+00:00,middle,0.4803877049866542,-0.03523058484707764,true,true,true,130,130,3,163.545647,0.012910349808671284,1.0,
TSLA:2026-07-13T17:55:00+00:00,TSLA,2026-07-13,2026-07-13T17:55:00+00:00,middle,0.47739314960559825,-0.02591285336320842,true,true,true,132,132,3,175.033268,0.012889738051725086,1.0,
TSLA:2026-07-13T18:00:00+00:00,TSLA,2026-07-13,2026-07-13T18:00:00+00:00,middle,0.4976286989423148,-0.04068254610848415,true,true,true,107,107,3,153.635326,0.013071895424836671,1.0,
TSLA:2026-07-13T18:05:00+00:00,TSLA,2026-07-13,2026-07-13T18:05:00+00:00,middle,0.4982879634345807,-0.031829842519566554,true,true,true,149,149,3,197.120382,0.01466992665036687,1.0,
TSLA:2026-07-13T18:10:00+00:00,TSLA,2026-07-13,2026-07-13T18:10:00+00:00,middle,0.4988449501021579,-0.029687689267672512,true,true,true,124,124,3,171.552724,0.014053929590552888,1.0,
TSLA:2026-07-13T18:15:00+00:00,TSLA,2026-07-13,2026-07-13T18:15:00+00:00,middle,0.49912436544511085,-0.03244589365301265,true,true,true,171,171,3,171.094867,0.013698630136986254,1.0,
TSLA:2026-07-13T18:20:00+00:00,TSLA,2026-07-13,2026-07-13T18:20:00+00:00,middle,0.47690753948586434,-0.02797852642057086,true,true,true,142,142,3,165.19809850000001,0.01306380872740923,1.0,
TSLA:2026-07-13T18:25:00+00:00,TSLA,2026-07-13,2026-07-13T18:25:00+00:00,middle,0.49662383933817966,-0.025999019310578575,true,true,true,108,108,3,146.42155250000002,0.015243937862363015,1.0,
TSLA:2026-07-13T18:30:00+00:00,TSLA,2026-07-13,2026-07-13T18:30:00+00:00,middle,0.5101049916798288,-0.03810077143639312,true,true,true,126,126,3,95.934515,0.012780726827276451,0.984375,
TSLA:2026-07-13T18:35:00+00:00,TSLA,2026-07-13,2026-07-13T18:35:00+00:00,middle,0.4998075649227573,-0.028795296155154637,true,true,true,182,182,3,199.98583,0.015570095722767423,1.0,
TSLA:2026-07-13T18:40:00+00:00,TSLA,2026-07-13,2026-07-13T18:40:00+00:00,middle,0.5005894473206736,-0.03377828071468314,true,true,true,132,132,3,152.661806,0.014173360107094975,1.0,
TSLA:2026-07-13T18:45:00+00:00,TSLA,2026-07-13,2026-07-13T18:45:00+00:00,middle,0.4975228448396548,-0.03912422023539974,true,true,true,127,127,3,132.960576,0.01398601398601406,0.9921875,
TSLA:2026-07-13T18:50:00+00:00,TSLA,2026-07-13,2026-07-13T18:50:00+00:00,middle,0.47890368001371253,-0.0308600751430243,true,true,true,113,113,3,164.749708,0.013333333333333286,1.0,
TSLA:2026-07-13T18:55:00+00:00,TSLA,2026-07-13,2026-07-13T18:55:00+00:00,middle,0.4812966197583414,-0.03294757839716961,true,true,true,127,127,3,160.519197,0.01526717557251903,1.0,
TSLA:2026-07-13T19:00:00+00:00,TSLA,2026-07-13,2026-07-13T19:00:00+00:00,last,0.48463373414028066,-0.03399725323463232,true,true,true,179,179,3,189.596473,0.012048192771084293,1.0,
TSLA:2026-07-13T19:05:00+00:00,TSLA,2026-07-13,2026-07-13T19:05:00+00:00,last,0.4827019666159153,-0.036897577416434846,true,true,true,166,166,3,182.30398350000002,0.012813759227206522,1.0,
TSLA:2026-07-13T19:10:00+00:00,TSLA,2026-07-13,2026-07-13T19:10:00+00:00,last,0.49644852721179644,-0.040319516641504904,true,true,true,124,124,3,153.67370449999999,0.01483423793457532,1.0,
TSLA:2026-07-13T19:15:00+00:00,TSLA,2026-07-13,2026-07-13T19:15:00+00:00,last,0.49502325005511183,-0.030231395277991846,true,true,true,237,237,3,175.748138,0.01360544217687082,1.0,
TSLA:2026-07-13T19:20:00+00:00,TSLA,2026-07-13,2026-07-13T19:20:00+00:00,last,0.5020143892012983,-0.03648831710609779,true,true,true,160,160,3,171.318624,0.013736619856623819,1.0,
TSLA:2026-07-13T19:25:00+00:00,TSLA,2026-07-13,2026-07-13T19:25:00+00:00,last,0.4823819456168301,-0.028386445626668644,true,true,true,208,208,3,138.526498,0.01571715300293347,1.0,
AAPL:2026-07-14T13:35:00+00:00,AAPL,2026-07-14,2026-07-14T13:35:00+00:00,first,0.2947006285707913,-0.004056318783119406,true,true,true,221,221,3,162.188371,0.0701168614357262,0.9910313901345291,
AAPL:2026-07-14T13:40:00+00:00,AAPL,2026-07-14,2026-07-14T13:40:00+00:00,first,0.2908172191022932,-0.007055586655460244,true,true,true,132,132,3,124.8933035,0.056206397262077074,0.9924812030075187,
AAPL:2026-07-14T13:45:00+00:00,AAPL,2026-07-14,2026-07-14T13:45:00+00:00,first,0.2858926657094099,-0.0034391128099114376,true,true,true,125,125,3,143.176319,0.04560260586319222,1.0,
AAPL:2026-07-14T13:50:00+00:00,AAPL,2026-07-14,2026-07-14T13:50:00+00:00,middle,0.28875206758546834,-0.025080213895127212,true,true,true,136,136,3,137.55100199999998,0.04878048780487806,1.0,
AAPL:2026-07-14T13:55:00+00:00,AAPL,2026-07-14,2026-07-14T13:55:00+00:00,middle,0.2900930786924549,0.0025846431450471385,true,true,true,112,112,3,147.725981,0.048258760107816726,0.9655172413793104,
AAPL:2026-07-14T14:00:00+00:00,AAPL,2026-07-14,2026-07-14T14:00:00+00:00,middle,0.2907786623554155,-0.001251958060212388,true,true,true,101,101,3,123.474662,0.046440807004187235,1.0,
AAPL:2026-07-14T14:05:00+00:00,AAPL,2026-07-14,2026-07-14T14:05:00+00:00,middle,0.2908392169371062,-0.0045177331472039395,true,true,true,125,125,3,159.722993,0.055172413793103496,1.0,
AAPL:2026-07-14T14:10:00+00:00,AAPL,2026-07-14,2026-07-14T14:10:00+00:00,middle,0.28477668071789664,-0.0066008405596762465,true,true,true,91,91,3,136.058693,0.04724409448818895,1.0,
AAPL:2026-07-14T14:15:00+00:00,AAPL,2026-07-14,2026-07-14T14:15:00+00:00,middle,0.2827869849409759,-0.008825248204909264,true,true,true,93,93,3,158.814562,0.046511627906976785,1.0,
AAPL:2026-07-14T14:20:00+00:00,AAPL,2026-07-14,2026-07-14T14:20:00+00:00,middle,0.28564059399177877,-0.003681889930106763,true,true,true,97,97,3,129.889829,0.042296072507552775,1.0,
AAPL:2026-07-14T14:25:00+00:00,AAPL,2026-07-14,2026-07-14T14:25:00+00:00,middle,0.28152604893293975,-0.0030410283682347217,true,true,true,121,121,3,161.769893,0.03508771929824565,1.0,
AAPL:2026-07-14T14:30:00+00:00,AAPL,2026-07-14,2026-07-14T14:30:00+00:00,middle,0.29059226749261097,-0.007027423466436589,true,true,true,81,81,3,132.822981,0.04408817635270547,0.9529411764705882,
AAPL:2026-07-14T14:35:00+00:00,AAPL,2026-07-14,2026-07-14T14:35:00+00:00,middle,0.28622159015052767,-0.001868940516047135,true,true,true,94,94,3,117.547165,0.04255319148936169,1.0,
AAPL:2026-07-14T14:40:00+00:00,AAPL,2026-07-14,2026-07-14T14:40:00+00:00,middle,0.27485476314780866,-0.011011769655384196,true,true,true,101,101,3,129.08944,0.05333333333333338,1.0,
AAPL:2026-07-14T14:45:00+00:00,AAPL,2026-07-14,2026-07-14T14:45:00+00:00,middle,0.2928156693096645,-0.02691927758895596,true,true,true,103,103,3,139.740498,0.04210526315789466,1.0,
AAPL:2026-07-14T14:50:00+00:00,AAPL,2026-07-14,2026-07-14T14:50:00+00:00,middle,0.2955838015916646,-0.023081558796830492,true,true,true,104,104,3,157.4936635,0.04863266814486321,0.9904761904761905,
AAPL:2026-07-14T14:55:00+00:00,AAPL,2026-07-14,2026-07-14T14:55:00+00:00,middle,0.27216786080452054,-0.0024779135993420742,true,true,true,73,73,3,150.016221,0.04310344827586207,1.0,
AAPL:2026-07-14T15:00:00+00:00,AAPL,2026-07-14,2026-07-14T15:00:00+00:00,middle,0.2767045370491036,-0.008453799583539368,true,true,true,87,87,3,126.729281,0.05714285714285714,1.0,
AAPL:2026-07-14T15:05:00+00:00,AAPL,2026-07-14,2026-07-14T15:05:00+00:00,middle,0.2801396637991927,0.00647708644071221,true,true,true,64,64,3,139.75417099999999,0.050938722027721456,1.0,
AAPL:2026-07-14T15:10:00+00:00,AAPL,2026-07-14,2026-07-14T15:10:00+00:00,middle,0.2840634926593453,-0.004812925091415621,true,true,true,78,78,3,102.60252650000001,0.048611697189636247,1.0,
AAPL:2026-07-14T15:15:00+00:00,AAPL,2026-07-14,2026-07-14T15:15:00+00:00,middle,0.2719811865449995,-0.0068647400716394524,true,true,true,78,78,3,167.330693,0.04119468838827375,1.0,
AAPL:2026-07-14T15:20:00+00:00,AAPL,2026-07-14,2026-07-14T15:20:00+00:00,middle,0.28307165294219927,0.002556628967605501,true,true,true,61,61,3,133.722612,0.0416666666666667,1.0,
AAPL:2026-07-14T15:25:00+00:00,AAPL,2026-07-14,2026-07-14T15:25:00+00:00,middle,0.2897132109166943,-0.020583081599153563,true,true,true,66,66,3,146.4245205,0.04274675497697075,1.0,
AAPL:2026-07-14T15:30:00+00:00,AAPL,2026-07-14,2026-07-14T15:30:00+00:00,middle,0.30411180894310763,-0.029032001053377998,true,true,true,79,79,3,124.930586,0.03870967741935493,1.0,
AAPL:2026-07-14T15:35:00+00:00,AAPL,2026-07-14,2026-07-14T15:35:00+00:00,middle,0.27911280636024466,-0.018934231189921547,true,true,true,53,53,3,164.18562,0.033333333333333215,1.0,
AAPL:2026-07-14T15:40:00+00:00,AAPL,2026-07-14,2026-07-14T15:40:00+00:00,middle,0.27788619889544325,0.006399674923792509,true,true,true,84,84,3,180.771895,0.040819046666999884,1.0,
AAPL:2026-07-14T15:45:00+00:00,AAPL,2026-07-14,2026-07-14T15:45:00+00:00,middle,0.2890899699744098,0.0061494844773858914,true,true,true,76,76,3,95.50670600000001,0.04758718885629492,0.987012987012987,
AAPL:2026-07-14T15:50:00+00:00,AAPL,2026-07-14,2026-07-14T15:50:00+00:00,middle,0.28177845592663064,-0.01662697310502076,true,true,true,64,64,3,121.295211,0.040712731793224904,1.0,
AAPL:2026-07-14T15:55:00+00:00,AAPL,2026-07-14,2026-07-14T15:55:00+00:00,middle,0.2787525708604306,-0.016137768080867698,true,true,true,86,86,3,191.4485845,0.03861787265748173,1.0,
AAPL:2026-07-14T16:00:00+00:00,AAPL,2026-07-14,2026-07-14T16:00:00+00:00,middle,0.2782089021030068,-0.011289564497381388,true,true,true,98,98,3,198.91086,0.040016006402561005,1.0,
AAPL:2026-07-14T16:05:00+00:00,AAPL,2026-07-14,2026-07-14T16:05:00+00:00,middle,0.2918030797297061,-0.003606192046381518,true,true,true,94,94,3,131.5551765,0.036045589598081684,1.0,
AAPL:2026-07-14T16:10:00+00:00,AAPL,2026-07-14,2026-07-14T16:10:00+00:00,middle,0.28134941432876515,-0.002222545000456211,true,true,true,72,72,3,129.683384,0.043506145321880255,1.0,
AAPL:2026-07-14T16:15:00+00:00,AAPL,2026-07-14,2026-07-14T16:15:00+00:00,middle,0.28977823584584894,-0.008509604421049421,true,true,true,75,75,3,199.171735,0.03149606299212601,1.0,
AAPL:2026-07-14T16:20:00+00:00,AAPL,2026-07-14,2026-07-14T16:20:00+00:00,middle,0.2960151901219487,-0.026063466819852665,true,true,true,68,68,3,147.5077685,0.03085098944129782,0.9855072463768116,
AAPL:2026-07-14T16:25:00+00:00,AAPL,2026-07-14,2026-07-14T16:25:00+00:00,middle,0.29094430735540766,-0.007146744490832191,true,true,true,78,78,3,182.5166415,0.03921568627450984,1.0,
AAPL:2026-07-14T16:30:00+00:00,AAPL,2026-07-14,2026-07-14T16:30:00+00:00,middle,0.29153811851022027,-0.0027368212233037092,true,true,true,91,91,3,137.222933,0.038910505836575876,1.0,
AAPL:2026-07-14T16:35:00+00:00,AAPL,2026-07-14,2026-07-14T16:35:00+00:00,middle,0.2934749896812738,0.0014005598604976965,true,true,true,63,63,3,166.214405,0.037914691943128,1.0,
AAPL:2026-07-14T16:40:00+00:00,AAPL,2026-07-14,2026-07-14T16:40:00+00:00,middle,0.2777534295757599,-0.005778818166822242,true,true,true,64,64,3,137.922249,0.03726708074534159,0.9846153846153847,
AAPL:2026-07-14T16:45:00+00:00,AAPL,2026-07-14,2026-07-14T16:45:00+00:00,middle,0.29136736986353995,-0.01590143571160002,true,true,true,74,74,3,166.0239145,0.027419086144369914,1.0,
AAPL:2026-07-14T16:50:00+00:00,AAPL,2026-07-14,2026-07-14T16:50:00+00:00,middle,0.2836406722950339,0.0030284368895440728,true,true,true,53,53,3,140.154532,0.032424974129010124,1.0,
AAPL:2026-07-14T16:55:00+00:00,AAPL,2026-07-14,2026-07-14T16:55:00+00:00,middle,0.28487720765649527,0.007849781135350509,true,true,true,64,64,3,123.9968525,0.04069107421597841,1.0,
AAPL:2026-07-14T17:00:00+00:00,AAPL,2026-07-14,2026-07-14T17:00:00+00:00,middle,0.2754054913289361,-0.00834952872893957,true,true,true,67,67,3,153.525671,0.03726708074534148,0.9852941176470589,
AAPL:2026-07-14T17:05:00+00:00,AAPL,2026-07-14,2026-07-14T17:05:00+00:00,middle,0.28977873875993865,-0.01181371273754539,true,true,true,61,61,3,119.813208,0.03448275862068968,1.0,
AAPL:2026-07-14T17:10:00+00:00,AAPL,2026-07-14,2026-07-14T17:10:00+00:00,middle,0.283842378097903,-0.00025909388843936565,true,true,true,63,63,3,117.293231,0.033195020746887995,1.0,
AAPL:2026-07-14T17:15:00+00:00,AAPL,2026-07-14,2026-07-14T17:15:00+00:00,middle,0.2806230759980902,-0.007234214289545848,true,true,true,82,82,3,180.6993675,0.04196009389671365,1.0,
AAPL:2026-07-14T17:20:00+00:00,AAPL,2026-07-14,2026-07-14T17:20:00+00:00,middle,0.28509280878939847,-0.010730584799893084,true,true,true,73,73,3,134.176002,0.040816326530612276,1.0,
AAPL:2026-07-14T17:25:00+00:00,AAPL,2026-07-14,2026-07-14T17:25:00+00:00,middle,0.28118851907295356,-0.012794581476956668,true,true,true,61,61,3,149.590564,0.03571428571428575,1.0,
AAPL:2026-07-14T17:30:00+00:00,AAPL,2026-07-14,2026-07-14T17:30:00+00:00,middle,0.290462590163257,-0.010935214955061667,true,true,true,69,69,3,152.102323,0.03278688524590167,1.0,
AAPL:2026-07-14T17:35:00+00:00,AAPL,2026-07-14,2026-07-14T17:35:00+00:00,middle,0.2899041878856494,-0.006098783286564102,true,true,true,63,63,3,105.452767,0.033222591362126276,1.0,
AAPL:2026-07-14T17:40:00+00:00,AAPL,2026-07-14,2026-07-14T17:40:00+00:00,middle,0.26964140668229764,0.0014493611536472994,true,true,true,70,70,3,175.4241115,0.024726503277597737,1.0,
AAPL:2026-07-14T17:45:00+00:00,AAPL,2026-07-14,2026-07-14T17:45:00+00:00,middle,0.273158713319935,-0.01881796490295956,true,true,true,56,56,3,132.738655,0.027417840375586817,1.0,
AAPL:2026-07-14T17:50:00+00:00,AAPL,2026-07-14,2026-07-14T17:50:00+00:00,middle,0.2870777548221387,-0.01100662875580044,true,true,true,56,56,3,172.196574,0.03199136290024725,1.0,
AAPL:2026-07-14T17:55:00+00:00,AAPL,2026-07-14,2026-07-14T17:55:00+00:00,middle,0.2870917432844118,0.005434862182356337,true,true,true,60,60,3,153.265111,0.03651355988692902,1.0,
AAPL:2026-07-14T18:00:00+00:00,AAPL,2026-07-14,2026-07-14T18:00:00+00:00,middle,0.2794156165215932,-0.009269787007316954,true,true,true,72,72,3,156.83049649999998,0.03698817551060292,1.0,
AAPL:2026-07-14T18:05:00+00:00,AAPL,2026-07-14,2026-07-14T18:05:00+00:00,middle,0.28148862839937583,0.004791467423588158,true,true,true,81,81,3,162.399494,0.03726708074534148,1.0,
AAPL:2026-07-14T18:10:00+00:00,AAPL,2026-07-14,2026-07-14T18:10:00+00:00,middle,0.2805519974734112,0.006254053355149947,true,true,true,54,54,3,154.6597525,0.0331532191592637,1.0,
AAPL:2026-07-14T18:15:00+00:00,AAPL,2026-07-14,2026-07-14T18:15:00+00:00,middle,0.2790771925921142,0.01530077002400898,true,true,true,42,42,3,144.0240795,0.029900777688388322,1.0,
AAPL:2026-07-14T18:20:00+00:00,AAPL,2026-07-14,2026-07-14T18:20:00+00:00,middle,0.27191545381082965,-0.008777527245730166,true,true,true,71,71,3,187.133662,0.03491271820448875,1.0,
AAPL:2026-07-14T18:25:00+00:00,AAPL,2026-07-14,2026-07-14T18:25:00+00:00,middle,0.2835662782626525,-0.007160267291910993,true,true,true,63,63,3,138.860893,0.02843601895734587,1.0,
AAPL:2026-07-14T18:30:00+00:00,AAPL,2026-07-14,2026-07-14T18:30:00+00:00,middle,0.28235418080066144,0.007934829495854667,true,true,true,51,51,3,178.28749,0.03773584905660381,0.9807692307692307,
AAPL:2026-07-14T18:35:00+00:00,AAPL,2026-07-14,2026-07-14T18:35:00+00:00,middle,0.28111183398749684,-0.0022166217900663754,true,true,true,58,58,3,154.77974999999998,0.02862723138069024,1.0,
AAPL:2026-07-14T18:40:00+00:00,AAPL,2026-07-14,2026-07-14T18:40:00+00:00,middle,0.28255719045487426,0.01082397780899702,true,true,true,46,46,3,146.9785035,0.03921568627450978,1.0,
AAPL:2026-07-14T18:45:00+00:00,AAPL,2026-07-14,2026-07-14T18:45:00+00:00,middle,0.28364590632685643,-0.014137473855167504,true,true,true,56,56,3,188.4039315,0.03451253521326142,1.0,
AAPL:2026-07-14T18:50:00+00:00,AAPL,2026-07-14,2026-07-14T18:50:00+00:00,middle,0.28116179012040793,-0.008649451790884166,true,true,true,43,43,3,155.219806,0.027149321266968226,1.0,
AAPL:2026-07-14T18:55:00+00:00,AAPL,2026-07-14,2026-07-14T18:55:00+00:00,middle,0.27983713303456087,-0.009768752290099825,true,true,true,59,59,3,128.77937,0.03821656050955417,1.0,
AAPL:2026-07-14T19:00:00+00:00,AAPL,2026-07-14,2026-07-14T19:00:00+00:00,last,0.2794538566188589,-0.006918197976730822,true,true,true,85,85,3,181.408607,0.038567493112947694,1.0,
AAPL:2026-07-14T19:05:00+00:00,AAPL,2026-07-14,2026-07-14T19:05:00+00:00,last,0.27925876320494714,-0.011315008225031231,true,true,true,63,63,3,138.056862,0.041237113402061897,1.0,
AAPL:2026-07-14T19:10:00+00:00,AAPL,2026-07-14,2026-07-14T19:10:00+00:00,last,0.2823581482340358,-0.012673882095426414,true,true,true,86,86,3,112.6249375,0.03315321915926363,0.9885057471264368,
AAPL:2026-07-14T19:15:00+00:00,AAPL,2026-07-14,2026-07-14T19:15:00+00:00,last,0.28696515794538713,-0.008571779503695698,true,true,true,65,65,3,194.842012,0.03278688524590167,1.0,
AAPL:2026-07-14T19:20:00+00:00,AAPL,2026-07-14,2026-07-14T19:20:00+00:00,last,0.2811621999022589,0.005158184927225085,true,true,true,52,52,3,147.356609,0.039906902815622196,1.0,
AAPL:2026-07-14T19:25:00+00:00,AAPL,2026-07-14,2026-07-14T19:25:00+00:00,last,0.27980116536392274,-0.00509127872684606,true,true,true,69,69,3,155.59117,0.03215434083601286,1.0,
AMZN:2026-07-14T13:35:00+00:00,AMZN,2026-07-14,2026-07-14T13:35:00+00:00,first,0.424212350177683,0.03291926619656382,true,true,true,132,132,3,212.226326,0.06651510031030144,0.9924812030075187,
AMZN:2026-07-14T13:40:00+00:00,AMZN,2026-07-14,2026-07-14T13:40:00+00:00,first,0.426940193453163,-0.020514200995311316,true,true,true,88,88,3,169.132165,0.04256566048305428,1.0,
AMZN:2026-07-14T13:45:00+00:00,AMZN,2026-07-14,2026-07-14T13:45:00+00:00,first,0.44204348587794606,-0.04233366894434398,true,true,true,112,112,3,144.2531885,0.05261406113984325,1.0,
AMZN:2026-07-14T13:50:00+00:00,AMZN,2026-07-14,2026-07-14T13:50:00+00:00,middle,0.4741617403147369,-0.056630026398964306,true,true,true,117,117,3,130.322508,0.04918032786885243,0.9831932773109243,
AMZN:2026-07-14T13:55:00+00:00,AMZN,2026-07-14,2026-07-14T13:55:00+00:00,middle,0.4395336092942357,-0.015074607695221953,true,true,true,115,115,3,144.912709,0.043613707165109,1.0,
AMZN:2026-07-14T14:00:00+00:00,AMZN,2026-07-14,2026-07-14T14:00:00+00:00,middle,0.43119570346870284,-0.00626850747861718,true,true,true,82,82,3,147.0993895,0.04819976771196281,1.0,
AMZN:2026-07-14T14:05:00+00:00,AMZN,2026-07-14,2026-07-14T14:05:00+00:00,middle,0.42232737229010836,-0.024363617196634435,true,true,true,113,113,3,149.487791,0.0583190394511149,0.9912280701754386,
AMZN:2026-07-14T14:10:00+00:00,AMZN,2026-07-14,2026-07-14T14:10:00+00:00,middle,0.42305082352137946,-0.004062800786942322,true,true,true,70,70,3,151.260113,0.05982956915559266,1.0,
AMZN:2026-07-14T14:15:00+00:00,AMZN,2026-07-14,2026-07-14T14:15:00+00:00,middle,0.434949342475608,-0.04536955641299478,true,true,true,80,80,3,144.5097045,0.053235017711270205,1.0,
AMZN:2026-07-14T14:20:00+00:00,AMZN,2026-07-14,2026-07-14T14:20:00+00:00,middle,0.43745173122731595,-0.014599782288744978,true,true,true,123,123,3,156.337233,0.054054054054053946,0.9919354838709677,
AMZN:2026-07-14T14:25:00+00:00,AMZN,2026-07-14,2026-07-14T14:25:00+00:00,middle,0.44281912841586024,-0.029670366671249282,true,true,true,105,105,3,156.642949,0.04115226337448564,1.0,
AMZN:2026-07-14T14:30:00+00:00,AMZN,2026-07-14,2026-07-14T14:30:00+00:00,middle,0.4346238453008794,-0.026954183552071465,true,true,true,95,95,3,158.497862,0.04511278195488719,1.0,
AMZN:2026-07-14T14:35:00+00:00,AMZN,2026-07-14,2026-07-14T14:35:00+00:00,middle,0.44519493182854364,-0.0273877327502966,true,true,true,113,113,3,122.429881,0.04524886877828054,1.0,
AMZN:2026-07-14T14:40:00+00:00,AMZN,2026-07-14,2026-07-14T14:40:00+00:00,middle,0.4361547157899552,-0.026974858909092847,true,true,true,71,71,3,136.568581,0.04918032786885251,1.0,
AMZN:2026-07-14T14:45:00+00:00,AMZN,2026-07-14,2026-07-14T14:45:00+00:00,middle,0.44126655811513593,-0.012660433800138593,true,true,true,78,78,3,164.124704,0.05321065499935657,1.0,
AMZN:2026-07-14T14:50:00+00:00,AMZN,2026-07-14,2026-07-14T14:50:00+00:00,middle,0.4199439879131839,-0.036888487709924644,true,true,true,76,76,3,152.363404,0.04574523064435848,1.0,
AMZN:2026-07-14T14:55:00+00:00,AMZN,2026-07-14,2026-07-14T14:55:00+00:00,middle,0.4407530455766469,-0.03723262995886811,true,true,true,94,94,3,186.801731,0.05328664048081011,1.0,
AMZN:2026-07-14T15:00:00+00:00,AMZN,2026-07-14,2026-07-14T15:00:00+00:00,middle,0.43111292753482616,-0.0046890219608695105,true,true,true,74,74,3,152.117813,0.056679511881824046,1.0,
AMZN:2026-07-14T15:05:00+00:00,AMZN,2026-07-14,2026-07-14T15:05:00+00:00,middle,0.4245402874170691,-0.014249232541769796,true,true,true,65,65,3,118.585776,0.04222648752399245,1.0,
AMZN:2026-07-14T15:10:00+00:00,AMZN,2026-07-14,2026-07-14T15:10:00+00:00,middle,0.4346232306281031,-0.05307360422101626,true,true,true,62,62,3,151.757629,0.046050324211900064,1.0,
AMZN:2026-07-14T15:15:00+00:00,AMZN,2026-07-14,2026-07-14T15:15:00+00:00,middle,0.4355821946649402,-0.036129795239478235,true,true,true,86,86,3,146.23108050000002,0.04255319148936171,1.0,
AMZN:2026-07-14T15:20:00+00:00,AMZN,2026-07-14,2026-07-14T15:20:00+00:00,middle,0.4450250958778038,-0.04950708650837832,true,true,true,79,79,3,161.404626,0.04830917874396135,1.0,
AMZN:2026-07-14T15:25:00+00:00,AMZN,2026-07-14,2026-07-14T15:25:00+00:00,middle,0.4323730998585038,0.0001428648543730926,true,true,true,83,83,3,168.674348,0.04999999999999993,1.0,
AMZN:2026-07-14T15:30:00+00:00,AMZN,2026-07-14,2026-07-14T15:30:00+00:00,middle,0.4194658842519,-0.03873198449832205,true,true,true,58,58,3,155.697404,0.04431807039905873,1.0,
AMZN:2026-07-14T15:35:00+00:00,AMZN,2026-07-14,2026-07-14T15:35:00+00:00,middle,0.44418331082386897,-0.019614133786313326,true,true,true,76,76,3,123.20324149999999,0.044307491187524736,1.0,
AMZN:2026-07-14T15:40:00+00:00,AMZN,2026-07-14,2026-07-14T15:40:00+00:00,middle,0.4328222207670622,-0.04170312643453489,true,true,true,74,74,3,182.077212,0.050332383665716934,1.0,
AMZN:2026-07-14T15:45:00+00:00,AMZN,2026-07-14,2026-07-14T15:45:00+00:00,middle,0.4425023111657911,-0.007970890298731548,true,true,true,45,45,3,171.338979,0.04188481675392674,0.9574468085106383,
AMZN:2026-07-14T15:50:00+00:00,AMZN,2026-07-14,2026-07-14T15:50:00+00:00,middle,0.43488262253970655,-0.016200539209842657,true,true,true,77,77,3,136.13014,0.04129793510324479,1.0,
AMZN:2026-07-14T15:55:00+00:00,AMZN,2026-07-14,2026-07-14T15:55:00+00:00,middle,0.454482749237299,-0.03536052294670056,true,true,true,67,67,3,147.831326,0.03751233958539005,0.9852941176470589,
AMZN:2026-07-14T16:00:00+00:00,AMZN,2026-07-14,2026-07-14T16:00:00+00:00,middle,0.42765522553004326,-0.030800470510169875,true,true,true,75,75,3,151.842763,0.04566210045662101,0.9868421052631579,
AMZN:2026-07-14T16:05:00+00:00,AMZN,2026-07-14,2026-07-14T16:05:00+00:00,middle,0.42928299080040305,-0.06085729871968926,true,true,true,107,107,3,178.201892,0.04040404040404045,0.981651376146789,
AMZN:2026-07-14T16:10:00+00:00,AMZN,2026-07-14,2026-07-14T16:10:00+00:00,middle,0.42952569341480734,-0.04125147232908011,true,true,true,87,87,3,166.933106,0.03864734299516911,1.0,
AMZN:2026-07-14T16:15:00+00:00,AMZN,2026-07-14,2026-07-14T16:15:00+00:00,middle,0.44061647646161917,-0.020117755681037908,true,true,true,79,79,3,123.665605,0.030456852791878247,0.9875,
AMZN:2026-07-14T16:20:00+00:00,AMZN,2026-07-14,2026-07-14T16:20:00+00:00,middle,0.4445650226179585,-0.03129362434124949,true,true,true,84,84,3,167.1889775,0.024396892462859445,0.9882352941176471,
AMZN:2026-07-14T16:25:00+00:00,AMZN,2026-07-14,2026-07-14T16:25:00+00:00,middle,0.43766306690368056,-0.027372794339187545,true,true,true,67,67,3,148.800762,0.034416826003824175,1.0,
AMZN:2026-07-14T16:30:00+00:00,AMZN,2026-07-14,2026-07-14T16:30:00+00:00,middle,0.4281223023342491,0.012687740172564965,true,true,true,55,55,3,168.64557,0.03460207612456748,0.9649122807017544,
AMZN:2026-07-14T16:35:00+00:00,AMZN,2026-07-14,2026-07-14T16:35:00+00:00,middle,0.4307931859324575,-0.02598039286281162,true,true,true,65,65,3,188.460884,0.030211480362537763,1.0,
AMZN:2026-07-14T16:40:00+00:00,AMZN,2026-07-14,2026-07-14T16:40:00+00:00,middle,0.4340983373300285,-0.027666607926264464,true,true,true,62,62,3,187.8668715,0.042373642158182984,1.0,
AMZN:2026-07-14T16:45:00+00:00,AMZN,2026-07-14,2026-07-14T16:45:00+00:00,middle,0.4350413571275771,-0.041474468161746825,true,true,true,64,64,3,145.5649995,0.04001600640256106,1.0,
AMZN:2026-07-14T16:50:00+00:00,AMZN,2026-07-14,2026-07-14T16:50:00+00:00,middle,0.4272886942908839,-0.04062793336363152,true,true,true,60,60,3,126.197242,0.035623096022116954,1.0,
AMZN:2026-07-14T16:55:00+00:00,AMZN,2026-07-14,2026-07-14T16:55:00+00:00,middle,0.43533803918761016,-0.029848211994528695,true,true,true,68,68,3,185.585325,0.03827838827838831,1.0,
AMZN:2026-07-14T17:00:00+00:00,AMZN,2026-07-14,2026-07-14T17:00:00+00:00,middle,0.4206846686086394,-0.047080693663559936,true,true,true,52,52,3,142.521707,0.043269408417396446,1.0,
AMZN:2026-07-14T17:05:00+00:00,AMZN,2026-07-14,2026-07-14T17:05:00+00:00,middle,0.43840715623907744,-0.03497875527326755,true,true,true,86,86,3,213.42475,0.049747396638828725,1.0,
AMZN:2026-07-14T17:10:00+00:00,AMZN,2026-07-14,2026-07-14T17:10:00+00:00,middle,0.4411243079335392,-0.037240229549557025,true,true,true,45,45,3,180.03805,0.04477611940298505,1.0,
AMZN:2026-07-14T17:15:00+00:00,AMZN,2026-07-14,2026-07-14T17:15:00+00:00,middle,0.44048914606468376,-0.028985956474497865,true,true,true,43,43,3,188.644262,0.0377358490566038,1.0,
AMZN:2026-07-14T17:20:00+00:00,AMZN,2026-07-14,2026-07-14T17:20:00+00:00,middle,0.4178957492109314,-0.0237905186517387,true,true,true,53,53,3,150.351166,0.02846054333764557,1.0,
AMZN:2026-07-14T17:25:00+00:00,AMZN,2026-07-14,2026-07-14T17:25:00+00:00,middle,0.4197694580976069,-0.023308391677737295,true,true,true,46,46,3,161.478359,0.03004550069567184,1.0,
AMZN:2026-07-14T17:30:00+00:00,AMZN,2026-07-14,2026-07-14T17:30:00+00:00,middle,0.4371336660052464,-0.019104104393556753,true,true,true,66,66,3,181.269697,0.03809523809523796,1.0,
AMZN:2026-07-14T17:35:00+00:00,AMZN,2026-07-14,2026-07-14T17:35:00+00:00,middle,0.4412043644060418,-0.016889755030118025,true,true,true,79,79,3,158.23544,0.04379562043795618,1.0,
AMZN:2026-07-14T17:40:00+00:00,AMZN,2026-07-14,2026-07-14T17:40:00+00:00,middle,0.42942611642504486,-0.016226243707761268,true,true,true,57,57,3,167.3003,0.035928143712574884,1.0,
AMZN:2026-07-14T17:45:00+00:00,AMZN,2026-07-14,2026-07-14T17:45:00+00:00,middle,0.4193162021176443,-0.021986211909443165,true,true,true,46,46,3,168.63922200000002,0.03429019300480071,1.0,
AMZN:2026-07-14T17:50:00+00:00,AMZN,2026-07-14,2026-07-14T17:50:00+00:00,middle,0.44529659498045593,-0.010230315665766543,true,true,true,51,51,3,129.892564,0.05025125628140704,1.0,
AMZN:2026-07-14T17:55:00+00:00,AMZN,2026-07-14,2026-07-14T17:55:00+00:00,middle,0.41730428498853755,-0.012973320869729021,true,true,true,59,59,3,107.794892,0.04048582995951417,1.0,
AMZN:2026-07-14T18:00:00+00:00,AMZN,2026-07-14,2026-07-14T18:00:00+00:00,middle,0.4302655731730089,-0.002634785542435847,true,true,true,66,66,3,168.874234,0.06593406593406588,1.0,
AMZN:2026-07-14T18:05:00+00:00,AMZN,2026-07-14,2026-07-14T18:05:00+00:00,middle,0.41215239580065766,-0.011088845896244148,true,true,true,72,72,3,120.55137400000001,0.043037844508432746,1.0,
AMZN:2026-07-14T18:10:00+00:00,AMZN,2026-07-14,2026-07-14T18:10:00+00:00,middle,0.4346434216974825,-0.031063699470013306,true,true,true,52,52,3,179.432767,0.04559449268343306,0.9811320754716981,
AMZN:2026-07-14T18:15:00+00:00,AMZN,2026-07-14,2026-07-14T18:15:00+00:00,middle,0.41706907020613554,-0.009037477950766704,true,true,true,42,42,3,187.32869649999998,0.03768137529388289,0.9767441860465116,
AMZN:2026-07-14T18:20:00+00:00,AMZN,2026-07-14,2026-07-14T18:20:00+00:00,middle,0.42535497098950303,-0.004778056381195772,true,true,true,56,56,3,119.783905,0.028494418716561637,0.9824561403508771,
AMZN:2026-07-14T18:25:00+00:00,AMZN,2026-07-14,2026-07-14T18:25:00+00:00,middle,0.43941972719258815,-0.01913446550341713,true,true,true,99,99,3,120.442968,0.04316546762589916,0.99,
AMZN:2026-07-14T18:30:00+00:00,AMZN,2026-07-14,2026-07-14T18:30:00+00:00,middle,0.4415825558015034,-0.00919416362938269,true,true,true,60,60,3,131.62187649999998,0.040715630885122436,1.0,
AMZN:2026-07-14T18:35:00+00:00,AMZN,2026-07-14,2026-07-14T18:35:00+00:00,middle,0.44195607195857545,-0.007975844933837739,true,true,true,80,80,3,135.86650400000002,0.02921108742004261,1.0,
AMZN:2026-07-14T18:40:00+00:00,AMZN,2026-07-14,2026-07-14T18:40:00+00:00,middle,0.43462874405664204,-0.05314863155262178,true,true,true,63,63,3,136.230262,0.03703703703703707,1.0,
AMZN:2026-07-14T18:45:00+00:00,AMZN,2026-07-14,2026-07-14T18:45:00+00:00,middle,0.44255481912204625,-0.021433304433926992,true,true,true,58,58,3,139.3977195,0.04415139764164888,1.0,
AMZN:2026-07-14T18:50:00+00:00,AMZN,2026-07-14,2026-07-14T18:50:00+00:00,middle,0.4196430217701644,-0.028612980484411077,true,true,true,55,55,3,150.448729,0.04444444444444455,1.0,
AMZN:2026-07-14T18:55:00+00:00,AMZN,2026-07-14,2026-07-14T18:55:00+00:00,middle,0.424598662704371,-0.015518587704196618,true,true,true,49,49,3,126.77357,0.03713527851458886,1.0,
AMZN:2026-07-14T19:00:00+00:00,AMZN,2026-07-14,2026-07-14T19:00:00+00:00,last,0.42031841676619647,-0.017972435933023778,true,true,true,62,62,3,154.61513,0.03495198344022523,1.0,
AMZN:2026-07-14T19:05:00+00:00,AMZN,2026-07-14,2026-07-14T19:05:00+00:00,last,0.43859017971483627,-0.029391715012654696,true,true,true,69,69,3,157.328749,0.03773584905660381,1.0,
AMZN:2026-07-14T19:10:00+00:00,AMZN,2026-07-14,2026-07-14T19:10:00+00:00,last,0.42195039161375164,-0.03591499504382917,true,true,true,84,84,3,110.2930305,0.04050658872993902,1.0,
AMZN:2026-07-14T19:15:00+00:00,AMZN,2026-07-14,2026-07-14T19:15:00+00:00,last,0.4260005636691079,-0.030221784030944165,true,true,true,69,69,3,196.237102,0.033271719038816955,1.0,
AMZN:2026-07-14T19:20:00+00:00,AMZN,2026-07-14,2026-07-14T19:20:00+00:00,last,0.4393918061473854,-0.03744746740741289,true,true,true,69,69,3,138.740913,0.0425531914893617,1.0,
AMZN:2026-07-14T19:25:00+00:00,AMZN,2026-07-14,2026-07-14T19:25:00+00:00,last,0.44336924192421145,-0.0240552377274037,true,true,true,74,74,3,156.31507449999998,0.029411764705882297,1.0,
META:2026-07-14T13:35:00+00:00,META,2026-07-14,2026-07-14T13:35:00+00:00,first,0.564118858984124,-0.04737923836836988,true,true,true,226,226,3,205.48370599999998,0.07250049691910161,1.0,
META:2026-07-14T13:40:00+00:00,META,2026-07-14,2026-07-14T13:40:00+00:00,first,0.5175604881688468,-0.0073933586592676015,true,true,true,126,126,3,162.7249,0.06032922923339292,1.0,
META:2026-07-14T13:45:00+00:00,META,2026-07-14,2026-07-14T13:45:00+00:00,first,0.5368933253409824,-0.04980492340817322,true,true,true,142,142,3,147.9129565,0.059575531396657,1.0,
META:2026-07-14T13:50:00+00:00,META,2026-07-14,2026-07-14T13:50:00+00:00,middle,0.5494628993289135,-0.04554695470152814,true,true,true,162,162,3,176.522239,0.061481997764633436,1.0,
META:2026-07-14T13:55:00+00:00,META,2026-07-14,2026-07-14T13:55:00+00:00,middle,0.5386257526213453,-0.061918745472140824,true,true,true,142,142,3,161.13389949999998,0.05006893879829992,1.0,
META:2026-07-14T14:00:00+00:00,META,2026-07-14,2026-07-14T14:00:00+00:00,middle,0.5582677050073984,-0.06559731989454454,true,true,true,126,126,3,180.343336,0.04626084888836044,1.0,
META:2026-07-14T14:05:00+00:00,META,2026-07-14,2026-07-14T14:05:00+00:00,middle,0.5909739125811793,-0.09908802688215307,true,true,true,143,143,3,137.051177,0.04914933837429111,1.0,
META:2026-07-14T14:10:00+00:00,META,2026-07-14,2026-07-14T14:10:00+00:00,middle,0.5240352090506927,-0.03564265775102726,true,true,true,120,120,3,181.2537875,0.0630254882489241,1.0,
META:2026-07-14T14:15:00+00:00,META,2026-07-14,2026-07-14T14:15:00+00:00,middle,0.5417611798268631,-0.03282550065850487,true,true,true,95,95,3,191.0544,0.06228373702422148,1.0,
META:2026-07-14T14:20:00+00:00,META,2026-07-14,2026-07-14T14:20:00+00:00,middle,0.5096959176339694,-0.006225554890066598,true,true,true,70,70,3,182.11213700000002,0.06575228595178723,1.0,
META:2026-07-14T14:25:00+00:00,META,2026-07-14,2026-07-14T14:25:00+00:00,middle,0.5351978156800941,-0.046131918293651264,true,true,true,124,124,3,139.25519,0.040335861101510564,1.0,
META:2026-07-14T14:30:00+00:00,META,2026-07-14,2026-07-14T14:30:00+00:00,middle,0.5380505306614041,-0.03491615178232277,true,true,true,82,82,3,170.841851,0.048896839594514005,1.0,
META:2026-07-14T14:35:00+00:00,META,2026-07-14,2026-07-14T14:35:00+00:00,middle,0.5352892622254062,-0.022439859044808608,true,true,true,116,116,3,182.16993,0.043280920732695766,1.0,
META:2026-07-14T14:40:00+00:00,META,2026-07-14,2026-07-14T14:40:00+00:00,middle,0.5708614654377548,-0.05304141771927462,true,true,true,162,162,3,180.84258799999998,0.04996522762531433,1.0,
META:2026-07-14T14:45:00+00:00,META,2026-07-14,2026-07-14T14:45:00+00:00,middle,0.5195503888366929,-0.07217238145051164,true,true,true,85,85,3,158.297683,0.049837486457204705,1.0,
META:2026-07-14T14:50:00+00:00,META,2026-07-14,2026-07-14T14:50:00+00:00,middle,0.524151577783117,-0.037920001760814004,true,true,true,99,99,3,159.861972,0.04956463496316146,1.0,
META:2026-07-14T14:55:00+00:00,META,2026-07-14,2026-07-14T14:55:00+00:00,middle,0.521697086941842,-0.026593463764615355,true,true,true,67,67,3,179.224107,0.03169572107765441,1.0,
META:2026-07-14T15:00:00+00:00,META,2026-07-14,2026-07-14T15:00:00+00:00,middle,0.5223197784039173,-0.02984461709010955,true,true,true,92,92,3,138.58332000000001,0.03715499985208995,1.0,
META:2026-07-14T15:05:00+00:00,META,2026-07-14,2026-07-14T15:05:00+00:00,middle,0.5103345999014526,-0.028922775563672287,true,true,true,89,89,3,150.1049,0.04347826086956517,1.0,
META:2026-07-14T15:10:00+00:00,META,2026-07-14,2026-07-14T15:10:00+00:00,middle,0.539546523127036,-0.04820196856623893,true,true,true,82,82,3,129.04198250000002,0.040456582777968444,1.0,
META:2026-07-14T15:15:00+00:00,META,2026-07-14,2026-07-14T15:15:00+00:00,middle,0.5031601020034477,-0.014259868243444829,true,true,true,91,91,3,170.304424,0.0377358490566037,1.0,
META:2026-07-14T15:20:00+00:00,META,2026-07-14,2026-07-14T15:20:00+00:00,middle,0.4973602359506487,-0.04491466130562882,true,true,true,75,75,3,163.132393,0.03153745072273314,1.0,
META:2026-07-14T15:25:00+00:00,META,2026-07-14,2026-07-14T15:25:00+00:00,middle,0.5189874975851736,-0.024909521127790324,true,true,true,86,86,3,167.369957,0.0391975643568944,1.0,
META:2026-07-14T15:30:00+00:00,META,2026-07-14,2026-07-14T15:30:00+00:00,middle,0.539863861917643,-0.04364377877448489,true,true,true,57,57,3,174.973251,0.03947368421052629,1.0,
META:2026-07-14T15:35:00+00:00,META,2026-07-14,2026-07-14T15:35:00+00:00,middle,0.4924785606405251,-0.08079881095195562,true,true,true,110,110,3,161.684795,0.06034886341962446,1.0,
META:2026-07-14T15:40:00+00:00,META,2026-07-14,2026-07-14T15:40:00+00:00,middle,0.5428236137810462,-0.03324711030371097,true,true,true,81,81,3,159.415124,0.04255319148936174,1.0,
META:2026-07-14T15:45:00+00:00,META,2026-07-14,2026-07-14T15:45:00+00:00,middle,0.5332789749104789,-0.04207265653178471,true,true,true,83,83,3,143.532759,0.04293559660509233,1.0,
META:2026-07-14T15:50:00+00:00,META,2026-07-14,2026-07-14T15:50:00+00:00,middle,0.5304473823209368,-0.033412457280538876,true,true,true,77,77,3,184.644907,0.04081632653061221,1.0,
META:2026-07-14T15:55:00+00:00,META,2026-07-14,2026-07-14T15:55:00+00:00,middle,0.5181510955746433,-0.051286135787502074,true,true,true,54,54,3,135.516432,0.045049201403755075,1.0,
META:2026-07-14T16:00:00+00:00,META,2026-07-14,2026-07-14T16:00:00+00:00,middle,0.5274227638531849,-0.035686970070265445,true,true,true,102,102,3,182.478263,0.05086539483008785,1.0,
META:2026-07-14T16:05:00+00:00,META,2026-07-14,2026-07-14T16:05:00+00:00,middle,0.5241213284319434,-0.09243071093284716,true,true,true,99,99,3,149.987331,0.052910052910052914,1.0,
META:2026-07-14T16:10:00+00:00,META,2026-07-14,2026-07-14T16:10:00+00:00,middle,0.5001604802285993,-0.050323185690842376,true,true,true,68,68,3,166.518515,0.047849206247022505,1.0,
META:2026-07-14T16:15:00+00:00,META,2026-07-14,2026-07-14T16:15:00+00:00,middle,0.5477993153994977,-0.04742852394916125,true,true,true,87,87,3,218.239788,0.01929260450160765,0.9886363636363636,
META:2026-07-14T16:20:00+00:00,META,2026-07-14,2026-07-14T16:20:00+00:00,middle,0.5287912489706278,-0.0346758333532326,true,true,true,103,103,3,165.643592,0.025188916876574218,1.0,
META:2026-07-14T16:25:00+00:00,META,2026-07-14,2026-07-14T16:25:00+00:00,middle,0.499877795944063,-0.018916796834811622,true,true,true,64,64,3,169.724435,0.03704974271012004,0.9846153846153847,
META:2026-07-14T16:30:00+00:00,META,2026-07-14,2026-07-14T16:30:00+00:00,middle,0.4975377832507639,-0.036230880971510004,true,true,true,67,67,3,145.191653,0.03460207612456748,0.9852941176470589,
META:2026-07-14T16:35:00+00:00,META,2026-07-14,2026-07-14T16:35:00+00:00,middle,0.5236710619968472,0.027733327862165758,true,true,true,75,75,3,171.504274,0.0441426146010187,0.9615384615384616,
META:2026-07-14T16:40:00+00:00,META,2026-07-14,2026-07-14T16:40:00+00:00,middle,0.537157662574468,-0.03114085021666435,true,true,true,162,162,3,206.99381549999998,0.05243445692883894,0.9938650306748467,
META:2026-07-14T16:45:00+00:00,META,2026-07-14,2026-07-14T16:45:00+00:00,middle,0.5572076645517536,-0.013585143799532462,true,true,true,123,123,3,185.818507,0.04700854700854692,1.0,
META:2026-07-14T16:50:00+00:00,META,2026-07-14,2026-07-14T16:50:00+00:00,middle,0.5462002162322515,-0.032719087762411614,true,true,true,101,101,3,148.973459,0.04417177914110423,1.0,
META:2026-07-14T16:55:00+00:00,META,2026-07-14,2026-07-14T16:55:00+00:00,middle,0.5372871256996727,-0.027918232609149163,true,true,true,132,132,3,102.9839025,0.04918363233219106,1.0,
META:2026-07-14T17:00:00+00:00,META,2026-07-14,2026-07-14T17:00:00+00:00,middle,0.5031342764336186,-0.034903541677184347,true,true,true,78,78,3,134.9793105,0.0436369406537607,1.0,
META:2026-07-14T17:05:00+00:00,META,2026-07-14,2026-07-14T17:05:00+00:00,middle,0.5403482054389286,-0.03930107835694796,true,true,true,59,59,3,157.644131,0.04428044280442798,0.9833333333333333,
META:2026-07-14T17:10:00+00:00,META,2026-07-14,2026-07-14T17:10:00+00:00,middle,0.5363463690155279,-0.04385323317962503,true,true,true,104,104,3,159.99964699999998,0.042255616723701823,1.0,
META:2026-07-14T17:15:00+00:00,META,2026-07-14,2026-07-14T17:15:00+00:00,middle,0.5304703301045858,-0.06445382363967989,true,true,true,66,66,3,182.6095675,0.05027075812274366,1.0,
META:2026-07-14T17:20:00+00:00,META,2026-07-14,2026-07-14T17:20:00+00:00,middle,0.5179341719639485,-0.01519761675627529,true,true,true,65,65,3,192.819893,0.05075230181899848,1.0,
META:2026-07-14T17:25:00+00:00,META,2026-07-14,2026-07-14T17:25:00+00:00,middle,0.5192945173237175,-0.011001376097530158,true,true,true,76,76,3,148.818805,0.032514237170814544,0.9620253164556962,
META:2026-07-14T17:30:00+00:00,META,2026-07-14,2026-07-14T17:30:00+00:00,middle,0.5428711671021953,-0.0638322590776943,true,true,true,73,73,3,171.153433,0.03719599427753946,1.0,
META:2026-07-14T17:35:00+00:00,META,2026-07-14,2026-07-14T17:35:00+00:00,middle,0.5481517650441452,-0.04081043529885248,true,true,true,72,72,3,170.2116795,0.047620127440531526,1.0,
META:2026-07-14T17:40:00+00:00,META,2026-07-14,2026-07-14T17:40:00+00:00,middle,0.5180763197000826,-0.03576937347518638,true,true,true,73,73,3,156.935148,0.032276015581524674,1.0,
META:2026-07-14T17:45:00+00:00,META,2026-07-14,2026-07-14T17:45:00+00:00,middle,0.5030087993682362,-0.03356968312614039,true,true,true,57,57,3,169.112477,0.04207573632538569,1.0,
META:2026-07-14T17:50:00+00:00,META,2026-07-14,2026-07-14T17:50:00+00:00,middle,0.4998483475301433,-0.034153901660352926,true,true,true,45,45,3,158.714735,0.038910505836575876,1.0,
META:2026-07-14T17:55:00+00:00,META,2026-07-14,2026-07-14T17:55:00+00:00,middle,0.519206684309272,-0.036223765668463026,true,true,true,71,71,3,165.180598,0.03636363636363641,1.0,
META:2026-07-14T18:00:00+00:00,META,2026-07-14,2026-07-14T18:00:00+00:00,middle,0.49899041334599437,-0.03925738071048607,true,true,true,49,49,3,165.524864,0.03809523809523796,1.0,
META:2026-07-14T18:05:00+00:00,META,2026-07-14,2026-07-14T18:05:00+00:00,middle,0.5491516141338311,-0.0313353475842475,true,true,true,53,53,3,179.5561,0.039766081871345095,1.0,
META:2026-07-14T18:10:00+00:00,META,2026-07-14,2026-07-14T18:10:00+00:00,middle,0.5374886079851688,-0.03042455154133583,true,true,true,40,40,3,131.691564,0.03593193510091007,1.0,
META:2026-07-14T18:15:00+00:00,META,2026-07-14,2026-07-14T18:15:00+00:00,middle,0.5320771592476554,-0.05229337957695107,true,true,true,69,69,3,95.63241,0.028665931642778326,1.0,
META:2026-07-14T18:20:00+00:00,META,2026-07-14,2026-07-14T18:20:00+00:00,middle,0.516638106475424,-0.04919874429204296,true,true,true,72,72,3,172.8814375,0.030630240540528333,1.0,
META:2026-07-14T18:25:00+00:00,META,2026-07-14,2026-07-14T18:25:00+00:00,middle,0.5277259837963844,0.0016183775406855005,true,true,true,50,50,3,200.9377135,0.04905817559124358,1.0,
META:2026-07-14T18:30:00+00:00,META,2026-07-14,2026-07-14T18:30:00+00:00,middle,0.5375085475975033,-0.055428136230349256,true,true,true,83,83,3,118.941776,0.043254376930999004,1.0,
META:2026-07-14T18:35:00+00:00,META,2026-07-14,2026-07-14T18:35:00+00:00,middle,0.5116242765183932,-0.03418385298836224,true,true,true,52,52,3,159.1973605,0.040739060990278624,1.0,
META:2026-07-14T18:40:00+00:00,META,2026-07-14,2026-07-14T18:40:00+00:00,middle,0.48877609779885967,-0.04851493014162006,true,true,true,52,52,3,173.476911,0.037808134059553966,1.0,
META:2026-07-14T18:45:00+00:00,META,2026-07-14,2026-07-14T18:45:00+00:00,middle,0.5312276255914494,-0.03228764335278422,true,true,true,77,77,3,215.289951,0.04311774461028195,1.0,
META:2026-07-14T18:50:00+00:00,META,2026-07-14,2026-07-14T18:50:00+00:00,middle,0.5339777181587871,-0.04132551245895405,true,true,true,60,60,3,172.6884125,0.05884834277257985,1.0,
META:2026-07-14T18:55:00+00:00,META,2026-07-14,2026-07-14T18:55:00+00:00,middle,0.4967864109742901,-0.040940634168744106,true,true,true,32,32,3,159.25613049999998,0.03462233593981483,1.0,
META:2026-07-14T19:00:00+00:00,META,2026-07-14,2026-07-14T19:00:00+00:00,last,0.5310829167187474,-0.012729575174249663,true,true,true,75,75,3,175.719587,0.039408866995073934,1.0,
META:2026-07-14T19:05:00+00:00,META,2026-07-14,2026-07-14T19:05:00+00:00,last,0.5302327404500936,-0.008954702016890193,true,true,true,71,71,3,180.259361,0.02523659305993693,0.9861111111111112,
META:2026-07-14T19:10:00+00:00,META,2026-07-14,2026-07-14T19:10:00+00:00,last,0.5137770747851859,-0.03804228439040486,true,true,true,66,66,3,173.75057750000002,0.04296075878742782,1.0,
META:2026-07-14T19:15:00+00:00,META,2026-07-14,2026-07-14T19:15:00+00:00,last,0.5155293671720923,-0.02346537537951754,true,true,true,59,59,3,182.725152,0.03863298662704301,1.0,
META:2026-07-14T19:20:00+00:00,META,2026-07-14,2026-07-14T19:20:00+00:00,last,0.493353202748321,-0.03313190572427216,true,true,true,44,44,3,177.239971,0.044180819180819245,1.0,
META:2026-07-14T19:25:00+00:00,META,2026-07-14,2026-07-14T19:25:00+00:00,last,0.5140023616709282,-0.0319454755073042,true,true,true,57,57,3,193.957638,0.03947368421052635,1.0,
MSFT:2026-07-14T13:35:00+00:00,MSFT,2026-07-14,2026-07-14T13:35:00+00:00,first,0.4502859497851208,-0.0008964536781310706,true,true,true,340,340,3,154.9332345,0.08667017110816537,0.9912536443148688,
MSFT:2026-07-14T13:40:00+00:00,MSFT,2026-07-14,2026-07-14T13:40:00+00:00,first,0.4567683261369989,-0.020075063862755815,true,true,true,260,260,3,147.361268,0.06286686869525519,0.9961685823754789,
MSFT:2026-07-14T13:45:00+00:00,MSFT,2026-07-14,2026-07-14T13:45:00+00:00,first,0.4654053727136702,-0.025471183033756728,true,true,true,187,187,3,141.295772,0.06225680933852146,1.0,
MSFT:2026-07-14T13:50:00+00:00,MSFT,2026-07-14,2026-07-14T13:50:00+00:00,middle,0.44542541549321263,-0.018196772869929823,true,true,true,207,207,3,158.374992,0.05766312594840663,1.0,
MSFT:2026-07-14T13:55:00+00:00,MSFT,2026-07-14,2026-07-14T13:55:00+00:00,middle,0.4579365955673941,-0.04358480744085458,true,true,true,169,169,3,151.542444,0.06425702811244972,1.0,
MSFT:2026-07-14T14:00:00+00:00,MSFT,2026-07-14,2026-07-14T14:00:00+00:00,middle,0.4492878143286296,-0.00620823229364309,true,true,true,179,179,3,119.233632,0.05691056910569114,0.988950276243094,
MSFT:2026-07-14T14:05:00+00:00,MSFT,2026-07-14,2026-07-14T14:05:00+00:00,middle,0.4657101386520341,-0.024071815265916285,true,true,true,188,188,3,157.65650549999998,0.0712653406686416,1.0,
MSFT:2026-07-14T14:10:00+00:00,MSFT,2026-07-14,2026-07-14T14:10:00+00:00,middle,0.4485252475570478,-0.003734789041765052,true,true,true,164,164,3,168.09780849999999,0.06524418903698972,1.0,
MSFT:2026-07-14T14:15:00+00:00,MSFT,2026-07-14,2026-07-14T14:15:00+00:00,middle,0.4546288178406879,-0.0025215367400123756,true,true,true,113,113,3,161.440376,0.05633802816901401,1.0,
MSFT:2026-07-14T14:20:00+00:00,MSFT,2026-07-14,2026-07-14T14:20:00+00:00,middle,0.46185237780211125,-0.026452536060810106,true,true,true,120,120,3,155.677318,0.05610237579204573,1.0,
MSFT:2026-07-14T14:25:00+00:00,MSFT,2026-07-14,2026-07-14T14:25:00+00:00,middle,0.4374525694174656,-0.026552373820841413,true,true,true,125,125,3,156.757657,0.04878048780487813,1.0,
MSFT:2026-07-14T14:30:00+00:00,MSFT,2026-07-14,2026-07-14T14:30:00+00:00,middle,0.4375360531563573,-0.016371679011926155,true,true,true,130,130,3,193.3369015,0.039409823335274735,1.0,
MSFT:2026-07-14T14:35:00+00:00,MSFT,2026-07-14,2026-07-14T14:35:00+00:00,middle,0.4524248247822076,-0.01191682875238359,true,true,true,129,129,3,179.731362,0.05235602094240837,0.9923076923076923,
MSFT:2026-07-14T14:40:00+00:00,MSFT,2026-07-14,2026-07-14T14:40:00+00:00,middle,0.4613947632333712,-0.012111549637339958,true,true,true,120,120,3,173.183633,0.05036731673801592,1.0,
MSFT:2026-07-14T14:45:00+00:00,MSFT,2026-07-14,2026-07-14T14:45:00+00:00,middle,0.44004494253833604,-0.022228318477518882,true,true,true,108,108,3,168.571259,0.039372304342364245,1.0,
MSFT:2026-07-14T14:50:00+00:00,MSFT,2026-07-14,2026-07-14T14:50:00+00:00,middle,0.4487911214724742,-0.03138426063608374,true,true,true,118,118,3,117.082787,0.04491941192264194,1.0,
MSFT:2026-07-14T14:55:00+00:00,MSFT,2026-07-14,2026-07-14T14:55:00+00:00,middle,0.44528115365525717,-0.02066086564502867,true,true,true,110,110,3,173.036496,0.042921617389702515,1.0,
MSFT:2026-07-14T15:00:00+00:00,MSFT,2026-07-14,2026-07-14T15:00:00+00:00,middle,0.4517265378818699,-0.018978562135607058,true,true,true,116,116,3,136.762906,0.0495283707619075,1.0,
MSFT:2026-07-14T15:05:00+00:00,MSFT,2026-07-14,2026-07-14T15:05:00+00:00,middle,0.45942909557406986,-0.00562809295149147,true,true,true,115,115,3,145.355825,0.042360060514372126,1.0,
MSFT:2026-07-14T15:10:00+00:00,MSFT,2026-07-14,2026-07-14T15:10:00+00:00,middle,0.43022424108541385,-0.024140435099489987,true,true,true,92,92,3,168.63926850000001,0.04775073357117228,1.0,
MSFT:2026-07-14T15:15:00+00:00,MSFT,2026-07-14,2026-07-14T15:15:00+00:00,middle,0.44957974664448197,-0.02754706338449564,true,true,true,124,124,3,189.40846249999998,0.044960542902998335,1.0,
MSFT:2026-07-14T15:20:00+00:00,MSFT,2026-07-14,2026-07-14T15:20:00+00:00,middle,0.43953092708575725,-0.018252912983499514,true,true,true,109,109,3,162.374228,0.04999999999999995,1.0,
MSFT:2026-07-14T15:25:00+00:00,MSFT,2026-07-14,2026-07-14T15:25:00+00:00,middle,0.43755967149212593,-0.019840407873786936,true,true,true,94,94,3,135.30958,0.04207054659534246,1.0,
MSFT:2026-07-14T15:30:00+00:00,MSFT,2026-07-14,2026-07-14T15:30:00+00:00,middle,0.45639620696350935,-0.035442553822666534,true,true,true,97,97,3,172.310272,0.044164037854889544,1.0,
MSFT:2026-07-14T15:35:00+00:00,MSFT,2026-07-14,2026-07-14T15:35:00+00:00,middle,0.42702924649993707,-0.021314318685591194,true,true,true,94,94,3,136.023482,0.04687786119758283,1.0,
MSFT:2026-07-14T15:40:00+00:00,MSFT,2026-07-14,2026-07-14T15:40:00+00:00,middle,0.4457629267267511,-0.01264452681374545,true,true,true,118,118,3,182.10858000000002,0.04829462637255852,1.0,
MSFT:2026-07-14T15:45:00+00:00,MSFT,2026-07-14,2026-07-14T15:45:00+00:00,middle,0.45065957770087944,-0.048875053882747876,true,true,true,121,121,3,110.490657,0.04511278195488719,1.0,
MSFT:2026-07-14T15:50:00+00:00,MSFT,2026-07-14,2026-07-14T15:50:00+00:00,middle,0.4384838972038776,-0.00677499784629787,true,true,true,108,108,3,200.702384,0.05605703819989531,1.0,
MSFT:2026-07-14T15:55:00+00:00,MSFT,2026-07-14,2026-07-14T15:55:00+00:00,middle,0.42409368107895923,-0.021286267255254177,true,true,true,80,80,3,167.6054385,0.044190166838919284,1.0,
MSFT:2026-07-14T16:00:00+00:00,MSFT,2026-07-14,2026-07-14T16:00:00+00:00,middle,0.4504082696676069,-0.026932465113974957,true,true,true,78,78,3,131.172806,0.04661037870932706,1.0,
MSFT:2026-07-14T16:05:00+00:00,MSFT,2026-07-14,2026-07-14T16:05:00+00:00,middle,0.452864669719778,-0.04664554259082676,true,true,true,93,93,3,172.635812,0.04405286343612335,1.0,
MSFT:2026-07-14T16:10:00+00:00,MSFT,2026-07-14,2026-07-14T16:10:00+00:00,middle,0.43546730673511336,-0.016970891836591062,true,true,true,88,88,3,177.3505995,0.04615384615384607,0.9887640449438202,
MSFT:2026-07-14T16:15:00+00:00,MSFT,2026-07-14,2026-07-14T16:15:00+00:00,middle,0.4340957110008932,-0.013089140121944287,true,true,true,97,97,3,222.702277,0.030534351145038195,1.0,
MSFT:2026-07-14T16:20:00+00:00,MSFT,2026-07-14,2026-07-14T16:20:00+00:00,middle,0.4466545002755672,-0.01940663515818869,true,true,true,105,105,3,177.676249,0.026460859977949346,1.0,
MSFT:2026-07-14T16:25:00+00:00,MSFT,2026-07-14,2026-07-14T16:25:00+00:00,middle,0.4414711137645133,-0.0018645074214785895,true,true,true,71,71,3,125.810881,0.03878116343490302,1.0,
MSFT:2026-07-14T16:30:00+00:00,MSFT,2026-07-14,2026-07-14T16:30:00+00:00,middle,0.43854709674115105,-0.00989809434339406,true,true,true,106,106,3,157.66313250000002,0.03978786839397378,1.0,
MSFT:2026-07-14T16:35:00+00:00,MSFT,2026-07-14,2026-07-14T16:35:00+00:00,middle,0.4382061954941191,-0.016219128404714178,true,true,true,86,86,3,153.11330700000002,0.0355618776671409,1.0,
MSFT:2026-07-14T16:40:00+00:00,MSFT,2026-07-14,2026-07-14T16:40:00+00:00,middle,0.4466243440566324,-0.032526583424739575,true,true,true,101,101,3,159.168415,0.043795620437956075,1.0,
MSFT:2026-07-14T16:45:00+00:00,MSFT,2026-07-14,2026-07-14T16:45:00+00:00,middle,0.4249146045113952,-0.03532625028280911,true,true,true,68,68,3,168.97033499999998,0.045658701208466754,1.0,
MSFT:2026-07-14T16:50:00+00:00,MSFT,2026-07-14,2026-07-14T16:50:00+00:00,middle,0.4085303712736741,-0.03698474919198458,true,true,true,65,65,3,138.927468,0.038314176245210725,1.0,
MSFT:2026-07-14T16:55:00+00:00,MSFT,2026-07-14,2026-07-14T16:55:00+00:00,middle,0.43715728434101486,-0.018754746739238493,true,true,true,61,61,3,144.236973,0.034071550255536626,1.0,
MSFT:2026-07-14T17:00:00+00:00,MSFT,2026-07-14,2026-07-14T17:00:00+00:00,middle,0.447702722250104,-0.02812459502396003,true,true,true,85,85,3,164.510658,0.02652519893899204,1.0,
MSFT:2026-07-14T17:05:00+00:00,MSFT,2026-07-14,2026-07-14T17:05:00+00:00,middle,0.45311934914009655,-0.029813715813264308,true,true,true,111,111,3,176.302293,0.036697247706422055,1.0,
MSFT:2026-07-14T17:10:00+00:00,MSFT,2026-07-14,2026-07-14T17:10:00+00:00,middle,0.4420722264868506,-0.013857294827856026,true,true,true,80,80,3,187.66514899999999,0.038853789262508556,1.0,
MSFT:2026-07-14T17:15:00+00:00,MSFT,2026-07-14,2026-07-14T17:15:00+00:00,middle,0.456960830474671,-0.0382621509798467,true,true,true,77,77,3,127.733254,0.033966033966033884,1.0,
MSFT:2026-07-14T17:20:00+00:00,MSFT,2026-07-14,2026-07-14T17:20:00+00:00,middle,0.43618978939110037,-0.03428737878505134,true,true,true,86,86,3,213.9839015,0.04315438250324237,1.0,
MSFT:2026-07-14T17:25:00+00:00,MSFT,2026-07-14,2026-07-14T17:25:00+00:00,middle,0.42799689046143363,-0.01518163526409122,true,true,true,55,55,3,192.922746,0.0392156862745098,1.0,
MSFT:2026-07-14T17:30:00+00:00,MSFT,2026-07-14,2026-07-14T17:30:00+00:00,middle,0.43821811642069,-0.018319223137550078,true,true,true,60,60,3,181.189034,0.038647242887042285,1.0,
MSFT:2026-07-14T17:35:00+00:00,MSFT,2026-07-14,2026-07-14T17:35:00+00:00,middle,0.43503949448280044,-0.01971158736103029,true,true,true,63,63,3,174.952798,0.043551088777219395,1.0,
MSFT:2026-07-14T17:40:00+00:00,MSFT,2026-07-14,2026-07-14T17:40:00+00:00,middle,0.42702719759068275,-0.015263070093728515,true,true,true,59,59,3,187.663955,0.027777777777777804,1.0,
MSFT:2026-07-14T17:45:00+00:00,MSFT,2026-07-14,2026-07-14T17:45:00+00:00,middle,0.4115270314433277,-0.01665729696198548,true,true,true,56,56,3,169.84087549999998,0.036401668511943944,1.0,
MSFT:2026-07-14T17:50:00+00:00,MSFT,2026-07-14,2026-07-14T17:50:00+00:00,middle,0.43577678516476226,-0.0007805226672291665,true,true,true,68,68,3,170.97825849999998,0.031012928731702062,1.0,
MSFT:2026-07-14T17:55:00+00:00,MSFT,2026-07-14,2026-07-14T17:55:00+00:00,middle,0.42584011544804273,-0.020362581710487715,true,true,true,86,86,3,137.6903365,0.026992566635730488,1.0,
MSFT:2026-07-14T18:00:00+00:00,MSFT,2026-07-14,2026-07-14T18:00:00+00:00,middle,0.4267978128864318,-0.021543833774976484,true,true,true,73,73,3,127.6774,0.031088082901554476,1.0,
MSFT:2026-07-14T18:05:00+00:00,MSFT,2026-07-14,2026-07-14T18:05:00+00:00,middle,0.4300884542811923,-0.0056355062777027065,true,true,true,98,98,3,76.46826999999999,0.040467634080880666,1.0,
MSFT:2026-07-14T18:10:00+00:00,MSFT,2026-07-14,2026-07-14T18:10:00+00:00,middle,0.45726162897966066,-0.026142442958384693,true,true,true,80,80,3,175.4276965,0.049973409174990796,1.0,
MSFT:2026-07-14T18:15:00+00:00,MSFT,2026-07-14,2026-07-14T18:15:00+00:00,middle,0.4289946533889696,-0.011317317904554147,true,true,true,68,68,3,197.4766515,0.05559624038505251,1.0,
MSFT:2026-07-14T18:20:00+00:00,MSFT,2026-07-14,2026-07-14T18:20:00+00:00,middle,0.4305189301155359,-0.019265409431219016,true,true,true,81,81,3,139.141415,0.036101083032490974,1.0,
MSFT:2026-07-14T18:25:00+00:00,MSFT,2026-07-14,2026-07-14T18:25:00+00:00,middle,0.4391014570795931,-0.007774344021894142,true,true,true,99,99,3,151.056466,0.04878048780487805,1.0,
MSFT:2026-07-14T18:30:00+00:00,MSFT,2026-07-14,2026-07-14T18:30:00+00:00,middle,0.43538110353484755,-0.004466249645575959,true,true,true,53,53,3,121.853102,0.04329004329004334,1.0,
MSFT:2026-07-14T18:35:00+00:00,MSFT,2026-07-14,2026-07-14T18:35:00+00:00,middle,0.4452744853869565,-0.011754815909705951,true,true,true,64,64,3,148.46678300000002,0.0491836323321911,1.0,
MSFT:2026-07-14T18:40:00+00:00,MSFT,2026-07-14,2026-07-14T18:40:00+00:00,middle,0.4369404538625591,-0.010685881325252389,true,true,true,47,47,3,159.108364,0.03508771929824565,1.0,
MSFT:2026-07-14T18:45:00+00:00,MSFT,2026-07-14,2026-07-14T18:45:00+00:00,middle,0.4374852960861922,-0.028264218876421388,true,true,true,83,83,3,201.09248,0.043478260869565216,1.0,
MSFT:2026-07-14T18:50:00+00:00,MSFT,2026-07-14,2026-07-14T18:50:00+00:00,middle,0.43158426979557063,-0.02620931190586845,true,true,true,68,68,3,168.33426300000002,0.03588939754116805,1.0,
MSFT:2026-07-14T18:55:00+00:00,MSFT,2026-07-14,2026-07-14T18:55:00+00:00,middle,0.4253676183475368,-0.04745370690654227,true,true,true,104,104,3,170.4479465,0.04414003044140015,1.0,
MSFT:2026-07-14T19:00:00+00:00,MSFT,2026-07-14,2026-07-14T19:00:00+00:00,last,0.44608389767467227,-0.05597161872329559,true,true,true,76,76,3,161.30987950000002,0.04327485380116944,1.0,
MSFT:2026-07-14T19:05:00+00:00,MSFT,2026-07-14,2026-07-14T19:05:00+00:00,last,0.4473366007927954,-0.029750199626378815,true,true,true,90,90,3,160.475428,0.04662443438914032,1.0,
MSFT:2026-07-14T19:10:00+00:00,MSFT,2026-07-14,2026-07-14T19:10:00+00:00,last,0.4645591545651668,-0.038731649222262354,true,true,true,70,70,3,148.3241885,0.0360846314810509,1.0,
MSFT:2026-07-14T19:15:00+00:00,MSFT,2026-07-14,2026-07-14T19:15:00+00:00,last,0.4458293113865927,-0.010969487618953055,true,true,true,91,91,3,132.336673,0.03878116343490302,1.0,
MSFT:2026-07-14T19:20:00+00:00,MSFT,2026-07-14,2026-07-14T19:20:00+00:00,last,0.4442187755804174,-0.018903609309792513,true,true,true,64,64,3,163.94541099999998,0.037096496760506914,1.0,
MSFT:2026-07-14T19:25:00+00:00,MSFT,2026-07-14,2026-07-14T19:25:00+00:00,last,0.44229380670948704,-0.019133385169446404,true,true,true,62,62,3,169.9824575,0.03787933137240834,1.0,
NVDA:2026-07-14T13:35:00+00:00,NVDA,2026-07-14,2026-07-14T13:35:00+00:00,first,0.40071747050490236,-0.07626524532414969,true,true,true,257,257,3,143.48246,0.044444444444444516,0.9922779922779923,
NVDA:2026-07-14T13:40:00+00:00,NVDA,2026-07-14,2026-07-14T13:40:00+00:00,first,0.4443498498933539,-0.0387789231466949,true,true,true,177,177,3,117.164921,0.03278688524590167,0.9943820224719101,
NVDA:2026-07-14T13:45:00+00:00,NVDA,2026-07-14,2026-07-14T13:45:00+00:00,first,0.40343193999088556,-0.014273595935449135,true,true,true,186,186,3,110.27987999999999,0.030683641810206514,1.0,
NVDA:2026-07-14T13:50:00+00:00,NVDA,2026-07-14,2026-07-14T13:50:00+00:00,middle,0.4090700539712757,-0.021018903224006347,true,true,true,210,210,3,116.9045445,0.03260965883916709,1.0,
NVDA:2026-07-14T13:55:00+00:00,NVDA,2026-07-14,2026-07-14T13:55:00+00:00,middle,0.4144805527599529,-0.021247859519958556,true,true,true,169,169,3,124.833864,0.027777777777777804,1.0,
NVDA:2026-07-14T14:00:00+00:00,NVDA,2026-07-14,2026-07-14T14:00:00+00:00,middle,0.4145747653327585,-0.022652070164218607,true,true,true,177,177,3,129.220299,0.024691358024691242,1.0,
NVDA:2026-07-14T14:05:00+00:00,NVDA,2026-07-14,2026-07-14T14:05:00+00:00,middle,0.42128620973927533,-0.024385298381835174,true,true,true,182,182,3,166.456017,0.02953915183996507,0.994535519125683,
NVDA:2026-07-14T14:10:00+00:00,NVDA,2026-07-14,2026-07-14T14:10:00+00:00,middle,0.40117176956593986,-0.02617462946012622,true,true,true,167,167,3,127.964132,0.029609690444145333,0.9940476190476191,
NVDA:2026-07-14T14:15:00+00:00,NVDA,2026-07-14,2026-07-14T14:15:00+00:00,middle,0.416414089796856,-0.014347356668606426,true,true,true,147,147,3,155.991306,0.027149321266968226,1.0,
NVDA:2026-07-14T14:20:00+00:00,NVDA,2026-07-14,2026-07-14T14:20:00+00:00,middle,0.3997371605589241,-0.0007598845631033857,true,true,true,166,166,3,132.283295,0.026026130339069135,0.9880952380952381,
NVDA:2026-07-14T14:25:00+00:00,NVDA,2026-07-14,2026-07-14T14:25:00+00:00,middle,0.4192008299001753,-0.03482884962163868,true,true,true,192,192,3,126.80520200000001,0.02955951947579182,1.0,
NVDA:2026-07-14T14:30:00+00:00,NVDA,2026-07-14,2026-07-14T14:30:00+00:00,middle,0.40591171623500444,-0.007854698517561043,true,true,true,198,198,3,146.9789815,0.04047747919074293,1.0,
NVDA:2026-07-14T14:35:00+00:00,NVDA,2026-07-14,2026-07-14T14:35:00+00:00,middle,0.39360209295210985,0.014792007229700699,true,true,true,187,187,3,103.022594,0.03128760529482562,0.9790575916230366,
NVDA:2026-07-14T14:40:00+00:00,NVDA,2026-07-14,2026-07-14T14:40:00+00:00,middle,0.416036419941932,-0.022673974866792568,true,true,true,162,162,3,132.446572,0.02978736888804384,1.0,
NVDA:2026-07-14T14:45:00+00:00,NVDA,2026-07-14,2026-07-14T14:45:00+00:00,middle,0.40949801523517076,-0.019920762369454004,true,true,true,152,152,3,134.14626249999998,0.026427787196567326,1.0,
NVDA:2026-07-14T14:50:00+00:00,NVDA,2026-07-14,2026-07-14T14:50:00+00:00,middle,0.40940085968361795,-0.011540574507489854,true,true,true,148,148,3,140.64643949999999,0.026120221242172448,0.9932885906040269,
NVDA:2026-07-14T14:55:00+00:00,NVDA,2026-07-14,2026-07-14T14:55:00+00:00,middle,0.4075395560111552,-0.010527593772128141,true,true,true,173,173,3,133.801399,0.029304029304029332,0.9942528735632183,
NVDA:2026-07-14T15:00:00+00:00,NVDA,2026-07-14,2026-07-14T15:00:00+00:00,middle,0.41293563792926075,-0.012148094727858827,true,true,true,196,196,3,134.67705899999999,0.02790939183488024,1.0,
NVDA:2026-07-14T15:05:00+00:00,NVDA,2026-07-14,2026-07-14T15:05:00+00:00,middle,0.41197335838472104,-0.00926226192241908,true,true,true,169,169,3,141.92077,0.025316455696202552,1.0,
NVDA:2026-07-14T15:10:00+00:00,NVDA,2026-07-14,2026-07-14T15:10:00+00:00,middle,0.4083520416627527,-0.01710071817752723,true,true,true,208,208,3,134.651306,0.027675300305092135,1.0,
NVDA:2026-07-14T15:15:00+00:00,NVDA,2026-07-14,2026-07-14T15:15:00+00:00,middle,0.4149129098655209,-0.023318673476904694,true,true,true,170,170,3,153.532419,0.027430014507549297,1.0,
NVDA:2026-07-14T15:20:00+00:00,NVDA,2026-07-14,2026-07-14T15:20:00+00:00,middle,0.40675422772040215,-0.02069152477805325,true,true,true,168,168,3,118.33019250000001,0.022988505747126506,0.9940828402366864,
NVDA:2026-07-14T15:25:00+00:00,NVDA,2026-07-14,2026-07-14T15:25:00+00:00,middle,0.41048853247452527,-0.02017668976177256,true,true,true,203,203,3,136.565729,0.027777777777777804,0.9806763285024155,
NVDA:2026-07-14T15:30:00+00:00,NVDA,2026-07-14,2026-07-14T15:30:00+00:00,middle,0.41260423617058994,-0.013124269602432737,true,true,true,196,196,3,107.5483985,0.023669467787114887,1.0,
NVDA:2026-07-14T15:35:00+00:00,NVDA,2026-07-14,2026-07-14T15:35:00+00:00,middle,0.4121434178528338,-0.011704412742048365,true,true,true,188,188,3,132.2377045,0.02249028483760291,0.9947089947089947,
NVDA:2026-07-14T15:40:00+00:00,NVDA,2026-07-14,2026-07-14T15:40:00+00:00,middle,0.4107541083667875,-0.015086901150748122,true,true,true,182,182,3,132.56355250000001,0.025478740668614108,0.994535519125683,
NVDA:2026-07-14T15:45:00+00:00,NVDA,2026-07-14,2026-07-14T15:45:00+00:00,middle,0.4017892363094166,-0.007506905484854998,true,true,true,167,167,3,121.918386,0.023529411764705903,0.9881656804733728,
NVDA:2026-07-14T15:50:00+00:00,NVDA,2026-07-14,2026-07-14T15:50:00+00:00,middle,0.41574387295330323,-0.017678585093051202,true,true,true,164,164,3,133.301492,0.026362170925797644,1.0,
NVDA:2026-07-14T15:55:00+00:00,NVDA,2026-07-14,2026-07-14T15:55:00+00:00,middle,0.40086346460250016,-0.009051038004741163,true,true,true,185,185,3,127.907199,0.02666666666666657,1.0,
NVDA:2026-07-14T16:00:00+00:00,NVDA,2026-07-14,2026-07-14T16:00:00+00:00,middle,0.40958794372498997,-0.00782258652161072,true,true,true,163,163,3,149.28024,0.025316455696202594,0.9939024390243902,
NVDA:2026-07-14T16:05:00+00:00,NVDA,2026-07-14,2026-07-14T16:05:00+00:00,middle,0.39813997991579775,-0.012069565624073242,true,true,true,172,172,3,140.6922615,0.02608744966823572,0.9828571428571429,
NVDA:2026-07-14T16:10:00+00:00,NVDA,2026-07-14,2026-07-14T16:10:00+00:00,middle,0.41541422208072243,-0.02322442365120342,true,true,true,141,141,3,117.710403,0.023904382470119546,0.9929577464788732,
NVDA:2026-07-14T16:15:00+00:00,NVDA,2026-07-14,2026-07-14T16:15:00+00:00,middle,0.3989897929687202,-0.015238445929780575,true,true,true,160,160,3,136.8242645,0.025320512820512862,1.0,
NVDA:2026-07-14T16:20:00+00:00,NVDA,2026-07-14,2026-07-14T16:20:00+00:00,middle,0.4010739807151631,0.004824771512195514,true,true,true,134,134,3,121.48000300000001,0.02217193776421262,1.0,
NVDA:2026-07-14T16:25:00+00:00,NVDA,2026-07-14,2026-07-14T16:25:00+00:00,middle,0.4149135059118495,-0.01900411762194326,true,true,true,183,183,3,186.832678,0.024896265560165994,1.0,
NVDA:2026-07-14T16:30:00+00:00,NVDA,2026-07-14,2026-07-14T16:30:00+00:00,middle,0.3992217294963152,-0.011591908997535705,true,true,true,172,172,3,131.64848849999998,0.02492429536454696,0.9942196531791907,
NVDA:2026-07-14T16:35:00+00:00,NVDA,2026-07-14,2026-07-14T16:35:00+00:00,middle,0.40983787340112776,-0.00797480185276278,true,true,true,189,189,3,132.677902,0.024193548387096617,0.9895287958115183,
NVDA:2026-07-14T16:40:00+00:00,NVDA,2026-07-14,2026-07-14T16:40:00+00:00,middle,0.38671574620106075,-0.01076072239238024,true,true,true,176,176,3,114.03769249999999,0.025236844200302602,1.0,
NVDA:2026-07-14T16:45:00+00:00,NVDA,2026-07-14,2026-07-14T16:45:00+00:00,middle,0.40738681913946573,-0.01415051236860454,true,true,true,220,220,3,139.6811235,0.026602332127060684,1.0,
NVDA:2026-07-14T16:50:00+00:00,NVDA,2026-07-14,2026-07-14T16:50:00+00:00,middle,0.4044196632630751,-0.011489240017444002,true,true,true,177,177,3,122.400783,0.022871664548919916,1.0,
NVDA:2026-07-14T16:55:00+00:00,NVDA,2026-07-14,2026-07-14T16:55:00+00:00,middle,0.4091414305191189,-0.022507826952710752,true,true,true,216,216,3,107.50386750000001,0.023255813953488292,0.9953917050691244,
NVDA:2026-07-14T17:00:00+00:00,NVDA,2026-07-14,2026-07-14T17:00:00+00:00,middle,0.406340906844452,-0.010229496102064972,true,true,true,234,234,3,122.9207065,0.025210529103331346,0.9915254237288136,
NVDA:2026-07-14T17:05:00+00:00,NVDA,2026-07-14,2026-07-14T17:05:00+00:00,middle,0.4156559933727384,-0.025678569903194837,true,true,true,254,254,3,131.5694925,0.02337880295845291,0.9883268482490273,
NVDA:2026-07-14T17:10:00+00:00,NVDA,2026-07-14,2026-07-14T17:10:00+00:00,middle,0.4155431543521657,-0.019731368648558734,true,true,true,220,220,3,106.4202785,0.023077264456574813,1.0,
NVDA:2026-07-14T17:15:00+00:00,NVDA,2026-07-14,2026-07-14T17:15:00+00:00,middle,0.41267833217980715,-0.020373385050192594,true,true,true,204,204,3,120.0323635,0.022556709773160946,0.9951219512195122,
NVDA:2026-07-14T17:20:00+00:00,NVDA,2026-07-14,2026-07-14T17:20:00+00:00,middle,0.41063221689260004,-0.020252983691826376,true,true,true,209,209,3,128.957545,0.020618556701030948,0.990521327014218,
NVDA:2026-07-14T17:25:00+00:00,NVDA,2026-07-14,2026-07-14T17:25:00+00:00,middle,0.4136969753552899,-0.01847788321962962,true,true,true,202,202,3,144.968073,0.02257763051697031,0.9950738916256158,
NVDA:2026-07-14T17:30:00+00:00,NVDA,2026-07-14,2026-07-14T17:30:00+00:00,middle,0.4161777574275881,-0.027902046226039534,true,true,true,166,166,3,139.799979,0.018405081157374815,1.0,
NVDA:2026-07-14T17:35:00+00:00,NVDA,2026-07-14,2026-07-14T17:35:00+00:00,middle,0.41061582561856513,-0.027491221294090207,true,true,true,178,178,3,121.1898215,0.02027964838328289,1.0,
NVDA:2026-07-14T17:40:00+00:00,NVDA,2026-07-14,2026-07-14T17:40:00+00:00,middle,0.40693665514983235,-0.01685581764228633,true,true,true,170,170,3,141.43190950000002,0.022297901958834652,1.0,
NVDA:2026-07-14T17:45:00+00:00,NVDA,2026-07-14,2026-07-14T17:45:00+00:00,middle,0.40242909204310917,-0.011126918355479853,true,true,true,159,159,3,148.978755,0.018518518518518615,1.0,
NVDA:2026-07-14T17:50:00+00:00,NVDA,2026-07-14,2026-07-14T17:50:00+00:00,middle,0.39036336346727607,-0.017085668007731425,true,true,true,168,168,3,117.91494,0.024390646947037964,0.9940828402366864,
NVDA:2026-07-14T17:55:00+00:00,NVDA,2026-07-14,2026-07-14T17:55:00+00:00,middle,0.4079512005068064,-0.014705655017852814,true,true,true,153,153,3,111.111679,0.01980198019801982,0.9935064935064936,
NVDA:2026-07-14T18:00:00+00:00,NVDA,2026-07-14,2026-07-14T18:00:00+00:00,middle,0.4121498253508657,-0.021986584438398404,true,true,true,173,173,3,107.649045,0.01960784313725501,0.9942528735632183,
NVDA:2026-07-14T18:05:00+00:00,NVDA,2026-07-14,2026-07-14T18:05:00+00:00,middle,0.4094023497994393,-0.021144594493538116,true,true,true,160,160,3,129.1681145,0.019636734188022382,1.0,
NVDA:2026-07-14T18:10:00+00:00,NVDA,2026-07-14,2026-07-14T18:10:00+00:00,middle,0.4111518202795088,-0.018674429496467082,true,true,true,175,175,3,107.839068,0.019672131147541003,0.9887005649717514,
NVDA:2026-07-14T18:15:00+00:00,NVDA,2026-07-14,2026-07-14T18:15:00+00:00,middle,0.4136529424327687,-0.01359775390467044,true,true,true,232,232,3,151.323568,0.024615617662652325,0.9957081545064378,
NVDA:2026-07-14T18:20:00+00:00,NVDA,2026-07-14,2026-07-14T18:20:00+00:00,middle,0.41340424210218346,0.019909959029749014,true,true,true,201,201,3,142.118304,0.023255813953488292,0.9901477832512315,
NVDA:2026-07-14T18:25:00+00:00,NVDA,2026-07-14,2026-07-14T18:25:00+00:00,middle,0.4192460176624581,-0.029526868517652072,true,true,true,181,181,3,129.181406,0.021251475796930312,1.0,
NVDA:2026-07-14T18:30:00+00:00,NVDA,2026-07-14,2026-07-14T18:30:00+00:00,middle,0.40964508966673907,-0.016996186552658665,true,true,true,179,179,3,132.70317,0.020151133501259553,1.0,
NVDA:2026-07-14T18:35:00+00:00,NVDA,2026-07-14,2026-07-14T18:35:00+00:00,middle,0.4089973363191932,-0.0032706552163064284,true,true,true,222,222,3,116.578148,0.023973235360522153,0.9955156950672646,
NVDA:2026-07-14T18:40:00+00:00,NVDA,2026-07-14,2026-07-14T18:40:00+00:00,middle,0.41611494904571766,-0.022986079625576694,true,true,true,227,227,3,158.733318,0.02293577981651376,1.0,
NVDA:2026-07-14T18:45:00+00:00,NVDA,2026-07-14,2026-07-14T18:45:00+00:00,middle,0.41423557771892106,-0.01958392168803519,true,true,true,195,195,3,139.263057,0.02429149797570856,1.0,
NVDA:2026-07-14T18:50:00+00:00,NVDA,2026-07-14,2026-07-14T18:50:00+00:00,middle,0.39822242057361457,-0.023358981109872556,true,true,true,169,169,3,131.600518,0.0235294117647058,1.0,
NVDA:2026-07-14T18:55:00+00:00,NVDA,2026-07-14,2026-07-14T18:55:00+00:00,middle,0.4126822809867337,-0.0014773008252978448,true,true,true,189,189,3,112.773981,0.02020202020202022,0.9895287958115183,
NVDA:2026-07-14T19:00:00+00:00,NVDA,2026-07-14,2026-07-14T19:00:00+00:00,last,0.41569652452307937,0.026444638446956936,true,true,true,148,148,3,120.26334299999999,0.02200829473556755,1.0,
NVDA:2026-07-14T19:05:00+00:00,NVDA,2026-07-14,2026-07-14T19:05:00+00:00,last,0.4176992029340938,-0.026243770834237345,true,true,true,182,182,3,126.292911,0.020584704470023276,1.0,
NVDA:2026-07-14T19:10:00+00:00,NVDA,2026-07-14,2026-07-14T19:10:00+00:00,last,0.420123062582016,-0.027644777729481373,true,true,true,152,152,3,109.86496149999999,0.019581699346405232,1.0,
NVDA:2026-07-14T19:15:00+00:00,NVDA,2026-07-14,2026-07-14T19:15:00+00:00,last,0.4098511726848334,-0.00803381043928858,true,true,true,159,159,3,142.753354,0.02040816326530623,0.99375,
NVDA:2026-07-14T19:20:00+00:00,NVDA,2026-07-14,2026-07-14T19:20:00+00:00,last,0.41209394600756466,-0.014295351626440855,true,true,true,150,150,3,125.570889,0.02395295467584621,1.0,
NVDA:2026-07-14T19:25:00+00:00,NVDA,2026-07-14,2026-07-14T19:25:00+00:00,last,0.4158029560456202,-0.023206765778720495,true,true,true,184,184,3,159.4738135,0.022503560689982566,1.0,
QQQ:2026-07-14T13:35:00+00:00,QQQ,2026-07-14,2026-07-14T13:35:00+00:00,first,0.2676330844576098,0.0009386612087711466,true,true,true,668,668,3,182.332685,0.015277381839520782,0.9955290611028316,
QQQ:2026-07-14T13:40:00+00:00,QQQ,2026-07-14,2026-07-14T13:40:00+00:00,first,0.25181296250373686,0.012293530032023714,true,true,true,556,556,3,126.64755299999999,0.012858783686027213,0.9982046678635548,
QQQ:2026-07-14T13:45:00+00:00,QQQ,2026-07-14,2026-07-14T13:45:00+00:00,first,0.23663476381925863,0.009588280637685298,true,true,true,452,452,3,144.24586549999998,0.01046991293036982,1.0,
QQQ:2026-07-14T13:50:00+00:00,QQQ,2026-07-14,2026-07-14T13:50:00+00:00,middle,0.24280732646542785,0.0004974192876182892,true,true,true,449,449,3,164.921135,0.009950248756218841,1.0,
QQQ:2026-07-14T13:55:00+00:00,QQQ,2026-07-14,2026-07-14T13:55:00+00:00,middle,0.25841902778201176,0.0031875812592655206,true,true,true,377,377,3,133.838021,0.0095808383233533,1.0,
QQQ:2026-07-14T14:00:00+00:00,QQQ,2026-07-14,2026-07-14T14:00:00+00:00,middle,0.23752338507610377,0.011848320677496499,true,true,true,308,308,3,153.061708,0.009884678747940676,1.0,
QQQ:2026-07-14T14:05:00+00:00,QQQ,2026-07-14,2026-07-14T14:05:00+00:00,middle,0.224825074394431,-0.0005665606617293872,true,true,true,465,465,3,139.387547,0.010628875110717381,0.9978540772532188,
QQQ:2026-07-14T14:10:00+00:00,QQQ,2026-07-14,2026-07-14T14:10:00+00:00,middle,0.2586028335685767,0.010875014275878614,true,true,true,430,430,3,159.371747,0.009344489919580253,1.0,
QQQ:2026-07-14T14:15:00+00:00,QQQ,2026-07-14,2026-07-14T14:15:00+00:00,middle,0.22843609069078416,0.016341597298782207,true,true,true,341,341,3,157.445711,0.009608785175017197,1.0,
QQQ:2026-07-14T14:20:00+00:00,QQQ,2026-07-14,2026-07-14T14:20:00+00:00,middle,0.2565073116286677,0.024468148821502916,true,true,true,488,488,3,177.74791,0.010053077403923569,1.0,
QQQ:2026-07-14T14:25:00+00:00,QQQ,2026-07-14,2026-07-14T14:25:00+00:00,middle,0.24194683114471102,0.004351212704166746,true,true,true,396,396,3,157.896767,0.009262987580095059,1.0,
QQQ:2026-07-14T14:30:00+00:00,QQQ,2026-07-14,2026-07-14T14:30:00+00:00,middle,0.24455247560961546,0.016562451089955854,true,true,true,297,297,3,179.843249,0.010230179028132926,1.0,
QQQ:2026-07-14T14:35:00+00:00,QQQ,2026-07-14,2026-07-14T14:35:00+00:00,middle,0.24885161807904949,0.024234908442564318,true,true,true,372,372,3,117.6158535,0.00898515623566538,1.0,
QQQ:2026-07-14T14:40:00+00:00,QQQ,2026-07-14,2026-07-14T14:40:00+00:00,middle,0.23817637245547213,0.017943658071223556,true,true,true,364,364,3,157.5926355,0.012713410269553914,1.0,
QQQ:2026-07-14T14:45:00+00:00,QQQ,2026-07-14,2026-07-14T14:45:00+00:00,middle,0.22226037086171846,0.011067369601968635,true,true,true,319,319,3,124.555319,0.01117318435754186,1.0,
QQQ:2026-07-14T14:50:00+00:00,QQQ,2026-07-14,2026-07-14T14:50:00+00:00,middle,0.2231310734758117,0.002780593375556195,true,true,true,284,284,3,174.2934225,0.00983287971883956,1.0,
QQQ:2026-07-14T14:55:00+00:00,QQQ,2026-07-14,2026-07-14T14:55:00+00:00,middle,0.22971486152255724,0.010866632374383511,true,true,true,254,254,3,159.3854275,0.010156973540755714,1.0,
QQQ:2026-07-14T15:00:00+00:00,QQQ,2026-07-14,2026-07-14T15:00:00+00:00,middle,0.23788981386980038,0.010678989539578465,true,true,true,268,268,3,165.168162,0.01331851409554329,1.0,
QQQ:2026-07-14T15:05:00+00:00,QQQ,2026-07-14,2026-07-14T15:05:00+00:00,middle,0.2456785188829228,0.019517201752133617,true,true,true,253,253,3,196.508185,0.009950248756218916,1.0,
QQQ:2026-07-14T15:10:00+00:00,QQQ,2026-07-14,2026-07-14T15:10:00+00:00,middle,0.2480693445257302,0.018431764134958284,true,true,true,349,349,3,109.967517,0.010118043844856645,1.0,
QQQ:2026-07-14T15:15:00+00:00,QQQ,2026-07-14,2026-07-14T15:15:00+00:00,middle,0.25155367303759607,0.009769944382756857,true,true,true,352,352,3,157.24937699999998,0.010549078125395243,1.0,
QQQ:2026-07-14T15:20:00+00:00,QQQ,2026-07-14,2026-07-14T15:20:00+00:00,middle,0.23538200482179225,0.006171240168377667,true,true,true,291,291,3,162.611472,0.009470512268618118,1.0,
QQQ:2026-07-14T15:25:00+00:00,QQQ,2026-07-14,2026-07-14T15:25:00+00:00,middle,0.23813081216423396,0.010949948475245275,true,true,true,285,285,3,155.186367,0.009081383164512803,1.0,
QQQ:2026-07-14T15:30:00+00:00,QQQ,2026-07-14,2026-07-14T15:30:00+00:00,middle,0.24861439164028876,0.012665928602229815,true,true,true,242,242,3,142.319188,0.009724498802168751,1.0,
QQQ:2026-07-14T15:35:00+00:00,QQQ,2026-07-14,2026-07-14T15:35:00+00:00,middle,0.23876101939798333,0.0042641713137514525,true,true,true,301,301,3,147.064648,0.00833333333333334,1.0,
QQQ:2026-07-14T15:40:00+00:00,QQQ,2026-07-14,2026-07-14T15:40:00+00:00,middle,0.25038512421048437,0.009694097487449593,true,true,true,219,219,3,173.453591,0.00960614793467833,1.0,
QQQ:2026-07-14T15:45:00+00:00,QQQ,2026-07-14,2026-07-14T15:45:00+00:00,middle,0.23936884695474064,0.010951904252260836,true,true,true,273,273,3,161.643275,0.008765522279035735,1.0,
QQQ:2026-07-14T15:50:00+00:00,QQQ,2026-07-14,2026-07-14T15:50:00+00:00,middle,0.23865997091884722,0.004811472228489766,true,true,true,178,178,3,154.5107345,0.008558299964022485,1.0,
QQQ:2026-07-14T15:55:00+00:00,QQQ,2026-07-14,2026-07-14T15:55:00+00:00,middle,0.23857083405305815,0.006338002755235883,true,true,true,272,272,3,146.033565,0.008930948363285368,0.9927007299270073,
QQQ:2026-07-14T16:00:00+00:00,QQQ,2026-07-14,2026-07-14T16:00:00+00:00,middle,0.22806321714616012,0.015869957014873565,true,true,true,228,228,3,144.490496,0.008125004672258483,1.0,
QQQ:2026-07-14T16:05:00+00:00,QQQ,2026-07-14,2026-07-14T16:05:00+00:00,middle,0.2402875685511771,0.008916778569236422,true,true,true,309,309,3,153.308252,0.009097801364670144,1.0,
QQQ:2026-07-14T16:10:00+00:00,QQQ,2026-07-14,2026-07-14T16:10:00+00:00,middle,0.23872867457143593,0.007110162147417609,true,true,true,256,256,3,166.21910100000002,0.00951510403064337,0.9961089494163424,
QQQ:2026-07-14T16:15:00+00:00,QQQ,2026-07-14,2026-07-14T16:15:00+00:00,middle,0.25270508553276205,0.01087922385307405,true,true,true,203,203,3,187.399329,0.00902255639097743,1.0,
QQQ:2026-07-14T16:20:00+00:00,QQQ,2026-07-14,2026-07-14T16:20:00+00:00,middle,0.23801437823924237,0.016348321446426256,true,true,true,190,190,3,179.97627649999998,0.008973546848186558,1.0,
QQQ:2026-07-14T16:25:00+00:00,QQQ,2026-07-14,2026-07-14T16:25:00+00:00,middle,0.23847834442667104,0.011036505578018718,true,true,true,187,187,3,147.050687,0.008599230595157334,1.0,
QQQ:2026-07-14T16:30:00+00:00,QQQ,2026-07-14,2026-07-14T16:30:00+00:00,middle,0.2518929537836723,0.01167848472675681,true,true,true,254,254,3,163.6233235,0.008045073120847644,1.0,
QQQ:2026-07-14T16:35:00+00:00,QQQ,2026-07-14,2026-07-14T16:35:00+00:00,middle,0.2514893745399043,0.0062224256468415284,true,true,true,219,219,3,151.662216,0.00714285714285715,0.9954545454545455,
QQQ:2026-07-14T16:40:00+00:00,QQQ,2026-07-14,2026-07-14T16:40:00+00:00,middle,0.235744428929219,0.018385384280018402,true,true,true,188,188,3,162.946044,0.007762018325593136,1.0,
QQQ:2026-07-14T16:45:00+00:00,QQQ,2026-07-14,2026-07-14T16:45:00+00:00,middle,0.21953107472331268,0.01108957232770691,true,true,true,197,197,3,145.77851,0.0074441687344913784,1.0,
QQQ:2026-07-14T16:50:00+00:00,QQQ,2026-07-14,2026-07-14T16:50:00+00:00,middle,0.24836990088689884,0.014370006429091087,true,true,true,177,177,3,177.025277,0.008764241893076374,1.0,
QQQ:2026-07-14T16:55:00+00:00,QQQ,2026-07-14,2026-07-14T16:55:00+00:00,middle,0.21445442707118773,0.008192247003994874,true,true,true,132,132,3,182.1456935,0.011223853523042872,1.0,
QQQ:2026-07-14T17:00:00+00:00,QQQ,2026-07-14,2026-07-14T17:00:00+00:00,middle,0.23524158003207674,0.007407850035630159,true,true,true,131,131,3,146.985908,0.008354218880534642,1.0,
QQQ:2026-07-14T17:05:00+00:00,QQQ,2026-07-14,2026-07-14T17:05:00+00:00,middle,0.2511203659831919,0.010408049230359373,true,true,true,218,218,3,173.845403,0.013158464268709702,1.0,
QQQ:2026-07-14T17:10:00+00:00,QQQ,2026-07-14,2026-07-14T17:10:00+00:00,middle,0.2346503765799515,0.01078048505346102,true,true,true,184,184,3,167.9387335,0.007866341802993365,0.9945945945945946,
QQQ:2026-07-14T17:15:00+00:00,QQQ,2026-07-14,2026-07-14T17:15:00+00:00,middle,0.25170901761197295,0.010520757865797759,true,true,true,164,164,3,170.71558149999998,0.007504023843408888,1.0,
QQQ:2026-07-14T17:20:00+00:00,QQQ,2026-07-14,2026-07-14T17:20:00+00:00,middle,0.22344451933883505,0.011639518198028193,true,true,true,201,201,3,187.760545,0.006557377049180421,1.0,
QQQ:2026-07-14T17:25:00+00:00,QQQ,2026-07-14,2026-07-14T17:25:00+00:00,middle,0.24805964014644358,0.01309184095687041,true,true,true,233,233,3,150.685351,0.007565200079633736,1.0,
QQQ:2026-07-14T17:30:00+00:00,QQQ,2026-07-14,2026-07-14T17:30:00+00:00,middle,0.21543601292883793,0.007759256599202791,true,true,true,203,203,3,156.838726,0.007306542676851506,1.0,
QQQ:2026-07-14T17:35:00+00:00,QQQ,2026-07-14,2026-07-14T17:35:00+00:00,middle,0.23447460810559798,0.010451374347865583,true,true,true,170,170,3,159.741196,0.007753364862682026,1.0,
QQQ:2026-07-14T17:40:00+00:00,QQQ,2026-07-14,2026-07-14T17:40:00+00:00,middle,0.2461993050492648,0.0073288738970979095,true,true,true,157,157,3,184.552713,0.007561436672967872,1.0,
QQQ:2026-07-14T17:45:00+00:00,QQQ,2026-07-14,2026-07-14T17:45:00+00:00,middle,0.24723734767009692,0.006165112067062384,true,true,true,138,138,3,151.79258900000002,0.007722468208178695,1.0,
QQQ:2026-07-14T17:50:00+00:00,QQQ,2026-07-14,2026-07-14T17:50:00+00:00,middle,0.2328109403571673,0.008978953651882754,true,true,true,122,122,3,153.08811300000002,0.007214325921974291,1.0,
QQQ:2026-07-14T17:55:00+00:00,QQQ,2026-07-14,2026-07-14T17:55:00+00:00,middle,0.2475484652271494,0.007120592958167138,true,true,true,176,176,3,149.56551,0.007306745393022372,1.0,
QQQ:2026-07-14T18:00:00+00:00,QQQ,2026-07-14,2026-07-14T18:00:00+00:00,middle,0.21673018783291428,0.006444955818314058,true,true,true,125,125,3,142.06057,0.0074074074074074675,1.0,
QQQ:2026-07-14T18:05:00+00:00,QQQ,2026-07-14,2026-07-14T18:05:00+00:00,middle,0.21559841692691858,0.020893714868564145,true,true,true,159,159,3,125.438521,0.00691509796388781,1.0,
QQQ:2026-07-14T18:10:00+00:00,QQQ,2026-07-14,2026-07-14T18:10:00+00:00,middle,0.23307742894536998,0.007023958947151854,true,true,true,134,134,3,169.609129,0.006322557004613682,1.0,
QQQ:2026-07-14T18:15:00+00:00,QQQ,2026-07-14,2026-07-14T18:15:00+00:00,middle,0.23336008529023453,0.02071823510415105,true,true,true,153,153,3,136.369437,0.007662835249042118,1.0,
QQQ:2026-07-14T18:20:00+00:00,QQQ,2026-07-14,2026-07-14T18:20:00+00:00,middle,0.24660339652034635,0.007423887407157603,true,true,true,169,169,3,182.921302,0.007134363852556328,1.0,
QQQ:2026-07-14T18:25:00+00:00,QQQ,2026-07-14,2026-07-14T18:25:00+00:00,middle,0.2173309000866246,-0.0004304944607912975,true,true,true,151,151,3,160.34336,0.007490636704119691,1.0,
QQQ:2026-07-14T18:30:00+00:00,QQQ,2026-07-14,2026-07-14T18:30:00+00:00,middle,0.2480085943663381,0.005219708084199526,true,true,true,117,117,3,218.615514,0.0077753779697624075,1.0,
QQQ:2026-07-14T18:35:00+00:00,QQQ,2026-07-14,2026-07-14T18:35:00+00:00,middle,0.24730224221411717,0.004837139473512803,true,true,true,163,163,3,127.15559,0.007817197835237462,1.0,
QQQ:2026-07-14T18:40:00+00:00,QQQ,2026-07-14,2026-07-14T18:40:00+00:00,middle,0.2506224158418122,0.016128920518178436,true,true,true,164,164,3,141.789124,0.008022092929726289,1.0,
QQQ:2026-07-14T18:45:00+00:00,QQQ,2026-07-14,2026-07-14T18:45:00+00:00,middle,0.23265720697052217,0.002509280537381642,true,true,true,233,233,3,187.260858,0.007993605115907274,1.0,
QQQ:2026-07-14T18:50:00+00:00,QQQ,2026-07-14,2026-07-14T18:50:00+00:00,middle,0.25048738340872523,0.0091293622176013,true,true,true,156,156,3,192.09245149999998,0.007481308389419871,1.0,
QQQ:2026-07-14T18:55:00+00:00,QQQ,2026-07-14,2026-07-14T18:55:00+00:00,middle,0.2475355198459513,0.024795881169963563,true,true,true,156,156,3,154.15101149999998,0.008482285103452471,1.0,
QQQ:2026-07-14T19:00:00+00:00,QQQ,2026-07-14,2026-07-14T19:00:00+00:00,last,0.23471368787591157,0.014596597166176783,true,true,true,143,143,3,130.011881,0.007168458781362013,1.0,
QQQ:2026-07-14T19:05:00+00:00,QQQ,2026-07-14,2026-07-14T19:05:00+00:00,last,0.23843724516967313,0.007796770265005526,true,true,true,197,197,3,155.991186,0.008084074373484207,1.0,
QQQ:2026-07-14T19:10:00+00:00,QQQ,2026-07-14,2026-07-14T19:10:00+00:00,last,0.23697703411020155,0.014092677248287944,true,true,true,161,161,3,141.054304,0.007228915662650662,1.0,
QQQ:2026-07-14T19:15:00+00:00,QQQ,2026-07-14,2026-07-14T19:15:00+00:00,last,0.23256151359511915,0.012570896465722403,true,true,true,157,157,3,138.836252,0.007684918347742562,1.0,
QQQ:2026-07-14T19:20:00+00:00,QQQ,2026-07-14,2026-07-14T19:20:00+00:00,last,0.2346389678806942,0.00946769301484146,true,true,true,194,194,3,163.8195285,0.008516695655064736,1.0,
QQQ:2026-07-14T19:25:00+00:00,QQQ,2026-07-14,2026-07-14T19:25:00+00:00,last,0.23240691407865288,0.009730735710207356,true,true,true,223,223,3,179.013699,0.01010101010101011,1.0,
SPY:2026-07-14T13:35:00+00:00,SPY,2026-07-14,2026-07-14T13:35:00+00:00,first,0.16262971685972624,0.014376488432913975,true,true,true,634,634,3,197.8152245,0.010948941569015262,0.9968553459119497,
SPY:2026-07-14T13:40:00+00:00,SPY,2026-07-14,2026-07-14T13:40:00+00:00,first,0.1415756562155597,0.03777484585336596,true,true,true,445,445,3,127.636635,0.00873362445414848,0.9977578475336323,
SPY:2026-07-14T13:45:00+00:00,SPY,2026-07-14,2026-07-14T13:45:00+00:00,first,0.13878179149596953,0.02419268228547644,true,true,true,488,488,3,154.729179,0.007905138339920955,1.0,
SPY:2026-07-14T13:50:00+00:00,SPY,2026-07-14,2026-07-14T13:50:00+00:00,middle,0.15288089486873707,0.016230937572598414,true,true,true,482,482,3,161.3946105,0.008032128514056231,0.9979296066252588,
SPY:2026-07-14T13:55:00+00:00,SPY,2026-07-14,2026-07-14T13:55:00+00:00,middle,0.1542803278291449,0.019127666849982017,true,true,true,406,406,3,151.184795,0.007802695974910818,1.0,
SPY:2026-07-14T14:00:00+00:00,SPY,2026-07-14,2026-07-14T14:00:00+00:00,middle,0.15174522172193414,0.021468117264803493,true,true,true,333,333,3,151.74041,0.009104704097116919,1.0,
SPY:2026-07-14T14:05:00+00:00,SPY,2026-07-14,2026-07-14T14:05:00+00:00,middle,0.15540752594221385,0.021635904306288756,true,true,true,487,487,3,173.275512,0.007561436672967872,0.9979508196721312,
SPY:2026-07-14T14:10:00+00:00,SPY,2026-07-14,2026-07-14T14:10:00+00:00,middle,0.14100100236227547,0.016177479667507128,true,true,true,369,369,3,163.867031,0.007050528789659075,1.0,
SPY:2026-07-14T14:15:00+00:00,SPY,2026-07-14,2026-07-14T14:15:00+00:00,middle,0.1526297730999421,0.02860724353849886,true,true,true,354,354,3,144.41100699999998,0.007453600181478802,1.0,
SPY:2026-07-14T14:20:00+00:00,SPY,2026-07-14,2026-07-14T14:20:00+00:00,middle,0.15699485319447146,0.01750578753711657,true,true,true,515,515,3,182.819099,0.007947019867549735,1.0,
SPY:2026-07-14T14:25:00+00:00,SPY,2026-07-14,2026-07-14T14:25:00+00:00,middle,0.15781013281323392,0.021162420004051163,true,true,true,466,466,3,144.345209,0.00754936184437669,1.0,
SPY:2026-07-14T14:30:00+00:00,SPY,2026-07-14,2026-07-14T14:30:00+00:00,middle,0.1547643081346992,0.016166601822011212,true,true,true,290,290,3,178.527411,0.00877634567974599,1.0,
SPY:2026-07-14T14:35:00+00:00,SPY,2026-07-14,2026-07-14T14:35:00+00:00,middle,0.15170891877523623,0.0264233856700547,true,true,true,340,340,3,130.207066,0.0078074203511053104,0.9970674486803519,
SPY:2026-07-14T14:40:00+00:00,SPY,2026-07-14,2026-07-14T14:40:00+00:00,middle,0.15265102587684432,0.02485770235010243,true,true,true,368,368,3,180.5074095,0.009501670127290756,1.0,
SPY:2026-07-14T14:45:00+00:00,SPY,2026-07-14,2026-07-14T14:45:00+00:00,middle,0.1554244294435624,0.017534453640230013,true,true,true,377,377,3,150.556255,0.009049773755656116,0.9947229551451188,
SPY:2026-07-14T14:50:00+00:00,SPY,2026-07-14,2026-07-14T14:50:00+00:00,middle,0.1564717200957108,0.019900422288492314,true,true,true,267,267,3,145.034091,0.007168458781362013,1.0,
SPY:2026-07-14T14:55:00+00:00,SPY,2026-07-14,2026-07-14T14:55:00+00:00,middle,0.14003741896639205,0.02307507679300763,true,true,true,261,261,3,156.526603,0.00754716981132076,1.0,
SPY:2026-07-14T15:00:00+00:00,SPY,2026-07-14,2026-07-14T15:00:00+00:00,middle,0.1392656693560611,0.02138282676047834,true,true,true,302,302,3,125.268708,0.007500292980194572,1.0,
SPY:2026-07-14T15:05:00+00:00,SPY,2026-07-14,2026-07-14T15:05:00+00:00,middle,0.14700100959633106,0.02825293124907466,true,true,true,273,273,3,164.142351,0.006993006993006998,1.0,
SPY:2026-07-14T15:10:00+00:00,SPY,2026-07-14,2026-07-14T15:10:00+00:00,middle,0.1504089417326804,0.0208702082914822,true,true,true,371,371,3,119.02436,0.009345794392523374,1.0,
SPY:2026-07-14T15:15:00+00:00,SPY,2026-07-14,2026-07-14T15:15:00+00:00,middle,0.15363877708870544,0.01642208217958363,true,true,true,339,339,3,176.042952,0.007984031936127753,1.0,
SPY:2026-07-14T15:20:00+00:00,SPY,2026-07-14,2026-07-14T15:20:00+00:00,middle,0.13921282612374608,0.019482798703107956,true,true,true,322,322,3,153.234756,0.006802799791751033,0.9938271604938271,
SPY:2026-07-14T15:25:00+00:00,SPY,2026-07-14,2026-07-14T15:25:00+00:00,middle,0.13866039362264798,0.022893413047935768,true,true,true,237,237,3,132.71376,0.006726013847675496,1.0,
SPY:2026-07-14T15:30:00+00:00,SPY,2026-07-14,2026-07-14T15:30:00+00:00,middle,0.15194771914883326,0.022392883143540432,true,true,true,275,275,3,137.553164,0.0061919504643962895,1.0,
SPY:2026-07-14T15:35:00+00:00,SPY,2026-07-14,2026-07-14T15:35:00+00:00,middle,0.15401720131476407,0.015066300299517832,true,true,true,301,301,3,148.663205,0.006269592476489033,1.0,
SPY:2026-07-14T15:40:00+00:00,SPY,2026-07-14,2026-07-14T15:40:00+00:00,middle,0.13918727995063362,0.0285002532225251,true,true,true,260,260,3,189.20446,0.007473879127600623,1.0,
SPY:2026-07-14T15:45:00+00:00,SPY,2026-07-14,2026-07-14T15:45:00+00:00,middle,0.15112173863582873,0.01977331540893018,true,true,true,339,339,3,162.654125,0.006825938566552908,1.0,
SPY:2026-07-14T15:50:00+00:00,SPY,2026-07-14,2026-07-14T15:50:00+00:00,middle,0.1568638999534454,0.025720628422252867,true,true,true,230,230,3,154.304107,0.007155657962109581,0.9956709956709957,
SPY:2026-07-14T15:55:00+00:00,SPY,2026-07-14,2026-07-14T15:55:00+00:00,middle,0.15456998771836983,0.019442956731334365,true,true,true,268,268,3,165.3717605,0.006185731367078479,1.0,
SPY:2026-07-14T16:00:00+00:00,SPY,2026-07-14,2026-07-14T16:00:00+00:00,middle,0.15302345238672194,0.024011502828046705,true,true,true,291,291,3,137.891756,0.006535947712418307,1.0,
SPY:2026-07-14T16:05:00+00:00,SPY,2026-07-14,2026-07-14T16:05:00+00:00,middle,0.15533846838711757,0.020448654525619003,true,true,true,340,340,3,152.861812,0.006201684550594213,1.0,
SPY:2026-07-14T16:10:00+00:00,SPY,2026-07-14,2026-07-14T16:10:00+00:00,middle,0.1548907724018134,0.020218413004770897,true,true,true,264,264,3,166.240793,0.006407142612800632,1.0,
SPY:2026-07-14T16:15:00+00:00,SPY,2026-07-14,2026-07-14T16:15:00+00:00,middle,0.15733999195837042,0.01868040858620032,true,true,true,335,335,3,165.912228,0.005263157894736847,1.0,
SPY:2026-07-14T16:20:00+00:00,SPY,2026-07-14,2026-07-14T16:20:00+00:00,middle,0.15737104224679804,0.013272647885344935,true,true,true,247,247,3,186.757652,0.005633802816901414,1.0,
SPY:2026-07-14T16:25:00+00:00,SPY,2026-07-14,2026-07-14T16:25:00+00:00,middle,0.15527455173160506,0.02241249679303922,true,true,true,259,259,3,138.776463,0.005752636625119894,1.0,
SPY:2026-07-14T16:30:00+00:00,SPY,2026-07-14,2026-07-14T16:30:00+00:00,middle,0.15410293885383564,0.019167806844919977,true,true,true,253,253,3,143.386001,0.005371530886302482,1.0,
SPY:2026-07-14T16:35:00+00:00,SPY,2026-07-14,2026-07-14T16:35:00+00:00,middle,0.15384903243109957,0.021026763584963942,true,true,true,226,226,3,177.6417495,0.005200213633321429,0.9955947136563876,
SPY:2026-07-14T16:40:00+00:00,SPY,2026-07-14,2026-07-14T16:40:00+00:00,middle,0.15352970061058177,0.01792801185509943,true,true,true,251,251,3,177.194059,0.005865102639296193,1.0,
SPY:2026-07-14T16:45:00+00:00,SPY,2026-07-14,2026-07-14T16:45:00+00:00,middle,0.13946606199436257,0.01798670379201317,true,true,true,265,265,3,181.565958,0.0056980056980057035,1.0,
SPY:2026-07-14T16:50:00+00:00,SPY,2026-07-14,2026-07-14T16:50:00+00:00,middle,0.15407498055573737,0.020675282515600357,true,true,true,267,267,3,153.592316,0.005934718100890213,1.0,
SPY:2026-07-14T16:55:00+00:00,SPY,2026-07-14,2026-07-14T16:55:00+00:00,middle,0.1546567403988447,0.022544763198632745,true,true,true,180,180,3,165.7826635,0.005855086954969108,1.0,
SPY:2026-07-14T17:00:00+00:00,SPY,2026-07-14,2026-07-14T17:00:00+00:00,middle,0.15337459818002583,0.0235502002226487,true,true,true,189,189,3,170.074301,0.0062521708926710565,1.0,
SPY:2026-07-14T17:05:00+00:00,SPY,2026-07-14,2026-07-14T17:05:00+00:00,middle,0.15624161827322094,0.021803318818818807,true,true,true,255,255,3,176.381566,0.006289308176100635,1.0,
SPY:2026-07-14T17:10:00+00:00,SPY,2026-07-14,2026-07-14T17:10:00+00:00,middle,0.15210143390903064,0.02688543333336335,true,true,true,181,181,3,175.091081,0.004693096208472218,1.0,
SPY:2026-07-14T17:15:00+00:00,SPY,2026-07-14,2026-07-14T17:15:00+00:00,middle,0.15527105927264878,0.016162951038248913,true,true,true,263,263,3,155.065482,0.005141388174807203,1.0,
SPY:2026-07-14T17:20:00+00:00,SPY,2026-07-14,2026-07-14T17:20:00+00:00,middle,0.13762851635602677,0.02062083740877732,true,true,true,237,237,3,177.330968,0.0048820179007323435,1.0,
SPY:2026-07-14T17:25:00+00:00,SPY,2026-07-14,2026-07-14T17:25:00+00:00,middle,0.15209411371505824,0.01783374340295041,true,true,true,299,299,3,128.333664,0.006644518272425255,1.0,
SPY:2026-07-14T17:30:00+00:00,SPY,2026-07-14,2026-07-14T17:30:00+00:00,middle,0.1540131128094792,0.017976012210994957,true,true,true,243,243,3,168.917575,0.0059171597633136145,1.0,
SPY:2026-07-14T17:35:00+00:00,SPY,2026-07-14,2026-07-14T17:35:00+00:00,middle,0.13766262138188817,0.027634663568343987,true,true,true,234,234,3,166.21266250000002,0.005292820387160014,0.9957446808510638,
SPY:2026-07-14T17:40:00+00:00,SPY,2026-07-14,2026-07-14T17:40:00+00:00,middle,0.15437376740436815,0.01712543547371398,true,true,true,208,208,3,178.1691715,0.006006222663119454,1.0,
SPY:2026-07-14T17:45:00+00:00,SPY,2026-07-14,2026-07-14T17:45:00+00:00,middle,0.12213480427282303,0.01900316767310728,true,true,true,167,167,3,156.132304,0.0057471264367816135,1.0,
SPY:2026-07-14T17:50:00+00:00,SPY,2026-07-14,2026-07-14T17:50:00+00:00,middle,0.15313576055353323,0.020289119000494515,true,true,true,215,215,3,146.025082,0.005181347150259072,1.0,
SPY:2026-07-14T17:55:00+00:00,SPY,2026-07-14,2026-07-14T17:55:00+00:00,middle,0.1556891950853467,0.021287086818955803,true,true,true,194,194,3,158.62949500000002,0.0055364170086493174,1.0,
SPY:2026-07-14T18:00:00+00:00,SPY,2026-07-14,2026-07-14T18:00:00+00:00,middle,0.15380408681263774,0.018589716412022728,true,true,true,200,200,3,134.1590825,0.005488952053009639,1.0,
SPY:2026-07-14T18:05:00+00:00,SPY,2026-07-14,2026-07-14T18:05:00+00:00,middle,0.1504489885953795,0.02172555339939153,true,true,true,228,228,3,141.588764,0.005682230921344714,1.0,
SPY:2026-07-14T18:10:00+00:00,SPY,2026-07-14,2026-07-14T18:10:00+00:00,middle,0.15262530275247804,0.010171418837927354,true,true,true,262,262,3,155.02772449999998,0.005973393018607034,1.0,
SPY:2026-07-14T18:15:00+00:00,SPY,2026-07-14,2026-07-14T18:15:00+00:00,middle,0.1531094413828384,0.017771754584781863,true,true,true,199,199,3,124.972015,0.005591798695247017,1.0,
SPY:2026-07-14T18:20:00+00:00,SPY,2026-07-14,2026-07-14T18:20:00+00:00,middle,0.153348921621779,0.02347228579163918,true,true,true,263,263,3,183.806877,0.0052493438320210025,1.0,
SPY:2026-07-14T18:25:00+00:00,SPY,2026-07-14,2026-07-14T18:25:00+00:00,middle,0.1547850952504072,0.015863512263946306,true,true,true,234,234,3,157.13132050000002,0.005929137433538907,1.0,
SPY:2026-07-14T18:30:00+00:00,SPY,2026-07-14,2026-07-14T18:30:00+00:00,middle,0.13757523540218922,0.022736578357737514,true,true,true,216,216,3,142.01486849999998,0.0050442083836906085,1.0,
SPY:2026-07-14T18:35:00+00:00,SPY,2026-07-14,2026-07-14T18:35:00+00:00,middle,0.13969350954804569,0.015021056657891774,true,true,true,193,193,3,147.137956,0.004796163069544263,0.9948453608247423,
SPY:2026-07-14T18:40:00+00:00,SPY,2026-07-14,2026-07-14T18:40:00+00:00,middle,0.15395070489623583,0.009272245698422221,true,true,true,227,227,3,136.4023,0.005934718100890213,0.9956140350877193,
SPY:2026-07-14T18:45:00+00:00,SPY,2026-07-14,2026-07-14T18:45:00+00:00,middle,0.12324754826242476,0.021923831935871385,true,true,true,312,312,3,193.33448199999998,0.005689911939911946,1.0,
SPY:2026-07-14T18:50:00+00:00,SPY,2026-07-14,2026-07-14T18:50:00+00:00,middle,0.1580416781854257,0.015189998539138633,true,true,true,214,214,3,194.3274695,0.005457279847523755,1.0,
SPY:2026-07-14T18:55:00+00:00,SPY,2026-07-14,2026-07-14T18:55:00+00:00,middle,0.1507225552337337,0.013964583166994227,true,true,true,213,213,3,142.652415,0.005390835579514829,1.0,
SPY:2026-07-14T19:00:00+00:00,SPY,2026-07-14,2026-07-14T19:00:00+00:00,last,0.15622511524049937,0.02471796673895424,true,true,true,179,179,3,158.996875,0.005899705014749137,1.0,
SPY:2026-07-14T19:05:00+00:00,SPY,2026-07-14,2026-07-14T19:05:00+00:00,last,0.15515275338965656,0.015031692359566723,true,true,true,262,262,3,155.3402905,0.006319257262653519,0.9961977186311787,
SPY:2026-07-14T19:10:00+00:00,SPY,2026-07-14,2026-07-14T19:10:00+00:00,last,0.13967201462732254,0.021334565634313962,true,true,true,198,198,3,154.8180425,0.004792482080825292,1.0,
SPY:2026-07-14T19:15:00+00:00,SPY,2026-07-14,2026-07-14T19:15:00+00:00,last,0.13861050268230402,0.022116336273543563,true,true,true,213,213,3,159.492147,0.005847953216374275,1.0,
SPY:2026-07-14T19:20:00+00:00,SPY,2026-07-14,2026-07-14T19:20:00+00:00,last,0.1367170497609954,0.01736227075707167,true,true,true,194,194,3,154.9408995,0.005267843722177943,0.9948717948717949,
SPY:2026-07-14T19:25:00+00:00,SPY,2026-07-14,2026-07-14T19:25:00+00:00,last,0.1373048911392987,0.020617391515940497,true,true,true,202,202,3,171.0494425,0.005994101708109431,1.0,
TSLA:2026-07-14T13:35:00+00:00,TSLA,2026-07-14,2026-07-14T13:35:00+00:00,first,0.5065295146458147,-0.040204032665349554,true,true,true,329,329,3,189.567906,0.022271714922048998,0.996969696969697,
TSLA:2026-07-14T13:40:00+00:00,TSLA,2026-07-14,2026-07-14T13:40:00+00:00,first,0.4831907432317697,-0.00421158885170525,true,true,true,230,230,3,137.70176600000002,0.016279091778112185,0.9913793103448276,
TSLA:2026-07-14T13:45:00+00:00,TSLA,2026-07-14,2026-07-14T13:45:00+00:00,first,0.5135770733022877,-0.062408360278144115,true,true,true,239,239,3,155.611634,0.017857142857142953,0.991701244813278,
TSLA:2026-07-14T13:50:00+00:00,TSLA,2026-07-14,2026-07-14T13:50:00+00:00,middle,0.48741529609112066,0.007299220592253075,true,true,true,211,211,3,153.456826,0.016064257028112535,1.0,
TSLA:2026-07-14T13:55:00+00:00,TSLA,2026-07-14,2026-07-14T13:55:00+00:00,middle,0.48467851212071256,-0.0321413884849176,true,true,true,214,214,3,127.127927,0.015614840702210721,1.0,
TSLA:2026-07-14T14:00:00+00:00,TSLA,2026-07-14,2026-07-14T14:00:00+00:00,middle,0.4994982168782427,-0.03653015210778254,true,true,true,165,165,3,119.412324,0.012738853503184745,1.0,
TSLA:2026-07-14T14:05:00+00:00,TSLA,2026-07-14,2026-07-14T14:05:00+00:00,middle,0.4822154438002408,-0.023860218819282908,true,true,true,181,181,3,142.990456,0.014814814814814762,0.9945054945054945,
TSLA:2026-07-14T14:10:00+00:00,TSLA,2026-07-14,2026-07-14T14:10:00+00:00,middle,0.4817710912623107,-0.03705798838460439,true,true,true,190,190,3,175.038377,0.014156632791469202,0.9947643979057592,
TSLA:2026-07-14T14:15:00+00:00,TSLA,2026-07-14,2026-07-14T14:15:00+00:00,middle,0.49093426048260924,-0.01127786708818368,true,true,true,150,150,3,146.0253015,0.01344571996745917,1.0,
TSLA:2026-07-14T14:20:00+00:00,TSLA,2026-07-14,2026-07-14T14:20:00+00:00,middle,0.4824888428005651,-0.019428428102076012,true,true,true,165,165,3,154.276382,0.01388888888888884,1.0,
TSLA:2026-07-14T14:25:00+00:00,TSLA,2026-07-14,2026-07-14T14:25:00+00:00,middle,0.5042245103610941,-0.03771103164331613,true,true,true,188,188,3,142.5688615,0.012396747134532819,0.9947089947089947,
TSLA:2026-07-14T14:30:00+00:00,TSLA,2026-07-14,2026-07-14T14:30:00+00:00,middle,0.48373737359438834,-0.03931104350650294,true,true,true,143,143,3,146.835839,0.01388888888888884,0.9930555555555556,
TSLA:2026-07-14T14:35:00+00:00,TSLA,2026-07-14,2026-07-14T14:35:00+00:00,middle,0.46956614861586693,-0.0206473055910541,true,true,true,142,142,3,145.6558965,0.012821039654818175,1.0,
TSLA:2026-07-14T14:40:00+00:00,TSLA,2026-07-14,2026-07-14T14:40:00+00:00,middle,0.47908348111400756,-0.038813680098228054,true,true,true,150,150,3,166.494068,0.015544145776703815,1.0,
TSLA:2026-07-14T14:45:00+00:00,TSLA,2026-07-14,2026-07-14T14:45:00+00:00,middle,0.4784907689196133,-0.028276549584843158,true,true,true,132,132,3,155.992297,0.014563192591152543,1.0,
TSLA:2026-07-14T14:50:00+00:00,TSLA,2026-07-14,2026-07-14T14:50:00+00:00,middle,0.5005458428064509,-0.025031002820126713,true,true,true,171,171,3,119.923914,0.013157894736842176,1.0,
TSLA:2026-07-14T14:55:00+00:00,TSLA,2026-07-14,2026-07-14T14:55:00+00:00,middle,0.48756453119063003,-0.018393654422827088,true,true,true,167,167,3,148.971751,0.012763868433971499,1.0,
TSLA:2026-07-14T15:00:00+00:00,TSLA,2026-07-14,2026-07-14T15:00:00+00:00,middle,0.4807967976589613,-0.022570002035356973,true,true,true,170,170,3,169.68437,0.013652036156928518,1.0,
TSLA:2026-07-14T15:05:00+00:00,TSLA,2026-07-14,2026-07-14T15:05:00+00:00,middle,0.48657583934315657,-0.03053757682638608,true,true,true,124,124,3,130.633758,0.013800388532620663,1.0,
TSLA:2026-07-14T15:10:00+00:00,TSLA,2026-07-14,2026-07-14T15:10:00+00:00,middle,0.4852240621493608,0.00182557814564549,true,true,true,185,185,3,88.572776,0.01342281879194626,1.0,
TSLA:2026-07-14T15:15:00+00:00,TSLA,2026-07-14,2026-07-14T15:15:00+00:00,middle,0.5003398715470433,-0.021695788335859723,true,true,true,262,262,3,201.61591099999998,0.014184397163120517,1.0,
TSLA:2026-07-14T15:20:00+00:00,TSLA,2026-07-14,2026-07-14T15:20:00+00:00,middle,0.5091086816152184,-0.036400251261055394,true,true,true,155,155,3,157.53247,0.013544018058690658,1.0,
TSLA:2026-07-14T15:25:00+00:00,TSLA,2026-07-14,2026-07-14T15:25:00+00:00,middle,0.4887221276664548,-0.021288986716627933,true,true,true,157,157,3,169.536001,0.012578616352201286,1.0,
TSLA:2026-07-14T15:30:00+00:00,TSLA,2026-07-14,2026-07-14T15:30:00+00:00,middle,0.4889234423139207,-0.021696123611919638,true,true,true,119,119,3,156.518244,0.011976047904191572,1.0,
TSLA:2026-07-14T15:35:00+00:00,TSLA,2026-07-14,2026-07-14T15:35:00+00:00,middle,0.5075145929624215,-0.03680433341891309,true,true,true,112,112,3,160.648225,0.014932857859252174,0.9911504424778761,
TSLA:2026-07-14T15:40:00+00:00,TSLA,2026-07-14,2026-07-14T15:40:00+00:00,middle,0.468359080294773,-0.028054783097728964,true,true,true,144,144,3,154.782667,0.013628976085442255,0.993103448275862,
TSLA:2026-07-14T15:45:00+00:00,TSLA,2026-07-14,2026-07-14T15:45:00+00:00,middle,0.49845472602143875,-0.04608801575626431,true,true,true,155,155,3,150.505962,0.012779552715654906,0.9935897435897436,
TSLA:2026-07-14T15:50:00+00:00,TSLA,2026-07-14,2026-07-14T15:50:00+00:00,middle,0.48735246908280244,-0.0410914338898658,true,true,true,122,122,3,141.9578565,0.014187251597323572,1.0,
TSLA:2026-07-14T15:55:00+00:00,TSLA,2026-07-14,2026-07-14T15:55:00+00:00,middle,0.5083023799442797,-0.047200871504552655,true,true,true,165,165,3,139.32522,0.014184397163120517,1.0,
TSLA:2026-07-14T16:00:00+00:00,TSLA,2026-07-14,2026-07-14T16:00:00+00:00,middle,0.49122332432550564,-0.02645842201830434,true,true,true,145,145,3,193.084051,0.013201320132013155,1.0,
TSLA:2026-07-14T16:05:00+00:00,TSLA,2026-07-14,2026-07-14T16:05:00+00:00,middle,0.5036770790612213,-0.036484480057857815,true,true,true,124,124,3,182.603165,0.011090573012939062,1.0,
TSLA:2026-07-14T16:10:00+00:00,TSLA,2026-07-14,2026-07-14T16:10:00+00:00,middle,0.4861962695905603,-0.018663998685717442,true,true,true,122,122,3,167.9044265,0.01424783062429409,1.0,
TSLA:2026-07-14T16:15:00+00:00,TSLA,2026-07-14,2026-07-14T16:15:00+00:00,middle,0.4839756058613285,-0.032372803471974854,true,true,true,86,86,3,158.040599,0.010195419424136393,1.0,
TSLA:2026-07-14T16:20:00+00:00,TSLA,2026-07-14,2026-07-14T16:20:00+00:00,middle,0.49078020113312826,-0.025778109640061775,true,true,true,110,110,3,167.92886099999998,0.009524025488106293,1.0,
TSLA:2026-07-14T16:25:00+00:00,TSLA,2026-07-14,2026-07-14T16:25:00+00:00,middle,0.5004703311872035,-0.025279889415189605,true,true,true,153,153,3,164.424308,0.011560693641618523,1.0,
TSLA:2026-07-14T16:30:00+00:00,TSLA,2026-07-14,2026-07-14T16:30:00+00:00,middle,0.4954980382086933,-0.03062839938569817,true,true,true,100,100,3,133.743512,0.01302719886965732,1.0,
TSLA:2026-07-14T16:35:00+00:00,TSLA,2026-07-14,2026-07-14T16:35:00+00:00,middle,0.4878597603877372,-0.012231988248601444,true,true,true,128,128,3,152.2115215,0.010928961748633843,1.0,
TSLA:2026-07-14T16:40:00+00:00,TSLA,2026-07-14,2026-07-14T16:40:00+00:00,middle,0.5019511151582339,-0.031775900326833084,true,true,true,128,128,3,164.385398,0.011420699100039088,1.0,
TSLA:2026-07-14T16:45:00+00:00,TSLA,2026-07-14,2026-07-14T16:45:00+00:00,middle,0.47625542754954103,-0.02836129992218317,true,true,true,90,90,3,177.71608550000002,0.012658734927693035,1.0,
TSLA:2026-07-14T16:50:00+00:00,TSLA,2026-07-14,2026-07-14T16:50:00+00:00,middle,0.498796018423874,-0.022567729608729437,true,true,true,105,105,3,120.08792,0.012903225806451568,1.0,
TSLA:2026-07-14T16:55:00+00:00,TSLA,2026-07-14,2026-07-14T16:55:00+00:00,middle,0.4797871138048545,-0.03293263998606066,true,true,true,93,93,3,155.145477,0.011049723756906087,1.0,
TSLA:2026-07-14T17:00:00+00:00,TSLA,2026-07-14,2026-07-14T17:00:00+00:00,middle,0.5045475302182696,-0.04665478130891931,true,true,true,124,124,3,155.217139,0.011448230668414236,1.0,
TSLA:2026-07-14T17:05:00+00:00,TSLA,2026-07-14,2026-07-14T17:05:00+00:00,middle,0.494268208368428,-0.02470392239733793,true,true,true,117,117,3,137.116936,0.012121212121212133,1.0,
TSLA:2026-07-14T17:10:00+00:00,TSLA,2026-07-14,2026-07-14T17:10:00+00:00,middle,0.4980120871167033,-0.033389099715039006,true,true,true,119,119,3,118.247041,0.013333333333333286,1.0,
TSLA:2026-07-14T17:15:00+00:00,TSLA,2026-07-14,2026-07-14T17:15:00+00:00,middle,0.4991985173336715,-0.02772651058228326,true,true,true,91,91,3,153.334469,0.013856812933025438,1.0,
TSLA:2026-07-14T17:20:00+00:00,TSLA,2026-07-14,2026-07-14T17:20:00+00:00,middle,0.4964895426497794,-0.025302501922778775,true,true,true,149,149,3,199.34634,0.010771992818671383,1.0,
TSLA:2026-07-14T17:25:00+00:00,TSLA,2026-07-14,2026-07-14T17:25:00+00:00,middle,0.48281359491738307,-0.02762700809831159,true,true,true,111,111,3,128.662312,0.012903225806451568,1.0,
TSLA:2026-07-14T17:30:00+00:00,TSLA,2026-07-14,2026-07-14T17:30:00+00:00,middle,0.4985422144466005,-0.03943420157913852,true,true,true,77,77,3,157.25428,0.012121212121212133,1.0,
TSLA:2026-07-14T17:35:00+00:00,TSLA,2026-07-14,2026-07-14T17:35:00+00:00,middle,0.4837201068773084,-0.03596543546438202,true,true,true,125,125,3,125.546504,0.011890606420927468,1.0,
TSLA:2026-07-14T17:40:00+00:00,TSLA,2026-07-14,2026-07-14T17:40:00+00:00,middle,0.48368313337849084,-0.014740225704908294,true,true,true,103,103,3,161.19605,0.014184397163120517,1.0,
TSLA:2026-07-14T17:45:00+00:00,TSLA,2026-07-14,2026-07-14T17:45:00+00:00,middle,0.49752863766491046,-0.032445930905908305,true,true,true,92,92,3,164.23242349999998,0.013840996168582326,1.0,
TSLA:2026-07-14T17:50:00+00:00,TSLA,2026-07-14,2026-07-14T17:50:00+00:00,middle,0.4947772133065573,-0.02530492336098855,true,true,true,91,91,3,115.13654,0.010822510822510822,1.0,
TSLA:2026-07-14T17:55:00+00:00,TSLA,2026-07-14,2026-07-14T17:55:00+00:00,middle,0.48479448038451006,-0.02457167461819204,true,true,true,92,92,3,172.54423300000002,0.011941256148855762,1.0,
TSLA:2026-07-14T18:00:00+00:00,TSLA,2026-07-14,2026-07-14T18:00:00+00:00,middle,0.49224749955597513,-0.026947291766397652,true,true,true,76,76,3,146.9493375,0.013986697965571249,1.0,
TSLA:2026-07-14T18:05:00+00:00,TSLA,2026-07-14,2026-07-14T18:05:00+00:00,middle,0.48838981321184344,-0.02218033674807096,true,true,true,126,126,3,126.434662,0.012253476196731112,1.0,
TSLA:2026-07-14T18:10:00+00:00,TSLA,2026-07-14,2026-07-14T18:10:00+00:00,middle,0.49740091611257203,-0.03071471434465045,true,true,true,124,124,3,187.018458,0.011300877893056758,1.0,
TSLA:2026-07-14T18:15:00+00:00,TSLA,2026-07-14,2026-07-14T18:15:00+00:00,middle,0.4858059151247069,-0.03306701118025185,true,true,true,85,85,3,154.616775,0.013186813186813296,1.0,
TSLA:2026-07-14T18:20:00+00:00,TSLA,2026-07-14,2026-07-14T18:20:00+00:00,middle,0.4951703058602326,-0.03549027478184541,true,true,true,89,89,3,147.501016,0.012526096033403027,1.0,
TSLA:2026-07-14T18:25:00+00:00,TSLA,2026-07-14,2026-07-14T18:25:00+00:00,middle,0.4796745728074461,-0.02174589348035305,true,true,true,72,72,3,152.50590649999998,0.012801635991820031,1.0,
TSLA:2026-07-14T18:30:00+00:00,TSLA,2026-07-14,2026-07-14T18:30:00+00:00,middle,0.4816513232031687,-0.03169651440645005,true,true,true,85,85,3,149.119084,0.011976047904191572,1.0,
TSLA:2026-07-14T18:35:00+00:00,TSLA,2026-07-14,2026-07-14T18:35:00+00:00,middle,0.4930111652879752,-0.033423111608661626,true,true,true,82,82,3,182.703157,0.01132958351361309,1.0,
TSLA:2026-07-14T18:40:00+00:00,TSLA,2026-07-14,2026-07-14T18:40:00+00:00,middle,0.477472647284668,-0.033149414585173065,true,true,true,89,89,3,136.546022,0.011267605633802977,1.0,
TSLA:2026-07-14T18:45:00+00:00,TSLA,2026-07-14,2026-07-14T18:45:00+00:00,middle,0.4914758058249876,-0.02815253469561041,true,true,true,115,115,3,203.652447,0.013793103448275813,1.0,
TSLA:2026-07-14T18:50:00+00:00,TSLA,2026-07-14,2026-07-14T18:50:00+00:00,middle,0.47794901868630946,-0.017378773789793134,true,true,true,80,80,3,159.40815500000002,0.014508564472959574,1.0,
TSLA:2026-07-14T18:55:00+00:00,TSLA,2026-07-14,2026-07-14T18:55:00+00:00,middle,0.48690947627555947,0.3392236001345068,true,true,true,91,91,3,172.22666,0.01526717557251903,1.0,
TSLA:2026-07-14T19:00:00+00:00,TSLA,2026-07-14,2026-07-14T19:00:00+00:00,last,0.49480053361916165,-0.009544303594507086,true,true,true,91,91,3,195.345923,0.014981273408239647,1.0,
TSLA:2026-07-14T19:05:00+00:00,TSLA,2026-07-14,2026-07-14T19:05:00+00:00,last,0.4769071297040135,-0.037503607520982696,true,true,true,86,86,3,167.9452435,0.014117959705682087,1.0,
TSLA:2026-07-14T19:10:00+00:00,TSLA,2026-07-14,2026-07-14T19:10:00+00:00,last,0.49926870178885757,-0.03237455435806513,true,true,true,95,95,3,153.271078,0.015625000000000083,1.0,
TSLA:2026-07-14T19:15:00+00:00,TSLA,2026-07-14,2026-07-14T19:15:00+00:00,last,0.47505139533943314,-0.030158267844058617,true,true,true,76,76,3,125.41991,0.01481501803865627,1.0,
TSLA:2026-07-14T19:20:00+00:00,TSLA,2026-07-14,2026-07-14T19:20:00+00:00,last,0.48306250013889374,-0.03038551050681615,true,true,true,96,96,3,131.984712,0.01659779614325063,1.0,
TSLA:2026-07-14T19:25:00+00:00,TSLA,2026-07-14,2026-07-14T19:25:00+00:00,last,0.48936887518582123,0.13533939694620667,true,true,true,81,81,3,167.738484,0.015557476231633512,1.0,
AAPL:2026-07-15T13:35:00+00:00,AAPL,2026-07-15,2026-07-15T13:35:00+00:00,first,0.2790572622930035,0.00787757179541887,true,true,true,176,176,3,161.351852,0.08203156292557878,0.9887640449438202,
AAPL:2026-07-15T13:40:00+00:00,AAPL,2026-07-15,2026-07-15T13:40:00+00:00,first,0.29464445120432603,-0.01776136102692788,true,true,true,170,170,3,161.78382349999998,0.06407356206275405,1.0,
AAPL:2026-07-15T13:45:00+00:00,AAPL,2026-07-15,2026-07-15T13:45:00+00:00,first,0.2660318246224224,0.0250498155323714,true,true,true,198,198,3,90.2669985,0.05373433441134422,0.9753694581280788,
AAPL:2026-07-15T13:50:00+00:00,AAPL,2026-07-15,2026-07-15T13:50:00+00:00,middle,0.29389088100701566,-0.004474333523906859,true,true,true,231,231,3,130.355491,0.057613168724279774,1.0,
AAPL:2026-07-15T13:55:00+00:00,AAPL,2026-07-15,2026-07-15T13:55:00+00:00,middle,0.2862154993021079,0.0014773008252979558,true,true,true,177,177,3,130.658934,0.06060606060606053,0.9888268156424581,
AAPL:2026-07-15T14:00:00+00:00,AAPL,2026-07-15,2026-07-15T14:00:00+00:00,middle,0.30057062319943306,-0.018795873935908092,true,true,true,183,183,3,127.895366,0.06679764243614929,1.0,
AAPL:2026-07-15T14:05:00+00:00,AAPL,2026-07-15,2026-07-15T14:05:00+00:00,middle,0.27691255721776553,0.012646389458522145,true,true,true,236,236,3,97.989383,0.057608541391469564,0.959349593495935,
AAPL:2026-07-15T14:10:00+00:00,AAPL,2026-07-15,2026-07-15T14:10:00+00:00,middle,0.29013564012560256,0.0022791321487724003,true,true,true,229,229,3,130.727005,0.053388090349076,0.9870689655172413,
AAPL:2026-07-15T14:15:00+00:00,AAPL,2026-07-15,2026-07-15T14:15:00+00:00,middle,0.301731162654005,0.0037636227829083158,true,true,true,263,263,3,123.422812,0.05369127516778528,0.9850187265917603,
AAPL:2026-07-15T14:20:00+00:00,AAPL,2026-07-15,2026-07-15T14:20:00+00:00,middle,0.303496502867572,-0.005578323083058112,true,true,true,240,240,3,118.716583,0.05555555555555561,0.9917355371900827,
AAPL:2026-07-15T14:25:00+00:00,AAPL,2026-07-15,2026-07-15T14:25:00+00:00,middle,0.30901944952141874,-0.01648302791667733,true,true,true,233,233,3,111.609305,0.044823906083244436,0.9872881355932204,
AAPL:2026-07-15T14:30:00+00:00,AAPL,2026-07-15,2026-07-15T14:30:00+00:00,middle,0.30795502253732465,-0.012051460716843598,true,true,true,207,207,3,114.99597,0.048387096774193526,0.9951923076923077,
AAPL:2026-07-15T14:35:00+00:00,AAPL,2026-07-15,2026-07-15T14:35:00+00:00,middle,0.298711591953598,-0.012043414091408189,true,true,true,179,179,3,160.095392,0.055045871559633,1.0,
AAPL:2026-07-15T14:40:00+00:00,AAPL,2026-07-15,2026-07-15T14:40:00+00:00,middle,0.29411756487634033,-0.00840850006256999,true,true,true,188,188,3,119.61878250000001,0.05649840440963155,1.0,
AAPL:2026-07-15T14:45:00+00:00,AAPL,2026-07-15,2026-07-15T14:45:00+00:00,middle,0.29930164056596165,-0.010202189729638489,true,true,true,160,160,3,148.8891985,0.04973741118319441,0.9937888198757764,
AAPL:2026-07-15T14:50:00+00:00,AAPL,2026-07-15,2026-07-15T14:50:00+00:00,middle,0.28578889776889976,-0.0002873688361496596,true,true,true,181,181,3,94.106865,0.04560260586319222,1.0,
AAPL:2026-07-15T14:55:00+00:00,AAPL,2026-07-15,2026-07-15T14:55:00+00:00,middle,0.28314619598616286,-0.018275152962133223,true,true,true,205,205,3,165.896431,0.055437100213219764,1.0,
AAPL:2026-07-15T15:00:00+00:00,AAPL,2026-07-15,2026-07-15T15:00:00+00:00,middle,0.2984989337994419,-0.026549617106571777,true,true,true,150,150,3,141.175049,0.06123086535457671,1.0,
AAPL:2026-07-15T15:05:00+00:00,AAPL,2026-07-15,2026-07-15T15:05:00+00:00,middle,0.2981322349222527,-0.01966405266632898,true,true,true,129,129,3,136.216854,0.04899777282850786,1.0,
AAPL:2026-07-15T15:10:00+00:00,AAPL,2026-07-15,2026-07-15T15:10:00+00:00,middle,0.29529997178059075,-0.012533028897412146,true,true,true,121,121,3,169.324302,0.042042042042042004,1.0,
AAPL:2026-07-15T15:15:00+00:00,AAPL,2026-07-15,2026-07-15T15:15:00+00:00,middle,0.28542754468221965,-0.015306395211234614,true,true,true,133,133,3,154.313486,0.040089086859688136,1.0,
AAPL:2026-07-15T15:20:00+00:00,AAPL,2026-07-15,2026-07-15T15:20:00+00:00,middle,0.2826762320825532,0.007182171994485065,true,true,true,118,118,3,151.7928055,0.03934468524251808,1.0,
AAPL:2026-07-15T15:25:00+00:00,AAPL,2026-07-15,2026-07-15T15:25:00+00:00,middle,0.2813533817621396,0.01173659924378978,true,true,true,131,131,3,110.43586,0.04444444444444429,0.9924242424242424,
AAPL:2026-07-15T15:30:00+00:00,AAPL,2026-07-15,2026-07-15T15:30:00+00:00,middle,0.28466358092705524,0.013405789733983542,true,true,true,178,178,3,141.98785750000002,0.047388043587787365,1.0,
AAPL:2026-07-15T15:35:00+00:00,AAPL,2026-07-15,2026-07-15T15:35:00+00:00,middle,0.2814746771899983,0.004853269977278973,true,true,true,176,176,3,97.50534400000001,0.04756762316157574,1.0,
AAPL:2026-07-15T15:40:00+00:00,AAPL,2026-07-15,2026-07-15T15:40:00+00:00,middle,0.2954156792741194,-0.0027632707791328537,true,true,true,236,236,3,105.3042985,0.04633538950351364,0.979253112033195,
AAPL:2026-07-15T15:45:00+00:00,AAPL,2026-07-15,2026-07-15T15:45:00+00:00,middle,0.29985764003180715,-0.005616730818353566,true,true,true,211,211,3,130.725291,0.04081632653061222,0.9952830188679245,
AAPL:2026-07-15T15:50:00+00:00,AAPL,2026-07-15,2026-07-15T15:50:00+00:00,middle,0.2984396458161996,-0.013999563635900658,true,true,true,191,191,3,143.495033,0.04244694132334571,1.0,
AAPL:2026-07-15T15:55:00+00:00,AAPL,2026-07-15,2026-07-15T15:55:00+00:00,middle,0.29781716855827345,-0.02179413598006963,true,true,true,176,176,3,123.79875150000001,0.04473026080743124,1.0,
AAPL:2026-07-15T16:00:00+00:00,AAPL,2026-07-15,2026-07-15T16:00:00+00:00,middle,0.284598127589602,-0.008245630403295123,true,true,true,139,139,3,153.597787,0.04303086997193647,1.0,
AAPL:2026-07-15T16:05:00+00:00,AAPL,2026-07-15,2026-07-15T16:05:00+00:00,middle,0.2874217666859477,0.0016047057280242916,true,true,true,153,153,3,129.189496,0.0416666666666667,1.0,
AAPL:2026-07-15T16:10:00+00:00,AAPL,2026-07-15,2026-07-15T16:10:00+00:00,middle,0.2809951951715798,0.00805679547583299,true,true,true,170,170,3,135.2556205,0.03913507849182839,0.9941520467836257,
AAPL:2026-07-15T16:15:00+00:00,AAPL,2026-07-15,2026-07-15T16:15:00+00:00,middle,0.2885260542682633,-0.013090853755138965,true,true,true,159,159,3,155.666153,0.03973509933774832,0.9875776397515528,
AAPL:2026-07-15T16:20:00+00:00,AAPL,2026-07-15,2026-07-15T16:20:00+00:00,middle,0.2971419039473757,-0.008386483601309391,true,true,true,180,180,3,130.45173499999999,0.039098098009818574,1.0,
AAPL:2026-07-15T16:25:00+00:00,AAPL,2026-07-15,2026-07-15T16:25:00+00:00,middle,0.288916781263072,0.0028883287494406717,true,true,true,177,177,3,143.34066,0.04081632653061224,0.9779005524861878,
AAPL:2026-07-15T16:30:00+00:00,AAPL,2026-07-15,2026-07-15T16:30:00+00:00,middle,0.29751931303203116,-0.006012393821820616,true,true,true,228,228,3,180.627156,0.04347826086956514,0.9956331877729258,
AAPL:2026-07-15T16:35:00+00:00,AAPL,2026-07-15,2026-07-15T16:35:00+00:00,middle,0.28269515655348443,-0.0003567709805295527,true,true,true,171,171,3,134.334469,0.03773584905660375,0.9884393063583815,
AAPL:2026-07-15T16:40:00+00:00,AAPL,2026-07-15,2026-07-15T16:40:00+00:00,middle,0.29364113759535554,-0.010611226522602102,true,true,true,179,179,3,140.893925,0.037558685446009425,1.0,
AAPL:2026-07-15T16:45:00+00:00,AAPL,2026-07-15,2026-07-15T16:45:00+00:00,middle,0.2904547856816426,0.01251749443997452,true,true,true,171,171,3,125.975328,0.038709677419354875,1.0,
AAPL:2026-07-15T16:50:00+00:00,AAPL,2026-07-15,2026-07-15T16:50:00+00:00,middle,0.2973532582501881,-0.01829750469945368,true,true,true,164,164,3,165.95475499999998,0.044685645823824754,1.0,
AAPL:2026-07-15T16:55:00+00:00,AAPL,2026-07-15,2026-07-15T16:55:00+00:00,middle,0.287878096029792,-0.00403039076782763,true,true,true,146,146,3,138.32850200000001,0.041097818437719966,1.0,
AAPL:2026-07-15T17:00:00+00:00,AAPL,2026-07-15,2026-07-15T17:00:00+00:00,middle,0.29786922947978234,-0.011890602713927612,true,true,true,148,148,3,156.5736555,0.041566985645933044,1.0,
AAPL:2026-07-15T17:05:00+00:00,AAPL,2026-07-15,2026-07-15T17:05:00+00:00,middle,0.2959775460710115,-0.011117269855536571,true,true,true,161,161,3,146.261808,0.04234527687296419,1.0,
AAPL:2026-07-15T17:10:00+00:00,AAPL,2026-07-15,2026-07-15T17:10:00+00:00,middle,0.3076798167715669,-0.032414824738137504,true,true,true,124,124,3,122.1738525,0.04023473070048228,1.0,
AAPL:2026-07-15T17:15:00+00:00,AAPL,2026-07-15,2026-07-15T17:15:00+00:00,middle,0.2790948132117018,-0.0036999203315452034,true,true,true,152,152,3,118.359161,0.041237113402061897,1.0,
AAPL:2026-07-15T17:20:00+00:00,AAPL,2026-07-15,2026-07-15T17:20:00+00:00,middle,0.2813720268363543,-0.008246263702519241,true,true,true,158,158,3,108.607775,0.044586439474618385,1.0,
AAPL:2026-07-15T17:25:00+00:00,AAPL,2026-07-15,2026-07-15T17:25:00+00:00,middle,0.28068888323805113,-0.012169589648582169,true,true,true,121,121,3,159.842948,0.04678362573099419,1.0,
AAPL:2026-07-15T17:30:00+00:00,AAPL,2026-07-15,2026-07-15T17:30:00+00:00,middle,0.2911634102604911,-0.0067018704123644746,true,true,true,117,117,3,119.923824,0.04081632653061222,0.9831932773109243,
AAPL:2026-07-15T17:35:00+00:00,AAPL,2026-07-15,2026-07-15T17:35:00+00:00,middle,0.27380672743774953,-0.004548578544706139,true,true,true,119,119,3,144.526704,0.041237113402061897,1.0,
AAPL:2026-07-15T17:40:00+00:00,AAPL,2026-07-15,2026-07-15T17:40:00+00:00,middle,0.29092949932943285,-0.0018636506048813617,true,true,true,130,130,3,158.5746595,0.04065107824506323,1.0,
AAPL:2026-07-15T17:45:00+00:00,AAPL,2026-07-15,2026-07-15T17:45:00+00:00,middle,0.29378899433773015,-0.0060051667600868885,true,true,true,136,136,3,146.35584,0.04247800917224266,1.0,
AAPL:2026-07-15T17:50:00+00:00,AAPL,2026-07-15,2026-07-15T17:50:00+00:00,middle,0.2892370257795305,-0.004315934212095918,true,true,true,122,122,3,155.35063350000001,0.035715551146228236,1.0,
AAPL:2026-07-15T17:55:00+00:00,AAPL,2026-07-15,2026-07-15T17:55:00+00:00,middle,0.29003021443124116,-0.008560603635035469,true,true,true,111,111,3,148.093547,0.03636363636363624,1.0,
AAPL:2026-07-15T18:00:00+00:00,AAPL,2026-07-15,2026-07-15T18:00:00+00:00,middle,0.2915709383111857,-0.0025945151623636975,true,true,true,132,132,3,173.56596100000002,0.029763953774280774,1.0,
AAPL:2026-07-15T18:05:00+00:00,AAPL,2026-07-15,2026-07-15T18:05:00+00:00,middle,0.2859512645140849,-0.007939784130960748,true,true,true,120,120,3,156.74641200000002,0.035295338939063586,1.0,
AAPL:2026-07-15T18:10:00+00:00,AAPL,2026-07-15,2026-07-15T18:10:00+00:00,middle,0.2937528776555099,0.0016378980579451197,true,true,true,120,120,3,135.7665585,0.031454837778785466,1.0,
AAPL:2026-07-15T18:15:00+00:00,AAPL,2026-07-15,2026-07-15T18:15:00+00:00,middle,0.28858625494744633,-0.009408107008434863,true,true,true,105,105,3,135.020697,0.030769230769230844,1.0,
AAPL:2026-07-15T18:20:00+00:00,AAPL,2026-07-15,2026-07-15T18:20:00+00:00,middle,0.27877838711703573,-0.006741731010586005,true,true,true,127,127,3,137.234894,0.03773584905660375,1.0,
AAPL:2026-07-15T18:25:00+00:00,AAPL,2026-07-15,2026-07-15T18:25:00+00:00,middle,0.28671409205593545,-0.009906811520949077,true,true,true,118,118,3,150.332102,0.03229338663422268,1.0,
AAPL:2026-07-15T18:30:00+00:00,AAPL,2026-07-15,2026-07-15T18:30:00+00:00,middle,0.28460341750076784,-0.0056733552195654124,true,true,true,119,119,3,128.40494,0.028629856850715677,1.0,
AAPL:2026-07-15T18:35:00+00:00,AAPL,2026-07-15,2026-07-15T18:35:00+00:00,middle,0.2833810941189528,-0.010711734834752962,true,true,true,108,108,3,139.8683845,0.03597168846965051,1.0,
AAPL:2026-07-15T18:40:00+00:00,AAPL,2026-07-15,2026-07-15T18:40:00+00:00,middle,0.29220090340111404,-0.008613651758275886,true,true,true,118,118,3,144.288655,0.03245769965106323,1.0,
AAPL:2026-07-15T18:45:00+00:00,AAPL,2026-07-15,2026-07-15T18:45:00+00:00,middle,0.2896403070001341,-0.009052602626353434,true,true,true,104,104,3,150.03663699999998,0.03471076750957415,1.0,
AAPL:2026-07-15T18:50:00+00:00,AAPL,2026-07-15,2026-07-15T18:50:00+00:00,middle,0.2925527197465375,-0.016221475337132862,true,true,true,110,110,3,162.59853650000002,0.04357319157015381,1.0,
AAPL:2026-07-15T18:55:00+00:00,AAPL,2026-07-15,2026-07-15T18:55:00+00:00,middle,0.2918572454398126,-0.011926290987849253,true,true,true,121,121,3,154.459657,0.04329004329004329,1.0,
AAPL:2026-07-15T19:00:00+00:00,AAPL,2026-07-15,2026-07-15T19:00:00+00:00,last,0.27975174939799685,-0.007466113564245425,true,true,true,107,107,3,126.735853,0.03921568627450984,1.0,
AAPL:2026-07-15T19:05:00+00:00,AAPL,2026-07-15,2026-07-15T19:05:00+00:00,last,0.2797275722687952,0.002367905798830061,true,true,true,147,147,3,91.309622,0.04037685060565276,0.9865771812080537,
AAPL:2026-07-15T19:10:00+00:00,AAPL,2026-07-15,2026-07-15T19:10:00+00:00,last,0.2985105008235053,-0.02417586260314286,true,true,true,155,155,3,137.820648,0.04123711340206189,1.0,
AAPL:2026-07-15T19:15:00+00:00,AAPL,2026-07-15,2026-07-15T19:15:00+00:00,last,0.2938590670342296,-0.010452044899985136,true,true,true,134,134,3,167.7070885,0.04088070021516155,1.0,
AAPL:2026-07-15T19:20:00+00:00,AAPL,2026-07-15,2026-07-15T19:20:00+00:00,last,0.2941684895845353,-0.015983392081774794,true,true,true,146,146,3,156.99848300000002,0.04322775545797128,1.0,
AAPL:2026-07-15T19:25:00+00:00,AAPL,2026-07-15,2026-07-15T19:25:00+00:00,last,0.2943590008922964,-0.0107919403188379,true,true,true,105,105,3,154.874669,0.03851851851851843,1.0,
AMZN:2026-07-15T13:35:00+00:00,AMZN,2026-07-15,2026-07-15T13:35:00+00:00,first,0.46646357846421005,-0.07351903637117141,true,true,true,213,213,3,145.64998,0.07773851590106005,0.9953271028037384,
AMZN:2026-07-15T13:40:00+00:00,AMZN,2026-07-15,2026-07-15T13:40:00+00:00,first,0.46181616798765224,-0.05285612181688837,true,true,true,186,186,3,122.4543235,0.059033481943255695,1.0,
AMZN:2026-07-15T13:45:00+00:00,AMZN,2026-07-15,2026-07-15T13:45:00+00:00,first,0.4709552718374357,-0.05369230031004557,true,true,true,183,183,3,139.406057,0.06134969325153374,0.9891891891891892,
AMZN:2026-07-15T13:50:00+00:00,AMZN,2026-07-15,2026-07-15T13:50:00+00:00,middle,0.4540710674887523,-0.046127876354485675,true,true,true,154,154,3,134.907838,0.06153904415663103,1.0,
AMZN:2026-07-15T13:55:00+00:00,AMZN,2026-07-15,2026-07-15T13:55:00+00:00,middle,0.44674044270556423,-0.04619061023056514,true,true,true,148,148,3,150.3166905,0.05405405405405398,1.0,
AMZN:2026-07-15T14:00:00+00:00,AMZN,2026-07-15,2026-07-15T14:00:00+00:00,middle,0.43261310163798183,-0.007902680247008909,true,true,true,169,169,3,140.769253,0.052631578947368356,1.0,
AMZN:2026-07-15T14:05:00+00:00,AMZN,2026-07-15,2026-07-15T14:05:00+00:00,middle,0.4453862254471109,-0.023568342382773777,true,true,true,215,215,3,96.859661,0.04690831556503194,0.9862385321100917,
AMZN:2026-07-15T14:10:00+00:00,AMZN,2026-07-15,2026-07-15T14:10:00+00:00,middle,0.46254684628065673,-0.04182129261916889,true,true,true,181,181,3,119.299355,0.048780487804878016,1.0,
AMZN:2026-07-15T14:15:00+00:00,AMZN,2026-07-15,2026-07-15T14:15:00+00:00,middle,0.4634151181433164,-0.03791107969233398,true,true,true,188,188,3,107.8667305,0.04370466380153259,1.0,
AMZN:2026-07-15T14:20:00+00:00,AMZN,2026-07-15,2026-07-15T14:20:00+00:00,middle,0.4478808283436522,-0.027028912860512677,true,true,true,191,191,3,131.09135,0.0454545454545455,0.9947916666666666,
AMZN:2026-07-15T14:25:00+00:00,AMZN,2026-07-15,2026-07-15T14:25:00+00:00,middle,0.45122665990314637,-0.04060438953365386,true,true,true,187,187,3,100.760404,0.04444444444444455,1.0,
AMZN:2026-07-15T14:30:00+00:00,AMZN,2026-07-15,2026-07-15T14:30:00+00:00,middle,0.4331268004409484,0.0028207147440463265,true,true,true,164,164,3,138.411726,0.04679953656091751,0.9879518072289156,
AMZN:2026-07-15T14:35:00+00:00,AMZN,2026-07-15,2026-07-15T14:35:00+00:00,middle,0.45363919467082625,-0.02170033318911485,true,true,true,159,159,3,130.202084,0.04590163934426225,1.0,
AMZN:2026-07-15T14:40:00+00:00,AMZN,2026-07-15,2026-07-15T14:40:00+00:00,middle,0.46221769832216575,-0.008548757214255631,true,true,true,202,202,3,141.1480115,0.05571073867163255,1.0,
AMZN:2026-07-15T14:45:00+00:00,AMZN,2026-07-15,2026-07-15T14:45:00+00:00,middle,0.46212503174452496,-0.03491754876590525,true,true,true,172,172,3,139.854771,0.05135531135531131,0.9942196531791907,
AMZN:2026-07-15T14:50:00+00:00,AMZN,2026-07-15,2026-07-15T14:50:00+00:00,middle,0.44817177345777304,-0.02263780230522905,true,true,true,142,142,3,146.97276599999998,0.046156577312266966,1.0,
AMZN:2026-07-15T14:55:00+00:00,AMZN,2026-07-15,2026-07-15T14:55:00+00:00,middle,0.43098038173251607,-0.008225215816542508,true,true,true,146,146,3,121.183075,0.03874963741532586,1.0,
AMZN:2026-07-15T15:00:00+00:00,AMZN,2026-07-15,2026-07-15T15:00:00+00:00,middle,0.44375082333316657,-0.0364383982260823,true,true,true,114,114,3,160.925261,0.04196625091709457,1.0,
AMZN:2026-07-15T15:05:00+00:00,AMZN,2026-07-15,2026-07-15T15:05:00+00:00,middle,0.44900392863821237,-0.04362880311048034,true,true,true,150,150,3,144.00337100000002,0.05428380187416331,1.0,
AMZN:2026-07-15T15:10:00+00:00,AMZN,2026-07-15,2026-07-15T15:10:00+00:00,middle,0.4359815829579607,-0.020675282515600413,true,true,true,115,115,3,116.312746,0.04524886877828038,0.9913793103448276,
AMZN:2026-07-15T15:15:00+00:00,AMZN,2026-07-15,2026-07-15T15:15:00+00:00,middle,0.4590651906640455,-0.0515779749711156,true,true,true,149,149,3,172.186344,0.054945054945054944,1.0,
AMZN:2026-07-15T15:20:00+00:00,AMZN,2026-07-15,2026-07-15T15:20:00+00:00,middle,0.45805988402516395,-0.05229054835689073,true,true,true,125,125,3,169.78251,0.042553191489361805,1.0,
AMZN:2026-07-15T15:25:00+00:00,AMZN,2026-07-15,2026-07-15T15:25:00+00:00,middle,0.4546777681454197,-0.012685206975668772,true,true,true,116,116,3,132.316047,0.036117565529330264,1.0,
AMZN:2026-07-15T15:30:00+00:00,AMZN,2026-07-15,2026-07-15T15:30:00+00:00,middle,0.4632037079611608,-0.02781968007401381,true,true,true,184,184,3,124.96726799999999,0.044173441734417326,1.0,
AMZN:2026-07-15T15:35:00+00:00,AMZN,2026-07-15,2026-07-15T15:35:00+00:00,middle,0.45065397114010164,-0.0471649224603623,true,true,true,122,122,3,162.409308,0.04196625091709458,1.0,
AMZN:2026-07-15T15:40:00+00:00,AMZN,2026-07-15,2026-07-15T15:40:00+00:00,middle,0.4434279152346775,-0.05384988005815444,true,true,true,129,129,3,153.10268,0.03809523809523796,1.0,
AMZN:2026-07-15T15:45:00+00:00,AMZN,2026-07-15,2026-07-15T15:45:00+00:00,middle,0.44299362097854167,-0.029386052572533516,true,true,true,121,121,3,116.369854,0.04395604395604399,1.0,
AMZN:2026-07-15T15:50:00+00:00,AMZN,2026-07-15,2026-07-15T15:50:00+00:00,middle,0.4436670229446628,-0.03708022836323821,true,true,true,123,123,3,159.591599,0.033195020746887995,1.0,
AMZN:2026-07-15T15:55:00+00:00,AMZN,2026-07-15,2026-07-15T15:55:00+00:00,middle,0.4527259399368093,-0.044478467151820744,true,true,true,129,129,3,154.101948,0.04210526315789459,1.0,
AMZN:2026-07-15T16:00:00+00:00,AMZN,2026-07-15,2026-07-15T16:00:00+00:00,middle,0.44382750841862345,-0.038312032606966806,true,true,true,114,114,3,159.357473,0.04400968132311411,1.0,
AMZN:2026-07-15T16:05:00+00:00,AMZN,2026-07-15,2026-07-15T16:05:00+00:00,middle,0.4330070510082543,-0.020644064589142752,true,true,true,82,82,3,144.7596155,0.039629049111807785,1.0,
AMZN:2026-07-15T16:10:00+00:00,AMZN,2026-07-15,2026-07-15T16:10:00+00:00,middle,0.4471501127977521,-0.01765638236731293,true,true,true,125,125,3,168.54839,0.04444444444444429,0.984251968503937,
AMZN:2026-07-15T16:15:00+00:00,AMZN,2026-07-15,2026-07-15T16:15:00+00:00,middle,0.4411523966167719,-0.022501195937305818,true,true,true,175,175,3,207.238956,0.03733333333333348,1.0,
AMZN:2026-07-15T16:20:00+00:00,AMZN,2026-07-15,2026-07-15T16:20:00+00:00,middle,0.44565070237895477,-0.03533366360902046,true,true,true,89,89,3,139.790904,0.0378947368421052,1.0,
AMZN:2026-07-15T16:25:00+00:00,AMZN,2026-07-15,2026-07-15T16:25:00+00:00,middle,0.4406025811315849,-0.03057717665433879,true,true,true,119,119,3,142.03267,0.04504504504504505,1.0,
AMZN:2026-07-15T16:30:00+00:00,AMZN,2026-07-15,2026-07-15T16:30:00+00:00,middle,0.438964031147968,-0.026801930968023746,true,true,true,109,109,3,164.266508,0.03592814371257494,1.0,
AMZN:2026-07-15T16:35:00+00:00,AMZN,2026-07-15,2026-07-15T16:35:00+00:00,middle,0.44941169883272797,-0.025617139878459372,true,true,true,119,119,3,147.868156,0.0382608695652175,1.0,
AMZN:2026-07-15T16:40:00+00:00,AMZN,2026-07-15,2026-07-15T16:40:00+00:00,middle,0.44581686891948435,-0.018351409639291383,true,true,true,124,124,3,144.108089,0.03345323741007205,1.0,
AMZN:2026-07-15T16:45:00+00:00,AMZN,2026-07-15,2026-07-15T16:45:00+00:00,middle,0.4566106718830988,-0.036569565671257576,true,true,true,122,122,3,154.569109,0.03557326146815856,1.0,
AMZN:2026-07-15T16:50:00+00:00,AMZN,2026-07-15,2026-07-15T16:50:00+00:00,middle,0.44010655882754923,-0.02610504105126854,true,true,true,125,125,3,166.608718,0.04494382022471915,1.0,
AMZN:2026-07-15T16:55:00+00:00,AMZN,2026-07-15,2026-07-15T16:55:00+00:00,middle,0.45474489786317207,-0.03442674186724426,true,true,true,119,119,3,142.77458,0.04484304932735426,1.0,
AMZN:2026-07-15T17:00:00+00:00,AMZN,2026-07-15,2026-07-15T17:00:00+00:00,middle,0.44750908169911807,-0.02546995368820426,true,true,true,111,111,3,134.36104,0.040816326530612276,1.0,
AMZN:2026-07-15T17:05:00+00:00,AMZN,2026-07-15,2026-07-15T17:05:00+00:00,middle,0.4311076748765557,-0.021277810847968093,true,true,true,119,119,3,105.632777,0.04511278195488726,0.9916666666666667,
AMZN:2026-07-15T17:10:00+00:00,AMZN,2026-07-15,2026-07-15T17:10:00+00:00,middle,0.43315988101218267,-0.01793887107414749,true,true,true,95,95,3,162.820726,0.038095238095238126,1.0,
AMZN:2026-07-15T17:15:00+00:00,AMZN,2026-07-15,2026-07-15T17:15:00+00:00,middle,0.44580226578443505,-0.02417504303944118,true,true,true,98,98,3,139.3683315,0.03508944731042464,1.0,
AMZN:2026-07-15T17:20:00+00:00,AMZN,2026-07-15,2026-07-15T17:20:00+00:00,middle,0.4327198125572391,-0.005911550233609952,true,true,true,91,91,3,148.687433,0.04340567612687815,1.0,
AMZN:2026-07-15T17:25:00+00:00,AMZN,2026-07-15,2026-07-15T17:25:00+00:00,middle,0.44364644071988024,-0.04790852750811725,true,true,true,97,97,3,114.476967,0.032520325203252036,1.0,
AMZN:2026-07-15T17:30:00+00:00,AMZN,2026-07-15,2026-07-15T17:30:00+00:00,middle,0.44090717943191904,-0.0215767653346286,true,true,true,93,93,3,134.036723,0.03921568627450984,1.0,
AMZN:2026-07-15T17:35:00+00:00,AMZN,2026-07-15,2026-07-15T17:35:00+00:00,middle,0.44457478287658847,-0.04807419113455724,true,true,true,97,97,3,154.927998,0.04469273743016764,1.0,
AMZN:2026-07-15T17:40:00+00:00,AMZN,2026-07-15,2026-07-15T17:40:00+00:00,middle,0.43664397669345145,-0.0006821005172282235,true,true,true,88,88,3,135.44795249999999,0.04363694065376072,1.0,
AMZN:2026-07-15T17:45:00+00:00,AMZN,2026-07-15,2026-07-15T17:45:00+00:00,middle,0.45251400821411614,-0.047128936163276514,true,true,true,107,107,3,141.798578,0.034548944337811846,1.0,
AMZN:2026-07-15T17:50:00+00:00,AMZN,2026-07-15,2026-07-15T17:50:00+00:00,middle,0.4312876436148808,-0.04224441100664439,true,true,true,74,74,3,161.4647085,0.035242974693370545,0.9866666666666667,
AMZN:2026-07-15T17:55:00+00:00,AMZN,2026-07-15,2026-07-15T17:55:00+00:00,middle,0.44448720131918795,-0.03876282989582425,true,true,true,83,83,3,131.415234,0.04301075268817208,1.0,
AMZN:2026-07-15T18:00:00+00:00,AMZN,2026-07-15,2026-07-15T18:00:00+00:00,middle,0.43404521470099694,-0.01567378326699137,true,true,true,83,83,3,140.052572,0.03422982885085588,1.0,
AMZN:2026-07-15T18:05:00+00:00,AMZN,2026-07-15,2026-07-15T18:05:00+00:00,middle,0.4519795409218892,-0.051441852890834194,true,true,true,101,101,3,115.955516,0.03663003663003663,0.9901960784313726,
AMZN:2026-07-15T18:10:00+00:00,AMZN,2026-07-15,2026-07-15T18:10:00+00:00,middle,0.4417326290911623,-0.03405384038294851,true,true,true,85,85,3,178.131592,0.04405286343612335,0.9883720930232558,
AMZN:2026-07-15T18:15:00+00:00,AMZN,2026-07-15,2026-07-15T18:15:00+00:00,middle,0.4316164004179687,0.002261027241542979,true,true,true,83,83,3,146.864393,0.04931506849315061,1.0,
AMZN:2026-07-15T18:20:00+00:00,AMZN,2026-07-15,2026-07-15T18:20:00+00:00,middle,0.4562286434393972,-0.021997536789685468,true,true,true,96,96,3,191.7868555,0.03947539280612905,1.0,
AMZN:2026-07-15T18:25:00+00:00,AMZN,2026-07-15,2026-07-15T18:25:00+00:00,middle,0.4485424770212323,-0.029834800952136642,true,true,true,79,79,3,138.557901,0.034321372854914246,1.0,
AMZN:2026-07-15T18:30:00+00:00,AMZN,2026-07-15,2026-07-15T18:30:00+00:00,middle,0.4172031433771626,-0.02579152068245416,true,true,true,81,81,3,135.560795,0.03508771929824549,0.9759036144578314,
AMZN:2026-07-15T18:35:00+00:00,AMZN,2026-07-15,2026-07-15T18:35:00+00:00,middle,0.4462430420443938,-0.027366126070886954,true,true,true,119,119,3,152.019464,0.0394366197183099,1.0,
AMZN:2026-07-15T18:40:00+00:00,AMZN,2026-07-15,2026-07-15T18:40:00+00:00,middle,0.4402983181073107,-0.024912203336268757,true,true,true,73,73,3,179.729284,0.03208556149732628,1.0,
AMZN:2026-07-15T18:45:00+00:00,AMZN,2026-07-15,2026-07-15T18:45:00+00:00,middle,0.4422433476624862,-0.013703552127987129,true,true,true,70,70,3,185.6786335,0.03453416149068321,0.9859154929577465,
AMZN:2026-07-15T18:50:00+00:00,AMZN,2026-07-15,2026-07-15T18:50:00+00:00,middle,0.4487593633790315,-0.03227710078334811,true,true,true,86,86,3,172.150269,0.040816326530612235,0.9555555555555556,
AMZN:2026-07-15T18:55:00+00:00,AMZN,2026-07-15,2026-07-15T18:55:00+00:00,middle,0.4499995122713596,-0.03849028771209728,true,true,true,67,67,3,168.859923,0.04154302670623141,1.0,
AMZN:2026-07-15T19:00:00+00:00,AMZN,2026-07-15,2026-07-15T19:00:00+00:00,last,0.46167151499429354,-0.033982463835105226,true,true,true,76,76,3,140.19680599999998,0.028710763101861353,1.0,
AMZN:2026-07-15T19:05:00+00:00,AMZN,2026-07-15,2026-07-15T19:05:00+00:00,last,0.4533377069872692,-0.006501822363346843,true,true,true,84,84,3,171.3620075,0.04192142935598428,0.9882352941176471,
AMZN:2026-07-15T19:10:00+00:00,AMZN,2026-07-15,2026-07-15T19:10:00+00:00,last,0.42635459656181557,-0.019602436377115617,true,true,true,83,83,3,179.271632,0.03468208092485557,1.0,
AMZN:2026-07-15T19:15:00+00:00,AMZN,2026-07-15,2026-07-15T19:15:00+00:00,last,0.4545628057098017,-0.029677221204027604,true,true,true,86,86,3,124.4306175,0.03945578231292512,0.945054945054945,
AMZN:2026-07-15T19:20:00+00:00,AMZN,2026-07-15,2026-07-15T19:20:00+00:00,last,0.4422500531836822,-0.005743576927647043,true,true,true,85,85,3,183.727273,0.04316546762589926,1.0,
AMZN:2026-07-15T19:25:00+00:00,AMZN,2026-07-15,2026-07-15T19:25:00+00:00,last,0.45620947682464497,-0.052408267506778405,true,true,true,78,78,3,143.032898,0.03236790191721253,1.0,
META:2026-07-15T13:35:00+00:00,META,2026-07-15,2026-07-15T13:35:00+00:00,first,0.5011639801020473,-0.0777937130014636,true,true,true,174,174,3,199.4353715,0.08339793143322129,1.0,
META:2026-07-15T13:40:00+00:00,META,2026-07-15,2026-07-15T13:40:00+00:00,first,0.5424645051813219,-0.06099623339358329,true,true,true,106,106,3,182.367692,0.06279922419181279,1.0,
META:2026-07-15T13:45:00+00:00,META,2026-07-15,2026-07-15T13:45:00+00:00,first,0.550325108282825,-0.09229483099638663,true,true,true,121,121,3,188.034523,0.07407407407407414,1.0,
META:2026-07-15T13:50:00+00:00,META,2026-07-15,2026-07-15T13:50:00+00:00,middle,0.5277322702225055,-0.02948389730265355,true,true,true,139,139,3,177.261633,0.06413994169096197,1.0,
META:2026-07-15T13:55:00+00:00,META,2026-07-15,2026-07-15T13:55:00+00:00,middle,0.5450545220565497,-0.03384956413028739,true,true,true,123,123,3,175.786071,0.04938271604938271,1.0,
META:2026-07-15T14:00:00+00:00,META,2026-07-15,2026-07-15T14:00:00+00:00,middle,0.540159743040422,-0.007591842086672518,true,true,true,113,113,3,177.786207,0.06060606060606058,1.0,
META:2026-07-15T14:05:00+00:00,META,2026-07-15,2026-07-15T14:05:00+00:00,middle,0.54511733043842,-0.028561832258843012,true,true,true,169,169,3,160.94292,0.050704225352112595,0.9825581395348837,
META:2026-07-15T14:10:00+00:00,META,2026-07-15,2026-07-15T14:10:00+00:00,middle,0.5310658642058166,-0.026243994351610622,true,true,true,255,255,3,158.765758,0.04923076923076917,0.9922178988326849,
META:2026-07-15T14:15:00+00:00,META,2026-07-15,2026-07-15T14:15:00+00:00,middle,0.5379540736016426,-0.05100387059804051,true,true,true,226,226,3,166.87917349999998,0.04512139257901972,1.0,
META:2026-07-15T14:20:00+00:00,META,2026-07-15,2026-07-15T14:20:00+00:00,middle,0.5346847688027992,-0.03303799117463102,true,true,true,146,146,3,157.64612449999998,0.04936711716793391,1.0,
META:2026-07-15T14:25:00+00:00,META,2026-07-15,2026-07-15T14:25:00+00:00,middle,0.5587151867885535,-0.03363429827344411,true,true,true,191,191,3,155.268444,0.04627249357326471,1.0,
META:2026-07-15T14:30:00+00:00,META,2026-07-15,2026-07-15T14:30:00+00:00,middle,0.5314081903761028,0.005351713719524476,true,true,true,154,154,3,165.15429999999998,0.04935939219730074,1.0,
META:2026-07-15T14:35:00+00:00,META,2026-07-15,2026-07-15T14:35:00+00:00,middle,0.5592872515655979,-0.014975906148504525,true,true,true,263,263,3,147.749317,0.05458089668615993,1.0,
META:2026-07-15T14:40:00+00:00,META,2026-07-15,2026-07-15T14:40:00+00:00,middle,0.5582412554515693,-0.014844887714911104,true,true,true,261,261,3,143.167705,0.04590163934426225,1.0,
META:2026-07-15T14:45:00+00:00,META,2026-07-15,2026-07-15T14:45:00+00:00,middle,0.5449203930061794,-0.024206950144465722,true,true,true,202,202,3,154.9141055,0.04234876831930159,1.0,
META:2026-07-15T14:50:00+00:00,META,2026-07-15,2026-07-15T14:50:00+00:00,middle,0.557946193892492,-0.023363600468918944,true,true,true,192,192,3,163.6221305,0.04511278195488719,0.9948186528497409,
META:2026-07-15T14:55:00+00:00,META,2026-07-15,2026-07-15T14:55:00+00:00,middle,0.5477599856550377,-0.03135816498276234,true,true,true,112,112,3,161.8132995,0.03606878828125089,1.0,
META:2026-07-15T15:00:00+00:00,META,2026-07-15,2026-07-15T15:00:00+00:00,middle,0.5531595414056518,-0.040012347891379085,true,true,true,135,135,3,160.680411,0.04433497536945805,1.0,
META:2026-07-15T15:05:00+00:00,META,2026-07-15,2026-07-15T15:05:00+00:00,middle,0.5548862689929976,-0.020475811886463302,true,true,true,172,172,3,145.5570935,0.04742251726234604,0.9885057471264368,
META:2026-07-15T15:10:00+00:00,META,2026-07-15,2026-07-15T15:10:00+00:00,middle,0.5277055133302883,0.042389324770271686,true,true,true,283,283,3,193.027177,0.04382929642445211,0.9860627177700348,
META:2026-07-15T15:15:00+00:00,META,2026-07-15,2026-07-15T15:15:00+00:00,middle,0.6012675022900105,-0.07981667561409611,true,true,true,330,330,3,167.691575,0.05309734513274331,1.0,
META:2026-07-15T15:20:00+00:00,META,2026-07-15,2026-07-15T15:20:00+00:00,middle,0.5726241420692914,-0.031168584997389503,true,true,true,239,239,3,147.663278,0.04327868852459031,1.0,
META:2026-07-15T15:25:00+00:00,META,2026-07-15,2026-07-15T15:25:00+00:00,middle,0.5701226287606285,-0.029001192908771345,true,true,true,238,238,3,166.75473699999998,0.043815738226561464,1.0,
META:2026-07-15T15:30:00+00:00,META,2026-07-15,2026-07-15T15:30:00+00:00,middle,0.5944894497062787,-0.056043628570362936,true,true,true,166,166,3,159.30289900000002,0.04354598401733711,1.0,
META:2026-07-15T15:35:00+00:00,META,2026-07-15,2026-07-15T15:35:00+00:00,middle,0.5738336690814904,-0.06070344426113383,true,true,true,172,172,3,165.8127575,0.041009364260265496,1.0,
META:2026-07-15T15:40:00+00:00,META,2026-07-15,2026-07-15T15:40:00+00:00,middle,0.5559944122500009,-0.03745264555989203,true,true,true,116,116,3,157.98379599999998,0.038714253215036076,1.0,
META:2026-07-15T15:45:00+00:00,META,2026-07-15,2026-07-15T15:45:00+00:00,middle,0.578949124937538,-0.04026032179050132,true,true,true,119,119,3,161.012026,0.03636363636363641,1.0,
META:2026-07-15T15:50:00+00:00,META,2026-07-15,2026-07-15T15:50:00+00:00,middle,0.5826604260286689,-0.055854588751975354,true,true,true,126,126,3,145.94804599999998,0.042249896084462585,1.0,
META:2026-07-15T15:55:00+00:00,META,2026-07-15,2026-07-15T15:55:00+00:00,middle,0.5758403242391033,-0.04155186105221842,true,true,true,142,142,3,207.73529100000002,0.03468394575678037,1.0,
META:2026-07-15T16:00:00+00:00,META,2026-07-15,2026-07-15T16:00:00+00:00,middle,0.5551248924153409,-0.011058633797965567,true,true,true,188,188,3,124.076704,0.04554807855941712,0.9690721649484536,
META:2026-07-15T16:05:00+00:00,META,2026-07-15,2026-07-15T16:05:00+00:00,middle,0.595824649361562,-0.055790681409686904,true,true,true,205,205,3,153.278148,0.04829308909242296,1.0,
META:2026-07-15T16:10:00+00:00,META,2026-07-15,2026-07-15T16:10:00+00:00,middle,0.5582254322841912,-0.05115616043498339,true,true,true,156,156,3,145.36124999999998,0.037864309603439956,1.0,
META:2026-07-15T16:15:00+00:00,META,2026-07-15,2026-07-15T16:15:00+00:00,middle,0.5669577624544146,-0.06826894855066379,true,true,true,201,201,3,188.55911,0.042286609240407246,1.0,
META:2026-07-15T16:20:00+00:00,META,2026-07-15,2026-07-15T16:20:00+00:00,middle,0.5745143074225688,-0.05114623253832362,true,true,true,191,191,3,138.368528,0.04000000000000016,1.0,
META:2026-07-15T16:25:00+00:00,META,2026-07-15,2026-07-15T16:25:00+00:00,middle,0.5698827480530609,-0.06301481879099091,true,true,true,129,129,3,167.336182,0.045272969374167665,1.0,
META:2026-07-15T16:30:00+00:00,META,2026-07-15,2026-07-15T16:30:00+00:00,middle,0.5864990668299592,-0.04429993264997378,true,true,true,146,146,3,178.873622,0.035747929585425664,1.0,
META:2026-07-15T16:35:00+00:00,META,2026-07-15,2026-07-15T16:35:00+00:00,middle,0.5768415796255953,-0.03442124706515293,true,true,true,184,184,3,137.27315149999998,0.03407708471577077,1.0,
META:2026-07-15T16:40:00+00:00,META,2026-07-15,2026-07-15T16:40:00+00:00,middle,0.5675031169053614,-0.0504173237578569,true,true,true,139,139,3,144.980593,0.034548944337811846,1.0,
META:2026-07-15T16:45:00+00:00,META,2026-07-15,2026-07-15T16:45:00+00:00,middle,0.5887829673493596,-0.06004369548122557,true,true,true,124,124,3,159.42188499999997,0.03962546581250253,1.0,
META:2026-07-15T16:50:00+00:00,META,2026-07-15,2026-07-15T16:50:00+00:00,middle,0.5817398138477838,-0.04258475346024326,true,true,true,139,139,3,153.329141,0.0377358490566039,1.0,
META:2026-07-15T16:55:00+00:00,META,2026-07-15,2026-07-15T16:55:00+00:00,middle,0.5749913680027777,-0.03486621427585923,true,true,true,137,137,3,154.96106,0.04158790170132331,1.0,
META:2026-07-15T17:00:00+00:00,META,2026-07-15,2026-07-15T17:00:00+00:00,middle,0.557063235075768,-0.0327828460931181,true,true,true,139,139,3,218.660512,0.040646169880145966,1.0,
META:2026-07-15T17:05:00+00:00,META,2026-07-15,2026-07-15T17:05:00+00:00,middle,0.5486698876284566,-0.03976741010324292,true,true,true,113,113,3,184.372833,0.03243243243243251,1.0,
META:2026-07-15T17:10:00+00:00,META,2026-07-15,2026-07-15T17:10:00+00:00,middle,0.5649965744558014,-0.033887115048986116,true,true,true,96,96,3,167.431165,0.04588700542740467,1.0,
META:2026-07-15T17:15:00+00:00,META,2026-07-15,2026-07-15T17:15:00+00:00,middle,0.5406457722552308,-0.012538095291204532,true,true,true,83,83,3,139.377331,0.03703703703703693,1.0,
META:2026-07-15T17:20:00+00:00,META,2026-07-15,2026-07-15T17:20:00+00:00,middle,0.5739748016762213,-0.06787552072092873,true,true,true,91,91,3,159.247102,0.04444444444444438,1.0,
META:2026-07-15T17:25:00+00:00,META,2026-07-15,2026-07-15T17:25:00+00:00,middle,0.5624073678310514,-0.034110092255204894,true,true,true,107,107,3,177.465215,0.03867747972551477,0.9907407407407407,
META:2026-07-15T17:30:00+00:00,META,2026-07-15,2026-07-15T17:30:00+00:00,middle,0.5515327167709041,-0.01923014956559599,true,true,true,95,95,3,192.477558,0.036199095022624465,1.0,
META:2026-07-15T17:35:00+00:00,META,2026-07-15,2026-07-15T17:35:00+00:00,middle,0.5749698265159354,-0.04277306684716775,true,true,true,98,98,3,167.63970949999998,0.04445959700769818,1.0,
META:2026-07-15T17:40:00+00:00,META,2026-07-15,2026-07-15T17:40:00+00:00,middle,0.5704262864253501,0.000902376888521017,true,true,true,73,73,3,141.452899,0.035842293906810034,1.0,
META:2026-07-15T17:45:00+00:00,META,2026-07-15,2026-07-15T17:45:00+00:00,middle,0.5535239678562134,-0.0316550146808251,true,true,true,88,88,3,168.2454975,0.038298371631704964,1.0,
META:2026-07-15T17:50:00+00:00,META,2026-07-15,2026-07-15T17:50:00+00:00,middle,0.5554686807617768,-0.033771407555457156,true,true,true,94,94,3,170.752013,0.03971837181142504,1.0,
META:2026-07-15T17:55:00+00:00,META,2026-07-15,2026-07-15T17:55:00+00:00,middle,0.5537050355549566,0.010666062784828179,true,true,true,81,81,3,171.348039,0.037126715092816856,0.9759036144578314,
META:2026-07-15T18:00:00+00:00,META,2026-07-15,2026-07-15T18:00:00+00:00,middle,0.5679895465887972,-0.05176688440436872,true,true,true,78,78,3,168.4329425,0.030473794478471518,0.9873417721518988,
META:2026-07-15T18:05:00+00:00,META,2026-07-15,2026-07-15T18:05:00+00:00,middle,0.5515900955432503,-0.05155543696931775,true,true,true,92,92,3,156.9759335,0.027480970910430745,1.0,
META:2026-07-15T18:10:00+00:00,META,2026-07-15,2026-07-15T18:10:00+00:00,middle,0.5601116115776468,-0.048736547617152404,true,true,true,69,69,3,154.475995,0.03668378576669112,1.0,
META:2026-07-15T18:15:00+00:00,META,2026-07-15,2026-07-15T18:15:00+00:00,middle,0.5506205237444098,-0.027599589967198912,true,true,true,84,84,3,145.91420699999998,0.030899342787962757,1.0,
META:2026-07-15T18:20:00+00:00,META,2026-07-15,2026-07-15T18:20:00+00:00,middle,0.561690016761424,-0.07735317888532589,true,true,true,149,149,3,132.699859,0.03344481605351173,0.9933333333333333,
META:2026-07-15T18:25:00+00:00,META,2026-07-15,2026-07-15T18:25:00+00:00,middle,0.5638866430598125,-0.044586854451377,true,true,true,68,68,3,132.9547965,0.035806339254615224,1.0,
META:2026-07-15T18:30:00+00:00,META,2026-07-15,2026-07-15T18:30:00+00:00,middle,0.5698374857849868,-0.031066474810730993,true,true,true,61,61,3,171.019311,0.0323054331864905,1.0,
META:2026-07-15T18:35:00+00:00,META,2026-07-15,2026-07-15T18:35:00+00:00,middle,0.5632293715974578,-0.04348090911521041,true,true,true,78,78,3,199.328768,0.033587231919288286,1.0,
META:2026-07-15T18:40:00+00:00,META,2026-07-15,2026-07-15T18:40:00+00:00,middle,0.5634035475105271,-0.0538603294953518,true,true,true,77,77,3,168.231299,0.037982973149967146,1.0,
META:2026-07-15T18:45:00+00:00,META,2026-07-15,2026-07-15T18:45:00+00:00,middle,0.5757661257844233,-0.044026198373589676,true,true,true,70,70,3,170.24490500000002,0.02579081043638886,1.0,
META:2026-07-15T18:50:00+00:00,META,2026-07-15,2026-07-15T18:50:00+00:00,middle,0.5792000138757358,-0.02173227754703544,true,true,true,86,86,3,190.502003,0.046497640982294176,1.0,
META:2026-07-15T18:55:00+00:00,META,2026-07-15,2026-07-15T18:55:00+00:00,middle,0.5688948757692893,-0.04868566016185283,true,true,true,75,75,3,163.693354,0.042841037204058595,1.0,
META:2026-07-15T19:00:00+00:00,META,2026-07-15,2026-07-15T19:00:00+00:00,last,0.5598240564770195,-0.03616956270546079,true,true,true,71,71,3,178.568189,0.03212851405622493,0.9466666666666667,
META:2026-07-15T19:05:00+00:00,META,2026-07-15,2026-07-15T19:05:00+00:00,last,0.5589632538199145,-0.03311882995793958,true,true,true,98,98,3,145.1204525,0.03854765923731439,1.0,
META:2026-07-15T19:10:00+00:00,META,2026-07-15,2026-07-15T19:10:00+00:00,last,0.5438004498945157,-0.030158919769730397,true,true,true,74,74,3,186.326896,0.03780262332661247,1.0,
META:2026-07-15T19:15:00+00:00,META,2026-07-15,2026-07-15T19:15:00+00:00,last,0.572306542508416,-0.0368406363656113,true,true,true,67,67,3,196.700636,0.032247865950047395,1.0,
META:2026-07-15T19:20:00+00:00,META,2026-07-15,2026-07-15T19:20:00+00:00,last,0.5440574203679096,-0.034893278504464886,true,true,true,56,56,3,165.795975,0.036569236205765125,1.0,
META:2026-07-15T19:25:00+00:00,META,2026-07-15,2026-07-15T19:25:00+00:00,last,0.568263858285062,-0.0574546751209537,true,true,true,81,81,3,139.743202,0.03753351206434319,1.0,
MSFT:2026-07-15T13:35:00+00:00,MSFT,2026-07-15,2026-07-15T13:35:00+00:00,first,0.45146813317199797,-0.0168730284800232,true,true,true,219,219,3,195.221276,0.09942196531791901,1.0,
MSFT:2026-07-15T13:40:00+00:00,MSFT,2026-07-15,2026-07-15T13:40:00+00:00,first,0.48109623643326394,-0.05734636232718826,true,true,true,192,192,3,145.988362,0.06281602891772384,1.0,
MSFT:2026-07-15T13:45:00+00:00,MSFT,2026-07-15,2026-07-15T13:45:00+00:00,first,0.47682448415527123,-0.07165806797476848,true,true,true,144,144,3,135.96673349999998,0.05988896880598082,0.993103448275862,
MSFT:2026-07-15T13:50:00+00:00,MSFT,2026-07-15,2026-07-15T13:50:00+00:00,middle,0.46567201031345506,-0.015034896108582663,true,true,true,171,171,3,165.421239,0.06153846153846159,1.0,
MSFT:2026-07-15T13:55:00+00:00,MSFT,2026-07-15,2026-07-15T13:55:00+00:00,middle,0.45953738974138725,-0.008243022700607838,true,true,true,148,148,3,145.343435,0.06269368459387223,1.0,
MSFT:2026-07-15T14:00:00+00:00,MSFT,2026-07-15,2026-07-15T14:00:00+00:00,middle,0.495093117860686,-0.05255597523757066,true,true,true,176,176,3,165.475342,0.055116914667476445,0.9943502824858758,
MSFT:2026-07-15T14:05:00+00:00,MSFT,2026-07-15,2026-07-15T14:05:00+00:00,middle,0.45967906250310314,-0.0024083996962755982,true,true,true,196,196,3,118.872173,0.06409017456994356,0.9949238578680203,
MSFT:2026-07-15T14:10:00+00:00,MSFT,2026-07-15,2026-07-15T14:10:00+00:00,middle,0.4769019888044298,0.008309593624927003,true,true,true,219,219,3,163.099386,0.05917159763313615,1.0,
MSFT:2026-07-15T14:15:00+00:00,MSFT,2026-07-15,2026-07-15T14:15:00+00:00,middle,0.4697102614422403,-0.02204615181835745,true,true,true,246,246,3,118.8706325,0.05128205128205128,1.0,
MSFT:2026-07-15T14:20:00+00:00,MSFT,2026-07-15,2026-07-15T14:20:00+00:00,middle,0.45891565754137187,0.02564962440336499,true,true,true,257,257,3,103.622242,0.05626598465473153,0.9922779922779923,
MSFT:2026-07-15T14:25:00+00:00,MSFT,2026-07-15,2026-07-15T14:25:00+00:00,middle,0.4854670069075861,-0.056831229287743534,true,true,true,278,278,3,128.940066,0.053135922933148116,1.0,
MSFT:2026-07-15T14:30:00+00:00,MSFT,2026-07-15,2026-07-15T14:30:00+00:00,middle,0.4706367782070674,-0.037970945095457176,true,true,true,234,234,3,147.10148049999998,0.049313722919055725,1.0,
MSFT:2026-07-15T14:35:00+00:00,MSFT,2026-07-15,2026-07-15T14:35:00+00:00,middle,0.4756038371537552,-0.04069096526287497,true,true,true,224,224,3,132.79095949999999,0.05309838472834068,0.9911504424778761,
MSFT:2026-07-15T14:40:00+00:00,MSFT,2026-07-15,2026-07-15T14:40:00+00:00,middle,0.48556827890409526,-0.03404441540037839,true,true,true,264,264,3,134.09805899999998,0.05428069579012977,0.9962264150943396,
MSFT:2026-07-15T14:45:00+00:00,MSFT,2026-07-15,2026-07-15T14:45:00+00:00,middle,0.491241764508795,-0.015498806416667898,true,true,true,229,229,3,146.277055,0.041666666666666664,1.0,
MSFT:2026-07-15T14:50:00+00:00,MSFT,2026-07-15,2026-07-15T14:50:00+00:00,middle,0.46853802457847077,-0.04587094313398754,true,true,true,188,188,3,137.9151425,0.04983660130718968,1.0,
MSFT:2026-07-15T14:55:00+00:00,MSFT,2026-07-15,2026-07-15T14:55:00+00:00,middle,0.4622242920846753,-0.032812685662440944,true,true,true,140,140,3,136.96790149999998,0.04240335630806108,1.0,
MSFT:2026-07-15T15:00:00+00:00,MSFT,2026-07-15,2026-07-15T15:00:00+00:00,middle,0.462425066565156,-0.01146748432645206,true,true,true,189,189,3,163.807317,0.050761421319797,1.0,
MSFT:2026-07-15T15:05:00+00:00,MSFT,2026-07-15,2026-07-15T15:05:00+00:00,middle,0.45866932276965316,-0.03562054815752802,true,true,true,169,169,3,157.532062,0.04700854700854692,1.0,
MSFT:2026-07-15T15:10:00+00:00,MSFT,2026-07-15,2026-07-15T15:10:00+00:00,middle,0.46855223655811695,-0.013774034606337748,true,true,true,143,143,3,148.106254,0.05128205128205133,0.9930555555555556,
MSFT:2026-07-15T15:15:00+00:00,MSFT,2026-07-15,2026-07-15T15:15:00+00:00,middle,0.4821215292505995,-0.018611881884865566,true,true,true,158,158,3,163.056412,0.053693693693693784,1.0,
MSFT:2026-07-15T15:20:00+00:00,MSFT,2026-07-15,2026-07-15T15:20:00+00:00,middle,0.46633244827193027,-0.0319134752700404,true,true,true,148,148,3,140.65382699999998,0.0399203187250996,1.0,
MSFT:2026-07-15T15:25:00+00:00,MSFT,2026-07-15,2026-07-15T15:25:00+00:00,middle,0.47273521518605205,-0.04132877208731339,true,true,true,195,195,3,190.097804,0.04984423676012454,1.0,
MSFT:2026-07-15T15:30:00+00:00,MSFT,2026-07-15,2026-07-15T15:30:00+00:00,middle,0.49503690324132504,-0.03144710627084968,true,true,true,242,242,3,122.45751849999999,0.046511627906976744,1.0,
MSFT:2026-07-15T15:35:00+00:00,MSFT,2026-07-15,2026-07-15T15:35:00+00:00,middle,0.4562929046841935,-0.0481966414021775,true,true,true,157,157,3,169.410561,0.05157593123209161,1.0,
MSFT:2026-07-15T15:40:00+00:00,MSFT,2026-07-15,2026-07-15T15:40:00+00:00,middle,0.4729704113420062,-0.006340033038042481,true,true,true,152,152,3,150.45723950000001,0.057784911717495946,1.0,
MSFT:2026-07-15T15:45:00+00:00,MSFT,2026-07-15,2026-07-15T15:45:00+00:00,middle,0.4713398334780336,-0.02761445387251671,true,true,true,142,142,3,158.062971,0.03804392072198115,1.0,
MSFT:2026-07-15T15:50:00+00:00,MSFT,2026-07-15,2026-07-15T15:50:00+00:00,middle,0.4704785465332866,-0.028668822574816732,true,true,true,147,147,3,125.283798,0.04081632653061232,1.0,
MSFT:2026-07-15T15:55:00+00:00,MSFT,2026-07-15,2026-07-15T15:55:00+00:00,middle,0.4733716995326989,-0.023124772155649953,true,true,true,134,134,3,134.14012400000001,0.0342015707869367,1.0,
MSFT:2026-07-15T16:00:00+00:00,MSFT,2026-07-15,2026-07-15T16:00:00+00:00,middle,0.48582822960913186,-0.005538686002209636,true,true,true,141,141,3,160.121452,0.037113402061855615,1.0,
MSFT:2026-07-15T16:05:00+00:00,MSFT,2026-07-15,2026-07-15T16:05:00+00:00,middle,0.4577064658052325,-0.0003106518958583271,true,true,true,122,122,3,126.1178585,0.03120057012740957,1.0,
MSFT:2026-07-15T16:10:00+00:00,MSFT,2026-07-15,2026-07-15T16:10:00+00:00,middle,0.46785564466452606,-0.01700408416651189,true,true,true,142,142,3,136.954147,0.0339014851688332,1.0,
MSFT:2026-07-15T16:15:00+00:00,MSFT,2026-07-15,2026-07-15T16:15:00+00:00,middle,0.47382681815743816,-0.04848360045647626,true,true,true,237,237,3,176.018893,0.04347826086956526,1.0,
MSFT:2026-07-15T16:20:00+00:00,MSFT,2026-07-15,2026-07-15T16:20:00+00:00,middle,0.4739588237927631,-0.045576719765059726,true,true,true,146,146,3,169.68891000000002,0.044077469491834165,1.0,
MSFT:2026-07-15T16:25:00+00:00,MSFT,2026-07-15,2026-07-15T16:25:00+00:00,middle,0.45985856558023397,-0.011702103062525393,true,true,true,129,129,3,143.757069,0.035363457760314285,1.0,
MSFT:2026-07-15T16:30:00+00:00,MSFT,2026-07-15,2026-07-15T16:30:00+00:00,middle,0.4599136812391766,-0.044866865840658576,true,true,true,116,116,3,153.90734400000002,0.03557326146815856,1.0,
MSFT:2026-07-15T16:35:00+00:00,MSFT,2026-07-15,2026-07-15T16:35:00+00:00,middle,0.47121792337739843,-0.029927635167807276,true,true,true,160,160,3,137.2677545,0.04458833941385085,1.0,
MSFT:2026-07-15T16:40:00+00:00,MSFT,2026-07-15,2026-07-15T16:40:00+00:00,middle,0.4549105242367164,0.010509228094630063,true,true,true,149,149,3,162.26246,0.04938271604938279,1.0,
MSFT:2026-07-15T16:45:00+00:00,MSFT,2026-07-15,2026-07-15T16:45:00+00:00,middle,0.47437827277002864,-0.023892964114457405,true,true,true,127,127,3,143.940719,0.0416666666666667,1.0,
MSFT:2026-07-15T16:50:00+00:00,MSFT,2026-07-15,2026-07-15T16:50:00+00:00,middle,0.46355710755464435,-0.030201108673922616,true,true,true,164,164,3,158.44841350000002,0.0454280488050011,1.0,
MSFT:2026-07-15T16:55:00+00:00,MSFT,2026-07-15,2026-07-15T16:55:00+00:00,middle,0.45453082409898565,-0.035936191941387974,true,true,true,105,105,3,179.3663,0.05194805194805199,1.0,
MSFT:2026-07-15T17:00:00+00:00,MSFT,2026-07-15,2026-07-15T17:00:00+00:00,middle,0.4531310465492942,-0.04488608833475416,true,true,true,106,106,3,167.132818,0.04497791564112072,1.0,
MSFT:2026-07-15T17:05:00+00:00,MSFT,2026-07-15,2026-07-15T17:05:00+00:00,middle,0.44890299191776295,-0.012859848549932273,true,true,true,86,86,3,152.82540649999999,0.03667695826186401,0.9885057471264368,
MSFT:2026-07-15T17:10:00+00:00,MSFT,2026-07-15,2026-07-15T17:10:00+00:00,middle,0.4632881975282319,-0.02145491111333664,true,true,true,93,93,3,181.059898,0.04784688995215311,1.0,
MSFT:2026-07-15T17:15:00+00:00,MSFT,2026-07-15,2026-07-15T17:15:00+00:00,middle,0.46463835422107214,-0.016153675067260953,true,true,true,86,86,3,143.17452350000002,0.03896268184693227,1.0,
MSFT:2026-07-15T17:20:00+00:00,MSFT,2026-07-15,2026-07-15T17:20:00+00:00,middle,0.46749455234811454,-0.025027463795050886,true,true,true,104,104,3,158.3321805,0.06034594875796585,1.0,
MSFT:2026-07-15T17:25:00+00:00,MSFT,2026-07-15,2026-07-15T17:25:00+00:00,middle,0.45529067140919344,-0.02173572343987229,true,true,true,103,103,3,145.635944,0.04878048780487805,1.0,
MSFT:2026-07-15T17:30:00+00:00,MSFT,2026-07-15,2026-07-15T17:30:00+00:00,middle,0.47419625512244934,0.007539762538716077,true,true,true,103,103,3,131.54971,0.04511278195488719,1.0,
MSFT:2026-07-15T17:35:00+00:00,MSFT,2026-07-15,2026-07-15T17:35:00+00:00,middle,0.45194932882361116,-0.0468141491960139,true,true,true,110,110,3,188.659654,0.051132827088260925,1.0,
MSFT:2026-07-15T17:40:00+00:00,MSFT,2026-07-15,2026-07-15T17:40:00+00:00,middle,0.4651911126850061,-0.03924190213239198,true,true,true,78,78,3,174.9358375,0.0409619870218188,1.0,
MSFT:2026-07-15T17:45:00+00:00,MSFT,2026-07-15,2026-07-15T17:45:00+00:00,middle,0.45578196259549636,-0.025708334966726643,true,true,true,74,74,3,175.0208445,0.04634931997136722,1.0,
MSFT:2026-07-15T17:50:00+00:00,MSFT,2026-07-15,2026-07-15T17:50:00+00:00,middle,0.45016970212460683,-0.009366793547287533,true,true,true,78,78,3,141.506302,0.044338000491279825,1.0,
MSFT:2026-07-15T17:55:00+00:00,MSFT,2026-07-15,2026-07-15T17:55:00+00:00,middle,0.44241240130241966,-0.011303832356371057,true,true,true,90,90,3,146.70896,0.05928876911359777,0.989010989010989,
MSFT:2026-07-15T18:00:00+00:00,MSFT,2026-07-15,2026-07-15T18:00:00+00:00,middle,0.47819110662793746,-0.013679486757472048,true,true,true,73,73,3,172.609373,0.0425531914893617,1.0,
MSFT:2026-07-15T18:05:00+00:00,MSFT,2026-07-15,2026-07-15T18:05:00+00:00,middle,0.4559368042557836,-0.0275804792317898,true,true,true,65,65,3,182.813288,0.04800000000000004,1.0,
MSFT:2026-07-15T18:10:00+00:00,MSFT,2026-07-15,2026-07-15T18:10:00+00:00,middle,0.4808530495312177,-0.03321229747283461,true,true,true,82,82,3,189.105665,0.048992147364337955,1.0,
MSFT:2026-07-15T18:15:00+00:00,MSFT,2026-07-15,2026-07-15T18:15:00+00:00,middle,0.4492232364342213,-0.019976567206963947,true,true,true,99,99,3,174.456904,0.054545454545454675,1.0,
MSFT:2026-07-15T18:20:00+00:00,MSFT,2026-07-15,2026-07-15T18:20:00+00:00,middle,0.47381726278973374,-0.022305879006020768,true,true,true,140,140,3,158.0961255,0.04972413635218968,1.0,
MSFT:2026-07-15T18:25:00+00:00,MSFT,2026-07-15,2026-07-15T18:25:00+00:00,middle,0.4537769931314066,-0.020915153909944084,true,true,true,120,120,3,153.796564,0.05684906353286827,1.0,
MSFT:2026-07-15T18:30:00+00:00,MSFT,2026-07-15,2026-07-15T18:30:00+00:00,middle,0.4434497268050127,-0.023280750029251118,true,true,true,74,74,3,124.42457200000001,0.04330796696360943,1.0,
MSFT:2026-07-15T18:35:00+00:00,MSFT,2026-07-15,2026-07-15T18:35:00+00:00,middle,0.4525990752010681,0.001535005560480085,true,true,true,80,80,3,150.85442749999999,0.04027785600300378,1.0,
MSFT:2026-07-15T18:40:00+00:00,MSFT,2026-07-15,2026-07-15T18:40:00+00:00,middle,0.4423225286919437,-0.022007818588852923,true,true,true,82,82,3,150.74611099999998,0.04494669577804964,1.0,
MSFT:2026-07-15T18:45:00+00:00,MSFT,2026-07-15,2026-07-15T18:45:00+00:00,middle,0.47044345430569356,-0.0384610441891029,true,true,true,87,87,3,143.911597,0.045152722443559175,1.0,
MSFT:2026-07-15T18:50:00+00:00,MSFT,2026-07-15,2026-07-15T18:50:00+00:00,middle,0.4423585149890296,-0.03210119261063643,true,true,true,85,85,3,192.182663,0.0495867768595041,1.0,
MSFT:2026-07-15T18:55:00+00:00,MSFT,2026-07-15,2026-07-15T18:55:00+00:00,middle,0.4513120994190537,-0.013741624587223,true,true,true,64,64,3,170.9612425,0.04202348371148583,1.0,
MSFT:2026-07-15T19:00:00+00:00,MSFT,2026-07-15,2026-07-15T19:00:00+00:00,last,0.4576490218403191,-0.02777285318432754,true,true,true,67,67,3,166.108955,0.05555555555555552,1.0,
MSFT:2026-07-15T19:05:00+00:00,MSFT,2026-07-15,2026-07-15T19:05:00+00:00,last,0.46959867039366815,-0.025603207295529562,true,true,true,92,92,3,198.643665,0.04143654313921882,1.0,
MSFT:2026-07-15T19:10:00+00:00,MSFT,2026-07-15,2026-07-15T19:10:00+00:00,last,0.44634789031887434,-0.01657589938524362,true,true,true,93,93,3,182.031196,0.039525691699604744,1.0,
MSFT:2026-07-15T19:15:00+00:00,MSFT,2026-07-15,2026-07-15T19:15:00+00:00,last,0.44341582667007673,-0.025010998015224994,true,true,true,61,61,3,174.190527,0.037940379403793995,1.0,
MSFT:2026-07-15T19:20:00+00:00,MSFT,2026-07-15,2026-07-15T19:20:00+00:00,last,0.47678497745955734,-0.03818526100346442,true,true,true,92,92,3,144.600074,0.05227716330513984,1.0,
MSFT:2026-07-15T19:25:00+00:00,MSFT,2026-07-15,2026-07-15T19:25:00+00:00,last,0.4607002016225868,-0.04227559168020634,true,true,true,87,87,3,178.231878,0.03755868544600939,1.0,
NVDA:2026-07-15T13:35:00+00:00,NVDA,2026-07-15,2026-07-15T13:35:00+00:00,first,0.41064845915505294,0.0016288456043303534,true,true,true,289,289,3,114.084788,0.028776978417266216,0.9897260273972602,
NVDA:2026-07-15T13:40:00+00:00,NVDA,2026-07-15,2026-07-15T13:40:00+00:00,first,0.4059562334451675,-0.02477928500500326,true,true,true,268,268,3,117.19382350000001,0.02628125431689461,1.0,
NVDA:2026-07-15T13:45:00+00:00,NVDA,2026-07-15,2026-07-15T13:45:00+00:00,first,0.41648095874433966,-0.023711915042161857,true,true,true,245,245,3,121.073929,0.024691358024691416,1.0,
NVDA:2026-07-15T13:50:00+00:00,NVDA,2026-07-15,2026-07-15T13:50:00+00:00,middle,0.42186310807951544,-0.01674770973944667,true,true,true,219,219,3,125.314808,0.026315789473684233,0.9954545454545455,
NVDA:2026-07-15T13:55:00+00:00,NVDA,2026-07-15,2026-07-15T13:55:00+00:00,middle,0.39526427989794305,-0.014305558919817218,true,true,true,225,225,3,114.353978,0.026200873362445323,1.0,
NVDA:2026-07-15T14:00:00+00:00,NVDA,2026-07-15,2026-07-15T14:00:00+00:00,middle,0.3931923856070265,0.017641108680143902,true,true,true,201,201,3,122.033007,0.028011204481792715,1.0,
NVDA:2026-07-15T14:05:00+00:00,NVDA,2026-07-15,2026-07-15T14:05:00+00:00,middle,0.42668329748556016,-0.05170642295491695,true,true,true,221,221,3,118.958237,0.029673590504451036,0.9954954954954955,
NVDA:2026-07-15T14:10:00+00:00,NVDA,2026-07-15,2026-07-15T14:10:00+00:00,middle,0.3998941442607045,-0.007313488451242356,true,true,true,240,240,3,140.50660249999999,0.030557695450194936,0.9917355371900827,
NVDA:2026-07-15T14:15:00+00:00,NVDA,2026-07-15,2026-07-15T14:15:00+00:00,middle,0.4158327583620474,-0.027407700302302884,true,true,true,197,197,3,145.053498,0.028328611898017,0.9899497487437185,
NVDA:2026-07-15T14:20:00+00:00,NVDA,2026-07-15,2026-07-15T14:20:00+00:00,middle,0.4075293487177789,-0.015333813342347735,true,true,true,184,184,3,121.5642145,0.02527479331436742,1.0,
NVDA:2026-07-15T14:25:00+00:00,NVDA,2026-07-15,2026-07-15T14:25:00+00:00,middle,0.4028773933879659,-0.03821215759403995,true,true,true,225,225,3,105.006328,0.028985507246376836,0.982532751091703,
NVDA:2026-07-15T14:30:00+00:00,NVDA,2026-07-15,2026-07-15T14:30:00+00:00,middle,0.39676214432157575,0.008601619073018596,true,true,true,252,252,3,137.1223925,0.02702702702702705,0.9921259842519685,
NVDA:2026-07-15T14:35:00+00:00,NVDA,2026-07-15,2026-07-15T14:35:00+00:00,middle,0.40924801105324177,-0.008022411053255185,true,true,true,197,197,3,113.596,0.027972027972027996,1.0,
NVDA:2026-07-15T14:40:00+00:00,NVDA,2026-07-15,2026-07-15T14:40:00+00:00,middle,0.4370645246311352,-0.03708257529565695,true,true,true,170,170,3,125.3054815,0.02948420747609385,1.0,
NVDA:2026-07-15T14:45:00+00:00,NVDA,2026-07-15,2026-07-15T14:45:00+00:00,middle,0.4111718995902016,-0.013991517010465249,true,true,true,208,208,3,134.3155675,0.02915155469899987,1.0,
NVDA:2026-07-15T14:50:00+00:00,NVDA,2026-07-15,2026-07-15T14:50:00+00:00,middle,0.40442968429197373,-0.005329622752472729,true,true,true,193,193,3,123.569147,0.02409638554216859,0.9948453608247423,
NVDA:2026-07-15T14:55:00+00:00,NVDA,2026-07-15,2026-07-15T14:55:00+00:00,middle,0.39547867031174155,-0.018922906309679244,true,true,true,159,159,3,130.91912,0.026315789473684237,0.99375,
NVDA:2026-07-15T15:00:00+00:00,NVDA,2026-07-15,2026-07-15T15:00:00+00:00,middle,0.4144630438990519,-0.025858873917579794,true,true,true,149,149,3,131.686722,0.02469135802469127,1.0,
NVDA:2026-07-15T15:05:00+00:00,NVDA,2026-07-15,2026-07-15T15:05:00+00:00,middle,0.4288609899997935,-0.02622521889226137,true,true,true,179,179,3,151.411411,0.02542372881355923,1.0,
NVDA:2026-07-15T15:10:00+00:00,NVDA,2026-07-15,2026-07-15T15:10:00+00:00,middle,0.4052924613525421,-0.007866544938340658,true,true,true,167,167,3,140.742961,0.02575107296137341,1.0,
NVDA:2026-07-15T15:15:00+00:00,NVDA,2026-07-15,2026-07-15T15:15:00+00:00,middle,0.37625617621617763,-0.035486139710441233,true,true,true,167,167,3,132.41926,0.02575107296137341,0.9940476190476191,
NVDA:2026-07-15T15:20:00+00:00,NVDA,2026-07-15,2026-07-15T15:20:00+00:00,middle,0.41293135384627433,-0.013018620390698232,true,true,true,236,236,3,149.9643375,0.02857142857142847,1.0,
NVDA:2026-07-15T15:25:00+00:00,NVDA,2026-07-15,2026-07-15T15:25:00+00:00,middle,0.4160469625113681,-0.014686209006383955,true,true,true,179,179,3,123.190713,0.025974025974025997,1.0,
NVDA:2026-07-15T15:30:00+00:00,NVDA,2026-07-15,2026-07-15T15:30:00+00:00,middle,0.4101017729130909,-0.009626595240741942,true,true,true,171,171,3,124.373655,0.0240963855421688,0.9884393063583815,
NVDA:2026-07-15T15:35:00+00:00,NVDA,2026-07-15,2026-07-15T15:35:00+00:00,middle,0.41920764718005804,-0.021765972791045973,true,true,true,163,163,3,146.479048,0.021978021978021997,0.9819277108433735,
NVDA:2026-07-15T15:40:00+00:00,NVDA,2026-07-15,2026-07-15T15:40:00+00:00,middle,0.41602841056939216,-0.018814649395257232,true,true,true,151,151,3,164.877344,0.02666666666666657,0.993421052631579,
NVDA:2026-07-15T15:45:00+00:00,NVDA,2026-07-15,2026-07-15T15:45:00+00:00,middle,0.4194423031690271,-0.028064468850567792,true,true,true,144,144,3,108.76346050000001,0.02409638554216864,1.0,
NVDA:2026-07-15T15:50:00+00:00,NVDA,2026-07-15,2026-07-15T15:50:00+00:00,middle,0.40739214630352705,-0.015848052312299743,true,true,true,176,176,3,133.21492,0.026409831778959322,1.0,
NVDA:2026-07-15T15:55:00+00:00,NVDA,2026-07-15,2026-07-15T15:55:00+00:00,middle,0.3951084882888198,-0.025434861460611302,true,true,true,152,152,3,158.40385750000002,0.025487012987012954,1.0,
NVDA:2026-07-15T16:00:00+00:00,NVDA,2026-07-15,2026-07-15T16:00:00+00:00,middle,0.3953199729767666,-0.023430655680879875,true,true,true,133,133,3,133.232964,0.021505376344085923,0.9925373134328358,
NVDA:2026-07-15T16:05:00+00:00,NVDA,2026-07-15,2026-07-15T16:05:00+00:00,middle,0.4212148331914321,-0.02882286329785,true,true,true,208,208,3,98.1552925,0.024452216542612037,1.0,
NVDA:2026-07-15T16:10:00+00:00,NVDA,2026-07-15,2026-07-15T16:10:00+00:00,middle,0.40650757629907125,-0.003344713972628144,true,true,true,260,260,3,141.58865550000002,0.02514089081620112,1.0,
NVDA:2026-07-15T16:15:00+00:00,NVDA,2026-07-15,2026-07-15T16:15:00+00:00,middle,0.41915623818422104,-0.024433801651820464,true,true,true,199,199,3,117.458364,0.02247191011235957,1.0,
NVDA:2026-07-15T16:20:00+00:00,NVDA,2026-07-15,2026-07-15T16:20:00+00:00,middle,0.41371698016019165,-0.02149216400887083,true,true,true,205,205,3,135.949602,0.024242424242424156,0.9951456310679612,
NVDA:2026-07-15T16:25:00+00:00,NVDA,2026-07-15,2026-07-15T16:25:00+00:00,middle,0.41686753204129634,-0.023753936308324286,true,true,true,205,205,3,146.65198,0.02135231316725971,0.9903381642512077,
NVDA:2026-07-15T16:30:00+00:00,NVDA,2026-07-15,2026-07-15T16:30:00+00:00,middle,0.409521894341208,-0.01565590187713506,true,true,true,181,181,3,135.303801,0.02006688963210704,1.0,
NVDA:2026-07-15T16:35:00+00:00,NVDA,2026-07-15,2026-07-15T16:35:00+00:00,middle,0.4214259826033189,-0.02550854768797739,true,true,true,205,205,3,100.419152,0.022346368715083817,1.0,
NVDA:2026-07-15T16:40:00+00:00,NVDA,2026-07-15,2026-07-15T16:40:00+00:00,middle,0.3994639478230774,-0.016659941917568477,true,true,true,180,180,3,129.275429,0.020134454917063588,1.0,
NVDA:2026-07-15T16:45:00+00:00,NVDA,2026-07-15,2026-07-15T16:45:00+00:00,middle,0.40363869356109944,-0.01013465023003507,true,true,true,182,182,3,138.63284249999998,0.023437857633325742,1.0,
NVDA:2026-07-15T16:50:00+00:00,NVDA,2026-07-15,2026-07-15T16:50:00+00:00,middle,0.4169396536470502,-0.015443709384172999,true,true,true,232,232,3,145.0922055,0.027105746523222233,0.9914529914529915,
NVDA:2026-07-15T16:55:00+00:00,NVDA,2026-07-15,2026-07-15T16:55:00+00:00,middle,0.41516000832159816,-0.01163236564208564,true,true,true,184,184,3,125.162286,0.024999999999999967,1.0,
NVDA:2026-07-15T17:00:00+00:00,NVDA,2026-07-15,2026-07-15T17:00:00+00:00,middle,0.414986372575514,-0.013632399097517012,true,true,true,174,174,3,159.8124275,0.022556709773160894,0.9942857142857143,
NVDA:2026-07-15T17:05:00+00:00,NVDA,2026-07-15,2026-07-15T17:05:00+00:00,middle,0.4140279673321099,-0.017169561528474042,true,true,true,177,177,3,135.194177,0.0235294117647058,0.9943820224719101,
NVDA:2026-07-15T17:10:00+00:00,NVDA,2026-07-15,2026-07-15T17:10:00+00:00,middle,0.39994477094573533,-0.016294863541334914,true,true,true,168,168,3,106.0433635,0.019547292349813693,0.9940828402366864,
NVDA:2026-07-15T17:15:00+00:00,NVDA,2026-07-15,2026-07-15T17:15:00+00:00,middle,0.422725065576382,-0.030108088193774196,true,true,true,162,162,3,129.498983,0.022059121690118033,1.0,
NVDA:2026-07-15T17:20:00+00:00,NVDA,2026-07-15,2026-07-15T17:20:00+00:00,middle,0.4132216284082756,0.003723203391253871,true,true,true,174,174,3,100.6929355,0.02525268628638843,1.0,
NVDA:2026-07-15T17:25:00+00:00,NVDA,2026-07-15,2026-07-15T17:25:00+00:00,middle,0.41465642367976907,-0.0197504421310723,true,true,true,173,173,3,136.952051,0.02247191011235957,0.9942528735632183,
NVDA:2026-07-15T17:30:00+00:00,NVDA,2026-07-15,2026-07-15T17:30:00+00:00,middle,0.4155419995124042,-0.01876480502103267,true,true,true,166,166,3,123.7013005,0.020762240022989365,1.0,
NVDA:2026-07-15T17:35:00+00:00,NVDA,2026-07-15,2026-07-15T17:35:00+00:00,middle,0.417072795495689,-0.018058713639080515,true,true,true,183,183,3,135.265366,0.022099447513812272,1.0,
NVDA:2026-07-15T17:40:00+00:00,NVDA,2026-07-15,2026-07-15T17:40:00+00:00,middle,0.41749539234262706,-0.02396881100976478,true,true,true,145,145,3,150.665632,0.022988505747126457,1.0,
NVDA:2026-07-15T17:45:00+00:00,NVDA,2026-07-15,2026-07-15T17:45:00+00:00,middle,0.4150050362761766,-0.01665889883649352,true,true,true,140,140,3,132.83013649999998,0.022174693315632873,1.0,
NVDA:2026-07-15T17:50:00+00:00,NVDA,2026-07-15,2026-07-15T17:50:00+00:00,middle,0.3979026044654548,-0.01477896871626383,true,true,true,137,137,3,130.463868,0.021052631578947295,0.9927536231884058,
NVDA:2026-07-15T17:55:00+00:00,NVDA,2026-07-15,2026-07-15T17:55:00+00:00,middle,0.41204633680707214,-0.02137697805587957,true,true,true,166,166,3,128.9867575,0.017778128950695415,1.0,
NVDA:2026-07-15T18:00:00+00:00,NVDA,2026-07-15,2026-07-15T18:00:00+00:00,middle,0.4148878759197221,-0.02431988229727733,true,true,true,137,137,3,136.894342,0.018808777429467127,0.9927536231884058,
NVDA:2026-07-15T18:05:00+00:00,NVDA,2026-07-15,2026-07-15T18:05:00+00:00,middle,0.4047617938556597,-0.00005424021589750527,true,true,true,191,191,3,106.18714,0.0237154150197629,1.0,
NVDA:2026-07-15T18:10:00+00:00,NVDA,2026-07-15,2026-07-15T18:10:00+00:00,middle,0.3966141758205145,-0.018979679722472942,true,true,true,156,156,3,136.10602699999998,0.022169000245639912,1.0,
NVDA:2026-07-15T18:15:00+00:00,NVDA,2026-07-15,2026-07-15T18:15:00+00:00,middle,0.4113515703053624,-0.010263321731209751,true,true,true,149,149,3,120.136731,0.01724137931034477,0.9933333333333333,
NVDA:2026-07-15T18:20:00+00:00,NVDA,2026-07-15,2026-07-15T18:20:00+00:00,middle,0.4094572605674565,-0.017758753324240484,true,true,true,179,179,3,154.047831,0.02047781569965875,1.0,
NVDA:2026-07-15T18:25:00+00:00,NVDA,2026-07-15,2026-07-15T18:25:00+00:00,middle,0.39666271634339545,-0.02157054410107445,true,true,true,151,151,3,109.438568,0.017094017094017137,0.993421052631579,
NVDA:2026-07-15T18:30:00+00:00,NVDA,2026-07-15,2026-07-15T18:30:00+00:00,middle,0.41719483598145846,-0.022466103709712693,true,true,true,142,142,3,126.938149,0.022159532278506956,1.0,
NVDA:2026-07-15T18:35:00+00:00,NVDA,2026-07-15,2026-07-15T18:35:00+00:00,middle,0.39882439011254905,0.02212002431020149,true,true,true,122,122,3,149.9844235,0.016461184121392743,1.0,
NVDA:2026-07-15T18:40:00+00:00,NVDA,2026-07-15,2026-07-15T18:40:00+00:00,middle,0.41768154506161076,-0.026327142814442595,true,true,true,141,141,3,137.609447,0.01823708206686934,1.0,
NVDA:2026-07-15T18:45:00+00:00,NVDA,2026-07-15,2026-07-15T18:45:00+00:00,middle,0.4148127740823254,-0.026507968369364754,true,true,true,138,138,3,138.23161149999999,0.02218486016566875,1.0,
NVDA:2026-07-15T18:50:00+00:00,NVDA,2026-07-15,2026-07-15T18:50:00+00:00,middle,0.41335942686885596,-0.016703006264805864,true,true,true,113,113,3,176.775082,0.01818181818181812,1.0,
NVDA:2026-07-15T18:55:00+00:00,NVDA,2026-07-15,2026-07-15T18:55:00+00:00,middle,0.4138453163853064,-0.018073242268338785,true,true,true,171,171,3,126.4604,0.019999999999999928,1.0,
NVDA:2026-07-15T19:00:00+00:00,NVDA,2026-07-15,2026-07-15T19:00:00+00:00,last,0.4113058237496466,-0.017994638658761997,true,true,true,133,133,3,117.022256,0.019047619047619063,0.9925373134328358,
NVDA:2026-07-15T19:05:00+00:00,NVDA,2026-07-15,2026-07-15T19:05:00+00:00,last,0.41073563093060256,-0.009321270508944934,true,true,true,186,186,3,120.72063399999999,0.019196403898233273,0.9946524064171123,
NVDA:2026-07-15T19:10:00+00:00,NVDA,2026-07-15,2026-07-15T19:10:00+00:00,last,0.4168764727362245,-0.02690076289987564,true,true,true,211,211,3,155.389432,0.020385050962627372,0.9952830188679245,
NVDA:2026-07-15T19:15:00+00:00,NVDA,2026-07-15,2026-07-15T19:15:00+00:00,last,0.4117871684128419,-0.014564839072734093,true,true,true,158,158,3,122.7934575,0.021441972661484877,1.0,
NVDA:2026-07-15T19:20:00+00:00,NVDA,2026-07-15,2026-07-15T19:20:00+00:00,last,0.4243091704531759,-0.03812379372583319,true,true,true,154,154,3,133.7951705,0.01832270336802066,1.0,
NVDA:2026-07-15T19:25:00+00:00,NVDA,2026-07-15,2026-07-15T19:25:00+00:00,last,0.4095790402829572,-0.015839633157908983,true,true,true,157,157,3,146.492098,0.01904761904761905,1.0,
QQQ:2026-07-15T13:35:00+00:00,QQQ,2026-07-15,2026-07-15T13:35:00+00:00,first,0.232427691881137,0.021439972702227472,true,true,true,551,551,3,186.451463,0.01634877384196187,0.9981884057971014,
QQQ:2026-07-15T13:40:00+00:00,QQQ,2026-07-15,2026-07-15T13:40:00+00:00,first,0.2532475342578572,0.010369641495063892,true,true,true,452,452,3,137.5044245,0.014324971827156325,1.0,
QQQ:2026-07-15T13:45:00+00:00,QQQ,2026-07-15,2026-07-15T13:45:00+00:00,first,0.2527414909249228,0.013380085236065098,true,true,true,420,420,3,147.2536025,0.010674988330531942,1.0,
QQQ:2026-07-15T13:50:00+00:00,QQQ,2026-07-15,2026-07-15T13:50:00+00:00,middle,0.25344511430254574,-0.0007918289210237517,true,true,true,444,444,3,154.9619925,0.0105481871093635,1.0,
QQQ:2026-07-15T13:55:00+00:00,QQQ,2026-07-15,2026-07-15T13:55:00+00:00,middle,0.24773456206678968,0.019744220897518067,true,true,true,422,422,3,156.23515450000002,0.0104384794884116,1.0,
QQQ:2026-07-15T14:00:00+00:00,QQQ,2026-07-15,2026-07-15T14:00:00+00:00,middle,0.24480955784169584,0.01592039743542667,true,true,true,385,385,3,174.616794,0.012481997119539203,1.0,
QQQ:2026-07-15T14:05:00+00:00,QQQ,2026-07-15,2026-07-15T14:05:00+00:00,middle,0.24715742158272858,0.01320577893786129,true,true,true,380,380,3,146.684476,0.011447008077648296,1.0,
QQQ:2026-07-15T14:10:00+00:00,QQQ,2026-07-15,2026-07-15T14:10:00+00:00,middle,0.2506569492759723,0.010021326921820617,true,true,true,384,384,3,144.64788750000002,0.01034130587058929,1.0,
QQQ:2026-07-15T14:15:00+00:00,QQQ,2026-07-15,2026-07-15T14:15:00+00:00,middle,0.2316031735442821,0.004289466029819083,true,true,true,322,322,3,141.38096,0.009898691800276516,0.9969040247678018,
QQQ:2026-07-15T14:20:00+00:00,QQQ,2026-07-15,2026-07-15T14:20:00+00:00,middle,0.2502011228462178,0.020099427256435154,true,true,true,305,305,3,167.411482,0.018348623853210913,1.0,
QQQ:2026-07-15T14:25:00+00:00,QQQ,2026-07-15,2026-07-15T14:25:00+00:00,middle,0.21694136518447288,0.0003095901883355956,true,true,true,445,445,3,113.208059,0.022759601706970146,0.9955257270693513,
QQQ:2026-07-15T14:30:00+00:00,QQQ,2026-07-15,2026-07-15T14:30:00+00:00,middle,0.23847535488180444,0.02590644586517657,true,true,true,420,420,3,148.825685,0.028243385252468476,1.0,
QQQ:2026-07-15T14:35:00+00:00,QQQ,2026-07-15,2026-07-15T14:35:00+00:00,middle,0.21891828321822548,0.011958291225112883,true,true,true,383,383,3,146.116465,0.025081281932187605,1.0,
QQQ:2026-07-15T14:40:00+00:00,QQQ,2026-07-15,2026-07-15T14:40:00+00:00,middle,0.2622690027767681,-0.005851330927979181,true,true,true,396,396,3,140.68817,0.02359904454634535,1.0,
QQQ:2026-07-15T14:45:00+00:00,QQQ,2026-07-15,2026-07-15T14:45:00+00:00,middle,0.249703666305704,0.028178295072872173,true,true,true,442,442,3,150.225317,0.025457407043084773,0.9977426636568849,
QQQ:2026-07-15T14:50:00+00:00,QQQ,2026-07-15,2026-07-15T14:50:00+00:00,middle,0.24875611096812414,0.02337211275554807,true,true,true,361,361,3,142.312778,0.020030816640986115,1.0,
QQQ:2026-07-15T14:55:00+00:00,QQQ,2026-07-15,2026-07-15T14:55:00+00:00,middle,0.25463497178590294,0.007404571780823155,true,true,true,294,294,3,172.62383899999998,0.0231839422072216,1.0,
QQQ:2026-07-15T15:00:00+00:00,QQQ,2026-07-15,2026-07-15T15:00:00+00:00,middle,0.251393140997516,0.012200360540293137,true,true,true,265,265,3,148.403039,0.0248328557784145,1.0,
QQQ:2026-07-15T15:05:00+00:00,QQQ,2026-07-15,2026-07-15T15:05:00+00:00,middle,0.2566246768760476,0.013157368800114866,true,true,true,241,241,3,188.812131,0.016955399926280902,1.0,
QQQ:2026-07-15T15:10:00+00:00,QQQ,2026-07-15,2026-07-15T15:10:00+00:00,middle,0.23231178880990672,0.01082276708989216,true,true,true,318,318,3,142.840806,0.013152166705586867,1.0,
QQQ:2026-07-15T15:15:00+00:00,QQQ,2026-07-15,2026-07-15T15:15:00+00:00,middle,0.2563649962545037,-0.005164126764062749,true,true,true,275,275,3,179.898555,0.012903225806451528,1.0,
QQQ:2026-07-15T15:20:00+00:00,QQQ,2026-07-15,2026-07-15T15:20:00+00:00,middle,0.2448499120407831,0.012024266103103698,true,true,true,396,396,3,176.4324585,0.0118791534923512,1.0,
QQQ:2026-07-15T15:25:00+00:00,QQQ,2026-07-15,2026-07-15T15:25:00+00:00,middle,0.24935265089753456,0.017214712037861263,true,true,true,280,280,3,123.29616250000001,0.011525867912195053,1.0,
QQQ:2026-07-15T15:30:00+00:00,QQQ,2026-07-15,2026-07-15T15:30:00+00:00,middle,0.2462934058633838,0.01724907783399146,true,true,true,271,271,3,124.461164,0.010471204188481638,0.9963235294117647,
QQQ:2026-07-15T15:35:00+00:00,QQQ,2026-07-15,2026-07-15T15:35:00+00:00,middle,0.2500769961982984,0.005330367810383402,true,true,true,292,292,3,151.55396000000002,0.010537454599560032,1.0,
QQQ:2026-07-15T15:40:00+00:00,QQQ,2026-07-15,2026-07-15T15:40:00+00:00,middle,0.24418745311272516,0.020274143336489747,true,true,true,234,234,3,168.559395,0.01211387482573926,1.0,
QQQ:2026-07-15T15:45:00+00:00,QQQ,2026-07-15,2026-07-15T15:45:00+00:00,middle,0.25160449530032836,0.004798247450575194,true,true,true,252,252,3,152.9687005,0.010987131716817238,0.9960474308300395,
QQQ:2026-07-15T15:50:00+00:00,QQQ,2026-07-15,2026-07-15T15:50:00+00:00,middle,0.25015691297244275,0.016384251864168753,true,true,true,225,225,3,149.499225,0.011019283746556485,0.995575221238938,
QQQ:2026-07-15T15:55:00+00:00,QQQ,2026-07-15,2026-07-15T15:55:00+00:00,middle,0.2367400591284856,0.015200932263977729,true,true,true,336,336,3,154.62768499999999,0.01088943566636031,1.0,
QQQ:2026-07-15T16:00:00+00:00,QQQ,2026-07-15,2026-07-15T16:00:00+00:00,middle,0.24183008988333118,0.009215621297210486,true,true,true,239,239,3,149.73923,0.010484927916120585,1.0,
QQQ:2026-07-15T16:05:00+00:00,QQQ,2026-07-15,2026-07-15T16:05:00+00:00,middle,0.24142827083887722,0.007697211901690815,true,true,true,386,386,3,132.5040965,0.010093680179566062,1.0,
QQQ:2026-07-15T16:10:00+00:00,QQQ,2026-07-15,2026-07-15T16:10:00+00:00,middle,0.23519229445128514,0.017526239376764674,true,true,true,402,402,3,147.03823749999998,0.010883405426213577,0.995049504950495,
QQQ:2026-07-15T16:15:00+00:00,QQQ,2026-07-15,2026-07-15T16:15:00+00:00,middle,0.25630207611394673,0.006018037635493967,true,true,true,317,317,3,137.570986,0.010537407797681735,0.9968553459119497,
QQQ:2026-07-15T16:20:00+00:00,QQQ,2026-07-15,2026-07-15T16:20:00+00:00,middle,0.24079857583244144,0.01376187153594563,true,true,true,344,344,3,146.5735985,0.009967251271097677,1.0,
QQQ:2026-07-15T16:25:00+00:00,QQQ,2026-07-15,2026-07-15T16:25:00+00:00,middle,0.24229885238105991,0.01094402526485544,true,true,true,369,369,3,163.6309,0.008841732979663983,1.0,
QQQ:2026-07-15T16:30:00+00:00,QQQ,2026-07-15,2026-07-15T16:30:00+00:00,middle,0.2547047837121338,0.01062210436809799,true,true,true,290,290,3,155.0005315,0.009779972147404472,0.9965635738831615,
QQQ:2026-07-15T16:35:00+00:00,QQQ,2026-07-15,2026-07-15T16:35:00+00:00,middle,0.26345591728137807,-0.006341672165446011,true,true,true,322,322,3,174.67075,0.008992234132755302,0.9969040247678018,
QQQ:2026-07-15T16:40:00+00:00,QQQ,2026-07-15,2026-07-15T16:40:00+00:00,middle,0.25948622079359923,0.009407734479479402,true,true,true,405,405,3,161.04613,0.009852216748768388,0.9975369458128078,
QQQ:2026-07-15T16:45:00+00:00,QQQ,2026-07-15,2026-07-15T16:45:00+00:00,middle,0.24277134948156587,0.01132907119309523,true,true,true,352,352,3,171.2252435,0.009372104155961652,1.0,
QQQ:2026-07-15T16:50:00+00:00,QQQ,2026-07-15,2026-07-15T16:50:00+00:00,middle,0.2551845078743733,0.022986005119785602,true,true,true,436,436,3,179.8080645,0.014814814814814725,0.9931662870159453,
QQQ:2026-07-15T16:55:00+00:00,QQQ,2026-07-15,2026-07-15T16:55:00+00:00,middle,0.2554849897297508,0.00840980391391366,true,true,true,283,283,3,159.067903,0.009237875288683611,1.0,
QQQ:2026-07-15T17:00:00+00:00,QQQ,2026-07-15,2026-07-15T17:00:00+00:00,middle,0.23999377359054797,0.017486360152095537,true,true,true,258,258,3,175.98676749999998,0.009466053108459868,1.0,
QQQ:2026-07-15T17:05:00+00:00,QQQ,2026-07-15,2026-07-15T17:05:00+00:00,middle,0.2528974781117477,0.012608223867047519,true,true,true,286,286,3,152.611042,0.009267967961519534,1.0,
QQQ:2026-07-15T17:10:00+00:00,QQQ,2026-07-15,2026-07-15T17:10:00+00:00,middle,0.23707412446918716,0.007730627748984781,true,true,true,261,261,3,142.645198,0.009328358208955192,1.0,
QQQ:2026-07-15T17:15:00+00:00,QQQ,2026-07-15,2026-07-15T17:15:00+00:00,middle,0.23727826102348976,0.005908439616832906,true,true,true,195,195,3,151.473956,0.00832639467110738,1.0,
QQQ:2026-07-15T17:20:00+00:00,QQQ,2026-07-15,2026-07-15T17:20:00+00:00,middle,0.23433368971501667,0.019859090200897267,true,true,true,251,251,3,132.844871,0.008968609865470859,1.0,
QQQ:2026-07-15T17:25:00+00:00,QQQ,2026-07-15,2026-07-15T17:25:00+00:00,middle,0.23472507794872116,0.01482303889168049,true,true,true,234,234,3,170.42543849999998,0.00875064077066896,1.0,
QQQ:2026-07-15T17:30:00+00:00,QQQ,2026-07-15,2026-07-15T17:30:00+00:00,middle,0.22276455154987612,0.0032528110793456078,true,true,true,200,200,3,157.11777999999998,0.008873142407243403,1.0,
QQQ:2026-07-15T17:35:00+00:00,QQQ,2026-07-15,2026-07-15T17:35:00+00:00,middle,0.24609122508609665,0.008120218530479784,true,true,true,229,229,3,167.360762,0.008568980291345452,1.0,
QQQ:2026-07-15T17:40:00+00:00,QQQ,2026-07-15,2026-07-15T17:40:00+00:00,middle,0.2457080697423052,0.003106872861091098,true,true,true,232,232,3,147.838695,0.008534003360540172,1.0,
QQQ:2026-07-15T17:45:00+00:00,QQQ,2026-07-15,2026-07-15T17:45:00+00:00,middle,0.2459810589607786,0.01067928756274289,true,true,true,206,206,3,142.4684015,0.008579601567883333,1.0,
QQQ:2026-07-15T17:50:00+00:00,QQQ,2026-07-15,2026-07-15T17:50:00+00:00,middle,0.23955258754873837,0.006075444347511949,true,true,true,284,284,3,159.8151795,0.009112962745743323,1.0,
QQQ:2026-07-15T17:55:00+00:00,QQQ,2026-07-15,2026-07-15T17:55:00+00:00,middle,0.22797682768141664,0.021672710167076448,true,true,true,281,281,3,140.392535,0.00843881856540079,1.0,
QQQ:2026-07-15T18:00:00+00:00,QQQ,2026-07-15,2026-07-15T18:00:00+00:00,middle,0.2448354206644203,0.014896669239703564,true,true,true,237,237,3,153.802566,0.00859106529209619,1.0,
QQQ:2026-07-15T18:05:00+00:00,QQQ,2026-07-15,2026-07-15T18:05:00+00:00,middle,0.22922863673004695,0.02366404507140063,true,true,true,252,252,3,183.2538125,0.009200717433745814,1.0,
QQQ:2026-07-15T18:10:00+00:00,QQQ,2026-07-15,2026-07-15T18:10:00+00:00,middle,0.22862393841651454,0.019093170668717407,true,true,true,221,221,3,181.943696,0.007874015748031503,1.0,
QQQ:2026-07-15T18:15:00+00:00,QQQ,2026-07-15,2026-07-15T18:15:00+00:00,middle,0.24506291478422285,0.0009452735977285021,true,true,true,228,228,3,151.006011,0.007421175822662872,1.0,
QQQ:2026-07-15T18:20:00+00:00,QQQ,2026-07-15,2026-07-15T18:20:00+00:00,middle,0.2302445045648124,0.01329200076457479,true,true,true,259,259,3,174.067494,0.008810572687224637,1.0,
QQQ:2026-07-15T18:25:00+00:00,QQQ,2026-07-15,2026-07-15T18:25:00+00:00,middle,0.21414087876270152,0.011266318690568128,true,true,true,255,255,3,144.325504,0.00847457627118651,1.0,
QQQ:2026-07-15T18:30:00+00:00,QQQ,2026-07-15,2026-07-15T18:30:00+00:00,middle,0.22866412497757188,0.013489701881173988,true,true,true,202,202,3,162.41088100000002,0.00877634025327722,1.0,
QQQ:2026-07-15T18:35:00+00:00,QQQ,2026-07-15,2026-07-15T18:35:00+00:00,middle,0.2140498233727925,0.015142650108914774,true,true,true,195,195,3,158.701723,0.008658008658008602,1.0,
QQQ:2026-07-15T18:40:00+00:00,QQQ,2026-07-15,2026-07-15T18:40:00+00:00,middle,0.21432979750917858,0.013512556532584097,true,true,true,272,272,3,184.81725999999998,0.009060313160540939,1.0,
QQQ:2026-07-15T18:45:00+00:00,QQQ,2026-07-15,2026-07-15T18:45:00+00:00,middle,0.23233308815292825,0.0009876487663984523,true,true,true,209,209,3,123.037302,0.008319999999999937,1.0,
QQQ:2026-07-15T18:50:00+00:00,QQQ,2026-07-15,2026-07-15T18:50:00+00:00,middle,0.23315332240679676,0.007126814191721342,true,true,true,228,228,3,179.4132395,0.009985144418189587,0.991304347826087,
QQQ:2026-07-15T18:55:00+00:00,QQQ,2026-07-15,2026-07-15T18:55:00+00:00,middle,0.24752915891403887,0.014425159340929222,true,true,true,279,279,3,172.912491,0.010471204188481685,1.0,
QQQ:2026-07-15T19:00:00+00:00,QQQ,2026-07-15,2026-07-15T19:00:00+00:00,last,0.23264663646141437,0.004609691919829656,true,true,true,206,206,3,115.077836,0.009190578721704767,0.9951690821256038,
QQQ:2026-07-15T19:05:00+00:00,QQQ,2026-07-15,2026-07-15T19:05:00+00:00,last,0.22894531914628669,0.02115360969425739,true,true,true,226,226,3,151.509355,0.009519504519714901,1.0,
QQQ:2026-07-15T19:10:00+00:00,QQQ,2026-07-15,2026-07-15T19:10:00+00:00,last,0.23275824613643437,0.007938126377109445,true,true,true,225,225,3,154.670802,0.010034735623311386,1.0,
QQQ:2026-07-15T19:15:00+00:00,QQQ,2026-07-15,2026-07-15T19:15:00+00:00,last,0.2163855240434334,0.008712818966187558,true,true,true,155,155,3,176.005069,0.010410641989589343,1.0,
QQQ:2026-07-15T19:20:00+00:00,QQQ,2026-07-15,2026-07-15T19:20:00+00:00,last,0.2495206800828408,0.006183701261933849,true,true,true,201,201,3,183.999513,0.008968609865470859,1.0,
QQQ:2026-07-15T19:25:00+00:00,QQQ,2026-07-15,2026-07-15T19:25:00+00:00,last,0.21952265556892198,0.004378649461727557,true,true,true,223,223,3,169.929477,0.011100832562442112,1.0,
SPY:2026-07-15T13:35:00+00:00,SPY,2026-07-15,2026-07-15T13:35:00+00:00,first,0.14661534899531492,0.026162447763286537,true,true,true,772,772,3,184.4011055,0.011057365336267649,0.9987063389391979,
SPY:2026-07-15T13:40:00+00:00,SPY,2026-07-15,2026-07-15T13:40:00+00:00,first,0.14978884866006859,0.018060091996215277,true,true,true,608,608,3,131.5470155,0.007845166154426111,0.9950900163666121,
SPY:2026-07-15T13:45:00+00:00,SPY,2026-07-15,2026-07-15T13:45:00+00:00,first,0.15158098301874845,0.012762394975215141,true,true,true,461,461,3,148.956796,0.006462035541195483,0.9978354978354979,
SPY:2026-07-15T13:50:00+00:00,SPY,2026-07-15,2026-07-15T13:50:00+00:00,middle,0.1522856215377748,0.01845478642439846,true,true,true,571,571,3,148.498645,0.0072727272727271175,0.9982517482517482,
SPY:2026-07-15T13:55:00+00:00,SPY,2026-07-15,2026-07-15T13:55:00+00:00,middle,0.14742259130186586,0.024782991668108767,true,true,true,466,466,3,140.6884905,0.006924982402095438,1.0,
SPY:2026-07-15T14:00:00+00:00,SPY,2026-07-15,2026-07-15T14:00:00+00:00,middle,0.1491974682566896,0.014968176172681147,true,true,true,458,458,3,134.376483,0.006012174955496077,1.0,
SPY:2026-07-15T14:05:00+00:00,SPY,2026-07-15,2026-07-15T14:05:00+00:00,middle,0.15052068179283476,0.02544138071732968,true,true,true,514,514,3,162.22703,0.007714568408210034,0.9980582524271845,
SPY:2026-07-15T14:10:00+00:00,SPY,2026-07-15,2026-07-15T14:10:00+00:00,middle,0.13382402714671754,0.01873071862161907,true,true,true,434,434,3,157.22256950000002,0.00676820888685296,1.0,
SPY:2026-07-15T14:15:00+00:00,SPY,2026-07-15,2026-07-15T14:15:00+00:00,middle,0.15104342373619228,0.018981747258175252,true,true,true,322,322,3,150.4066545,0.007242006258631876,1.0,
SPY:2026-07-15T14:20:00+00:00,SPY,2026-07-15,2026-07-15T14:20:00+00:00,middle,0.13352044398778673,0.02816147539053858,true,true,true,446,446,3,163.77649,0.007228926156083872,0.9977628635346756,
SPY:2026-07-15T14:25:00+00:00,SPY,2026-07-15,2026-07-15T14:25:00+00:00,middle,0.15678188770392726,0.010144522247351712,true,true,true,436,436,3,106.549444,0.007530158910168255,0.9931662870159453,
SPY:2026-07-15T14:30:00+00:00,SPY,2026-07-15,2026-07-15T14:30:00+00:00,middle,0.14749832643848657,0.019595116183143163,true,true,true,370,370,3,155.236674,0.008241773792744303,1.0,
SPY:2026-07-15T14:35:00+00:00,SPY,2026-07-15,2026-07-15T14:35:00+00:00,middle,0.1482245809501465,0.02630935455682501,true,true,true,346,346,3,150.36989999999997,0.00743498990395315,1.0,
SPY:2026-07-15T14:40:00+00:00,SPY,2026-07-15,2026-07-15T14:40:00+00:00,middle,0.15169249024830572,0.009996441987603855,true,true,true,365,365,3,127.130665,0.006525285481239809,1.0,
SPY:2026-07-15T14:45:00+00:00,SPY,2026-07-15,2026-07-15T14:45:00+00:00,middle,0.15057713855601662,0.022294908028286042,true,true,true,403,403,3,127.737219,0.00701754385964913,1.0,
SPY:2026-07-15T14:50:00+00:00,SPY,2026-07-15,2026-07-15T14:50:00+00:00,middle,0.15153720155327208,0.02396776792868982,true,true,true,355,355,3,150.231366,0.006802721088435379,1.0,
SPY:2026-07-15T14:55:00+00:00,SPY,2026-07-15,2026-07-15T14:55:00+00:00,middle,0.1356289299353417,0.02073935749591893,true,true,true,294,294,3,132.2279555,0.006253258602711094,1.0,
SPY:2026-07-15T15:00:00+00:00,SPY,2026-07-15,2026-07-15T15:00:00+00:00,middle,0.1479700598546341,0.02237446158669887,true,true,true,290,290,3,160.03907650000002,0.006116233372854317,1.0,
SPY:2026-07-15T15:05:00+00:00,SPY,2026-07-15,2026-07-15T15:05:00+00:00,middle,0.15039954468978198,0.018169485123951057,true,true,true,315,315,3,171.693211,0.006629834254143701,1.0,
SPY:2026-07-15T15:10:00+00:00,SPY,2026-07-15,2026-07-15T15:10:00+00:00,middle,0.14542444843088276,0.021329610999207882,true,true,true,286,286,3,124.342199,0.005715032167466797,1.0,
SPY:2026-07-15T15:15:00+00:00,SPY,2026-07-15,2026-07-15T15:15:00+00:00,middle,0.13469759823376687,0.014984846843432653,true,true,true,261,261,3,165.965471,0.006507592190889425,1.0,
SPY:2026-07-15T15:20:00+00:00,SPY,2026-07-15,2026-07-15T15:20:00+00:00,middle,0.14755095546665228,0.022720298842389103,true,true,true,422,422,3,177.15796749999998,0.006791191052692314,1.0,
SPY:2026-07-15T15:25:00+00:00,SPY,2026-07-15,2026-07-15T15:25:00+00:00,middle,0.13770339467605014,0.02296145546162881,true,true,true,257,257,3,139.419444,0.006557377049180383,1.0,
SPY:2026-07-15T15:30:00+00:00,SPY,2026-07-15,2026-07-15T15:30:00+00:00,middle,0.1371183938310314,0.02436652292248609,true,true,true,329,329,3,195.28245,0.007585335018963401,1.0,
SPY:2026-07-15T15:35:00+00:00,SPY,2026-07-15,2026-07-15T15:35:00+00:00,middle,0.13402547217931784,0.022735293132841533,true,true,true,263,263,3,131.583585,0.0063091482649840925,1.0,
SPY:2026-07-15T15:40:00+00:00,SPY,2026-07-15,2026-07-15T15:40:00+00:00,middle,0.15069745609536767,0.01609332537649566,true,true,true,208,208,3,169.005471,0.006322444678608927,1.0,
SPY:2026-07-15T15:45:00+00:00,SPY,2026-07-15,2026-07-15T15:45:00+00:00,middle,0.15133141655834204,0.02278560316826031,true,true,true,217,217,3,143.503944,0.0060790273556231055,1.0,
SPY:2026-07-15T15:50:00+00:00,SPY,2026-07-15,2026-07-15T15:50:00+00:00,middle,0.1523320665852819,0.019803099098909593,true,true,true,266,266,3,164.17218150000002,0.006564559280340469,1.0,
SPY:2026-07-15T15:55:00+00:00,SPY,2026-07-15,2026-07-15T15:55:00+00:00,middle,0.13492891077536157,0.02025395226711038,true,true,true,313,313,3,193.507148,0.006849315068493157,1.0,
SPY:2026-07-15T16:00:00+00:00,SPY,2026-07-15,2026-07-15T16:00:00+00:00,middle,0.13704077742318624,0.022237072907969335,true,true,true,254,254,3,163.616171,0.007582999705305233,1.0,
SPY:2026-07-15T16:05:00+00:00,SPY,2026-07-15,2026-07-15T16:05:00+00:00,middle,0.13644204888616318,0.02043325045331565,true,true,true,402,402,3,129.5947665,0.006430868167202506,0.9925925925925926,
SPY:2026-07-15T16:10:00+00:00,SPY,2026-07-15,2026-07-15T16:10:00+00:00,middle,0.15312157651355862,0.027096172963399473,true,true,true,432,432,3,160.821118,0.007303715426264958,1.0,
SPY:2026-07-15T16:15:00+00:00,SPY,2026-07-15,2026-07-15T16:15:00+00:00,middle,0.156242810365878,0.02448103832335774,true,true,true,308,308,3,160.899631,0.005976243835510375,0.9967637540453075,
SPY:2026-07-15T16:20:00+00:00,SPY,2026-07-15,2026-07-15T16:20:00+00:00,middle,0.15307826070927644,0.022973730290707317,true,true,true,417,417,3,149.616508,0.006644518272425255,0.9976076555023924,
SPY:2026-07-15T16:25:00+00:00,SPY,2026-07-15,2026-07-15T16:25:00+00:00,middle,0.1393142657582853,0.025733406165421024,true,true,true,399,399,3,152.016358,0.006060606060606067,0.9950124688279302,
SPY:2026-07-15T16:30:00+00:00,SPY,2026-07-15,2026-07-15T16:30:00+00:00,middle,0.13875321852509492,0.029081454272199492,true,true,true,332,332,3,143.304098,0.006304180431704647,0.996996996996997,
SPY:2026-07-15T16:35:00+00:00,SPY,2026-07-15,2026-07-15T16:35:00+00:00,middle,0.13951680043807999,0.02193770863945782,true,true,true,358,358,3,188.487621,0.005979086602913603,0.9972144846796658,
SPY:2026-07-15T16:40:00+00:00,SPY,2026-07-15,2026-07-15T16:40:00+00:00,middle,0.13880917237418702,0.024840044477619255,true,true,true,396,396,3,166.5148625,0.00573639457181327,1.0,
SPY:2026-07-15T16:45:00+00:00,SPY,2026-07-15,2026-07-15T16:45:00+00:00,middle,0.15124487808201645,0.03023418924515696,true,true,true,347,347,3,179.67028,0.004716981132075371,1.0,
SPY:2026-07-15T16:50:00+00:00,SPY,2026-07-15,2026-07-15T16:50:00+00:00,middle,0.1508789522024095,0.02338289746880537,true,true,true,469,469,3,180.249867,0.008211143695014696,0.997872340425532,
SPY:2026-07-15T16:55:00+00:00,SPY,2026-07-15,2026-07-15T16:55:00+00:00,middle,0.15453690714713558,0.01565569698620961,true,true,true,349,349,3,170.191917,0.006666666666666525,1.0,
SPY:2026-07-15T17:00:00+00:00,SPY,2026-07-15,2026-07-15T17:00:00+00:00,middle,0.14883999878436882,0.024261264866154597,true,true,true,273,273,3,147.931461,0.005808325266214784,0.9963503649635036,
SPY:2026-07-15T17:05:00+00:00,SPY,2026-07-15,2026-07-15T17:05:00+00:00,middle,0.1516823202078249,0.01754335708226268,true,true,true,299,299,3,162.089684,0.00599700149925038,1.0,
SPY:2026-07-15T17:10:00+00:00,SPY,2026-07-15,2026-07-15T17:10:00+00:00,middle,0.15275303361804043,0.020812261412478966,true,true,true,294,294,3,131.46037,0.0062176165803109334,0.9966101694915255,
SPY:2026-07-15T17:15:00+00:00,SPY,2026-07-15,2026-07-15T17:15:00+00:00,middle,0.1548261758809574,0.011401956483207604,true,true,true,226,226,3,172.63937800000002,0.005905517532005201,1.0,
SPY:2026-07-15T17:20:00+00:00,SPY,2026-07-15,2026-07-15T17:20:00+00:00,middle,0.1530431871081311,0.018847189799506253,true,true,true,236,236,3,147.2468665,0.00657737456155158,1.0,
SPY:2026-07-15T17:25:00+00:00,SPY,2026-07-15,2026-07-15T17:25:00+00:00,middle,0.14959334546430597,0.022955942033089746,true,true,true,265,265,3,176.906267,0.006389776357827482,1.0,
SPY:2026-07-15T17:30:00+00:00,SPY,2026-07-15,2026-07-15T17:30:00+00:00,middle,0.15403773697342726,0.025755664770502548,true,true,true,217,217,3,166.802513,0.006920415224913502,1.0,
SPY:2026-07-15T17:35:00+00:00,SPY,2026-07-15,2026-07-15T17:35:00+00:00,middle,0.14883320013093387,0.0242908436652087,true,true,true,350,350,3,177.4477955,0.006665822516736652,1.0,
SPY:2026-07-15T17:40:00+00:00,SPY,2026-07-15,2026-07-15T17:40:00+00:00,middle,0.13789914932885763,0.022660526571504802,true,true,true,275,275,3,155.128864,0.006301197227473197,1.0,
SPY:2026-07-15T17:45:00+00:00,SPY,2026-07-15,2026-07-15T17:45:00+00:00,middle,0.14740214877544155,0.014428493475079518,true,true,true,248,248,3,171.371218,0.006876901492819679,1.0,
SPY:2026-07-15T17:50:00+00:00,SPY,2026-07-15,2026-07-15T17:50:00+00:00,middle,0.1443807340567056,0.02167446105316656,true,true,true,378,378,3,171.8510645,0.006104388489878853,1.0,
SPY:2026-07-15T17:55:00+00:00,SPY,2026-07-15,2026-07-15T17:55:00+00:00,middle,0.131751005955711,0.028443405303940128,true,true,true,382,382,3,126.0603945,0.006876901492819679,1.0,
SPY:2026-07-15T18:00:00+00:00,SPY,2026-07-15,2026-07-15T18:00:00+00:00,middle,0.14721606124902517,0.01865131407478829,true,true,true,331,331,3,148.724137,0.006888633754305452,1.0,
SPY:2026-07-15T18:05:00+00:00,SPY,2026-07-15,2026-07-15T18:05:00+00:00,middle,0.1475249622587934,0.02661795754342891,true,true,true,309,309,3,172.781221,0.006956521739130287,1.0,
SPY:2026-07-15T18:10:00+00:00,SPY,2026-07-15,2026-07-15T18:10:00+00:00,middle,0.1320536671054773,0.02337991723716254,true,true,true,273,273,3,179.713527,0.0064308681672025775,1.0,
SPY:2026-07-15T18:15:00+00:00,SPY,2026-07-15,2026-07-15T18:15:00+00:00,middle,0.11655609003436193,0.022297254960704616,true,true,true,296,296,3,162.2135265,0.007017889462084856,1.0,
SPY:2026-07-15T18:20:00+00:00,SPY,2026-07-15,2026-07-15T18:20:00+00:00,middle,0.13190053907838464,0.021912004141539376,true,true,true,296,296,3,181.07348100000002,0.006060661714065332,1.0,
SPY:2026-07-15T18:25:00+00:00,SPY,2026-07-15,2026-07-15T18:25:00+00:00,middle,0.14688034746769624,0.024643460947886123,true,true,true,319,319,3,110.772865,0.006688963210702397,1.0,
SPY:2026-07-15T18:30:00+00:00,SPY,2026-07-15,2026-07-15T18:30:00+00:00,middle,0.13186941428416596,0.021834611251067365,true,true,true,363,363,3,166.749,0.006825938566552908,1.0,
SPY:2026-07-15T18:35:00+00:00,SPY,2026-07-15,2026-07-15T18:35:00+00:00,middle,0.14642933597468957,0.026858760260161013,true,true,true,285,285,3,131.968319,0.00624349635796051,1.0,
SPY:2026-07-15T18:40:00+00:00,SPY,2026-07-15,2026-07-15T18:40:00+00:00,middle,0.14693213830571247,0.019695978397801517,true,true,true,245,245,3,173.64869,0.006289308176100635,1.0,
SPY:2026-07-15T18:45:00+00:00,SPY,2026-07-15,2026-07-15T18:45:00+00:00,middle,0.13142014436402544,0.0239651602260023,true,true,true,208,208,3,139.390411,0.005434822740597983,1.0,
SPY:2026-07-15T18:50:00+00:00,SPY,2026-07-15,2026-07-15T18:50:00+00:00,middle,0.1167029968279004,0.021396088791288473,true,true,true,306,306,3,174.2060925,0.005983548597871527,1.0,
SPY:2026-07-15T18:55:00+00:00,SPY,2026-07-15,2026-07-15T18:55:00+00:00,middle,0.118764581379978,0.017235350141987182,true,true,true,327,327,3,124.337576,0.006097560975609761,1.0,
SPY:2026-07-15T19:00:00+00:00,SPY,2026-07-15,2026-07-15T19:00:00+00:00,last,0.13313944931193628,0.016202085205007377,true,true,true,235,235,3,151.424732,0.0054794520547945666,0.9915611814345991,
SPY:2026-07-15T19:05:00+00:00,SPY,2026-07-15,2026-07-15T19:05:00+00:00,last,0.1496547661758177,0.02439774084894364,true,true,true,300,300,3,145.822246,0.005542783117169084,1.0,
SPY:2026-07-15T19:10:00+00:00,SPY,2026-07-15,2026-07-15T19:10:00+00:00,last,0.11756656551249885,0.01332493232422699,true,true,true,238,238,3,158.438975,0.005089190326653506,1.0,
SPY:2026-07-15T19:15:00+00:00,SPY,2026-07-15,2026-07-15T19:15:00+00:00,last,0.11910100296632203,0.017462238902237248,true,true,true,218,218,3,164.203358,0.005622261468741733,1.0,
SPY:2026-07-15T19:20:00+00:00,SPY,2026-07-15,2026-07-15T19:20:00+00:00,last,0.15241474007369576,0.0240480292921178,true,true,true,197,197,3,173.078221,0.005970149253731349,1.0,
SPY:2026-07-15T19:25:00+00:00,SPY,2026-07-15,2026-07-15T19:25:00+00:00,last,0.13484055622037877,0.01826457313980162,true,true,true,253,253,3,188.174422,0.0062500000000000056,1.0,
TSLA:2026-07-15T13:35:00+00:00,TSLA,2026-07-15,2026-07-15T13:35:00+00:00,first,0.47814835893031216,0.0049765398086011325,true,true,true,436,436,3,126.703993,0.024590576971529447,0.9931662870159453,
TSLA:2026-07-15T13:40:00+00:00,TSLA,2026-07-15,2026-07-15T13:40:00+00:00,first,0.5088678602720386,-0.021165381609245915,true,true,true,348,348,3,148.6717875,0.023981366995428036,1.0,
TSLA:2026-07-15T13:45:00+00:00,TSLA,2026-07-15,2026-07-15T13:45:00+00:00,first,0.5006105510859937,-0.06023912417119737,true,true,true,274,274,3,131.0713975,0.017241379310344807,0.9927536231884058,
TSLA:2026-07-15T13:50:00+00:00,TSLA,2026-07-15,2026-07-15T13:50:00+00:00,middle,0.5046868374211191,-0.03870400757377579,true,true,true,261,261,3,130.20945,0.018348623853211024,0.9961832061068703,
TSLA:2026-07-15T13:55:00+00:00,TSLA,2026-07-15,2026-07-15T13:55:00+00:00,middle,0.5079506008517518,-0.024991328486382858,true,true,true,287,287,3,155.089357,0.015151515151515164,1.0,
TSLA:2026-07-15T14:00:00+00:00,TSLA,2026-07-15,2026-07-15T14:00:00+00:00,middle,0.4878009008127936,-0.024231071394324122,true,true,true,241,241,3,144.321475,0.014347202295552367,1.0,
TSLA:2026-07-15T14:05:00+00:00,TSLA,2026-07-15,2026-07-15T14:05:00+00:00,middle,0.49917074530005073,-0.01045990526094287,true,true,true,211,211,3,134.939015,0.01398601398601406,1.0,
TSLA:2026-07-15T14:10:00+00:00,TSLA,2026-07-15,2026-07-15T14:10:00+00:00,middle,0.5024563948068097,-0.02287953634434925,true,true,true,237,237,3,135.339966,0.015345268542199527,1.0,
TSLA:2026-07-15T14:15:00+00:00,TSLA,2026-07-15,2026-07-15T14:15:00+00:00,middle,0.5122795363243892,-0.06473826812352979,true,true,true,161,161,3,146.193923,0.014492753623188482,0.9938271604938271,
TSLA:2026-07-15T14:20:00+00:00,TSLA,2026-07-15,2026-07-15T14:20:00+00:00,middle,0.5025546493187807,-0.032361962879374595,true,true,true,238,238,3,144.81040000000002,0.01752652781261356,1.0,
TSLA:2026-07-15T14:25:00+00:00,TSLA,2026-07-15,2026-07-15T14:25:00+00:00,middle,0.5375193229975364,-0.0590797395563869,true,true,true,261,261,3,105.675024,0.01662049861495849,0.9886363636363636,
TSLA:2026-07-15T14:30:00+00:00,TSLA,2026-07-15,2026-07-15T14:30:00+00:00,middle,0.4825215135899484,0.01992232699106633,true,true,true,258,258,3,137.263408,0.015369850878488094,1.0,
TSLA:2026-07-15T14:35:00+00:00,TSLA,2026-07-15,2026-07-15T14:35:00+00:00,middle,0.5064154835325853,-0.03738417473790023,true,true,true,214,214,3,158.4548775,0.017254513931454777,1.0,
TSLA:2026-07-15T14:40:00+00:00,TSLA,2026-07-15,2026-07-15T14:40:00+00:00,middle,0.5109989494139588,-0.031347715545564925,true,true,true,165,165,3,142.038807,0.016736401673640256,1.0,
TSLA:2026-07-15T14:45:00+00:00,TSLA,2026-07-15,2026-07-15T14:45:00+00:00,middle,0.5035550758283472,-0.03474689325146385,true,true,true,186,186,3,128.120409,0.014851576141898713,1.0,
TSLA:2026-07-15T14:50:00+00:00,TSLA,2026-07-15,2026-07-15T14:50:00+00:00,middle,0.5008924064936041,-0.027172820795960617,true,true,true,128,128,3,128.04668099999998,0.014898044111527162,1.0,
TSLA:2026-07-15T14:55:00+00:00,TSLA,2026-07-15,2026-07-15T14:55:00+00:00,middle,0.5052060682790727,-0.029021831012897126,true,true,true,153,153,3,147.256186,0.016528925619834652,1.0,
TSLA:2026-07-15T15:00:00+00:00,TSLA,2026-07-15,2026-07-15T15:00:00+00:00,middle,0.5001589714863299,-0.022223736371368097,true,true,true,132,132,3,158.1416145,0.015094554568238858,1.0,
TSLA:2026-07-15T15:05:00+00:00,TSLA,2026-07-15,2026-07-15T15:05:00+00:00,middle,0.5038967780126332,-0.02453162775549289,true,true,true,137,137,3,148.821741,0.015345268542199527,1.0,
TSLA:2026-07-15T15:10:00+00:00,TSLA,2026-07-15,2026-07-15T15:10:00+00:00,middle,0.49200852223112423,0.002016052200511098,true,true,true,149,149,3,145.24889,0.01526717557251903,1.0,
TSLA:2026-07-15T15:15:00+00:00,TSLA,2026-07-15,2026-07-15T15:15:00+00:00,middle,0.508927707048714,-0.033941858178972995,true,true,true,147,147,3,158.724244,0.014705882352941124,1.0,
TSLA:2026-07-15T15:20:00+00:00,TSLA,2026-07-15,2026-07-15T15:20:00+00:00,middle,0.49102994454478843,-0.013667975612752126,true,true,true,133,133,3,163.217006,0.01574803149606308,1.0,
TSLA:2026-07-15T15:25:00+00:00,TSLA,2026-07-15,2026-07-15T15:25:00+00:00,middle,0.5090206902759671,-0.028330529030472063,true,true,true,103,103,3,148.412966,0.013793103448275813,1.0,
TSLA:2026-07-15T15:30:00+00:00,TSLA,2026-07-15,2026-07-15T15:30:00+00:00,middle,0.4933484902570359,-0.019400488430425522,true,true,true,111,111,3,147.679178,0.0155844155844156,1.0,
TSLA:2026-07-15T15:35:00+00:00,TSLA,2026-07-15,2026-07-15T15:35:00+00:00,middle,0.5066561931170783,-0.011576262781411217,true,true,true,119,119,3,132.413103,0.01366742596810937,1.0,
TSLA:2026-07-15T15:40:00+00:00,TSLA,2026-07-15,2026-07-15T15:40:00+00:00,middle,0.4985409478481523,-0.02355873113572593,true,true,true,114,114,3,202.168048,0.014926204399888579,1.0,
TSLA:2026-07-15T15:45:00+00:00,TSLA,2026-07-15,2026-07-15T15:45:00+00:00,middle,0.4810276352261379,-0.037934400004938085,true,true,true,111,111,3,150.206851,0.012422360248447159,1.0,
TSLA:2026-07-15T15:50:00+00:00,TSLA,2026-07-15,2026-07-15T15:50:00+00:00,middle,0.5052135747375226,-0.030495145778372867,true,true,true,164,164,3,146.59718500000002,0.013372669095351966,1.0,
TSLA:2026-07-15T15:55:00+00:00,TSLA,2026-07-15,2026-07-15T15:55:00+00:00,middle,0.49894070867012813,-0.03347679303112605,true,true,true,140,140,3,168.9314105,0.013731127554948094,1.0,
TSLA:2026-07-15T16:00:00+00:00,TSLA,2026-07-15,2026-07-15T16:00:00+00:00,middle,0.4861862671881094,-0.023754718619130588,true,true,true,118,118,3,144.4972315,0.014791524265208456,1.0,
TSLA:2026-07-15T16:05:00+00:00,TSLA,2026-07-15,2026-07-15T16:05:00+00:00,middle,0.5033570208092406,-0.0351170752743854,true,true,true,207,207,3,178.901136,0.014869888475836512,1.0,
TSLA:2026-07-15T16:10:00+00:00,TSLA,2026-07-15,2026-07-15T16:10:00+00:00,middle,0.4930127857889309,-0.014165711549982307,true,true,true,200,200,3,138.688561,0.012793409620971372,0.9950248756218906,
TSLA:2026-07-15T16:15:00+00:00,TSLA,2026-07-15,2026-07-15T16:15:00+00:00,middle,0.4915290960920491,-0.056988212989523834,true,true,true,197,197,3,149.785168,0.013245033112582735,1.0,
TSLA:2026-07-15T16:20:00+00:00,TSLA,2026-07-15,2026-07-15T16:20:00+00:00,middle,0.49272551008502025,-0.017034780552431794,true,true,true,162,162,3,144.239589,0.014220005728438317,1.0,
TSLA:2026-07-15T16:25:00+00:00,TSLA,2026-07-15,2026-07-15T16:25:00+00:00,middle,0.5121230741631461,-0.05065846175064892,true,true,true,167,167,3,169.663827,0.014888337468982667,0.9940476190476191,
TSLA:2026-07-15T16:30:00+00:00,TSLA,2026-07-15,2026-07-15T16:30:00+00:00,middle,0.4824075942354053,-0.0132586407966242,true,true,true,159,159,3,153.92194,0.013071895424836671,1.0,
TSLA:2026-07-15T16:35:00+00:00,TSLA,2026-07-15,2026-07-15T16:35:00+00:00,middle,0.5107906684750281,-0.04309765132595578,true,true,true,174,174,3,124.730233,0.013318551367331847,1.0,
TSLA:2026-07-15T16:40:00+00:00,TSLA,2026-07-15,2026-07-15T16:40:00+00:00,middle,0.5092928413042912,-0.03815259021408096,true,true,true,215,215,3,129.059806,0.013986013986014102,1.0,
TSLA:2026-07-15T16:45:00+00:00,TSLA,2026-07-15,2026-07-15T16:45:00+00:00,middle,0.5033337936288751,-0.029699274918183582,true,true,true,199,199,3,162.471068,0.014492753623188482,1.0,
TSLA:2026-07-15T16:50:00+00:00,TSLA,2026-07-15,2026-07-15T16:50:00+00:00,middle,0.4917405062742048,-0.03042294966682796,true,true,true,186,186,3,169.44233050000003,0.013833616761553575,1.0,
TSLA:2026-07-15T16:55:00+00:00,TSLA,2026-07-15,2026-07-15T16:55:00+00:00,middle,0.5069651127532944,0.009093990593291967,true,true,true,172,172,3,123.5919395,0.014018997707173244,1.0,
TSLA:2026-07-15T17:00:00+00:00,TSLA,2026-07-15,2026-07-15T17:00:00+00:00,middle,0.4985997701702005,-0.02571835599562511,true,true,true,133,133,3,157.066759,0.013071895424836612,1.0,
TSLA:2026-07-15T17:05:00+00:00,TSLA,2026-07-15,2026-07-15T17:05:00+00:00,middle,0.5058398890436888,-0.023073735688768138,true,true,true,189,189,3,192.420332,0.012345679012345633,1.0,
TSLA:2026-07-15T17:10:00+00:00,TSLA,2026-07-15,2026-07-15T17:10:00+00:00,middle,0.5012149979424811,-0.010381934950590033,true,true,true,139,139,3,129.171606,0.012269938650306707,1.0,
TSLA:2026-07-15T17:15:00+00:00,TSLA,2026-07-15,2026-07-15T17:15:00+00:00,middle,0.514197278133586,-0.02619955164723825,true,true,true,139,139,3,123.232792,0.011363636363636322,1.0,
TSLA:2026-07-15T17:20:00+00:00,TSLA,2026-07-15,2026-07-15T17:20:00+00:00,middle,0.4981628682113774,-0.03439671603344374,true,true,true,136,136,3,133.9804445,0.012903762903762859,1.0,
TSLA:2026-07-15T17:25:00+00:00,TSLA,2026-07-15,2026-07-15T17:25:00+00:00,middle,0.5057356740684322,-0.024115438406586587,true,true,true,134,134,3,163.8665145,0.014104821302457854,1.0,
TSLA:2026-07-15T17:30:00+00:00,TSLA,2026-07-15,2026-07-15T17:30:00+00:00,middle,0.4914220685231796,-0.029462644525751425,true,true,true,128,128,3,176.004655,0.011908559276980379,1.0,
TSLA:2026-07-15T17:35:00+00:00,TSLA,2026-07-15,2026-07-15T17:35:00+00:00,middle,0.4962309889283254,-0.0031329312615169247,true,true,true,157,157,3,126.241075,0.01152737752161379,1.0,
TSLA:2026-07-15T17:40:00+00:00,TSLA,2026-07-15,2026-07-15T17:40:00+00:00,middle,0.5131796780391782,-0.03129951029874367,true,true,true,188,188,3,138.72144350000002,0.013975187765434403,0.9947089947089947,
TSLA:2026-07-15T17:45:00+00:00,TSLA,2026-07-15,2026-07-15T17:45:00+00:00,middle,0.5003481975691952,-0.028386482879564023,true,true,true,126,126,3,146.329263,0.013363294096638334,1.0,
TSLA:2026-07-15T17:50:00+00:00,TSLA,2026-07-15,2026-07-15T17:50:00+00:00,middle,0.5036582290960812,-0.027567999511785735,true,true,true,132,132,3,160.4524975,0.012195575385759315,1.0,
TSLA:2026-07-15T17:55:00+00:00,TSLA,2026-07-15,2026-07-15T17:55:00+00:00,middle,0.49730582809672125,-0.02294886398293816,true,true,true,122,122,3,132.3898955,0.012632474768293905,1.0,
TSLA:2026-07-15T18:00:00+00:00,TSLA,2026-07-15,2026-07-15T18:00:00+00:00,middle,0.4994807825231329,-0.02804539536805467,true,true,true,136,136,3,113.3938355,0.012103123741165251,1.0,
TSLA:2026-07-15T18:05:00+00:00,TSLA,2026-07-15,2026-07-15T18:05:00+00:00,middle,0.5170007820398955,-0.05076832053957847,true,true,true,173,173,3,152.258951,0.014285714285714235,0.9942528735632183,
TSLA:2026-07-15T18:10:00+00:00,TSLA,2026-07-15,2026-07-15T18:10:00+00:00,middle,0.5035761423407719,-0.037789933276057286,true,true,true,146,146,3,188.0933525,0.012539308176100623,1.0,
TSLA:2026-07-15T18:15:00+00:00,TSLA,2026-07-15,2026-07-15T18:15:00+00:00,middle,0.49817341078081345,-0.03108478460888553,true,true,true,98,98,3,170.155205,0.011692568502865873,1.0,
TSLA:2026-07-15T18:20:00+00:00,TSLA,2026-07-15,2026-07-15T18:20:00+00:00,middle,0.4905910123031587,-0.035579942501395734,true,true,true,130,130,3,172.8121895,0.010341305870589287,1.0,
TSLA:2026-07-15T18:25:00+00:00,TSLA,2026-07-15,2026-07-15T18:25:00+00:00,middle,0.4979479748834893,-0.03126460433562833,true,true,true,99,99,3,154.722527,0.011428571428571524,1.0,
TSLA:2026-07-15T18:30:00+00:00,TSLA,2026-07-15,2026-07-15T18:30:00+00:00,middle,0.51004859079599,-0.03349921927423771,true,true,true,137,137,3,155.180478,0.010619469026548572,1.0,
TSLA:2026-07-15T18:35:00+00:00,TSLA,2026-07-15,2026-07-15T18:35:00+00:00,middle,0.4914399499130361,-0.03427486181215189,true,true,true,129,129,3,157.055155,0.012269938650306707,1.0,
TSLA:2026-07-15T18:40:00+00:00,TSLA,2026-07-15,2026-07-15T18:40:00+00:00,middle,0.4880648748305477,-0.03104786698941131,true,true,true,98,98,3,153.293628,0.011296316973186879,1.0,
TSLA:2026-07-15T18:45:00+00:00,TSLA,2026-07-15,2026-07-15T18:45:00+00:00,middle,0.5003495014205388,-0.030549274235583623,true,true,true,87,87,3,139.818472,0.013679890560875513,1.0,
TSLA:2026-07-15T18:50:00+00:00,TSLA,2026-07-15,2026-07-15T18:50:00+00:00,middle,0.4785666716942638,-0.03282825737277412,true,true,true,133,133,3,140.178905,0.012903225806451491,1.0,
TSLA:2026-07-15T18:55:00+00:00,TSLA,2026-07-15,2026-07-15T18:55:00+00:00,middle,0.5074494376481324,-0.03424528301309815,true,true,true,135,135,3,178.45915,0.01342281879194626,1.0,
TSLA:2026-07-15T19:00:00+00:00,TSLA,2026-07-15,2026-07-15T19:00:00+00:00,last,0.48677436002345753,-0.024979929100349407,true,true,true,126,126,3,164.175077,0.014354149138922741,1.0,
TSLA:2026-07-15T19:05:00+00:00,TSLA,2026-07-15,2026-07-15T19:05:00+00:00,last,0.5104432665977253,-0.03215595436707119,true,true,true,120,120,3,109.1906425,0.011727903472536532,1.0,
TSLA:2026-07-15T19:10:00+00:00,TSLA,2026-07-15,2026-07-15T19:10:00+00:00,last,0.5094961676081158,-0.03262556436817343,true,true,true,112,112,3,160.88708100000002,0.012072630108702274,1.0,
TSLA:2026-07-15T19:15:00+00:00,TSLA,2026-07-15,2026-07-15T19:15:00+00:00,last,0.48141072537736224,-0.026699001217663165,true,true,true,93,93,3,153.508707,0.01346801346801342,1.0,
TSLA:2026-07-15T19:20:00+00:00,TSLA,2026-07-15,2026-07-15T19:20:00+00:00,last,0.502462131752722,-0.033364438298195576,true,true,true,82,82,3,125.4787025,0.012618422100151246,1.0,
TSLA:2026-07-15T19:25:00+00:00,TSLA,2026-07-15,2026-07-15T19:25:00+00:00,last,0.5065286950821131,-0.023646610716290706,true,true,true,118,118,3,174.96366749999999,0.01147967586797545,1.0,
AAPL:2026-07-16T13:35:00+00:00,AAPL,2026-07-16,2026-07-16T13:35:00+00:00,first,0.30087635771308097,-0.020816694507047484,true,true,true,205,205,3,172.23224,0.0812685827552032,1.0,
AAPL:2026-07-16T13:40:00+00:00,AAPL,2026-07-16,2026-07-16T13:40:00+00:00,first,0.27858288392127306,-0.014388223095007202,true,true,true,120,120,3,127.90001799999999,0.06842226842226837,1.0,
AAPL:2026-07-16T13:45:00+00:00,AAPL,2026-07-16,2026-07-16T13:45:00+00:00,first,0.29318236818685384,-0.006394794794477521,true,true,true,141,141,3,145.771576,0.0625,1.0,
AAPL:2026-07-16T13:50:00+00:00,AAPL,2026-07-16,2026-07-16T13:50:00+00:00,middle,0.29030968565353754,-0.00783718965665997,true,true,true,178,178,3,130.1596145,0.054054054054054085,0.9834254143646409,
AAPL:2026-07-16T13:55:00+00:00,AAPL,2026-07-16,2026-07-16T13:55:00+00:00,middle,0.2986214585728534,-0.008540673335924787,true,true,true,165,165,3,118.82838,0.045112781954887146,1.0,
AAPL:2026-07-16T14:00:00+00:00,AAPL,2026-07-16,2026-07-16T14:00:00+00:00,middle,0.2835200474192947,0.005929915911108363,true,true,true,165,165,3,110.896286,0.04347826086956519,1.0,
AAPL:2026-07-16T14:05:00+00:00,AAPL,2026-07-16,2026-07-16T14:05:00+00:00,middle,0.2921609496706538,-0.001887753228291933,true,true,true,197,197,3,146.032802,0.05042016806722692,0.9949494949494949,
AAPL:2026-07-16T14:10:00+00:00,AAPL,2026-07-16,2026-07-16T14:10:00+00:00,middle,0.3018558667218052,-0.023442166825599964,true,true,true,183,183,3,161.343535,0.05633802816901401,0.9945652173913043,
AAPL:2026-07-16T14:15:00+00:00,AAPL,2026-07-16,2026-07-16T14:15:00+00:00,middle,0.29097219114771483,-0.005873962062016069,true,true,true,124,124,3,156.4404945,0.05096043482852284,1.0,
AAPL:2026-07-16T14:20:00+00:00,AAPL,2026-07-16,2026-07-16T14:20:00+00:00,middle,0.29745954076114667,-0.009715368890799658,true,true,true,130,130,3,147.861398,0.043480544031927776,1.0,
AAPL:2026-07-16T14:25:00+00:00,AAPL,2026-07-16,2026-07-16T14:25:00+00:00,middle,0.28312572552006693,0.005607901882112021,true,true,true,122,122,3,129.0946985,0.043126997965707584,0.9838709677419355,
AAPL:2026-07-16T14:30:00+00:00,AAPL,2026-07-16,2026-07-16T14:30:00+00:00,middle,0.28990461629394815,-0.0007607786325962151,true,true,true,142,142,3,137.2618435,0.042859329557630485,1.0,
AAPL:2026-07-16T14:35:00+00:00,AAPL,2026-07-16,2026-07-16T14:35:00+00:00,middle,0.29649441137009863,-0.007323621238827793,true,true,true,141,141,3,114.25381,0.04255319148936175,0.9929577464788732,
AAPL:2026-07-16T14:40:00+00:00,AAPL,2026-07-16,2026-07-16T14:40:00+00:00,middle,0.2937823446958773,-0.006134248043112467,true,true,true,155,155,3,145.749919,0.04153005464480887,0.9935897435897436,
AAPL:2026-07-16T14:45:00+00:00,AAPL,2026-07-16,2026-07-16T14:45:00+00:00,middle,0.2894173856732585,0.0000879540863558681,true,true,true,154,154,3,136.4695125,0.04229761676570184,0.9935483870967742,
AAPL:2026-07-16T14:50:00+00:00,AAPL,2026-07-16,2026-07-16T14:50:00+00:00,middle,0.2935949067519978,-0.012073514430999799,true,true,true,113,113,3,143.354508,0.03703703703703707,1.0,
AAPL:2026-07-16T14:55:00+00:00,AAPL,2026-07-16,2026-07-16T14:55:00+00:00,middle,0.29161934844893217,-0.0033284344572798163,true,true,true,135,135,3,160.640317,0.040816326530612276,1.0,
AAPL:2026-07-16T15:00:00+00:00,AAPL,2026-07-16,2026-07-16T15:00:00+00:00,middle,0.29173477654574437,-0.009306741879686664,true,true,true,111,111,3,140.148821,0.03389830508474576,1.0,
AAPL:2026-07-16T15:05:00+00:00,AAPL,2026-07-16,2026-07-16T15:05:00+00:00,middle,0.296438811423514,-0.00963680253411825,true,true,true,114,114,3,139.846402,0.037501464900972614,1.0,
AAPL:2026-07-16T15:10:00+00:00,AAPL,2026-07-16,2026-07-16T15:10:00+00:00,middle,0.2937205793950818,-0.0001324340436235083,true,true,true,130,130,3,130.3949525,0.033708248125425985,1.0,
AAPL:2026-07-16T15:15:00+00:00,AAPL,2026-07-16,2026-07-16T15:15:00+00:00,middle,0.2939171070454717,-0.001297592857241625,true,true,true,120,120,3,132.674919,0.03449301219149563,1.0,
AAPL:2026-07-16T15:20:00+00:00,AAPL,2026-07-16,2026-07-16T15:20:00+00:00,middle,0.2937874483425655,-0.008948145507276073,true,true,true,127,127,3,131.023481,0.027272727272727337,1.0,
AAPL:2026-07-16T15:25:00+00:00,AAPL,2026-07-16,2026-07-16T15:25:00+00:00,middle,0.2912525378130563,0.0036081291969493057,true,true,true,126,126,3,172.45611250000002,0.035895917457611115,0.9921259842519685,
AAPL:2026-07-16T15:30:00+00:00,AAPL,2026-07-16,2026-07-16T15:30:00+00:00,middle,0.29576840831548346,-0.004505737714841862,true,true,true,110,110,3,148.34635,0.03332924411960307,1.0,
AAPL:2026-07-16T15:35:00+00:00,AAPL,2026-07-16,2026-07-16T15:35:00+00:00,middle,0.2936819667688609,-0.0058763462473303,true,true,true,103,103,3,141.319627,0.03658536585365841,0.9809523809523809,
AAPL:2026-07-16T15:40:00+00:00,AAPL,2026-07-16,2026-07-16T15:40:00+00:00,middle,0.2899216967465505,0.0025783474057018974,true,true,true,110,110,3,180.453264,0.03809523809523796,0.9821428571428571,
AAPL:2026-07-16T15:45:00+00:00,AAPL,2026-07-16,2026-07-16T15:45:00+00:00,middle,0.29349257304796583,-0.008145569125890817,true,true,true,138,138,3,178.091161,0.04219709783673102,1.0,
AAPL:2026-07-16T15:50:00+00:00,AAPL,2026-07-16,2026-07-16T15:50:00+00:00,middle,0.2980043457318842,-0.0140898646546751,true,true,true,150,150,3,109.50694899999999,0.0374002964048423,1.0,
AAPL:2026-07-16T15:55:00+00:00,AAPL,2026-07-16,2026-07-16T15:55:00+00:00,middle,0.2911266975319423,-0.006059630493357726,true,true,true,157,157,3,141.345648,0.03680981595092033,0.9936708860759493,
AAPL:2026-07-16T16:00:00+00:00,AAPL,2026-07-16,2026-07-16T16:00:00+00:00,middle,0.2961281036483123,-0.010229645113646879,true,true,true,135,135,3,138.163991,0.0338983050847458,1.0,
AAPL:2026-07-16T16:05:00+00:00,AAPL,2026-07-16,2026-07-16T16:05:00+00:00,middle,0.29610998011463513,-0.007154977380745109,true,true,true,150,150,3,165.297195,0.035405932321403794,0.9933774834437086,
AAPL:2026-07-16T16:10:00+00:00,AAPL,2026-07-16,2026-07-16T16:10:00+00:00,middle,0.30007704096005483,-0.0168554078604356,true,true,true,142,142,3,154.5481575,0.04070426561776043,1.0,
AAPL:2026-07-16T16:15:00+00:00,AAPL,2026-07-16,2026-07-16T16:15:00+00:00,middle,0.3047304491527938,-0.021333839202851035,true,true,true,110,110,3,162.6424705,0.03024344141095414,1.0,
AAPL:2026-07-16T16:20:00+00:00,AAPL,2026-07-16,2026-07-16T16:20:00+00:00,middle,0.295615019518122,-0.0034130730359331896,true,true,true,126,126,3,143.2811375,0.04024291497975713,0.9921259842519685,
AAPL:2026-07-16T16:25:00+00:00,AAPL,2026-07-16,2026-07-16T16:25:00+00:00,middle,0.29730719504486025,-0.010921692153982754,true,true,true,86,86,3,162.524771,0.03780731846769585,1.0,
AAPL:2026-07-16T16:30:00+00:00,AAPL,2026-07-16,2026-07-16T16:30:00+00:00,middle,0.2993016405659616,-0.008723138018250531,true,true,true,87,87,3,159.544296,0.03367003367003367,1.0,
AAPL:2026-07-16T16:35:00+00:00,AAPL,2026-07-16,2026-07-16T16:35:00+00:00,middle,0.29827409394844623,-0.009281447163619061,true,true,true,97,97,3,135.205271,0.03442879499217524,1.0,
AAPL:2026-07-16T16:40:00+00:00,AAPL,2026-07-16,2026-07-16T16:40:00+00:00,middle,0.29702332798089087,-0.016677711548738205,true,true,true,144,144,3,115.89245149999999,0.04371181710761184,1.0,
AAPL:2026-07-16T16:45:00+00:00,AAPL,2026-07-16,2026-07-16T16:45:00+00:00,middle,0.2828027801686824,-0.0009055433846413274,true,true,true,107,107,3,127.662431,0.031625553447185324,1.0,
AAPL:2026-07-16T16:50:00+00:00,AAPL,2026-07-16,2026-07-16T16:50:00+00:00,middle,0.28678286090109123,0.0075649827489926436,true,true,true,111,111,3,109.711917,0.0425531914893617,0.9910714285714286,
AAPL:2026-07-16T16:55:00+00:00,AAPL,2026-07-16,2026-07-16T16:55:00+00:00,middle,0.2973198796557896,-0.0067036585513502445,true,true,true,133,133,3,176.917718,0.03943661971831002,0.9925373134328358,
AAPL:2026-07-16T17:00:00+00:00,AAPL,2026-07-16,2026-07-16T17:00:00+00:00,middle,0.29522153580904376,-0.004579535700894866,true,true,true,102,102,3,156.27124650000002,0.037915543575920856,0.9902912621359223,
AAPL:2026-07-16T17:05:00+00:00,AAPL,2026-07-16,2026-07-16T17:05:00+00:00,middle,0.2981528357734829,-0.003301202590644259,true,true,true,137,137,3,128.440799,0.03636363636363641,1.0,
AAPL:2026-07-16T17:10:00+00:00,AAPL,2026-07-16,2026-07-16T17:10:00+00:00,middle,0.30047318825116387,-0.011574511895321216,true,true,true,107,107,3,137.831524,0.029850746268656747,1.0,
AAPL:2026-07-16T17:15:00+00:00,AAPL,2026-07-16,2026-07-16T17:15:00+00:00,middle,0.3013370270192549,-0.0020764763970673727,true,true,true,107,107,3,144.191291,0.03278688524590167,1.0,
AAPL:2026-07-16T17:20:00+00:00,AAPL,2026-07-16,2026-07-16T17:20:00+00:00,middle,0.2967984881298952,-0.0015077364409490923,true,true,true,108,108,3,163.03589549999998,0.03671992629047848,0.9908256880733946,
AAPL:2026-07-16T17:25:00+00:00,AAPL,2026-07-16,2026-07-16T17:25:00+00:00,middle,0.30213248809759313,-0.010372360956437843,true,true,true,148,148,3,155.88009599999998,0.03794149401059074,0.9932885906040269,
AAPL:2026-07-16T17:30:00+00:00,AAPL,2026-07-16,2026-07-16T17:30:00+00:00,middle,0.3011301616903544,-0.00835046005132778,true,true,true,149,149,3,120.221524,0.03314917127071826,1.0,
AAPL:2026-07-16T17:35:00+00:00,AAPL,2026-07-16,2026-07-16T17:35:00+00:00,middle,0.2985811136869901,-0.0032545619654357205,true,true,true,156,156,3,141.485901,0.03592814371257491,0.975,
AAPL:2026-07-16T17:40:00+00:00,AAPL,2026-07-16,2026-07-16T17:40:00+00:00,middle,0.30703580734002217,-0.014730316434696467,true,true,true,172,172,3,155.327451,0.038681412619543706,1.0,
AAPL:2026-07-16T17:45:00+00:00,AAPL,2026-07-16,2026-07-16T17:45:00+00:00,middle,0.3053626680429019,-0.014003437937036012,true,true,true,144,144,3,128.352381,0.0360389610389611,1.0,
AAPL:2026-07-16T17:50:00+00:00,AAPL,2026-07-16,2026-07-16T17:50:00+00:00,middle,0.3026380843957812,-0.009899845229484172,true,true,true,130,130,3,159.25931,0.03438423645320202,1.0,
AAPL:2026-07-16T17:55:00+00:00,AAPL,2026-07-16,2026-07-16T17:55:00+00:00,middle,0.3045864480851069,-0.01411378101360794,true,true,true,101,101,3,128.954522,0.03115264797507788,1.0,
AAPL:2026-07-16T18:00:00+00:00,AAPL,2026-07-16,2026-07-16T18:00:00+00:00,middle,0.300093823389493,-0.003634653258569598,true,true,true,156,156,3,182.8575685,0.038098693759071094,1.0,
AAPL:2026-07-16T18:05:00+00:00,AAPL,2026-07-16,2026-07-16T18:05:00+00:00,middle,0.30001399043436344,-0.013752055397972418,true,true,true,106,106,3,161.95621,0.0391306197099231,1.0,
AAPL:2026-07-16T18:10:00+00:00,AAPL,2026-07-16,2026-07-16T18:10:00+00:00,middle,0.30158211381897326,-0.0038407735295592493,true,true,true,123,123,3,119.450881,0.03846153846153839,1.0,
AAPL:2026-07-16T18:15:00+00:00,AAPL,2026-07-16,2026-07-16T18:15:00+00:00,middle,0.32824360137083375,-0.04079639095723642,true,true,true,104,104,3,116.79397349999999,0.0412310592889652,1.0,
AAPL:2026-07-16T18:20:00+00:00,AAPL,2026-07-16,2026-07-16T18:20:00+00:00,middle,0.3041314039661587,-0.00390909533996886,true,true,true,140,140,3,152.33049799999998,0.05215382788805068,0.9929078014184397,
AAPL:2026-07-16T18:25:00+00:00,AAPL,2026-07-16,2026-07-16T18:25:00+00:00,middle,0.30225996750611067,-0.01065026755712184,true,true,true,115,115,3,128.9418,0.0448430493273541,0.9913793103448276,
AAPL:2026-07-16T18:30:00+00:00,AAPL,2026-07-16,2026-07-16T18:30:00+00:00,middle,0.2889567722464279,-0.019030045637235038,true,true,true,103,103,3,148.221969,0.04129793510324479,0.9903846153846154,
AAPL:2026-07-16T18:35:00+00:00,AAPL,2026-07-16,2026-07-16T18:35:00+00:00,middle,0.298568727099225,-0.007269008493974827,true,true,true,103,103,3,157.64381,0.038314176245210725,1.0,
AAPL:2026-07-16T18:40:00+00:00,AAPL,2026-07-16,2026-07-16T18:40:00+00:00,middle,0.30115877191412443,-0.0032725551139787257,true,true,true,97,97,3,149.248727,0.043076923076923145,0.97,
AAPL:2026-07-16T18:45:00+00:00,AAPL,2026-07-16,2026-07-16T18:45:00+00:00,middle,0.3023087687992603,-0.008542349716223696,true,true,true,102,102,3,129.839772,0.04109781843771998,1.0,
AAPL:2026-07-16T18:50:00+00:00,AAPL,2026-07-16,2026-07-16T18:50:00+00:00,middle,0.30112408946838226,-0.006182416037038008,true,true,true,103,103,3,150.994538,0.038147138964577616,1.0,
AAPL:2026-07-16T18:55:00+00:00,AAPL,2026-07-16,2026-07-16T18:55:00+00:00,middle,0.31111885507568715,-0.017127689273893854,true,true,true,159,159,3,142.423442,0.04494382022471915,1.0,
AAPL:2026-07-16T19:00:00+00:00,AAPL,2026-07-16,2026-07-16T19:00:00+00:00,last,0.3012474896848388,-0.0018736716337799386,true,true,true,140,140,3,152.0667295,0.03757222958994463,1.0,
AAPL:2026-07-16T19:05:00+00:00,AAPL,2026-07-16,2026-07-16T19:05:00+00:00,last,0.30210326320104675,-0.012848225646525713,true,true,true,108,108,3,135.063233,0.035643407160435056,1.0,
AAPL:2026-07-16T19:10:00+00:00,AAPL,2026-07-16,2026-07-16T19:10:00+00:00,last,0.3130857334540933,-0.018549148008786043,true,true,true,203,203,3,171.196037,0.0427184466019418,0.9902439024390244,
AAPL:2026-07-16T19:15:00+00:00,AAPL,2026-07-16,2026-07-16T19:15:00+00:00,last,0.2978096807262711,-0.01635592103711514,true,true,true,134,134,3,125.62208050000001,0.03455543795851544,0.9852941176470589,
AAPL:2026-07-16T19:20:00+00:00,AAPL,2026-07-16,2026-07-16T19:20:00+00:00,last,0.30588089307267596,-0.00010710207466035904,true,true,true,145,145,3,134.994814,0.03617571059431521,1.0,
AAPL:2026-07-16T19:25:00+00:00,AAPL,2026-07-16,2026-07-16T19:25:00+00:00,last,0.3067586644236967,-0.007121002740017923,true,true,true,145,145,3,149.271455,0.03508771929824549,1.0,
AMZN:2026-07-16T13:35:00+00:00,AMZN,2026-07-16,2026-07-16T13:35:00+00:00,first,0.46034430608510224,-0.04026658027695129,true,true,true,192,192,3,103.223426,0.07275533917999694,1.0,
AMZN:2026-07-16T13:40:00+00:00,AMZN,2026-07-16,2026-07-16T13:40:00+00:00,first,0.44609946938500555,-0.027268039196945648,true,true,true,96,96,3,127.93731700000001,0.053205037498231286,1.0,
AMZN:2026-07-16T13:45:00+00:00,AMZN,2026-07-16,2026-07-16T13:45:00+00:00,first,0.44184340057603266,-0.028231548087038094,true,true,true,98,98,3,128.649577,0.053917497231450666,1.0,
AMZN:2026-07-16T13:50:00+00:00,AMZN,2026-07-16,2026-07-16T13:50:00+00:00,middle,0.44216019919965416,-0.026111150526136107,true,true,true,94,94,3,154.4297765,0.058748613450556694,1.0,
AMZN:2026-07-16T13:55:00+00:00,AMZN,2026-07-16,2026-07-16T13:55:00+00:00,middle,0.427978953192234,-0.01914217685279257,true,true,true,74,74,3,187.8771405,0.04950616376246847,1.0,
AMZN:2026-07-16T14:00:00+00:00,AMZN,2026-07-16,2026-07-16T14:00:00+00:00,middle,0.44942356387995563,-0.0399067918118835,true,true,true,89,89,3,129.322744,0.05660377358490562,1.0,
AMZN:2026-07-16T14:05:00+00:00,AMZN,2026-07-16,2026-07-16T14:05:00+00:00,middle,0.4435692899732292,-0.036151401918888104,true,true,true,89,89,3,134.590231,0.04761904761904767,1.0,
AMZN:2026-07-16T14:10:00+00:00,AMZN,2026-07-16,2026-07-16T14:10:00+00:00,middle,0.4373535325946883,-0.024471874111056335,true,true,true,97,97,3,177.079068,0.05128205128205133,1.0,
AMZN:2026-07-16T14:15:00+00:00,AMZN,2026-07-16,2026-07-16T14:15:00+00:00,middle,0.4460520837018863,-0.035878375447519206,true,true,true,87,87,3,145.921615,0.049999999999999906,1.0,
AMZN:2026-07-16T14:20:00+00:00,AMZN,2026-07-16,2026-07-16T14:20:00+00:00,middle,0.4369193873501346,-0.018440444059617755,true,true,true,83,83,3,104.973556,0.0402684563758389,0.9880952380952381,
AMZN:2026-07-16T14:25:00+00:00,AMZN,2026-07-16,2026-07-16T14:25:00+00:00,middle,0.43434036939231313,-0.02278223178121458,true,true,true,107,107,3,164.252983,0.04472843450479236,1.0,
AMZN:2026-07-16T14:30:00+00:00,AMZN,2026-07-16,2026-07-16T14:30:00+00:00,middle,0.41773407164431364,-0.03030560304589569,true,true,true,83,83,3,124.155051,0.0353356890459364,1.0,
AMZN:2026-07-16T14:35:00+00:00,AMZN,2026-07-16,2026-07-16T14:35:00+00:00,middle,0.43695429331325,-0.021454166055425994,true,true,true,129,129,3,161.297476,0.042553191489361625,1.0,
AMZN:2026-07-16T14:40:00+00:00,AMZN,2026-07-16,2026-07-16T14:40:00+00:00,middle,0.4299066787774339,-0.0195401122828871,true,true,true,111,111,3,152.249052,0.03686635944700464,1.0,
AMZN:2026-07-16T14:45:00+00:00,AMZN,2026-07-16,2026-07-16T14:45:00+00:00,middle,0.43645294384515293,-0.017692964710727344,true,true,true,96,96,3,124.878972,0.03194751017597858,1.0,
AMZN:2026-07-16T14:50:00+00:00,AMZN,2026-07-16,2026-07-16T14:50:00+00:00,middle,0.4199131797685772,-0.025956849032834184,true,true,true,104,104,3,154.6319225,0.04176933376644984,1.0,
AMZN:2026-07-16T14:55:00+00:00,AMZN,2026-07-16,2026-07-16T14:55:00+00:00,middle,0.44570173884583647,-0.03388135947662596,true,true,true,116,116,3,127.308643,0.038918964404925566,0.9666666666666667,
AMZN:2026-07-16T15:00:00+00:00,AMZN,2026-07-16,2026-07-16T15:00:00+00:00,middle,0.419699571665585,-0.03393068231031293,true,true,true,89,89,3,159.439434,0.03295310519645131,0.9888888888888889,
AMZN:2026-07-16T15:05:00+00:00,AMZN,2026-07-16,2026-07-16T15:05:00+00:00,middle,0.4396027879212424,-0.027978340156093295,true,true,true,78,78,3,155.054523,0.03883495145631071,0.9873417721518988,
AMZN:2026-07-16T15:10:00+00:00,AMZN,2026-07-16,2026-07-16T15:10:00+00:00,middle,0.42516937706395236,-0.020605694106742622,true,true,true,67,67,3,136.975656,0.03883495145631071,0.9852941176470589,
AMZN:2026-07-16T15:15:00+00:00,AMZN,2026-07-16,2026-07-16T15:15:00+00:00,middle,0.4445057905140594,-0.03266203495290132,true,true,true,64,64,3,142.375927,0.034642078524711524,1.0,
AMZN:2026-07-16T15:20:00+00:00,AMZN,2026-07-16,2026-07-16T15:20:00+00:00,middle,0.431182255173415,-0.010965427053339916,true,true,true,72,72,3,153.29306350000002,0.03377158244891497,1.0,
AMZN:2026-07-16T15:25:00+00:00,AMZN,2026-07-16,2026-07-16T15:25:00+00:00,middle,0.43714545654668285,-0.025762314412355436,true,true,true,70,70,3,166.8564245,0.039354838709677514,1.0,
AMZN:2026-07-16T15:30:00+00:00,AMZN,2026-07-16,2026-07-16T15:30:00+00:00,middle,0.4404681354316027,-0.034927867817968195,true,true,true,88,88,3,144.944093,0.04604550789384013,1.0,
AMZN:2026-07-16T15:35:00+00:00,AMZN,2026-07-16,2026-07-16T15:35:00+00:00,middle,0.4360529595058039,-0.02822748752142501,true,true,true,67,67,3,174.503413,0.03396226415094334,1.0,
AMZN:2026-07-16T15:40:00+00:00,AMZN,2026-07-16,2026-07-16T15:40:00+00:00,middle,0.43096469826349615,-0.008910967117533086,true,true,true,54,54,3,180.79072000000002,0.0283295212872678,0.9818181818181818,
AMZN:2026-07-16T15:45:00+00:00,AMZN,2026-07-16,2026-07-16T15:45:00+00:00,middle,0.4426145913929306,-0.037781439615875545,true,true,true,68,68,3,147.4185175,0.03921945592617517,1.0,
AMZN:2026-07-16T15:50:00+00:00,AMZN,2026-07-16,2026-07-16T15:50:00+00:00,middle,0.44160345467589796,-0.008547080833956555,true,true,true,73,73,3,151.775725,0.041237113402061897,1.0,
AMZN:2026-07-16T15:55:00+00:00,AMZN,2026-07-16,2026-07-16T15:55:00+00:00,middle,0.44027665554855766,-0.01531228116872907,true,true,true,84,84,3,165.9385355,0.03990397954136958,1.0,
AMZN:2026-07-16T16:00:00+00:00,AMZN,2026-07-16,2026-07-16T16:00:00+00:00,middle,0.43520966570959985,-0.02271320216578987,true,true,true,77,77,3,153.001894,0.0328767123287672,0.9871794871794872,
AMZN:2026-07-16T16:05:00+00:00,AMZN,2026-07-16,2026-07-16T16:05:00+00:00,middle,0.4398661286397725,-0.023972387287735875,true,true,true,75,75,3,110.966716,0.027397260273972508,1.0,
AMZN:2026-07-16T16:10:00+00:00,AMZN,2026-07-16,2026-07-16T16:10:00+00:00,middle,0.43963814091910425,-0.02593196409861742,true,true,true,77,77,3,149.758836,0.027434842249657063,1.0,
AMZN:2026-07-16T16:15:00+00:00,AMZN,2026-07-16,2026-07-16T16:15:00+00:00,middle,0.4386042985622436,-0.023265848871037276,true,true,true,75,75,3,164.047482,0.02919708029197083,1.0,
AMZN:2026-07-16T16:20:00+00:00,AMZN,2026-07-16,2026-07-16T16:20:00+00:00,middle,0.4425511497118362,-0.03192386882789444,true,true,true,91,91,3,162.401227,0.03211009174311924,1.0,
AMZN:2026-07-16T16:25:00+00:00,AMZN,2026-07-16,2026-07-16T16:25:00+00:00,middle,0.4363340698555037,-0.02347126133701194,true,true,true,79,79,3,162.845615,0.03861003861003861,1.0,
AMZN:2026-07-16T16:30:00+00:00,AMZN,2026-07-16,2026-07-16T16:30:00+00:00,middle,0.4208043249090948,-0.021700780223861516,true,true,true,69,69,3,130.538452,0.03932203389830516,1.0,
AMZN:2026-07-16T16:35:00+00:00,AMZN,2026-07-16,2026-07-16T16:35:00+00:00,middle,0.4360523634594753,-0.02531788736863433,true,true,true,70,70,3,146.027449,0.028778467908902573,1.0,
AMZN:2026-07-16T16:40:00+00:00,AMZN,2026-07-16,2026-07-16T16:40:00+00:00,middle,0.4381757039991245,-0.030287349127083973,true,true,true,70,70,3,147.33297,0.022872255402008164,1.0,
AMZN:2026-07-16T16:45:00+00:00,AMZN,2026-07-16,2026-07-16T16:45:00+00:00,middle,0.4377666672061608,-0.005091353232637041,true,true,true,69,69,3,158.378298,0.03181336161187699,1.0,
AMZN:2026-07-16T16:50:00+00:00,AMZN,2026-07-16,2026-07-16T16:50:00+00:00,middle,0.411941376773905,-0.025662066870473232,true,true,true,90,90,3,177.627991,0.03161857760039993,1.0,
AMZN:2026-07-16T16:55:00+00:00,AMZN,2026-07-16,2026-07-16T16:55:00+00:00,middle,0.4368442110069469,-0.021191309624537857,true,true,true,75,75,3,136.163223,0.03200000000000003,1.0,
AMZN:2026-07-16T17:00:00+00:00,AMZN,2026-07-16,2026-07-16T17:00:00+00:00,middle,0.43868673922006046,-0.031016090269521013,true,true,true,99,99,3,154.718537,0.03921568627450984,1.0,
AMZN:2026-07-16T17:05:00+00:00,AMZN,2026-07-16,2026-07-16T17:05:00+00:00,middle,0.4346807304723598,-0.008704437064692372,true,true,true,59,59,3,154.298582,0.03294117647058837,1.0,
AMZN:2026-07-16T17:10:00+00:00,AMZN,2026-07-16,2026-07-16T17:10:00+00:00,middle,0.43144585666221386,-0.005663259684875577,true,true,true,55,55,3,155.677329,0.032258064516129066,1.0,
AMZN:2026-07-16T17:15:00+00:00,AMZN,2026-07-16,2026-07-16T17:15:00+00:00,middle,0.43635653335151076,-0.0010989604182541357,true,true,true,48,48,3,134.76700699999998,0.04072419035334231,1.0,
AMZN:2026-07-16T17:20:00+00:00,AMZN,2026-07-16,2026-07-16T17:20:00+00:00,middle,0.43470291457165033,-0.02150505351072557,true,true,true,76,76,3,149.7871765,0.03950703950703953,1.0,
AMZN:2026-07-16T17:25:00+00:00,AMZN,2026-07-16,2026-07-16T17:25:00+00:00,middle,0.4410728989377022,-0.03471962413193286,true,true,true,61,61,3,171.649472,0.03200000000000003,1.0,
AMZN:2026-07-16T17:30:00+00:00,AMZN,2026-07-16,2026-07-16T17:30:00+00:00,middle,0.4356671871461012,0.009672416302248688,true,true,true,53,53,3,127.485001,0.03571428571428568,1.0,
AMZN:2026-07-16T17:35:00+00:00,AMZN,2026-07-16,2026-07-16T17:35:00+00:00,middle,0.4419970315172151,-0.0395496855552942,true,true,true,78,78,3,126.292503,0.03699748027250381,1.0,
AMZN:2026-07-16T17:40:00+00:00,AMZN,2026-07-16,2026-07-16T17:40:00+00:00,middle,0.4395904199599251,-0.030081862155318162,true,true,true,77,77,3,192.182947,0.04620462046204616,1.0,
AMZN:2026-07-16T17:45:00+00:00,AMZN,2026-07-16,2026-07-16T17:45:00+00:00,middle,0.43276337981856616,-0.017262842778891285,true,true,true,90,90,3,196.39540399999998,0.04519918283963232,1.0,
AMZN:2026-07-16T17:50:00+00:00,AMZN,2026-07-16,2026-07-16T17:50:00+00:00,middle,0.43025074652058637,-0.015922483597576642,true,true,true,77,77,3,152.16151,0.050420168067226864,1.0,
AMZN:2026-07-16T17:55:00+00:00,AMZN,2026-07-16,2026-07-16T17:55:00+00:00,middle,0.43690254904135317,-0.019558328948803272,true,true,true,55,55,3,145.080044,0.036866359447004636,1.0,
AMZN:2026-07-16T18:00:00+00:00,AMZN,2026-07-16,2026-07-16T18:00:00+00:00,middle,0.4493623387461454,-0.0429784420602472,true,true,true,91,91,3,101.285262,0.046082949308755804,1.0,
AMZN:2026-07-16T18:05:00+00:00,AMZN,2026-07-16,2026-07-16T18:05:00+00:00,middle,0.4354522379388698,-0.01866202428225433,true,true,true,73,73,3,203.159634,0.0411522633744856,1.0,
AMZN:2026-07-16T18:10:00+00:00,AMZN,2026-07-16,2026-07-16T18:10:00+00:00,middle,0.44066322884551434,-0.019157748563125743,true,true,true,93,93,3,123.901148,0.043076923076923145,1.0,
AMZN:2026-07-16T18:15:00+00:00,AMZN,2026-07-16,2026-07-16T18:15:00+00:00,middle,0.4472858996019735,-0.026712263248473422,true,true,true,79,79,3,102.748816,0.040160642570281124,1.0,
AMZN:2026-07-16T18:20:00+00:00,AMZN,2026-07-16,2026-07-16T18:20:00+00:00,middle,0.442631913989354,-0.02887874264115098,true,true,true,80,80,3,161.9883505,0.03461691939345556,1.0,
AMZN:2026-07-16T18:25:00+00:00,AMZN,2026-07-16,2026-07-16T18:25:00+00:00,middle,0.4426194342693501,-0.04498551631293429,true,true,true,123,123,3,102.795751,0.03576751117734712,1.0,
AMZN:2026-07-16T18:30:00+00:00,AMZN,2026-07-16,2026-07-16T18:30:00+00:00,middle,0.440544056832701,-0.025350073870375744,true,true,true,122,122,3,179.1306215,0.0396633433622402,1.0,
AMZN:2026-07-16T18:35:00+00:00,AMZN,2026-07-16,2026-07-16T18:35:00+00:00,middle,0.4416268494942934,-0.01963018978428832,true,true,true,74,74,3,145.558155,0.04052508420864854,1.0,
AMZN:2026-07-16T18:40:00+00:00,AMZN,2026-07-16,2026-07-16T18:40:00+00:00,middle,0.44839150966208063,-0.04415079068270322,true,true,true,101,101,3,126.240329,0.05225653206650838,1.0,
AMZN:2026-07-16T18:45:00+00:00,AMZN,2026-07-16,2026-07-16T18:45:00+00:00,middle,0.43375404606950285,-0.01418452426222716,true,true,true,99,99,3,175.621475,0.03468208092485557,1.0,
AMZN:2026-07-16T18:50:00+00:00,AMZN,2026-07-16,2026-07-16T18:50:00+00:00,middle,0.4384567770959288,-0.016881596645996033,true,true,true,75,75,3,137.488781,0.04597701149425292,1.0,
AMZN:2026-07-16T18:55:00+00:00,AMZN,2026-07-16,2026-07-16T18:55:00+00:00,middle,0.4428793104685955,-0.030804419317096543,true,true,true,79,79,3,143.724023,0.039735099337748395,1.0,
AMZN:2026-07-16T19:00:00+00:00,AMZN,2026-07-16,2026-07-16T19:00:00+00:00,last,0.4426605614660196,-0.00747091918776932,true,true,true,64,64,3,141.5788195,0.03565178757627683,0.9846153846153847,
AMZN:2026-07-16T19:05:00+00:00,AMZN,2026-07-16,2026-07-16T19:05:00+00:00,last,0.42451225461317976,-0.03388039090134204,true,true,true,65,65,3,151.971501,0.04494382022471915,1.0,
AMZN:2026-07-16T19:10:00+00:00,AMZN,2026-07-16,2026-07-16T19:10:00+00:00,last,0.444069149325505,-0.03285764990735063,true,true,true,98,98,3,149.6225005,0.03968316457490197,1.0,
AMZN:2026-07-16T19:15:00+00:00,AMZN,2026-07-16,2026-07-16T19:15:00+00:00,last,0.44151319091001906,-0.02653106516459597,true,true,true,81,81,3,143.133927,0.046511627906976744,1.0,
AMZN:2026-07-16T19:20:00+00:00,AMZN,2026-07-16,2026-07-16T19:20:00+00:00,last,0.4426447289854177,-0.03486155766391741,true,true,true,107,107,3,132.347766,0.04195804195804193,1.0,
AMZN:2026-07-16T19:25:00+00:00,AMZN,2026-07-16,2026-07-16T19:25:00+00:00,last,0.4431244717741051,-0.030225211297333243,true,true,true,90,90,3,142.21822550000002,0.04044117647058822,1.0,
META:2026-07-16T13:35:00+00:00,META,2026-07-16,2026-07-16T13:35:00+00:00,first,0.5434343284372072,-0.06468959721551454,true,true,true,229,229,3,124.627386,0.07510431154381073,1.0,
META:2026-07-16T13:40:00+00:00,META,2026-07-16,2026-07-16T13:40:00+00:00,first,0.5676255951126535,-0.05094448948255936,true,true,true,161,161,3,155.669753,0.05626598465473153,1.0,
META:2026-07-16T13:45:00+00:00,META,2026-07-16,2026-07-16T13:45:00+00:00,first,0.5644451012167633,-0.04755518379397705,true,true,true,220,220,3,158.7416285,0.04850152104552588,1.0,
META:2026-07-16T13:50:00+00:00,META,2026-07-16,2026-07-16T13:50:00+00:00,middle,0.5402803586029373,-0.024226880443576904,true,true,true,134,134,3,156.822092,0.0512947195206012,0.9781021897810219,
META:2026-07-16T13:55:00+00:00,META,2026-07-16,2026-07-16T13:55:00+00:00,middle,0.5280818793338686,-0.03620620092821902,true,true,true,132,132,3,181.43095399999999,0.05220635950681369,1.0,
META:2026-07-16T14:00:00+00:00,META,2026-07-16,2026-07-16T14:00:00+00:00,middle,0.5565853456186335,-0.04217947920972853,true,true,true,106,106,3,164.17826300000002,0.05178047758692925,1.0,
META:2026-07-16T14:05:00+00:00,META,2026-07-16,2026-07-16T14:05:00+00:00,middle,0.525670853308458,-0.027302535378210258,true,true,true,127,127,3,167.428988,0.04814004376367605,1.0,
META:2026-07-16T14:10:00+00:00,META,2026-07-16,2026-07-16T14:10:00+00:00,middle,0.534211414885696,-0.03595908384569391,true,true,true,99,99,3,199.272054,0.046767537826685086,1.0,
META:2026-07-16T14:15:00+00:00,META,2026-07-16,2026-07-16T14:15:00+00:00,middle,0.5227863243543618,-0.044131437803473506,true,true,true,90,90,3,199.808213,0.04356452726017947,1.0,
META:2026-07-16T14:20:00+00:00,META,2026-07-16,2026-07-16T14:20:00+00:00,middle,0.5275387600566539,-0.028128655589573004,true,true,true,89,89,3,128.973303,0.053731343283582145,1.0,
META:2026-07-16T14:25:00+00:00,META,2026-07-16,2026-07-16T14:25:00+00:00,middle,0.5338023780927321,-0.026507204685006114,true,true,true,118,118,3,142.84467999999998,0.039659677095196647,1.0,
META:2026-07-16T14:30:00+00:00,META,2026-07-16,2026-07-16T14:30:00+00:00,middle,0.5501510348152184,-0.027480473833728536,true,true,true,132,132,3,149.259953,0.04387935183699658,1.0,
META:2026-07-16T14:35:00+00:00,META,2026-07-16,2026-07-16T14:35:00+00:00,middle,0.5205009616588111,-0.045685256076198,true,true,true,145,145,3,160.680604,0.04658385093167713,1.0,
META:2026-07-16T14:40:00+00:00,META,2026-07-16,2026-07-16T14:40:00+00:00,middle,0.5614514026523045,-0.04281447344055367,true,true,true,150,150,3,160.0680125,0.036179960560315465,1.0,
META:2026-07-16T14:45:00+00:00,META,2026-07-16,2026-07-16T14:45:00+00:00,middle,0.5503653786628973,-0.020771935153063414,true,true,true,106,106,3,168.9587325,0.03516500502357221,1.0,
META:2026-07-16T14:50:00+00:00,META,2026-07-16,2026-07-16T14:50:00+00:00,middle,0.5393245051828772,-0.032524497262589436,true,true,true,92,92,3,150.272681,0.03557326146815856,1.0,
META:2026-07-16T14:55:00+00:00,META,2026-07-16,2026-07-16T14:55:00+00:00,middle,0.5575397834286635,-0.041761538974732226,true,true,true,97,97,3,185.34772,0.03883495145631071,1.0,
META:2026-07-16T15:00:00+00:00,META,2026-07-16,2026-07-16T15:00:00+00:00,middle,0.5536961879922672,-0.036612201610196404,true,true,true,137,137,3,126.368196,0.037533512064343126,0.9927536231884058,
META:2026-07-16T15:05:00+00:00,META,2026-07-16,2026-07-16T15:05:00+00:00,middle,0.556371681636298,-0.058007787487395324,true,true,true,82,82,3,194.4986505,0.04391916417165488,1.0,
META:2026-07-16T15:10:00+00:00,META,2026-07-16,2026-07-16T15:10:00+00:00,middle,0.5468652362968772,-0.02623609673775751,true,true,true,92,92,3,159.634062,0.03682877051347827,0.9583333333333334,
META:2026-07-16T15:15:00+00:00,META,2026-07-16,2026-07-16T15:15:00+00:00,middle,0.5374504051407987,-0.07115576855783518,true,true,true,84,84,3,201.3603725,0.03369832781597487,1.0,
META:2026-07-16T15:20:00+00:00,META,2026-07-16,2026-07-16T15:20:00+00:00,middle,0.5544947596873826,-0.03764744095063932,true,true,true,122,122,3,180.1455065,0.03448065829246405,1.0,
META:2026-07-16T15:25:00+00:00,META,2026-07-16,2026-07-16T15:25:00+00:00,middle,0.5347630464495401,-0.03778512765253317,true,true,true,93,93,3,193.022187,0.0360960224285965,1.0,
META:2026-07-16T15:30:00+00:00,META,2026-07-16,2026-07-16T15:30:00+00:00,middle,0.534695823599549,-0.038871664230127,true,true,true,73,73,3,159.439742,0.0392156862745098,1.0,
META:2026-07-16T15:35:00+00:00,META,2026-07-16,2026-07-16T15:35:00+00:00,middle,0.5367490355633552,-0.030343619625788354,true,true,true,83,83,3,167.520995,0.03374908290535579,1.0,
META:2026-07-16T15:40:00+00:00,META,2026-07-16,2026-07-16T15:40:00+00:00,middle,0.5074853866923228,-0.056611474456988276,true,true,true,47,47,3,172.790548,0.03883495145631071,1.0,
META:2026-07-16T15:45:00+00:00,META,2026-07-16,2026-07-16T15:45:00+00:00,middle,0.5542683738412222,-0.03922033270587766,true,true,true,71,71,3,137.359022,0.03899721448467962,1.0,
META:2026-07-16T15:50:00+00:00,META,2026-07-16,2026-07-16T15:50:00+00:00,middle,0.5363208042159675,-0.042008544298570705,true,true,true,58,58,3,157.11514499999998,0.039889596758893836,1.0,
META:2026-07-16T15:55:00+00:00,META,2026-07-16,2026-07-16T15:55:00+00:00,middle,0.5580473448170908,-0.0683563252171388,true,true,true,62,62,3,158.70979549999998,0.03771993469980042,1.0,
META:2026-07-16T16:00:00+00:00,META,2026-07-16,2026-07-16T16:00:00+00:00,middle,0.5569752251100688,-0.05087534810844807,true,true,true,78,78,3,140.4359345,0.03853787392018277,1.0,
META:2026-07-16T16:05:00+00:00,META,2026-07-16,2026-07-16T16:05:00+00:00,middle,0.5639924599095769,-0.048982472607020155,true,true,true,105,105,3,206.085715,0.03705558337506262,1.0,
META:2026-07-16T16:10:00+00:00,META,2026-07-16,2026-07-16T16:10:00+00:00,middle,0.5512641047676561,-0.036304939727831886,true,true,true,74,74,3,174.8437715,0.03131639803174935,1.0,
META:2026-07-16T16:15:00+00:00,META,2026-07-16,2026-07-16T16:15:00+00:00,middle,0.5342462649694681,-0.03512089369617777,true,true,true,90,90,3,121.9891905,0.03773584905660376,1.0,
META:2026-07-16T16:20:00+00:00,META,2026-07-16,2026-07-16T16:20:00+00:00,middle,0.5352146539888754,-0.06360175678657753,true,true,true,120,120,3,225.02801549999998,0.04128239436860712,1.0,
META:2026-07-16T16:25:00+00:00,META,2026-07-16,2026-07-16T16:25:00+00:00,middle,0.5514144108879119,-0.03413825544422877,true,true,true,119,119,3,173.951103,0.038251366120218545,1.0,
META:2026-07-16T16:30:00+00:00,META,2026-07-16,2026-07-16T16:30:00+00:00,middle,0.5416182032138035,-0.028716804304264376,true,true,true,89,89,3,178.33444,0.031250000000000076,0.9888888888888889,
META:2026-07-16T16:35:00+00:00,META,2026-07-16,2026-07-16T16:35:00+00:00,middle,0.5331902012604214,-0.03410791296081617,true,true,true,99,99,3,163.247137,0.022944550669215982,1.0,
META:2026-07-16T16:40:00+00:00,META,2026-07-16,2026-07-16T16:40:00+00:00,middle,0.5538732696311884,-0.038662302957225725,true,true,true,90,90,3,173.213738,0.0318805133381077,1.0,
META:2026-07-16T16:45:00+00:00,META,2026-07-16,2026-07-16T16:45:00+00:00,middle,0.5337205893605872,-0.03274710193985331,true,true,true,125,125,3,175.639704,0.031933767001774124,1.0,
META:2026-07-16T16:50:00+00:00,META,2026-07-16,2026-07-16T16:50:00+00:00,middle,0.5506181302458718,-0.029251625498998735,true,true,true,79,79,3,121.143074,0.03350083752093802,0.9875,
META:2026-07-16T16:55:00+00:00,META,2026-07-16,2026-07-16T16:55:00+00:00,middle,0.5380348844452798,-0.030052376488503008,true,true,true,73,73,3,161.489991,0.027397260273972508,1.0,
META:2026-07-16T17:00:00+00:00,META,2026-07-16,2026-07-16T17:00:00+00:00,middle,0.545452084957689,-0.03543074465478202,true,true,true,75,75,3,151.334852,0.035137034434293744,0.9868421052631579,
META:2026-07-16T17:05:00+00:00,META,2026-07-16,2026-07-16T17:05:00+00:00,middle,0.5423945349302851,-0.03816836681534019,true,true,true,69,69,3,173.892012,0.035928143712574794,1.0,
META:2026-07-16T17:10:00+00:00,META,2026-07-16,2026-07-16T17:10:00+00:00,middle,0.5469283799548073,-0.018662694834373994,true,true,true,74,74,3,202.0117905,0.03229317101228583,1.0,
META:2026-07-16T17:15:00+00:00,META,2026-07-16,2026-07-16T17:15:00+00:00,middle,0.5265232926905156,-0.035287823921065775,true,true,true,52,52,3,124.789131,0.03562504957563262,1.0,
META:2026-07-16T17:20:00+00:00,META,2026-07-16,2026-07-16T17:20:00+00:00,middle,0.5359471669869851,-0.03378686750710369,true,true,true,67,67,3,212.6957,0.03526448362720399,1.0,
META:2026-07-16T17:25:00+00:00,META,2026-07-16,2026-07-16T17:25:00+00:00,middle,0.5532487714036797,0.04640231843588494,true,true,true,43,43,3,143.38803,0.02843601895734587,1.0,
META:2026-07-16T17:30:00+00:00,META,2026-07-16,2026-07-16T17:30:00+00:00,middle,0.5305789129818437,-0.03048687563556407,true,true,true,70,70,3,173.05629549999998,0.03536341462879168,1.0,
META:2026-07-16T17:35:00+00:00,META,2026-07-16,2026-07-16T17:35:00+00:00,middle,0.5324927711766809,-0.058836887930400594,true,true,true,54,54,3,137.992559,0.03303524566999079,1.0,
META:2026-07-16T17:40:00+00:00,META,2026-07-16,2026-07-16T17:40:00+00:00,middle,0.5492662506066132,-0.04075269331077491,true,true,true,107,107,3,104.685357,0.04316546762589926,1.0,
META:2026-07-16T17:45:00+00:00,META,2026-07-16,2026-07-16T17:45:00+00:00,middle,0.5185366816698684,-0.029904575625471774,true,true,true,58,58,3,181.4400105,0.031161160906598956,1.0,
META:2026-07-16T17:50:00+00:00,META,2026-07-16,2026-07-16T17:50:00+00:00,middle,0.5345985469760857,-0.03147683408148594,true,true,true,67,67,3,144.672092,0.02315227070347279,1.0,
META:2026-07-16T17:55:00+00:00,META,2026-07-16,2026-07-16T17:55:00+00:00,middle,0.5163794782481789,-0.025813425385028066,true,true,true,63,63,3,141.854709,0.028708133971291933,0.9692307692307692,
META:2026-07-16T18:00:00+00:00,META,2026-07-16,2026-07-16T18:00:00+00:00,middle,0.5663390011728182,-0.03898023779416104,true,true,true,50,50,3,134.9021035,0.03284191077408683,1.0,
META:2026-07-16T18:05:00+00:00,META,2026-07-16,2026-07-16T18:05:00+00:00,middle,0.5498620641045608,-0.03220490467180315,true,true,true,51,51,3,178.519521,0.03158196956646569,1.0,
META:2026-07-16T18:10:00+00:00,META,2026-07-16,2026-07-16T18:10:00+00:00,middle,0.53323892804778,-0.013970022089742296,true,true,true,124,124,3,131.853569,0.03414816974139011,0.992,
META:2026-07-16T18:15:00+00:00,META,2026-07-16,2026-07-16T18:15:00+00:00,middle,0.5413147038738877,-0.0631224424061888,true,true,true,141,141,3,233.252335,0.051051051051051136,1.0,
META:2026-07-16T18:20:00+00:00,META,2026-07-16,2026-07-16T18:20:00+00:00,middle,0.5535766341372745,-0.037227544938627566,true,true,true,61,61,3,152.608047,0.042780748663101636,1.0,
META:2026-07-16T18:25:00+00:00,META,2026-07-16,2026-07-16T18:25:00+00:00,middle,0.5669745914499722,-0.05045195032425598,true,true,true,78,78,3,155.677526,0.03902722677095938,1.0,
META:2026-07-16T18:30:00+00:00,META,2026-07-16,2026-07-16T18:30:00+00:00,middle,0.5211297067164108,-0.030052003959547546,true,true,true,78,78,3,183.125982,0.047322379843101475,1.0,
META:2026-07-16T18:35:00+00:00,META,2026-07-16,2026-07-16T18:35:00+00:00,middle,0.5407196074941791,-0.044578118647374265,true,true,true,61,61,3,176.658866,0.04146730462519938,1.0,
META:2026-07-16T18:40:00+00:00,META,2026-07-16,2026-07-16T18:40:00+00:00,middle,0.510272285120448,-0.059782925212487625,true,true,true,62,62,3,163.8144935,0.04555400413975236,1.0,
META:2026-07-16T18:45:00+00:00,META,2026-07-16,2026-07-16T18:45:00+00:00,middle,0.5271220864201057,-0.043770252354823236,true,true,true,66,66,3,173.049181,0.038462993078930495,1.0,
META:2026-07-16T18:50:00+00:00,META,2026-07-16,2026-07-16T18:50:00+00:00,middle,0.5482134930920453,-0.02523112537493566,true,true,true,47,47,3,141.503757,0.0508083140877598,1.0,
META:2026-07-16T18:55:00+00:00,META,2026-07-16,2026-07-16T18:55:00+00:00,middle,0.556498322854666,-0.037405129491638434,true,true,true,44,44,3,224.7891275,0.054327242320651226,1.0,
META:2026-07-16T19:00:00+00:00,META,2026-07-16,2026-07-16T19:00:00+00:00,last,0.5508937644199281,-0.030242422135070113,true,true,true,61,61,3,141.635973,0.03963963963963969,1.0,
META:2026-07-16T19:05:00+00:00,META,2026-07-16,2026-07-16T19:05:00+00:00,last,0.5553530850269347,-0.03629210610532019,true,true,true,86,86,3,180.3772505,0.035202814105581945,1.0,
META:2026-07-16T19:10:00+00:00,META,2026-07-16,2026-07-16T19:10:00+00:00,last,0.5556533154252675,-0.056016471209518914,true,true,true,97,97,3,190.516124,0.036872218690400395,1.0,
META:2026-07-16T19:15:00+00:00,META,2026-07-16,2026-07-16T19:15:00+00:00,last,0.5586435680968892,-0.0444255680401624,true,true,true,115,115,3,173.338536,0.03852889667250449,1.0,
META:2026-07-16T19:20:00+00:00,META,2026-07-16,2026-07-16T19:20:00+00:00,last,0.5304653009636886,-0.032080908409018005,true,true,true,137,137,3,125.475571,0.042654028436019,1.0,
META:2026-07-16T19:25:00+00:00,META,2026-07-16,2026-07-16T19:25:00+00:00,last,0.5205229315539524,-0.0524359650346079,true,true,true,86,86,3,158.235849,0.04530113621022713,1.0,
MSFT:2026-07-16T13:35:00+00:00,MSFT,2026-07-16,2026-07-16T13:35:00+00:00,first,0.44988490373824913,-0.039253450530007505,true,true,true,201,201,3,210.754166,0.08450704225352106,0.995049504950495,
MSFT:2026-07-16T13:40:00+00:00,MSFT,2026-07-16,2026-07-16T13:40:00+00:00,first,0.480854390635457,-0.038183919899225316,true,true,true,133,133,3,156.975274,0.06661732050333087,1.0,
MSFT:2026-07-16T13:45:00+00:00,MSFT,2026-07-16,2026-07-16T13:45:00+00:00,first,0.47272837927972156,-0.043781502729274335,true,true,true,191,191,3,170.679207,0.07479674796747958,1.0,
MSFT:2026-07-16T13:50:00+00:00,MSFT,2026-07-16,2026-07-16T13:50:00+00:00,middle,0.4480186640571282,-0.02091042279221128,true,true,true,143,143,3,177.699833,0.057052297939778264,0.9930555555555556,
MSFT:2026-07-16T13:55:00+00:00,MSFT,2026-07-16,2026-07-16T13:55:00+00:00,middle,0.45827496361752973,-0.017660182162657412,true,true,true,114,114,3,145.06813,0.058321431000476126,1.0,
MSFT:2026-07-16T14:00:00+00:00,MSFT,2026-07-16,2026-07-16T14:00:00+00:00,middle,0.4791937683112361,-0.04500738376261293,true,true,true,127,127,3,116.177072,0.050454086781029264,1.0,
MSFT:2026-07-16T14:05:00+00:00,MSFT,2026-07-16,2026-07-16T14:05:00+00:00,middle,0.4436628878732585,-0.014960688340678763,true,true,true,103,103,3,148.138904,0.059071729957805956,1.0,
MSFT:2026-07-16T14:10:00+00:00,MSFT,2026-07-16,2026-07-16T14:10:00+00:00,middle,0.4641827140557953,-0.0456778241235391,true,true,true,110,110,3,151.47805449999998,0.05189995189995186,1.0,
MSFT:2026-07-16T14:15:00+00:00,MSFT,2026-07-16,2026-07-16T14:15:00+00:00,middle,0.4398162283862047,0.0017231326829270088,true,true,true,93,93,3,157.702563,0.05642633228840117,1.0,
MSFT:2026-07-16T14:20:00+00:00,MSFT,2026-07-16,2026-07-16T14:20:00+00:00,middle,0.4420797701981963,-0.03123122574122983,true,true,true,106,106,3,167.8428895,0.053874844591794355,0.9906542056074766,
MSFT:2026-07-16T14:25:00+00:00,MSFT,2026-07-16,2026-07-16T14:25:00+00:00,middle,0.45471777775522326,-0.01681290230663124,true,true,true,84,84,3,143.48009100000002,0.042517134894931086,1.0,
MSFT:2026-07-16T14:30:00+00:00,MSFT,2026-07-16,2026-07-16T14:30:00+00:00,middle,0.457606255516246,-0.02056218272475896,true,true,true,105,105,3,157.411575,0.04800000000000011,1.0,
MSFT:2026-07-16T14:35:00+00:00,MSFT,2026-07-16,2026-07-16T14:35:00+00:00,middle,0.4564448592450768,-0.022291164112284823,true,true,true,133,133,3,158.650464,0.05128205128205125,1.0,
MSFT:2026-07-16T14:40:00+00:00,MSFT,2026-07-16,2026-07-16T14:40:00+00:00,middle,0.458157896393314,-0.023889387836486142,true,true,true,133,133,3,162.236877,0.03745318352059929,1.0,
MSFT:2026-07-16T14:45:00+00:00,MSFT,2026-07-16,2026-07-16T14:45:00+00:00,middle,0.4630547150054723,-0.011111532909624355,true,true,true,112,112,3,109.9335325,0.0410267199663371,0.9911504424778761,
MSFT:2026-07-16T14:50:00+00:00,MSFT,2026-07-16,2026-07-16T14:50:00+00:00,middle,0.46458983232463896,-0.03939162151954312,true,true,true,148,148,3,139.048149,0.04265107693688741,1.0,
MSFT:2026-07-16T14:55:00+00:00,MSFT,2026-07-16,2026-07-16T14:55:00+00:00,middle,0.4590179167396129,0.0079573302447572,true,true,true,109,109,3,165.640398,0.040449438202247126,1.0,
MSFT:2026-07-16T15:00:00+00:00,MSFT,2026-07-16,2026-07-16T15:00:00+00:00,middle,0.44011816310450813,-0.01797418681911378,true,true,true,99,99,3,180.605476,0.037383177570093545,1.0,
MSFT:2026-07-16T15:05:00+00:00,MSFT,2026-07-16,2026-07-16T15:05:00+00:00,middle,0.4585881487102844,-0.023225168709114175,true,true,true,88,88,3,174.77257600000002,0.03687340696686486,1.0,
MSFT:2026-07-16T15:10:00+00:00,MSFT,2026-07-16,2026-07-16T15:10:00+00:00,middle,0.4528557290248499,-0.016235333414271413,true,true,true,104,104,3,155.4862925,0.03215966082415594,1.0,
MSFT:2026-07-16T15:15:00+00:00,MSFT,2026-07-16,2026-07-16T15:15:00+00:00,middle,0.46187174930778896,-0.025910357419207664,true,true,true,121,121,3,165.726175,0.048939641109298535,1.0,
MSFT:2026-07-16T15:20:00+00:00,MSFT,2026-07-16,2026-07-16T15:20:00+00:00,middle,0.4550529048034475,-0.01771643403491374,true,true,true,96,96,3,159.2088835,0.044077469491834165,1.0,
MSFT:2026-07-16T15:25:00+00:00,MSFT,2026-07-16,2026-07-16T15:25:00+00:00,middle,0.4537364433546178,-0.014218051868207682,true,true,true,136,136,3,188.5968665,0.042407592407592426,1.0,
MSFT:2026-07-16T15:30:00+00:00,MSFT,2026-07-16,2026-07-16T15:30:00+00:00,middle,0.45968859924435995,-0.02635307082973437,true,true,true,179,179,3,169.97202,0.03888888888888905,1.0,
MSFT:2026-07-16T15:35:00+00:00,MSFT,2026-07-16,2026-07-16T15:35:00+00:00,middle,0.45337307861157883,-0.01975476346695426,true,true,true,107,107,3,171.669825,0.0416666666666667,1.0,
MSFT:2026-07-16T15:40:00+00:00,MSFT,2026-07-16,2026-07-16T15:40:00+00:00,middle,0.4431486861562022,-0.014796701094538012,true,true,true,91,91,3,153.038707,0.03809523809523819,1.0,
MSFT:2026-07-16T15:45:00+00:00,MSFT,2026-07-16,2026-07-16T15:45:00+00:00,middle,0.4558776280312279,-0.023259813901960913,true,true,true,104,104,3,146.4207645,0.032992292073254895,1.0,
MSFT:2026-07-16T15:50:00+00:00,MSFT,2026-07-16,2026-07-16T15:50:00+00:00,middle,0.4561188032769151,-0.022909562178149767,true,true,true,122,122,3,154.57865850000002,0.032864030858244964,1.0,
MSFT:2026-07-16T15:55:00+00:00,MSFT,2026-07-16,2026-07-16T15:55:00+00:00,middle,0.45580176250947274,-0.019048597579211124,true,true,true,136,136,3,158.882375,0.03896888183378914,1.0,
MSFT:2026-07-16T16:00:00+00:00,MSFT,2026-07-16,2026-07-16T16:00:00+00:00,middle,0.4526419532838278,-0.013662275919735456,true,true,true,159,159,3,109.136146,0.03878116343490302,1.0,
MSFT:2026-07-16T16:05:00+00:00,MSFT,2026-07-16,2026-07-16T16:05:00+00:00,middle,0.4614346052051448,-0.021651643654651997,true,true,true,138,138,3,144.98695850000001,0.04609081597814956,1.0,
MSFT:2026-07-16T16:10:00+00:00,MSFT,2026-07-16,2026-07-16T16:10:00+00:00,middle,0.4566460062545129,-0.019269171973668064,true,true,true,116,116,3,151.7393695,0.03797620478307896,1.0,
MSFT:2026-07-16T16:15:00+00:00,MSFT,2026-07-16,2026-07-16T16:15:00+00:00,middle,0.4584520825093464,-0.03673962513937057,true,true,true,117,117,3,131.75299,0.04255319148936167,1.0,
MSFT:2026-07-16T16:20:00+00:00,MSFT,2026-07-16,2026-07-16T16:20:00+00:00,middle,0.45736193240088596,-0.02548902717071777,true,true,true,134,134,3,127.0344345,0.03164588653547651,1.0,
MSFT:2026-07-16T16:25:00+00:00,MSFT,2026-07-16,2026-07-16T16:25:00+00:00,middle,0.4564260279063843,-0.020554471375383354,true,true,true,110,110,3,159.1475715,0.0347582571452104,1.0,
MSFT:2026-07-16T16:30:00+00:00,MSFT,2026-07-16,2026-07-16T16:30:00+00:00,middle,0.45519055425244576,-0.01501552460290495,true,true,true,128,128,3,151.479664,0.037536656891495726,1.0,
MSFT:2026-07-16T16:35:00+00:00,MSFT,2026-07-16,2026-07-16T16:35:00+00:00,middle,0.4620299809815698,-0.02577073356674614,true,true,true,215,215,3,143.184086,0.041775456919060094,0.9862385321100917,
MSFT:2026-07-16T16:40:00+00:00,MSFT,2026-07-16,2026-07-16T16:40:00+00:00,middle,0.46084790935337916,-0.027646118833720812,true,true,true,148,148,3,155.82424200000003,0.03802501265090726,1.0,
MSFT:2026-07-16T16:45:00+00:00,MSFT,2026-07-16,2026-07-16T16:45:00+00:00,middle,0.45605351757749174,-0.033545263853117846,true,true,true,125,125,3,157.13518,0.036199095022624465,0.9920634920634921,
MSFT:2026-07-16T16:50:00+00:00,MSFT,2026-07-16,2026-07-16T16:50:00+00:00,middle,0.4579006837760993,-0.009332297366023201,true,true,true,251,251,3,109.118488,0.045738045738045796,0.9881889763779528,
MSFT:2026-07-16T16:55:00+00:00,MSFT,2026-07-16,2026-07-16T16:55:00+00:00,middle,0.4603394818351306,-0.017633062054708715,true,true,true,203,203,3,116.530548,0.050314465408804944,1.0,
MSFT:2026-07-16T17:00:00+00:00,MSFT,2026-07-16,2026-07-16T17:00:00+00:00,middle,0.457458510532558,-0.038737050892114655,true,true,true,195,195,3,136.447947,0.04137931034482768,1.0,
MSFT:2026-07-16T17:05:00+00:00,MSFT,2026-07-16,2026-07-16T17:05:00+00:00,middle,0.4579658018374927,-0.024586724787987735,true,true,true,150,150,3,143.8486995,0.04211515153505826,0.9933774834437086,
MSFT:2026-07-16T17:10:00+00:00,MSFT,2026-07-16,2026-07-16T17:10:00+00:00,middle,0.45881228075626496,-0.04574186185096202,true,true,true,138,138,3,138.21264,0.04724409448818895,1.0,
MSFT:2026-07-16T17:15:00+00:00,MSFT,2026-07-16,2026-07-16T17:15:00+00:00,middle,0.4567142721855789,-0.026200147693567044,true,true,true,134,134,3,164.035793,0.03861003861003861,1.0,
MSFT:2026-07-16T17:20:00+00:00,MSFT,2026-07-16,2026-07-16T17:20:00+00:00,middle,0.44730651907965174,-0.014134754393793636,true,true,true,132,132,3,157.6599305,0.04793617021276597,1.0,
MSFT:2026-07-16T17:25:00+00:00,MSFT,2026-07-16,2026-07-16T17:25:00+00:00,middle,0.458347383246448,-0.025830151935122947,true,true,true,136,136,3,146.603637,0.042968528091802544,1.0,
MSFT:2026-07-16T17:30:00+00:00,MSFT,2026-07-16,2026-07-16T17:30:00+00:00,middle,0.4546238259526864,-0.021294723662540482,true,true,true,178,178,3,109.9333975,0.03894682409721619,1.0,
MSFT:2026-07-16T17:35:00+00:00,MSFT,2026-07-16,2026-07-16T17:35:00+00:00,middle,0.4665554813574925,-0.042437381005510755,true,true,true,130,130,3,146.28493650000001,0.03883495145631071,1.0,
MSFT:2026-07-16T17:40:00+00:00,MSFT,2026-07-16,2026-07-16T17:40:00+00:00,middle,0.45150227545075494,-0.016486231665693185,true,true,true,137,137,3,142.675968,0.05152224824355962,1.0,
MSFT:2026-07-16T17:45:00+00:00,MSFT,2026-07-16,2026-07-16T17:45:00+00:00,middle,0.44949574136505277,-0.012967658429607676,true,true,true,104,104,3,157.735384,0.03848606397202507,1.0,
MSFT:2026-07-16T17:50:00+00:00,MSFT,2026-07-16,2026-07-16T17:50:00+00:00,middle,0.4580278465350047,-0.02474385750135033,true,true,true,113,113,3,170.257327,0.03592814371257494,1.0,
MSFT:2026-07-16T17:55:00+00:00,MSFT,2026-07-16,2026-07-16T17:55:00+00:00,middle,0.4542390035418198,-0.020265053629979324,true,true,true,122,122,3,141.10989,0.03389830508474576,1.0,
MSFT:2026-07-16T18:00:00+00:00,MSFT,2026-07-16,2026-07-16T18:00:00+00:00,middle,0.4538412357497551,-0.018881555595636423,true,true,true,96,96,3,159.3553025,0.03926504715417355,1.0,
MSFT:2026-07-16T18:05:00+00:00,MSFT,2026-07-16,2026-07-16T18:05:00+00:00,middle,0.45698992498608315,-0.02411979699536415,true,true,true,119,119,3,139.988316,0.0384615384615385,1.0,
MSFT:2026-07-16T18:10:00+00:00,MSFT,2026-07-16,2026-07-16T18:10:00+00:00,middle,0.4430178726135343,-0.0078113734000548884,true,true,true,145,145,3,114.698067,0.04081632653061222,1.0,
MSFT:2026-07-16T18:15:00+00:00,MSFT,2026-07-16,2026-07-16T18:15:00+00:00,middle,0.45936163058025764,-0.026372367829620824,true,true,true,152,152,3,167.6524495,0.046540898912582215,1.0,
MSFT:2026-07-16T18:20:00+00:00,MSFT,2026-07-16,2026-07-16T18:20:00+00:00,middle,0.45204447271880505,-0.010796783195257231,true,true,true,102,102,3,123.0863815,0.046756889674140656,1.0,
MSFT:2026-07-16T18:25:00+00:00,MSFT,2026-07-16,2026-07-16T18:25:00+00:00,middle,0.45890694036381696,-0.025099585400804814,true,true,true,139,139,3,161.125092,0.03636363636363645,1.0,
MSFT:2026-07-16T18:30:00+00:00,MSFT,2026-07-16,2026-07-16T18:30:00+00:00,middle,0.4529793341322319,-0.023028920455440804,true,true,true,161,161,3,170.632321,0.043076923076923145,1.0,
MSFT:2026-07-16T18:35:00+00:00,MSFT,2026-07-16,2026-07-16T18:35:00+00:00,middle,0.44806282736478387,-0.02079784454190725,true,true,true,123,123,3,148.954838,0.040816326530612276,1.0,
MSFT:2026-07-16T18:40:00+00:00,MSFT,2026-07-16,2026-07-16T18:40:00+00:00,middle,0.45953928963905943,-0.029375398244410822,true,true,true,131,131,3,192.250627,0.03935599284436499,1.0,
MSFT:2026-07-16T18:45:00+00:00,MSFT,2026-07-16,2026-07-16T18:45:00+00:00,middle,0.4520956581972689,-0.023192274402357715,true,true,true,118,118,3,162.31465050000003,0.037582990167241,1.0,
MSFT:2026-07-16T18:50:00+00:00,MSFT,2026-07-16,2026-07-16T18:50:00+00:00,middle,0.4505769880314805,-0.01630622567447282,true,true,true,123,123,3,133.427727,0.03448275862068968,1.0,
MSFT:2026-07-16T18:55:00+00:00,MSFT,2026-07-16,2026-07-16T18:55:00+00:00,middle,0.4526441325782165,-0.02360835199257727,true,true,true,91,91,3,159.849329,0.02936378466557919,1.0,
MSFT:2026-07-16T19:00:00+00:00,MSFT,2026-07-16,2026-07-16T19:00:00+00:00,last,0.4531219940956794,-0.013499704283624903,true,true,true,190,190,3,129.4008685,0.035764777164400165,0.9947643979057592,
MSFT:2026-07-16T19:05:00+00:00,MSFT,2026-07-16,2026-07-16T19:05:00+00:00,last,0.45774178155019885,-0.027447151118673463,true,true,true,159,159,3,149.285204,0.035928143712574794,0.99375,
MSFT:2026-07-16T19:10:00+00:00,MSFT,2026-07-16,2026-07-16T19:10:00+00:00,last,0.4650448391906918,-0.04076006938409055,true,true,true,135,135,3,127.408089,0.04025423728813556,1.0,
MSFT:2026-07-16T19:15:00+00:00,MSFT,2026-07-16,2026-07-16T19:15:00+00:00,last,0.4535523395448886,-0.024911383772567075,true,true,true,170,170,3,180.73163449999998,0.04870287014181314,1.0,
MSFT:2026-07-16T19:20:00+00:00,MSFT,2026-07-16,2026-07-16T19:20:00+00:00,last,0.4466188120016456,-0.020365524689234804,true,true,true,125,125,3,136.601862,0.04014167650531293,1.0,
MSFT:2026-07-16T19:25:00+00:00,MSFT,2026-07-16,2026-07-16T19:25:00+00:00,last,0.4407755276991018,-0.020436640466809264,true,true,true,114,114,3,139.566384,0.03891337089306632,1.0,
NVDA:2026-07-16T13:35:00+00:00,NVDA,2026-07-16,2026-07-16T13:35:00+00:00,first,0.43619824579838673,-0.03242447323808084,true,true,true,215,215,3,131.031127,0.05157593123209161,0.9862385321100917,
NVDA:2026-07-16T13:40:00+00:00,NVDA,2026-07-16,2026-07-16T13:40:00+00:00,first,0.4205154845835716,-0.024197245765179454,true,true,true,211,211,3,129.309689,0.03115264797507788,1.0,
NVDA:2026-07-16T13:45:00+00:00,NVDA,2026-07-16,2026-07-16T13:45:00+00:00,first,0.4299382692328469,-0.038403339453920715,true,true,true,204,204,3,134.033533,0.03174603174603176,0.9951219512195122,
NVDA:2026-07-16T13:50:00+00:00,NVDA,2026-07-16,2026-07-16T13:50:00+00:00,middle,0.425730331164904,-0.020117308646291576,true,true,true,197,197,3,124.668371,0.02666666666666669,1.0,
NVDA:2026-07-16T13:55:00+00:00,NVDA,2026-07-16,2026-07-16T13:55:00+00:00,middle,0.4240963446609899,-0.026971394389808112,true,true,true,197,197,3,103.38333,0.025316455696202552,1.0,
NVDA:2026-07-16T14:00:00+00:00,NVDA,2026-07-16,2026-07-16T14:00:00+00:00,middle,0.425768627141513,-0.023739035150110777,true,true,true,191,191,3,123.321014,0.025974025974026,0.9947916666666666,
NVDA:2026-07-16T14:05:00+00:00,NVDA,2026-07-16,2026-07-16T14:05:00+00:00,middle,0.42259702737443156,-0.014200729271784451,true,true,true,166,166,3,124.8269375,0.025013360445261302,1.0,
NVDA:2026-07-16T14:10:00+00:00,NVDA,2026-07-16,2026-07-16T14:10:00+00:00,middle,0.42216593686731163,-0.020033191608175627,true,true,true,163,163,3,104.000827,0.022831050228310504,0.9939024390243902,
NVDA:2026-07-16T14:15:00+00:00,NVDA,2026-07-16,2026-07-16T14:15:00+00:00,middle,0.4064405955929011,-0.015345957786291886,true,true,true,156,156,3,126.725132,0.02191797273764476,1.0,
NVDA:2026-07-16T14:20:00+00:00,NVDA,2026-07-16,2026-07-16T14:20:00+00:00,middle,0.4236703950534537,-0.030447611083671444,true,true,true,185,185,3,101.939726,0.019417475728155272,1.0,
NVDA:2026-07-16T14:25:00+00:00,NVDA,2026-07-16,2026-07-16T14:25:00+00:00,middle,0.42445237058360885,-0.021368931430444105,true,true,true,164,164,3,126.5584925,0.020835594139989165,0.9939393939393939,
NVDA:2026-07-16T14:30:00+00:00,NVDA,2026-07-16,2026-07-16T14:30:00+00:00,middle,0.41958740319713206,-0.014108416596650963,true,true,true,134,134,3,118.3497275,0.02116461366181408,1.0,
NVDA:2026-07-16T14:35:00+00:00,NVDA,2026-07-16,2026-07-16T14:35:00+00:00,middle,0.4221198922884315,-0.016122606152385366,true,true,true,148,148,3,135.8683625,0.019685725911142996,1.0,
NVDA:2026-07-16T14:40:00+00:00,NVDA,2026-07-16,2026-07-16T14:40:00+00:00,middle,0.43059473975794765,-0.042192852999225317,true,true,true,145,145,3,125.804525,0.016129032258064457,1.0,
NVDA:2026-07-16T14:45:00+00:00,NVDA,2026-07-16,2026-07-16T14:45:00+00:00,middle,0.41813711072109644,-0.020115073472559586,true,true,true,159,159,3,140.139798,0.019230769230769246,0.99375,
NVDA:2026-07-16T14:50:00+00:00,NVDA,2026-07-16,2026-07-16T14:50:00+00:00,middle,0.4041015607881099,-0.018653642380759228,true,true,true,134,134,3,112.01375300000001,0.018989053251474798,1.0,
NVDA:2026-07-16T14:55:00+00:00,NVDA,2026-07-16,2026-07-16T14:55:00+00:00,middle,0.4244766222186014,-0.021096910787254508,true,true,true,246,246,3,76.53975750000001,0.023347717465364442,1.0,
NVDA:2026-07-16T15:00:00+00:00,NVDA,2026-07-16,2026-07-16T15:00:00+00:00,middle,0.42070297840679444,-0.019250284755632285,true,true,true,183,183,3,112.906014,0.02135231316725971,0.9945652173913043,
NVDA:2026-07-16T15:05:00+00:00,NVDA,2026-07-16,2026-07-16T15:05:00+00:00,middle,0.41930305184552075,-0.018340867069855382,true,true,true,182,182,3,127.092239,0.02274471258718947,1.0,
NVDA:2026-07-16T15:10:00+00:00,NVDA,2026-07-16,2026-07-16T15:10:00+00:00,middle,0.40946240146704016,-0.007898284405335854,true,true,true,186,186,3,141.9114955,0.0209069386268439,0.9946524064171123,
NVDA:2026-07-16T15:15:00+00:00,NVDA,2026-07-16,2026-07-16T15:15:00+00:00,middle,0.41675812028711295,-0.016358342475325027,true,true,true,165,165,3,112.957041,0.018518518518518615,1.0,
NVDA:2026-07-16T15:20:00+00:00,NVDA,2026-07-16,2026-07-16T15:20:00+00:00,middle,0.40705657222055647,-0.009162945702925362,true,true,true,145,145,3,130.152881,0.018461538461538286,0.9863945578231292,
NVDA:2026-07-16T15:25:00+00:00,NVDA,2026-07-16,2026-07-16T15:25:00+00:00,middle,0.4109230875009299,-0.011455488894090038,true,true,true,147,147,3,147.154627,0.019230769230769246,0.9932432432432432,
NVDA:2026-07-16T15:30:00+00:00,NVDA,2026-07-16,2026-07-16T15:30:00+00:00,middle,0.4044556868130565,-0.006383805190294967,true,true,true,191,191,3,121.021897,0.01913875598086126,1.0,
NVDA:2026-07-16T15:35:00+00:00,NVDA,2026-07-16,2026-07-16T15:35:00+00:00,middle,0.4105071961751878,-0.013105717660456928,true,true,true,155,155,3,133.829677,0.018018018018018063,1.0,
NVDA:2026-07-16T15:40:00+00:00,NVDA,2026-07-16,2026-07-16T15:40:00+00:00,middle,0.40979629916971183,-0.01213691885919882,true,true,true,147,147,3,127.729638,0.01709401709401711,0.9932432432432432,
NVDA:2026-07-16T15:45:00+00:00,NVDA,2026-07-16,2026-07-16T15:45:00+00:00,middle,0.41316720192790035,-0.013133433814734308,true,true,true,131,131,3,150.160805,0.018018018018017955,1.0,
NVDA:2026-07-16T15:50:00+00:00,NVDA,2026-07-16,2026-07-16T15:50:00+00:00,middle,0.4073350376146734,-0.001445263335138558,true,true,true,135,135,3,122.78731,0.018691588785046828,0.9926470588235294,
NVDA:2026-07-16T15:55:00+00:00,NVDA,2026-07-16,2026-07-16T15:55:00+00:00,middle,0.4179517030600236,-0.015722584560140918,true,true,true,132,132,3,134.14831550000002,0.017699115044247718,1.0,
NVDA:2026-07-16T16:00:00+00:00,NVDA,2026-07-16,2026-07-16T16:00:00+00:00,middle,0.39748872479607167,-0.061957674747973646,true,true,true,119,119,3,157.681681,0.017857142857142953,1.0,
NVDA:2026-07-16T16:05:00+00:00,NVDA,2026-07-16,2026-07-16T16:05:00+00:00,middle,0.42150738018006084,-0.02950064247919637,true,true,true,155,155,3,139.808011,0.020618556701030855,1.0,
NVDA:2026-07-16T16:10:00+00:00,NVDA,2026-07-16,2026-07-16T16:10:00+00:00,middle,0.4126109044388906,-0.021927054311335126,true,true,true,156,156,3,143.0949345,0.01951265943270513,1.0,
NVDA:2026-07-16T16:15:00+00:00,NVDA,2026-07-16,2026-07-16T16:15:00+00:00,middle,0.41489290506061904,-0.024843136467948557,true,true,true,177,177,3,118.097647,0.019417475728155355,1.0,
NVDA:2026-07-16T16:20:00+00:00,NVDA,2026-07-16,2026-07-16T16:20:00+00:00,middle,0.40833211136364195,-0.016374957266733214,true,true,true,130,130,3,130.74667849999997,0.02277048047010033,0.9923664122137404,
NVDA:2026-07-16T16:25:00+00:00,NVDA,2026-07-16,2026-07-16T16:25:00+00:00,middle,0.4140275202973635,-0.02294010955248793,true,true,true,129,129,3,129.39017,0.01793721973094164,1.0,
NVDA:2026-07-16T16:30:00+00:00,NVDA,2026-07-16,2026-07-16T16:30:00+00:00,middle,0.3973373290286213,-0.05602276694886382,true,true,true,127,127,3,128.347177,0.021978021978021997,0.9921875,
NVDA:2026-07-16T16:35:00+00:00,NVDA,2026-07-16,2026-07-16T16:35:00+00:00,middle,0.4184209777850658,-0.01691564579251409,true,true,true,146,146,3,139.14919600000002,0.021279003961516607,1.0,
NVDA:2026-07-16T16:40:00+00:00,NVDA,2026-07-16,2026-07-16T16:40:00+00:00,middle,0.4156108056104556,-0.02211220120213936,true,true,true,148,148,3,134.61924449999998,0.021589717702791895,1.0,
NVDA:2026-07-16T16:45:00+00:00,NVDA,2026-07-16,2026-07-16T16:45:00+00:00,middle,0.41616497968441996,0.03351829275675111,true,true,true,120,120,3,129.1752185,0.01818198514219601,1.0,
NVDA:2026-07-16T16:50:00+00:00,NVDA,2026-07-16,2026-07-16T16:50:00+00:00,middle,0.39738691263257714,-0.02165711983029539,true,true,true,139,139,3,116.940334,0.021739130434782726,1.0,
NVDA:2026-07-16T16:55:00+00:00,NVDA,2026-07-16,2026-07-16T16:55:00+00:00,middle,0.3965686900350675,-0.008112637566238756,true,true,true,120,120,3,128.0242355,0.018758976463346733,1.0,
NVDA:2026-07-16T17:00:00+00:00,NVDA,2026-07-16,2026-07-16T17:00:00+00:00,middle,0.41783282907037433,-0.024728323043912648,true,true,true,126,126,3,116.89523249999999,0.017095265926358835,0.9921259842519685,
NVDA:2026-07-16T17:05:00+00:00,NVDA,2026-07-16,2026-07-16T17:05:00+00:00,middle,0.4075358307216019,-0.006971953904986283,true,true,true,148,148,3,136.524102,0.019900990099009874,1.0,
NVDA:2026-07-16T17:10:00+00:00,NVDA,2026-07-16,2026-07-16T17:10:00+00:00,middle,0.40824106528695675,-0.008056162176609094,true,true,true,107,107,3,129.572343,0.01769911504424788,0.981651376146789,
NVDA:2026-07-16T17:15:00+00:00,NVDA,2026-07-16,2026-07-16T17:15:00+00:00,middle,0.41984672060294453,-0.02700134571781765,true,true,true,128,128,3,105.3284525,0.021711817824892017,1.0,
NVDA:2026-07-16T17:20:00+00:00,NVDA,2026-07-16,2026-07-16T17:20:00+00:00,middle,0.4134715208315179,0.030706742225006245,true,true,true,118,118,3,179.716526,0.019355040114881546,1.0,
NVDA:2026-07-16T17:25:00+00:00,NVDA,2026-07-16,2026-07-16T17:25:00+00:00,middle,0.41701080667752033,-0.02138942052298798,true,true,true,103,103,3,148.61706,0.019417475728155442,1.0,
NVDA:2026-07-16T17:30:00+00:00,NVDA,2026-07-16,2026-07-16T17:30:00+00:00,middle,0.3990415744935125,-0.019616704236105065,true,true,true,106,106,3,141.4352315,0.018967997123336904,1.0,
NVDA:2026-07-16T17:35:00+00:00,NVDA,2026-07-16,2026-07-16T17:35:00+00:00,middle,0.39735778086826945,-0.028413677493303924,true,true,true,105,105,3,136.807704,0.019047619047619063,0.9905660377358491,
NVDA:2026-07-16T17:40:00+00:00,NVDA,2026-07-16,2026-07-16T17:40:00+00:00,middle,0.39796500306547433,-0.02520836385576425,true,true,true,122,122,3,137.371448,0.01688515246508975,1.0,
NVDA:2026-07-16T17:45:00+00:00,NVDA,2026-07-16,2026-07-16T17:45:00+00:00,middle,0.4180885701982156,-0.023902277338340938,true,true,true,171,171,3,161.173088,0.019169329073482472,1.0,
NVDA:2026-07-16T17:50:00+00:00,NVDA,2026-07-16,2026-07-16T17:50:00+00:00,middle,0.41317342316145456,-0.006571336266413319,true,true,true,156,156,3,155.61901699999999,0.020002000200019993,1.0,
NVDA:2026-07-16T17:55:00+00:00,NVDA,2026-07-16,2026-07-16T17:55:00+00:00,middle,0.4179150834637135,-0.02161792978419358,true,true,true,107,107,3,134.227897,0.01729106628242079,1.0,
NVDA:2026-07-16T18:00:00+00:00,NVDA,2026-07-16,2026-07-16T18:00:00+00:00,middle,0.4135145851787552,-0.011222509285420124,true,true,true,116,116,3,133.312094,0.01986776750764775,1.0,
NVDA:2026-07-16T18:05:00+00:00,NVDA,2026-07-16,2026-07-16T18:05:00+00:00,middle,0.42187249580919,-0.026657650503620567,true,true,true,101,101,3,139.294772,0.018264840182648418,1.0,
NVDA:2026-07-16T18:10:00+00:00,NVDA,2026-07-16,2026-07-16T18:10:00+00:00,middle,0.41040031761790075,-0.011854616416841823,true,true,true,111,111,3,148.44201,0.016528925619834652,1.0,
NVDA:2026-07-16T18:15:00+00:00,NVDA,2026-07-16,2026-07-16T18:15:00+00:00,middle,0.4225659957124516,-0.028401309531986663,true,true,true,107,107,3,115.962715,0.01574803149606303,1.0,
NVDA:2026-07-16T18:20:00+00:00,NVDA,2026-07-16,2026-07-16T18:20:00+00:00,middle,0.4142764813982174,-0.013122853992402539,true,true,true,103,103,3,156.925681,0.01769911504424788,1.0,
NVDA:2026-07-16T18:25:00+00:00,NVDA,2026-07-16,2026-07-16T18:25:00+00:00,middle,0.4115260256151482,0.03458670580066747,true,true,true,111,111,3,112.302059,0.017391304347826087,0.9910714285714286,
NVDA:2026-07-16T18:30:00+00:00,NVDA,2026-07-16,2026-07-16T18:30:00+00:00,middle,0.4224299481379613,-0.028888875428736194,true,true,true,117,117,3,137.703363,0.018348623853211024,1.0,
NVDA:2026-07-16T18:35:00+00:00,NVDA,2026-07-16,2026-07-16T18:35:00+00:00,middle,0.4184594600261524,-0.026296893463268967,true,true,true,104,104,3,136.96927499999998,0.01968877778423736,1.0,
NVDA:2026-07-16T18:40:00+00:00,NVDA,2026-07-16,2026-07-16T18:40:00+00:00,middle,0.414800815902859,-0.020564119875326747,true,true,true,108,108,3,148.8707265,0.018869603916332862,1.0,
NVDA:2026-07-16T18:45:00+00:00,NVDA,2026-07-16,2026-07-16T18:45:00+00:00,middle,0.4134667524608896,-0.01398898381356889,true,true,true,119,119,3,161.136316,0.01769911504424788,1.0,
NVDA:2026-07-16T18:50:00+00:00,NVDA,2026-07-16,2026-07-16T18:50:00+00:00,middle,0.41681686810337004,-0.02299017744408549,true,true,true,113,113,3,125.953929,0.01526717557251903,0.9912280701754386,
NVDA:2026-07-16T18:55:00+00:00,NVDA,2026-07-16,2026-07-16T18:55:00+00:00,middle,0.3982625046892091,-0.025802249516367892,true,true,true,112,112,3,163.667664,0.018023869448729454,1.0,
NVDA:2026-07-16T19:00:00+00:00,NVDA,2026-07-16,2026-07-16T19:00:00+00:00,last,0.4157322873027921,-0.01715168013861773,true,true,true,96,96,3,127.348447,0.01643884973089827,1.0,
NVDA:2026-07-16T19:05:00+00:00,NVDA,2026-07-16,2026-07-16T19:05:00+00:00,last,0.4117663440442383,-0.011817736050263039,true,true,true,123,123,3,122.48721,0.01818181818181812,0.9919354838709677,
NVDA:2026-07-16T19:10:00+00:00,NVDA,2026-07-16,2026-07-16T19:10:00+00:00,last,0.4194483753909991,-0.02246751931974289,true,true,true,117,117,3,145.4154,0.015873015873015886,0.9831932773109243,
NVDA:2026-07-16T19:15:00+00:00,NVDA,2026-07-16,2026-07-16T19:15:00+00:00,last,0.4400162019294314,-0.01727610480970132,true,true,true,108,108,3,106.6819845,0.01621633467008526,0.9908256880733946,
NVDA:2026-07-16T19:20:00+00:00,NVDA,2026-07-16,2026-07-16T19:20:00+00:00,last,0.41739931712504474,-0.018093284326136105,true,true,true,109,109,3,141.0039,0.015999999999999945,1.0,
NVDA:2026-07-16T19:25:00+00:00,NVDA,2026-07-16,2026-07-16T19:25:00+00:00,last,0.41626176270701737,-0.018328871637493416,true,true,true,137,137,3,110.452497,0.016528925619834725,0.9927536231884058,
QQQ:2026-07-16T13:35:00+00:00,QQQ,2026-07-16,2026-07-16T13:35:00+00:00,first,0.24309108177071068,-0.0011391749189830769,true,true,true,486,486,3,138.729243,0.015223720613583904,0.9858012170385395,
QQQ:2026-07-16T13:40:00+00:00,QQQ,2026-07-16,2026-07-16T13:40:00+00:00,first,0.25966517439052095,0.002301632897674988,true,true,true,474,474,3,129.8101235,0.013596199349304918,1.0,
QQQ:2026-07-16T13:45:00+00:00,QQQ,2026-07-16,2026-07-16T13:45:00+00:00,first,0.24103548562159022,0.004669333805579767,true,true,true,578,578,3,137.6405145,0.011465065197242266,0.993127147766323,
QQQ:2026-07-16T13:50:00+00:00,QQQ,2026-07-16,2026-07-16T13:50:00+00:00,middle,0.24463739358498532,0.004784296241197722,true,true,true,545,545,3,111.810213,0.011757021554539497,0.9945255474452555,
QQQ:2026-07-16T13:55:00+00:00,QQQ,2026-07-16,2026-07-16T13:55:00+00:00,middle,0.25988222838634994,0.006545836659420268,true,true,true,504,504,3,135.15533649999998,0.011174370235582312,0.9960474308300395,
QQQ:2026-07-16T14:00:00+00:00,QQQ,2026-07-16,2026-07-16T14:00:00+00:00,middle,0.2385078021538146,0.021543759269185336,true,true,true,486,486,3,150.412015,0.011220257662017945,1.0,
QQQ:2026-07-16T14:05:00+00:00,QQQ,2026-07-16,2026-07-16T14:05:00+00:00,middle,0.2540004897823911,0.006996838839203101,true,true,true,425,425,3,148.743821,0.011772400261608994,1.0,
QQQ:2026-07-16T14:10:00+00:00,QQQ,2026-07-16,2026-07-16T14:10:00+00:00,middle,0.23148899341947027,0.017134655565358703,true,true,true,405,405,3,125.89049,0.010915706488781063,1.0,
QQQ:2026-07-16T14:15:00+00:00,QQQ,2026-07-16,2026-07-16T14:15:00+00:00,middle,0.23056756167488363,0.007856225886277796,true,true,true,372,372,3,145.13930749999997,0.01072561528271633,0.9973190348525469,
QQQ:2026-07-16T14:20:00+00:00,QQQ,2026-07-16,2026-07-16T14:20:00+00:00,middle,0.23207590347538515,0.014251095186546353,true,true,true,319,319,3,149.528953,0.010021474588403637,1.0,
QQQ:2026-07-16T14:25:00+00:00,QQQ,2026-07-16,2026-07-16T14:25:00+00:00,middle,0.21997065889061432,0.00942738538187371,true,true,true,358,358,3,143.12935299999998,0.010153586036789501,0.9972144846796658,
QQQ:2026-07-16T14:30:00+00:00,QQQ,2026-07-16,2026-07-16T14:30:00+00:00,middle,0.23737455975844524,0.01712178468995157,true,true,true,301,301,3,135.921979,0.010471204188481607,0.9933993399339934,
QQQ:2026-07-16T14:35:00+00:00,QQQ,2026-07-16,2026-07-16T14:35:00+00:00,middle,0.23321109233454612,0.010434703677114077,true,true,true,246,246,3,153.80841650000002,0.010265371713588234,1.0,
QQQ:2026-07-16T14:40:00+00:00,QQQ,2026-07-16,2026-07-16T14:40:00+00:00,middle,0.23472715479764714,0.005576255547355802,true,true,true,284,284,3,125.49907200000001,0.0099109585340818,0.9964912280701754,
QQQ:2026-07-16T14:45:00+00:00,QQQ,2026-07-16,2026-07-16T14:45:00+00:00,middle,0.23570077784887702,0.018343120870035062,true,true,true,311,311,3,150.795835,0.010582010582010592,1.0,
QQQ:2026-07-16T14:50:00+00:00,QQQ,2026-07-16,2026-07-16T14:50:00+00:00,middle,0.21665187293327792,0.00628296160208433,true,true,true,259,259,3,145.436035,0.008857395925597844,1.0,
QQQ:2026-07-16T14:55:00+00:00,QQQ,2026-07-16,2026-07-16T14:55:00+00:00,middle,0.21870135029430687,0.016070955012727428,true,true,true,384,384,3,159.851877,0.00856676692024928,0.9948186528497409,
QQQ:2026-07-16T15:00:00+00:00,QQQ,2026-07-16,2026-07-16T15:00:00+00:00,middle,0.2208500134896953,0.022621653175014966,true,true,true,305,305,3,142.945674,0.009345794392523442,1.0,
QQQ:2026-07-16T15:05:00+00:00,QQQ,2026-07-16,2026-07-16T15:05:00+00:00,middle,0.23563802534635,0.005513260901007733,true,true,true,289,289,3,154.777522,0.009360374414976676,1.0,
QQQ:2026-07-16T15:10:00+00:00,QQQ,2026-07-16,2026-07-16T15:10:00+00:00,middle,0.2337985611838941,0.014362201947476616,true,true,true,325,325,3,152.082773,0.008948545861297614,1.0,
QQQ:2026-07-16T15:15:00+00:00,QQQ,2026-07-16,2026-07-16T15:15:00+00:00,middle,0.2526948409864902,0.011362840942896885,true,true,true,319,319,3,154.335876,0.008368200836820152,0.996875,
QQQ:2026-07-16T15:20:00+00:00,QQQ,2026-07-16,2026-07-16T15:20:00+00:00,middle,0.24618995457248577,0.012568475027512738,true,true,true,304,304,3,154.295233,0.009267872434908063,1.0,
QQQ:2026-07-16T15:25:00+00:00,QQQ,2026-07-16,2026-07-16T15:25:00+00:00,middle,0.23398641822284832,0.020219735482562284,true,true,true,306,306,3,161.84481399999999,0.009399653843665859,1.0,
QQQ:2026-07-16T15:30:00+00:00,QQQ,2026-07-16,2026-07-16T15:30:00+00:00,middle,0.2560096595104522,0.009110922034311963,true,true,true,285,285,3,142.142988,0.009082652134423217,1.0,
QQQ:2026-07-16T15:35:00+00:00,QQQ,2026-07-16,2026-07-16T15:35:00+00:00,middle,0.222945647188291,0.02523520456699649,true,true,true,237,237,3,154.617176,0.008695652173913052,1.0,
QQQ:2026-07-16T15:40:00+00:00,QQQ,2026-07-16,2026-07-16T15:40:00+00:00,middle,0.2360352902243249,0.016464438721805752,true,true,true,178,178,3,147.35245700000002,0.008180416075152908,1.0,
QQQ:2026-07-16T15:45:00+00:00,QQQ,2026-07-16,2026-07-16T15:45:00+00:00,middle,0.25414692160151153,0.011387055324993983,true,true,true,242,242,3,176.477571,0.009068157367173604,1.0,
QQQ:2026-07-16T15:50:00+00:00,QQQ,2026-07-16,2026-07-16T15:50:00+00:00,middle,0.23715654650055618,0.018679346878677505,true,true,true,264,264,3,125.7729415,0.009116255105559886,0.9962264150943396,
QQQ:2026-07-16T15:55:00+00:00,QQQ,2026-07-16,2026-07-16T15:55:00+00:00,middle,0.2550759156838916,0.008447801867358273,true,true,true,237,237,3,159.326755,0.008138351983723304,1.0,
QQQ:2026-07-16T16:00:00+00:00,QQQ,2026-07-16,2026-07-16T16:00:00+00:00,middle,0.25088252487165486,0.008189210893008725,true,true,true,229,229,3,170.855675,0.010152284263959475,1.0,
QQQ:2026-07-16T16:05:00+00:00,QQQ,2026-07-16,2026-07-16T16:05:00+00:00,middle,0.24144036871670185,0.006035192593887517,true,true,true,260,260,3,125.83663250000001,0.008791251255893012,1.0,
QQQ:2026-07-16T16:10:00+00:00,QQQ,2026-07-16,2026-07-16T16:10:00+00:00,middle,0.24311344282125497,0.0009270755582601042,true,true,true,361,361,3,164.078223,0.008608321377331363,1.0,
QQQ:2026-07-16T16:15:00+00:00,QQQ,2026-07-16,2026-07-16T16:15:00+00:00,middle,0.26189239462936675,0.009560266460243577,true,true,true,357,357,3,121.326087,0.008306414397785107,1.0,
QQQ:2026-07-16T16:20:00+00:00,QQQ,2026-07-16,2026-07-16T16:20:00+00:00,middle,0.24144671102216655,0.01323217261434717,true,true,true,345,345,3,161.085171,0.008141112618724626,1.0,
QQQ:2026-07-16T16:25:00+00:00,QQQ,2026-07-16,2026-07-16T16:25:00+00:00,middle,0.24572003723499555,0.01343963398957626,true,true,true,366,366,3,162.079163,0.008693552789032777,1.0,
QQQ:2026-07-16T16:30:00+00:00,QQQ,2026-07-16,2026-07-16T16:30:00+00:00,middle,0.26157104183926616,0.014470123585838768,true,true,true,333,333,3,169.04876,0.008039303260384087,1.0,
QQQ:2026-07-16T16:35:00+00:00,QQQ,2026-07-16,2026-07-16T16:35:00+00:00,middle,0.25847519583525325,0.00988898601043603,true,true,true,253,253,3,139.517893,0.008624068992552036,1.0,
QQQ:2026-07-16T16:40:00+00:00,QQQ,2026-07-16,2026-07-16T16:40:00+00:00,middle,0.2624401239524037,0.0013055090975425676,true,true,true,251,251,3,158.796699,0.00819672131147538,0.996031746031746,
QQQ:2026-07-16T16:45:00+00:00,QQQ,2026-07-16,2026-07-16T16:45:00+00:00,middle,0.23864179150582662,0.011273787896122711,true,true,true,214,214,3,144.6525565,0.00808080808080809,1.0,
QQQ:2026-07-16T16:50:00+00:00,QQQ,2026-07-16,2026-07-16T16:50:00+00:00,middle,0.225268467670301,0.013450902990475355,true,true,true,301,301,3,171.268322,0.008037508372404622,1.0,
QQQ:2026-07-16T16:55:00+00:00,QQQ,2026-07-16,2026-07-16T16:55:00+00:00,middle,0.24274272063134802,0.019358914199009536,true,true,true,252,252,3,182.2563535,0.008719270093736225,1.0,
QQQ:2026-07-16T17:00:00+00:00,QQQ,2026-07-16,2026-07-16T17:00:00+00:00,middle,0.2410196065748688,0.01568499638854709,true,true,true,221,221,3,190.440025,0.009109730848861384,1.0,
QQQ:2026-07-16T17:05:00+00:00,QQQ,2026-07-16,2026-07-16T17:05:00+00:00,middle,0.23879220938476925,0.018517147771522302,true,true,true,281,281,3,145.563939,0.009049773755656076,0.9964539007092199,
QQQ:2026-07-16T17:10:00+00:00,QQQ,2026-07-16,2026-07-16T17:10:00+00:00,middle,0.22461929871272485,0.012926531232938188,true,true,true,215,215,3,172.931715,0.008192990441511139,1.0,
QQQ:2026-07-16T17:15:00+00:00,QQQ,2026-07-16,2026-07-16T17:15:00+00:00,middle,0.2631845951299797,0.013927963570684099,true,true,true,205,205,3,147.141385,0.009080590238365504,1.0,
QQQ:2026-07-16T17:20:00+00:00,QQQ,2026-07-16,2026-07-16T17:20:00+00:00,middle,0.2553291422412842,0.016903464095674448,true,true,true,213,213,3,146.520812,0.007547169811320862,1.0,
QQQ:2026-07-16T17:25:00+00:00,QQQ,2026-07-16,2026-07-16T17:25:00+00:00,middle,0.25833358826610453,0.009711420083872935,true,true,true,177,177,3,150.006548,0.008350730688935291,1.0,
QQQ:2026-07-16T17:30:00+00:00,QQQ,2026-07-16,2026-07-16T17:30:00+00:00,middle,0.22445831963789842,0.012188346481483425,true,true,true,250,250,3,144.097949,0.007861374623926522,1.0,
QQQ:2026-07-16T17:35:00+00:00,QQQ,2026-07-16,2026-07-16T17:35:00+00:00,middle,0.2584246343427896,0.006443316690910639,true,true,true,218,218,3,165.6827765,0.007417004578869536,1.0,
QQQ:2026-07-16T17:40:00+00:00,QQQ,2026-07-16,2026-07-16T17:40:00+00:00,middle,0.25918111957917545,0.0073953330627307134,true,true,true,209,209,3,128.540829,0.008396305625524889,1.0,
QQQ:2026-07-16T17:45:00+00:00,QQQ,2026-07-16,2026-07-16T17:45:00+00:00,middle,0.2607244325353596,0.010709499661020971,true,true,true,449,449,3,165.493407,0.009345794392523374,1.0,
QQQ:2026-07-16T17:50:00+00:00,QQQ,2026-07-16,2026-07-16T17:50:00+00:00,middle,0.2445602614647821,0.007974261685777473,true,true,true,348,348,3,176.741184,0.008725686527213283,1.0,
QQQ:2026-07-16T17:55:00+00:00,QQQ,2026-07-16,2026-07-16T17:55:00+00:00,middle,0.2604747450030427,0.011062061064355033,true,true,true,232,232,3,157.53258,0.007128854263146318,1.0,
QQQ:2026-07-16T18:00:00+00:00,QQQ,2026-07-16,2026-07-16T18:00:00+00:00,middle,0.25537350112664137,0.007962061362490058,true,true,true,239,239,3,164.393778,0.008421052631578769,1.0,
QQQ:2026-07-16T18:05:00+00:00,QQQ,2026-07-16,2026-07-16T18:05:00+00:00,middle,0.2423065264775399,0.004453378770168881,true,true,true,207,207,3,165.372283,0.00840336134453776,1.0,
QQQ:2026-07-16T18:10:00+00:00,QQQ,2026-07-16,2026-07-16T18:10:00+00:00,middle,0.24258506637744792,0.010808089449051705,true,true,true,230,230,3,137.4060745,0.007684538203911911,0.9956709956709957,
QQQ:2026-07-16T18:15:00+00:00,QQQ,2026-07-16,2026-07-16T18:15:00+00:00,middle,0.24693232096146422,0.0025430502871833793,true,true,true,283,283,3,158.53724,0.009049773755656116,0.9929824561403509,
QQQ:2026-07-16T18:20:00+00:00,QQQ,2026-07-16,2026-07-16T18:20:00+00:00,middle,0.24133786737463997,0.014861428000528365,true,true,true,280,280,3,185.5995155,0.008164665427870726,1.0,
QQQ:2026-07-16T18:25:00+00:00,QQQ,2026-07-16,2026-07-16T18:25:00+00:00,middle,0.24464666024274945,0.016242318332184064,true,true,true,292,292,3,160.5492985,0.008368200836820123,1.0,
QQQ:2026-07-16T18:30:00+00:00,QQQ,2026-07-16,2026-07-16T18:30:00+00:00,middle,0.2432146309987493,-0.002512074504546824,true,true,true,251,251,3,169.082989,0.007816862088218903,1.0,
QQQ:2026-07-16T18:35:00+00:00,QQQ,2026-07-16,2026-07-16T18:35:00+00:00,middle,0.243759342837248,0.007153710782296985,true,true,true,260,260,3,159.3136945,0.007393740604072714,1.0,
QQQ:2026-07-16T18:40:00+00:00,QQQ,2026-07-16,2026-07-16T18:40:00+00:00,middle,0.22707222493238752,0.006284377212114611,true,true,true,278,278,3,174.107981,0.007075481537415397,1.0,
QQQ:2026-07-16T18:45:00+00:00,QQQ,2026-07-16,2026-07-16T18:45:00+00:00,middle,0.24524385209783167,0.009778363537147672,true,true,true,381,381,3,201.976851,0.008053691275167852,1.0,
QQQ:2026-07-16T18:50:00+00:00,QQQ,2026-07-16,2026-07-16T18:50:00+00:00,middle,0.22729362820377016,0.001972019277989845,true,true,true,203,203,3,146.511519,0.007782101167315009,1.0,
QQQ:2026-07-16T18:55:00+00:00,QQQ,2026-07-16,2026-07-16T18:55:00+00:00,middle,0.24481602121907103,0.007960813390489652,true,true,true,253,253,3,150.299545,0.007194244604316394,0.9960629921259843,
QQQ:2026-07-16T19:00:00+00:00,QQQ,2026-07-16,2026-07-16T19:00:00+00:00,last,0.2297593694194965,0.009604075865391665,true,true,true,263,263,3,160.278336,0.006779661016949208,1.0,
QQQ:2026-07-16T19:05:00+00:00,QQQ,2026-07-16,2026-07-16T19:05:00+00:00,last,0.24347618357829376,0.006982366089288261,true,true,true,241,241,3,158.435506,0.007469654528478064,0.9917695473251029,
QQQ:2026-07-16T19:10:00+00:00,QQQ,2026-07-16,2026-07-16T19:10:00+00:00,last,0.24533302621651631,0.011040771034557362,true,true,true,316,316,3,141.5628165,0.007342884033865637,0.9968454258675079,
QQQ:2026-07-16T19:15:00+00:00,QQQ,2026-07-16,2026-07-16T19:15:00+00:00,last,0.24394071787237934,-0.0013475862430483154,true,true,true,321,321,3,155.798144,0.006714628297362137,1.0,
QQQ:2026-07-16T19:20:00+00:00,QQQ,2026-07-16,2026-07-16T19:20:00+00:00,last,0.26143404431593975,0.010075436752583933,true,true,true,475,475,3,121.737387,0.007255139056831983,1.0,
QQQ:2026-07-16T19:25:00+00:00,QQQ,2026-07-16,2026-07-16T19:25:00+00:00,last,0.2487015634158384,0.0008680483452864207,true,true,true,411,411,3,139.796923,0.007579859231185738,0.9975728155339806,
SPY:2026-07-16T13:35:00+00:00,SPY,2026-07-16,2026-07-16T13:35:00+00:00,first,0.1576712260790113,0.015320197409030067,true,true,true,519,519,3,174.738033,0.010666666666666677,0.9737335834896811,
SPY:2026-07-16T13:40:00+00:00,SPY,2026-07-16,2026-07-16T13:40:00+00:00,first,0.13840783761737496,0.021388712717972713,true,true,true,411,411,3,145.207513,0.00862068965517242,0.9951573849878934,
SPY:2026-07-16T13:45:00+00:00,SPY,2026-07-16,2026-07-16T13:45:00+00:00,first,0.15559008375677844,0.019952967497643137,true,true,true,570,570,3,145.8486275,0.009060034270118346,1.0,
SPY:2026-07-16T13:50:00+00:00,SPY,2026-07-16,2026-07-16T13:50:00+00:00,middle,0.1536646119717583,0.0249777125530653,true,true,true,448,448,3,109.254643,0.00811362364635793,0.9977728285077951,
SPY:2026-07-16T13:55:00+00:00,SPY,2026-07-16,2026-07-16T13:55:00+00:00,middle,0.155936852334857,0.019909344356972697,true,true,true,402,402,3,141.21446,0.006622589169215931,0.9975186104218362,
SPY:2026-07-16T14:00:00+00:00,SPY,2026-07-16,2026-07-16T14:00:00+00:00,middle,0.15243598353737406,0.021796929947234672,true,true,true,356,356,3,157.519442,0.006922877846790881,1.0,
SPY:2026-07-16T14:05:00+00:00,SPY,2026-07-16,2026-07-16T14:05:00+00:00,middle,0.1522057140768543,0.0258823991211094,true,true,true,436,436,3,164.0106305,0.007893891487059813,1.0,
SPY:2026-07-16T14:10:00+00:00,SPY,2026-07-16,2026-07-16T14:10:00+00:00,middle,0.15028929474544894,0.02173702729121596,true,true,true,373,373,3,117.07995,0.008196721311475415,0.9973262032085561,
SPY:2026-07-16T14:15:00+00:00,SPY,2026-07-16,2026-07-16T14:15:00+00:00,middle,0.15119413963829914,0.020819823750272443,true,true,true,307,307,3,156.793885,0.007407407407407414,1.0,
SPY:2026-07-16T14:20:00+00:00,SPY,2026-07-16,2026-07-16T14:20:00+00:00,middle,0.14880459922038763,0.024587767869062693,true,true,true,319,319,3,159.192966,0.0062565172054221815,1.0,
SPY:2026-07-16T14:25:00+00:00,SPY,2026-07-16,2026-07-16T14:25:00+00:00,middle,0.1510578219803162,0.021533700987391144,true,true,true,310,310,3,159.7339055,0.0070423408344182075,1.0,
SPY:2026-07-16T14:30:00+00:00,SPY,2026-07-16,2026-07-16T14:30:00+00:00,middle,0.14879869463644552,0.024574580344043695,true,true,true,338,338,3,134.500928,0.00778231063632929,1.0,
SPY:2026-07-16T14:35:00+00:00,SPY,2026-07-16,2026-07-16T14:35:00+00:00,middle,0.13296043052244744,0.020962800363332007,true,true,true,328,328,3,139.47812549999998,0.0077171981855899095,1.0,
SPY:2026-07-16T14:40:00+00:00,SPY,2026-07-16,2026-07-16T14:40:00+00:00,middle,0.1361312386654988,0.010785178918298333,true,true,true,298,298,3,125.3194465,0.006237012976488046,1.0,
SPY:2026-07-16T14:45:00+00:00,SPY,2026-07-16,2026-07-16T14:45:00+00:00,middle,0.14924835571198908,0.015682835720606192,true,true,true,253,253,3,134.998,0.006172839506172844,1.0,
SPY:2026-07-16T14:50:00+00:00,SPY,2026-07-16,2026-07-16T14:50:00+00:00,middle,0.15010750992846675,0.022485288950912646,true,true,true,293,293,3,154.306631,0.005911330049261134,1.0,
SPY:2026-07-16T14:55:00+00:00,SPY,2026-07-16,2026-07-16T14:55:00+00:00,middle,0.1352924152167589,0.016948074438076444,true,true,true,321,321,3,159.987592,0.006688963210702346,1.0,
SPY:2026-07-16T15:00:00+00:00,SPY,2026-07-16,2026-07-16T15:00:00+00:00,middle,0.14899602322408928,0.025064008885569852,true,true,true,284,284,3,143.0959605,0.005412967683337733,1.0,
SPY:2026-07-16T15:05:00+00:00,SPY,2026-07-16,2026-07-16T15:05:00+00:00,middle,0.1357952268610057,0.016244870155528196,true,true,true,230,230,3,166.27918449999999,0.005772113943028491,1.0,
SPY:2026-07-16T15:10:00+00:00,SPY,2026-07-16,2026-07-16T15:10:00+00:00,middle,0.13505344720513185,0.017817780537214167,true,true,true,252,252,3,149.65041300000001,0.006097617653346746,1.0,
SPY:2026-07-16T15:15:00+00:00,SPY,2026-07-16,2026-07-16T15:15:00+00:00,middle,0.15056412798225136,0.020133383270714456,true,true,true,231,231,3,147.115627,0.005665722379603404,1.0,
SPY:2026-07-16T15:20:00+00:00,SPY,2026-07-16,2026-07-16T15:20:00+00:00,middle,0.13469798007594608,0.016750205683447456,true,true,true,240,240,3,148.0134675,0.005625890172495654,1.0,
SPY:2026-07-16T15:25:00+00:00,SPY,2026-07-16,2026-07-16T15:25:00+00:00,middle,0.14944779840145442,0.02575646570775661,true,true,true,363,363,3,163.77312,0.005591798695247017,0.9972527472527473,
SPY:2026-07-16T15:30:00+00:00,SPY,2026-07-16,2026-07-16T15:30:00+00:00,middle,0.15395437430644593,0.013942101044539301,true,true,true,303,303,3,151.667977,0.006703910614525196,1.0,
SPY:2026-07-16T15:35:00+00:00,SPY,2026-07-16,2026-07-16T15:35:00+00:00,middle,0.1338034914880544,0.02520586791176349,true,true,true,221,221,3,164.929603,0.0064308681672025775,1.0,
SPY:2026-07-16T15:40:00+00:00,SPY,2026-07-16,2026-07-16T15:40:00+00:00,middle,0.1335830567919556,0.02365020562070981,true,true,true,191,191,3,171.234954,0.0058997050147492685,1.0,
SPY:2026-07-16T15:45:00+00:00,SPY,2026-07-16,2026-07-16T15:45:00+00:00,middle,0.11768426603593864,0.020417045443758358,true,true,true,226,226,3,172.95405749999998,0.006241350243843343,1.0,
SPY:2026-07-16T15:50:00+00:00,SPY,2026-07-16,2026-07-16T15:50:00+00:00,middle,0.13579271229055712,0.017173491708952937,true,true,true,227,227,3,159.037678,0.006615214994487376,1.0,
SPY:2026-07-16T15:55:00+00:00,SPY,2026-07-16,2026-07-16T15:55:00+00:00,middle,0.15302904963427594,0.018263269288457895,true,true,true,205,205,3,178.147425,0.005882352941176475,1.0,
SPY:2026-07-16T16:00:00+00:00,SPY,2026-07-16,2026-07-16T16:00:00+00:00,middle,0.13584146701758726,0.0181149655113369,true,true,true,199,199,3,165.09503,0.006006006006006011,1.0,
SPY:2026-07-16T16:05:00+00:00,SPY,2026-07-16,2026-07-16T16:05:00+00:00,middle,0.13665277920297536,0.015236769549481555,true,true,true,236,236,3,136.69835799999998,0.005797101449275368,0.9957805907172996,
SPY:2026-07-16T16:10:00+00:00,SPY,2026-07-16,2026-07-16T16:10:00+00:00,middle,0.138271920428019,0.018711198104359172,true,true,true,314,314,3,193.5244915,0.006908483474525719,0.9968253968253968,
SPY:2026-07-16T16:15:00+00:00,SPY,2026-07-16,2026-07-16T16:15:00+00:00,middle,0.1554241034807265,0.016043257484897933,true,true,true,322,322,3,118.359272,0.007542500639998462,1.0,
SPY:2026-07-16T16:20:00+00:00,SPY,2026-07-16,2026-07-16T16:20:00+00:00,middle,0.15413959570304117,0.02056849709055203,true,true,true,313,313,3,159.596788,0.006543075245365182,0.9968152866242038,
SPY:2026-07-16T16:25:00+00:00,SPY,2026-07-16,2026-07-16T16:25:00+00:00,middle,0.15536397730733456,0.018118243766143904,true,true,true,368,368,3,160.48709300000002,0.00602458830467725,0.997289972899729,
SPY:2026-07-16T16:30:00+00:00,SPY,2026-07-16,2026-07-16T16:30:00+00:00,middle,0.1561758017200362,0.020503360402710724,true,true,true,300,300,3,142.1853965,0.004966890820914472,1.0,
SPY:2026-07-16T16:35:00+00:00,SPY,2026-07-16,2026-07-16T16:35:00+00:00,middle,0.15366142684919012,0.018282510409001307,true,true,true,246,246,3,152.578628,0.004904968122218108,1.0,
SPY:2026-07-16T16:40:00+00:00,SPY,2026-07-16,2026-07-16T16:40:00+00:00,middle,0.15700632708629592,0.019789557671383018,true,true,true,251,251,3,146.720848,0.004866180048661913,1.0,
SPY:2026-07-16T16:45:00+00:00,SPY,2026-07-16,2026-07-16T16:45:00+00:00,middle,0.15282465230970457,0.026447283402539823,true,true,true,240,240,3,151.040093,0.00578882112458951,1.0,
SPY:2026-07-16T16:50:00+00:00,SPY,2026-07-16,2026-07-16T16:50:00+00:00,middle,0.1378109065325614,0.020228955574207008,true,true,true,231,231,3,187.337989,0.005063291139240511,0.9956896551724138,
SPY:2026-07-16T16:55:00+00:00,SPY,2026-07-16,2026-07-16T16:55:00+00:00,middle,0.15216723183576764,0.023045609752640125,true,true,true,262,262,3,146.082115,0.005714332361896837,1.0,
SPY:2026-07-16T17:00:00+00:00,SPY,2026-07-16,2026-07-16T17:00:00+00:00,middle,0.13716919746731593,0.020732242192871897,true,true,true,262,262,3,190.091824,0.00604728123743007,1.0,
SPY:2026-07-16T17:05:00+00:00,SPY,2026-07-16,2026-07-16T17:05:00+00:00,middle,0.15240804386572354,0.014748961508911168,true,true,true,199,199,3,176.351752,0.00476190476190466,1.0,
SPY:2026-07-16T17:10:00+00:00,SPY,2026-07-16,2026-07-16T17:10:00+00:00,middle,0.137040553905813,0.023142634919058547,true,true,true,166,166,3,146.7159255,0.004942342727448494,1.0,
SPY:2026-07-16T17:15:00+00:00,SPY,2026-07-16,2026-07-16T17:15:00+00:00,middle,0.15719014218608476,0.023195142875313712,true,true,true,149,149,3,172.312341,0.006042296072507559,1.0,
SPY:2026-07-16T17:20:00+00:00,SPY,2026-07-16,2026-07-16T17:20:00+00:00,middle,0.13791232754065283,0.022429465486954958,true,true,true,192,192,3,167.7227175,0.0057915111875113815,1.0,
SPY:2026-07-16T17:25:00+00:00,SPY,2026-07-16,2026-07-16T17:25:00+00:00,middle,0.13627626418781286,0.0178439693227746,true,true,true,196,196,3,147.7661825,0.005751873080690475,1.0,
SPY:2026-07-16T17:30:00+00:00,SPY,2026-07-16,2026-07-16T17:30:00+00:00,middle,0.12085717896758764,0.018348243143171072,true,true,true,232,232,3,123.692125,0.005738987237546258,1.0,
SPY:2026-07-16T17:35:00+00:00,SPY,2026-07-16,2026-07-16T17:35:00+00:00,middle,0.1191901863982305,0.022985613964382645,true,true,true,170,170,3,194.8593685,0.005270540525526364,1.0,
SPY:2026-07-16T17:40:00+00:00,SPY,2026-07-16,2026-07-16T17:40:00+00:00,middle,0.1562287567110378,0.019565667769223416,true,true,true,293,293,3,121.310066,0.006335797254487796,0.9965986394557823,
SPY:2026-07-16T17:45:00+00:00,SPY,2026-07-16,2026-07-16T17:45:00+00:00,middle,0.15423020405820387,0.01965786868567021,true,true,true,326,326,3,159.5796615,0.006637176263284478,0.9969418960244648,
SPY:2026-07-16T17:50:00+00:00,SPY,2026-07-16,2026-07-16T17:50:00+00:00,middle,0.1387837100200895,0.025798431094575663,true,true,true,253,253,3,148.333395,0.005808325266214784,1.0,
SPY:2026-07-16T17:55:00+00:00,SPY,2026-07-16,2026-07-16T17:55:00+00:00,middle,0.15569331153030325,0.022581587685868182,true,true,true,249,249,3,137.421337,0.004962779156327659,0.9920318725099602,
SPY:2026-07-16T18:00:00+00:00,SPY,2026-07-16,2026-07-16T18:00:00+00:00,middle,0.15401838409419727,0.01796587942340966,true,true,true,298,298,3,165.67915499999998,0.0072404371073150845,0.9933333333333333,
SPY:2026-07-16T18:05:00+00:00,SPY,2026-07-16,2026-07-16T18:05:00+00:00,middle,0.14085004431634765,0.02414419764193887,true,true,true,245,245,3,115.197589,0.0056179775280898936,1.0,
SPY:2026-07-16T18:10:00+00:00,SPY,2026-07-16,2026-07-16T18:10:00+00:00,middle,0.1562269685720522,0.02369950982794916,true,true,true,394,394,3,139.258822,0.006160222712500855,0.9949494949494949,
SPY:2026-07-16T18:15:00+00:00,SPY,2026-07-16,2026-07-16T18:15:00+00:00,middle,0.1583027464773282,0.020298581235960067,true,true,true,294,294,3,175.59675299999998,0.005846093379902082,0.9966101694915255,
SPY:2026-07-16T18:20:00+00:00,SPY,2026-07-16,2026-07-16T18:20:00+00:00,middle,0.15471877578313276,0.027248947087984532,true,true,true,267,267,3,175.313223,0.0064516129032258125,1.0,
SPY:2026-07-16T18:25:00+00:00,SPY,2026-07-16,2026-07-16T18:25:00+00:00,middle,0.13839247079796718,0.017538793602559666,true,true,true,271,271,3,144.527371,0.005813953488372097,0.9818840579710145,
SPY:2026-07-16T18:30:00+00:00,SPY,2026-07-16,2026-07-16T18:30:00+00:00,middle,0.15885258990218676,0.015514825161747625,true,true,true,223,223,3,175.86393,0.005934718100890213,0.9955357142857143,
SPY:2026-07-16T18:35:00+00:00,SPY,2026-07-16,2026-07-16T18:35:00+00:00,middle,0.15548995728680676,0.022589764696437864,true,true,true,278,278,3,159.2343485,0.006369491353516942,1.0,
SPY:2026-07-16T18:40:00+00:00,SPY,2026-07-16,2026-07-16T18:40:00+00:00,middle,0.15695936981147526,0.01762628202772143,true,true,true,280,280,3,162.73643299999998,0.005774804843277159,1.0,
SPY:2026-07-16T18:45:00+00:00,SPY,2026-07-16,2026-07-16T18:45:00+00:00,middle,0.15588068428161558,0.018748767649505282,true,true,true,405,405,3,193.867703,0.0059259259259258,0.9975369458128078,
SPY:2026-07-16T18:50:00+00:00,SPY,2026-07-16,2026-07-16T18:50:00+00:00,middle,0.15539860387373344,0.01962374503336098,true,true,true,249,249,3,146.077593,0.005390835579514829,1.0,
SPY:2026-07-16T18:55:00+00:00,SPY,2026-07-16,2026-07-16T18:55:00+00:00,middle,0.15771303314102442,0.025375200948413446,true,true,true,274,274,3,144.739994,0.005780395105041145,1.0,
SPY:2026-07-16T19:00:00+00:00,SPY,2026-07-16,2026-07-16T19:00:00+00:00,last,0.1404001317837592,0.02605754360946272,true,true,true,276,276,3,164.4836775,0.005778493553841573,1.0,
SPY:2026-07-16T19:05:00+00:00,SPY,2026-07-16,2026-07-16T19:05:00+00:00,last,0.13905163284477035,0.021650879970293524,true,true,true,285,285,3,150.23236,0.005865102639296193,1.0,
SPY:2026-07-16T19:10:00+00:00,SPY,2026-07-16,2026-07-16T19:10:00+00:00,last,0.1584286146981139,0.02225247698027269,true,true,true,351,351,3,141.016693,0.005468750000000022,0.9971590909090909,
SPY:2026-07-16T19:15:00+00:00,SPY,2026-07-16,2026-07-16T19:15:00+00:00,last,0.15744465396837332,0.02095298422535885,true,true,true,374,374,3,178.330101,0.005869087019213739,1.0,
SPY:2026-07-16T19:20:00+00:00,SPY,2026-07-16,2026-07-16T19:20:00+00:00,last,0.15661655004032327,0.016751546787686644,true,true,true,382,382,3,125.4175395,0.006259796238244519,0.9973890339425587,
SPY:2026-07-16T19:25:00+00:00,SPY,2026-07-16,2026-07-16T19:25:00+00:00,last,0.15909848695238304,0.022415104495726534,true,true,true,364,364,3,139.56132,0.005285661804248964,0.9918256130790191,
TSLA:2026-07-16T13:35:00+00:00,TSLA,2026-07-16,2026-07-16T13:35:00+00:00,first,0.49508948570337136,-0.005454308193825197,true,true,true,428,428,3,151.775408,0.0210896960711638,0.9953488372093023,
TSLA:2026-07-16T13:40:00+00:00,TSLA,2026-07-16,2026-07-16T13:40:00+00:00,first,0.5226798555789254,-0.0475226620161755,true,true,true,323,323,3,137.368966,0.01894918173987944,0.9938461538461538,
TSLA:2026-07-16T13:45:00+00:00,TSLA,2026-07-16,2026-07-16T13:45:00+00:00,first,0.4966623960850574,-0.04187407997214021,true,true,true,349,349,3,110.841138,0.01980198019801982,0.9914772727272727,
TSLA:2026-07-16T13:50:00+00:00,TSLA,2026-07-16,2026-07-16T13:50:00+00:00,middle,0.5171850907405502,-0.04686742083662754,true,true,true,284,284,3,101.8368315,0.014151022110971957,0.9895470383275261,
TSLA:2026-07-16T13:55:00+00:00,TSLA,2026-07-16,2026-07-16T13:55:00+00:00,middle,0.5154328821726588,-0.03960411203566938,true,true,true,307,307,3,126.673602,0.01538461538461533,0.9967532467532467,
TSLA:2026-07-16T14:00:00+00:00,TSLA,2026-07-16,2026-07-16T14:00:00+00:00,middle,0.5026122236688286,-0.005569084364965504,true,true,true,314,314,3,147.2004415,0.015492619704788109,1.0,
TSLA:2026-07-16T14:05:00+00:00,TSLA,2026-07-16,2026-07-16T14:05:00+00:00,middle,0.5172342459362074,-0.04713191639491893,true,true,true,329,329,3,129.897066,0.017391304347826025,0.996969696969697,
TSLA:2026-07-16T14:10:00+00:00,TSLA,2026-07-16,2026-07-16T14:10:00+00:00,middle,0.4981547284537032,-0.017866227927856082,true,true,true,274,274,3,130.570787,0.01488383684545726,1.0,
TSLA:2026-07-16T14:15:00+00:00,TSLA,2026-07-16,2026-07-16T14:15:00+00:00,middle,0.5135824190927967,-0.04162672074579443,true,true,true,268,268,3,109.127335,0.016260162601626077,1.0,
TSLA:2026-07-16T14:20:00+00:00,TSLA,2026-07-16,2026-07-16T14:20:00+00:00,middle,0.49109994273549684,-0.008529460214369067,true,true,true,238,238,3,121.1483225,0.016690137575635693,0.9916666666666667,
TSLA:2026-07-16T14:25:00+00:00,TSLA,2026-07-16,2026-07-16T14:25:00+00:00,middle,0.516104048965048,-0.03346103505631537,true,true,true,253,253,3,135.485183,0.01680672268907557,1.0,
TSLA:2026-07-16T14:30:00+00:00,TSLA,2026-07-16,2026-07-16T14:30:00+00:00,middle,0.505721704232607,-0.01052334694203727,true,true,true,231,231,3,112.416043,0.014598540145985437,1.0,
TSLA:2026-07-16T14:35:00+00:00,TSLA,2026-07-16,2026-07-16T14:35:00+00:00,middle,0.5108741149610243,-0.04104021115850626,true,true,true,191,191,3,146.563504,0.01425178147268412,1.0,
TSLA:2026-07-16T14:40:00+00:00,TSLA,2026-07-16,2026-07-16T14:40:00+00:00,middle,0.5108916983277163,-0.03906148635932061,true,true,true,186,186,3,146.261091,0.013157958015726022,0.9946524064171123,
TSLA:2026-07-16T14:45:00+00:00,TSLA,2026-07-16,2026-07-16T14:45:00+00:00,middle,0.5021107996949404,-0.021004858882389787,true,true,true,169,169,3,151.438149,0.013921113689095162,1.0,
TSLA:2026-07-16T14:50:00+00:00,TSLA,2026-07-16,2026-07-16T14:50:00+00:00,middle,0.5116706749997809,-0.038403078683651726,true,true,true,191,191,3,161.274035,0.01237113402061844,1.0,
TSLA:2026-07-16T14:55:00+00:00,TSLA,2026-07-16,2026-07-16T14:55:00+00:00,middle,0.5018002595577687,-0.028806546529605903,true,true,true,181,181,3,156.944517,0.01496259351620949,1.0,
TSLA:2026-07-16T15:00:00+00:00,TSLA,2026-07-16,2026-07-16T15:00:00+00:00,middle,0.5089447875013164,-0.024660634532727266,true,true,true,180,180,3,144.94483100000002,0.014943202433782752,1.0,
TSLA:2026-07-16T15:05:00+00:00,TSLA,2026-07-16,2026-07-16T15:05:00+00:00,middle,0.516718293333061,-0.040367088589101874,true,true,true,152,152,3,153.795325,0.011645449460105397,0.9806451612903225,
TSLA:2026-07-16T15:10:00+00:00,TSLA,2026-07-16,2026-07-16T15:10:00+00:00,middle,0.4990654127379283,-0.017674077492691564,true,true,true,149,149,3,176.255445,0.013717421124828532,0.9933333333333333,
TSLA:2026-07-16T15:15:00+00:00,TSLA,2026-07-16,2026-07-16T15:15:00+00:00,middle,0.5092184658983573,-0.03323908230472361,true,true,true,132,132,3,131.44619649999999,0.013793267458590545,1.0,
TSLA:2026-07-16T15:20:00+00:00,TSLA,2026-07-16,2026-07-16T15:20:00+00:00,middle,0.5098881053220294,-0.024626510880418007,true,true,true,126,126,3,157.83478250000002,0.012100295448009044,1.0,
TSLA:2026-07-16T15:25:00+00:00,TSLA,2026-07-16,2026-07-16T15:25:00+00:00,middle,0.5002257473015748,-0.015900094607360638,true,true,true,133,133,3,144.137859,0.01346801346801342,1.0,
TSLA:2026-07-16T15:30:00+00:00,TSLA,2026-07-16,2026-07-16T15:30:00+00:00,middle,0.5083610905076417,-0.02945772714354089,true,true,true,146,146,3,179.6785405,0.012300197438593551,1.0,
TSLA:2026-07-16T15:35:00+00:00,TSLA,2026-07-16,2026-07-16T15:35:00+00:00,middle,0.5040442622260526,-0.017103102362841183,true,true,true,130,130,3,166.40344149999999,0.014371772805507652,1.0,
TSLA:2026-07-16T15:40:00+00:00,TSLA,2026-07-16,2026-07-16T15:40:00+00:00,middle,0.4981217410147078,-0.024051437932058883,true,true,true,130,130,3,165.296335,0.012677536024580816,1.0,
TSLA:2026-07-16T15:45:00+00:00,TSLA,2026-07-16,2026-07-16T15:45:00+00:00,middle,0.5066495434752256,-0.029494570257224018,true,true,true,134,134,3,161.28765850000002,0.013230832069086233,1.0,
TSLA:2026-07-16T15:50:00+00:00,TSLA,2026-07-16,2026-07-16T15:50:00+00:00,middle,0.5023389736800863,-0.021576802587523924,true,true,true,163,163,3,165.359241,0.014492753623188482,1.0,
TSLA:2026-07-16T15:55:00+00:00,TSLA,2026-07-16,2026-07-16T15:55:00+00:00,middle,0.5050258946498221,-0.028539443268626896,true,true,true,109,109,3,150.196376,0.013245033112582814,1.0,
TSLA:2026-07-16T16:00:00+00:00,TSLA,2026-07-16,2026-07-16T16:00:00+00:00,middle,0.4896727656811401,-0.027439178999029257,true,true,true,96,96,3,197.75140349999998,0.012519837771116163,1.0,
TSLA:2026-07-16T16:05:00+00:00,TSLA,2026-07-16,2026-07-16T16:05:00+00:00,middle,0.5169610332003609,-0.03221831571419531,true,true,true,217,217,3,137.412631,0.014184397163120517,1.0,
TSLA:2026-07-16T16:10:00+00:00,TSLA,2026-07-16,2026-07-16T16:10:00+00:00,middle,0.5021425205354877,-0.02370226654221863,true,true,true,196,196,3,169.5644455,0.015057054333862374,1.0,
TSLA:2026-07-16T16:15:00+00:00,TSLA,2026-07-16,2026-07-16T16:15:00+00:00,middle,0.49309410885988175,-0.02887684274347868,true,true,true,235,235,3,120.965482,0.014319809069212442,1.0,
TSLA:2026-07-16T16:20:00+00:00,TSLA,2026-07-16,2026-07-16T16:20:00+00:00,middle,0.5075144625772872,-0.03178908785185214,true,true,true,195,195,3,134.051078,0.013544018058690778,1.0,
TSLA:2026-07-16T16:25:00+00:00,TSLA,2026-07-16,2026-07-16T16:25:00+00:00,middle,0.5008914937976635,-0.022263522463798258,true,true,true,236,236,3,141.8176435,0.015534039151811278,1.0,
TSLA:2026-07-16T16:30:00+00:00,TSLA,2026-07-16,2026-07-16T16:30:00+00:00,middle,0.5051445823749936,-0.028777042236342976,true,true,true,175,175,3,143.993985,0.0142857142857143,1.0,
TSLA:2026-07-16T16:35:00+00:00,TSLA,2026-07-16,2026-07-16T16:35:00+00:00,middle,0.5108264498811884,-0.032151558525398416,true,true,true,181,181,3,128.402563,0.01121495327102793,1.0,
TSLA:2026-07-16T16:40:00+00:00,TSLA,2026-07-16,2026-07-16T16:40:00+00:00,middle,0.5104116947687605,-0.03697789465920598,true,true,true,191,191,3,159.36033,0.01111111111111127,1.0,
TSLA:2026-07-16T16:45:00+00:00,TSLA,2026-07-16,2026-07-16T16:45:00+00:00,middle,0.5081674685831031,-0.032223903648525454,true,true,true,143,143,3,143.123045,0.012436404748445385,1.0,
TSLA:2026-07-16T16:50:00+00:00,TSLA,2026-07-16,2026-07-16T16:50:00+00:00,middle,0.4862716508246735,-0.03070264440649728,true,true,true,192,192,3,160.09732400000001,0.012454173716864154,1.0,
TSLA:2026-07-16T16:55:00+00:00,TSLA,2026-07-16,2026-07-16T16:55:00+00:00,middle,0.5038456297870649,-0.02615130914752184,true,true,true,157,157,3,151.365779,0.01201201201201197,1.0,
TSLA:2026-07-16T17:00:00+00:00,TSLA,2026-07-16,2026-07-16T17:00:00+00:00,middle,0.5035528406546153,-0.023769582524448496,true,true,true,156,156,3,133.3656095,0.012962833344998922,1.0,
TSLA:2026-07-16T17:05:00+00:00,TSLA,2026-07-16,2026-07-16T17:05:00+00:00,middle,0.5046265063568018,-0.026818471253640785,true,true,true,131,131,3,165.172467,0.012820512820512775,1.0,
TSLA:2026-07-16T17:10:00+00:00,TSLA,2026-07-16,2026-07-16T17:10:00+00:00,middle,0.49088756397805733,-0.020030174123637168,true,true,true,141,141,3,147.206872,0.011264720942140384,1.0,
TSLA:2026-07-16T17:15:00+00:00,TSLA,2026-07-16,2026-07-16T17:15:00+00:00,middle,0.5149809486704877,-0.04657226614531107,true,true,true,142,142,3,154.896656,0.012441709719239136,1.0,
TSLA:2026-07-16T17:20:00+00:00,TSLA,2026-07-16,2026-07-16T17:20:00+00:00,middle,0.5053566817357167,-0.02717438541757311,true,true,true,172,172,3,176.1426865,0.012520328389207823,1.0,
TSLA:2026-07-16T17:25:00+00:00,TSLA,2026-07-16,2026-07-16T17:25:00+00:00,middle,0.4902954292035438,-0.032490783392131184,true,true,true,121,121,3,160.239593,0.011235955056179737,1.0,
TSLA:2026-07-16T17:30:00+00:00,TSLA,2026-07-16,2026-07-16T17:30:00+00:00,middle,0.49774176148026056,-0.017402541137143845,true,true,true,161,161,3,125.064357,0.012269938650306707,1.0,
TSLA:2026-07-16T17:35:00+00:00,TSLA,2026-07-16,2026-07-16T17:35:00+00:00,middle,0.5126677673751971,-0.03609086596364508,true,true,true,129,129,3,166.395247,0.01321003963011889,1.0,
TSLA:2026-07-16T17:40:00+00:00,TSLA,2026-07-16,2026-07-16T17:40:00+00:00,middle,0.48651573179621244,-0.041232138076297775,true,true,true,128,128,3,157.131662,0.013563218390804509,1.0,
TSLA:2026-07-16T17:45:00+00:00,TSLA,2026-07-16,2026-07-16T17:45:00+00:00,middle,0.48751301043610645,-0.02520121129982167,true,true,true,185,185,3,166.199943,0.013363028953229428,1.0,
TSLA:2026-07-16T17:50:00+00:00,TSLA,2026-07-16,2026-07-16T17:50:00+00:00,middle,0.502155745313402,-0.014932636910341635,true,true,true,152,152,3,125.11757850000001,0.01398601398601406,1.0,
TSLA:2026-07-16T17:55:00+00:00,TSLA,2026-07-16,2026-07-16T17:55:00+00:00,middle,0.5064953537406102,-0.033191026069484764,true,true,true,137,137,3,129.038646,0.015915119363395264,1.0,
TSLA:2026-07-16T18:00:00+00:00,TSLA,2026-07-16,2026-07-16T18:00:00+00:00,middle,0.504958504161801,-0.026237512347787373,true,true,true,125,125,3,171.594057,0.013840830449827065,1.0,
TSLA:2026-07-16T18:05:00+00:00,TSLA,2026-07-16,2026-07-16T18:05:00+00:00,middle,0.48822567695412034,-0.028441356394685646,true,true,true,115,115,3,157.40131,0.013831258644536654,1.0,
TSLA:2026-07-16T18:10:00+00:00,TSLA,2026-07-16,2026-07-16T18:10:00+00:00,middle,0.5054316904408744,-0.019875127572424545,true,true,true,135,135,3,130.297222,0.013215859030837034,1.0,
TSLA:2026-07-16T18:15:00+00:00,TSLA,2026-07-16,2026-07-16T18:15:00+00:00,middle,0.5138085069157928,-0.03664336365731047,true,true,true,155,155,3,161.722034,0.013544018058690778,1.0,
TSLA:2026-07-16T18:20:00+00:00,TSLA,2026-07-16,2026-07-16T18:20:00+00:00,middle,0.499829339240197,-0.02204943007316429,true,true,true,148,148,3,164.1568925,0.01221030346853124,1.0,
TSLA:2026-07-16T18:25:00+00:00,TSLA,2026-07-16,2026-07-16T18:25:00+00:00,middle,0.497576954670418,-0.020133923437699597,true,true,true,134,134,3,131.99685449999998,0.01328918322295801,1.0,
TSLA:2026-07-16T18:30:00+00:00,TSLA,2026-07-16,2026-07-16T18:30:00+00:00,middle,0.5053789962201416,-0.031864189689248756,true,true,true,136,136,3,130.172009,0.014311315924219196,1.0,
TSLA:2026-07-16T18:35:00+00:00,TSLA,2026-07-16,2026-07-16T18:35:00+00:00,middle,0.5036687157861739,-0.03998144661453362,true,true,true,131,131,3,162.373899,0.014184397163120602,1.0,
TSLA:2026-07-16T18:40:00+00:00,TSLA,2026-07-16,2026-07-16T18:40:00+00:00,middle,0.48085912175318973,-0.04253639920184005,true,true,true,142,142,3,154.9479215,0.013413688033371163,0.993006993006993,
TSLA:2026-07-16T18:45:00+00:00,TSLA,2026-07-16,2026-07-16T18:45:00+00:00,middle,0.48387032917854933,-0.01559920297013212,true,true,true,115,115,3,163.053419,0.012658227848101333,1.0,
TSLA:2026-07-16T18:50:00+00:00,TSLA,2026-07-16,2026-07-16T18:50:00+00:00,middle,0.5033388041433244,-0.008647700904794109,true,true,true,149,149,3,145.239779,0.013483146067415842,1.0,
TSLA:2026-07-16T18:55:00+00:00,TSLA,2026-07-16,2026-07-16T18:55:00+00:00,middle,0.48363043915775794,-0.02348601348364343,true,true,true,96,96,3,140.860707,0.012487006237006229,1.0,
TSLA:2026-07-16T19:00:00+00:00,TSLA,2026-07-16,2026-07-16T19:00:00+00:00,last,0.5013644565593636,-0.029284426673516606,true,true,true,119,119,3,123.833713,0.012422360248447235,1.0,
TSLA:2026-07-16T19:05:00+00:00,TSLA,2026-07-16,2026-07-16T19:05:00+00:00,last,0.5029827409678101,-0.030235791119664734,true,true,true,109,109,3,172.591138,0.012987012987012941,1.0,
TSLA:2026-07-16T19:10:00+00:00,TSLA,2026-07-16,2026-07-16T19:10:00+00:00,last,0.5086973537691795,-0.03204214677121475,true,true,true,114,114,3,141.0715295,0.010990338164251292,0.991304347826087,
TSLA:2026-07-16T19:15:00+00:00,TSLA,2026-07-16,2026-07-16T19:15:00+00:00,last,0.5040625720242076,-0.031199300009757236,true,true,true,124,124,3,128.6035925,0.013158464268709702,1.0,
TSLA:2026-07-16T19:20:00+00:00,TSLA,2026-07-16,2026-07-16T19:20:00+00:00,last,0.5059584836366213,-0.028839813365317934,true,true,true,115,115,3,153.349266,0.01342281879194622,1.0,
TSLA:2026-07-16T19:25:00+00:00,TSLA,2026-07-16,2026-07-16T19:25:00+00:00,last,0.48609699062396206,-0.028355823746539666,true,true,true,99,99,3,157.897713,0.014527845036319648,1.0,
AAPL:2026-07-17T13:35:00+00:00,AAPL,2026-07-17,2026-07-17T13:35:00+00:00,first,0.2957751510895752,0.009302010761953916,true,true,true,228,228,3,142.88532,0.07061545639904636,0.9743589743589743,
AAPL:2026-07-17T13:40:00+00:00,AAPL,2026-07-17,2026-07-17T13:40:00+00:00,first,0.29912701761814575,0.009190959880367056,true,true,true,212,212,3,111.9664845,0.06212811578665242,0.9636363636363636,
AAPL:2026-07-17T13:45:00+00:00,AAPL,2026-07-17,2026-07-17T13:45:00+00:00,first,0.31560965437942,-0.007907374111846166,true,true,true,199,199,3,144.124507,0.05907172995780585,1.0,
AAPL:2026-07-17T13:50:00+00:00,AAPL,2026-07-17,2026-07-17T13:50:00+00:00,middle,0.3197783465219177,-0.022497992188289795,true,true,true,198,198,3,132.8044385,0.05376499494146549,1.0,
AAPL:2026-07-17T13:55:00+00:00,AAPL,2026-07-17,2026-07-17T13:55:00+00:00,middle,0.29959975686247264,-0.002296342986509159,true,true,true,205,205,3,147.440493,0.05471124620060782,0.9903381642512077,
AAPL:2026-07-17T14:00:00+00:00,AAPL,2026-07-17,2026-07-17T14:00:00+00:00,middle,0.30753479124925287,-0.026634963490240304,true,true,true,173,173,3,128.164829,0.058394160583941535,1.0,
AAPL:2026-07-17T14:05:00+00:00,AAPL,2026-07-17,2026-07-17T14:05:00+00:00,middle,0.29988617574978627,0.009404940512314441,true,true,true,218,218,3,138.0306605,0.05747316267547484,0.9954337899543378,
AAPL:2026-07-17T14:10:00+00:00,AAPL,2026-07-17,2026-07-17T14:10:00+00:00,middle,0.31139819591284923,-0.008687859526179675,true,true,true,175,175,3,147.596449,0.052434456928838996,1.0,
AAPL:2026-07-17T14:15:00+00:00,AAPL,2026-07-17,2026-07-17T14:15:00+00:00,middle,0.2992505109668412,0.0024258340513856336,true,true,true,177,177,3,147.19273,0.04691358024691372,0.9943820224719101,
AAPL:2026-07-17T14:20:00+00:00,AAPL,2026-07-17,2026-07-17T14:20:00+00:00,middle,0.29786583946628864,0.0018493082401007666,true,true,true,146,146,3,118.24333,0.04977095456233749,0.9864864864864865,
AAPL:2026-07-17T14:25:00+00:00,AAPL,2026-07-17,2026-07-17T14:25:00+00:00,middle,0.29765094613840054,-0.0032173463227973542,true,true,true,137,137,3,143.960051,0.052434456928838996,0.9856115107913669,
AAPL:2026-07-17T14:30:00+00:00,AAPL,2026-07-17,2026-07-17T14:30:00+00:00,middle,0.2940248610458039,0.007790400019869248,true,true,true,173,173,3,130.594001,0.04999999999999993,0.9774011299435028,
AAPL:2026-07-17T14:35:00+00:00,AAPL,2026-07-17,2026-07-17T14:35:00+00:00,middle,0.2952947750016637,0.011757349106602422,true,true,true,194,194,3,122.340248,0.05380929526267338,0.9797979797979798,
AAPL:2026-07-17T14:40:00+00:00,AAPL,2026-07-17,2026-07-17T14:40:00+00:00,middle,0.29338437201288714,-0.009637324074655784,true,true,true,158,158,3,137.856933,0.04841888849646924,1.0,
AAPL:2026-07-17T14:45:00+00:00,AAPL,2026-07-17,2026-07-17T14:45:00+00:00,middle,0.2992592281443961,0.0074195474448278675,true,true,true,130,130,3,167.45305000000002,0.04559629559629559,1.0,
AAPL:2026-07-17T14:50:00+00:00,AAPL,2026-07-17,2026-07-17T14:50:00+00:00,middle,0.30774961007134993,-0.020379084743209264,true,true,true,164,164,3,137.836636,0.04651984324115472,1.0,
AAPL:2026-07-17T14:55:00+00:00,AAPL,2026-07-17,2026-07-17T14:55:00+00:00,middle,0.2956732457938418,0.00006653367142378519,true,true,true,141,141,3,157.061584,0.0416666666666667,0.9929577464788732,
AAPL:2026-07-17T15:00:00+00:00,AAPL,2026-07-17,2026-07-17T15:00:00+00:00,middle,0.301479407585986,0.00451933502171209,true,true,true,134,134,3,152.196127,0.04596156000448087,1.0,
AAPL:2026-07-17T15:05:00+00:00,AAPL,2026-07-17,2026-07-17T15:05:00+00:00,middle,0.3003031660359465,-0.0015468147283644873,true,true,true,120,120,3,115.46480199999999,0.04420024420024414,1.0,
AAPL:2026-07-17T15:10:00+00:00,AAPL,2026-07-17,2026-07-17T15:10:00+00:00,middle,0.29481527435679733,-0.0067578242614567685,true,true,true,118,118,3,163.64247899999998,0.04175053433213674,0.9833333333333333,
AAPL:2026-07-17T15:15:00+00:00,AAPL,2026-07-17,2026-07-17T15:15:00+00:00,middle,0.29433592272351305,-0.0070608393137308045,true,true,true,150,150,3,163.344845,0.044093374817079006,0.9803921568627451,
AAPL:2026-07-17T15:20:00+00:00,AAPL,2026-07-17,2026-07-17T15:20:00+00:00,middle,0.30487627561236175,-0.0076090901773050446,true,true,true,125,125,3,124.505377,0.04008908685968813,1.0,
AAPL:2026-07-17T15:25:00+00:00,AAPL,2026-07-17,2026-07-17T15:25:00+00:00,middle,0.3060028217997588,-0.01383971146116414,true,true,true,147,147,3,130.63383,0.04373757455268382,1.0,
AAPL:2026-07-17T15:30:00+00:00,AAPL,2026-07-17,2026-07-17T15:30:00+00:00,middle,0.30788264016130196,-0.0004782899257615436,true,true,true,155,155,3,96.700035,0.04459691252144079,0.9748427672955975,
AAPL:2026-07-17T15:35:00+00:00,AAPL,2026-07-17,2026-07-17T15:35:00+00:00,middle,0.29464141509333996,-0.02131707539986072,true,true,true,172,172,3,159.5439165,0.039923870225291085,1.0,
AAPL:2026-07-17T15:40:00+00:00,AAPL,2026-07-17,2026-07-17T15:40:00+00:00,middle,0.3050994577095062,-0.017408315335951774,true,true,true,164,164,3,183.6703625,0.040307138850743635,1.0,
AAPL:2026-07-17T15:45:00+00:00,AAPL,2026-07-17,2026-07-17T15:45:00+00:00,middle,0.3041012663736716,-0.0037220485514923296,true,true,true,127,127,3,157.203548,0.04255319148936167,0.9921875,
AAPL:2026-07-17T15:50:00+00:00,AAPL,2026-07-17,2026-07-17T15:50:00+00:00,middle,0.30286316639059785,-0.010200476096443922,true,true,true,120,120,3,163.2835035,0.03859762380662701,0.9917355371900827,
AAPL:2026-07-17T15:55:00+00:00,AAPL,2026-07-17,2026-07-17T15:55:00+00:00,middle,0.30540481969419875,-0.009579321316309342,true,true,true,130,130,3,148.0258915,0.03606170714604446,1.0,
AAPL:2026-07-17T16:00:00+00:00,AAPL,2026-07-17,2026-07-17T16:00:00+00:00,middle,0.30513265003942697,-0.01716892822924998,true,true,true,138,138,3,114.9689365,0.040838494280505754,1.0,
AAPL:2026-07-17T16:05:00+00:00,AAPL,2026-07-17,2026-07-17T16:05:00+00:00,middle,0.30845378292918213,-0.023260856983035705,true,true,true,182,182,3,173.472373,0.04615657731226698,1.0,
AAPL:2026-07-17T16:10:00+00:00,AAPL,2026-07-17,2026-07-17T16:10:00+00:00,middle,0.29731822190193835,-0.000905096349894996,true,true,true,172,172,3,134.223095,0.0409631478490677,0.9942196531791907,
AAPL:2026-07-17T16:15:00+00:00,AAPL,2026-07-17,2026-07-17T16:15:00+00:00,middle,0.3026664711021781,-0.013807860235482583,true,true,true,134,134,3,160.86056250000001,0.040956108470785645,1.0,
AAPL:2026-07-17T16:20:00+00:00,AAPL,2026-07-17,2026-07-17T16:20:00+00:00,middle,0.3036007364692763,-0.011004281823381867,true,true,true,113,113,3,146.576001,0.03821656050955412,1.0,
AAPL:2026-07-17T16:25:00+00:00,AAPL,2026-07-17,2026-07-17T16:25:00+00:00,middle,0.3043709959637858,-0.009110605384699988,true,true,true,120,120,3,149.6113555,0.04057971014492741,1.0,
AAPL:2026-07-17T16:30:00+00:00,AAPL,2026-07-17,2026-07-17T16:30:00+00:00,middle,0.2960133461036198,-0.001997053223788736,true,true,true,111,111,3,148.868867,0.04536862003780715,0.9736842105263158,
AAPL:2026-07-17T16:35:00+00:00,AAPL,2026-07-17,2026-07-17T16:35:00+00:00,middle,0.3034154964462332,-0.011548248603969857,true,true,true,109,109,3,172.543813,0.048780487804878016,0.990909090909091,
AAPL:2026-07-17T16:40:00+00:00,AAPL,2026-07-17,2026-07-17T16:40:00+00:00,middle,0.2893548939410001,0.011702922626227241,true,true,true,81,81,3,166.293627,0.03938730853391678,0.9759036144578314,
AAPL:2026-07-17T16:45:00+00:00,AAPL,2026-07-17,2026-07-17T16:45:00+00:00,middle,0.3034625468532928,0.006787403060510733,true,true,true,88,88,3,121.70999499999999,0.048793388429752074,0.967032967032967,
AAPL:2026-07-17T16:50:00+00:00,AAPL,2026-07-17,2026-07-17T16:50:00+00:00,middle,0.3046227510318049,-0.007065160649612601,true,true,true,101,101,3,135.873555,0.03544303797468346,1.0,
AAPL:2026-07-17T16:55:00+00:00,AAPL,2026-07-17,2026-07-17T16:55:00+00:00,middle,0.30967942181869973,-0.020737047816395737,true,true,true,156,156,3,177.928957,0.058727725617934476,0.975,
AAPL:2026-07-17T17:00:00+00:00,AAPL,2026-07-17,2026-07-17T17:00:00+00:00,middle,0.3069487473231591,-0.022887657475575807,true,true,true,115,115,3,117.156686,0.048465266558966075,1.0,
AAPL:2026-07-17T17:05:00+00:00,AAPL,2026-07-17,2026-07-17T17:05:00+00:00,middle,0.30728068924881524,-0.01847218352661284,true,true,true,112,112,3,168.33533649999998,0.03689122193059201,1.0,
AAPL:2026-07-17T17:10:00+00:00,AAPL,2026-07-17,2026-07-17T17:10:00+00:00,middle,0.30136977231442924,0.0003980844416767715,true,true,true,134,134,3,169.107909,0.039999999999999855,0.9852941176470589,
AAPL:2026-07-17T17:15:00+00:00,AAPL,2026-07-17,2026-07-17T17:15:00+00:00,middle,0.30666443322444337,-0.008654592690467755,true,true,true,183,183,3,114.962504,0.037135278514588775,1.0,
AAPL:2026-07-17T17:20:00+00:00,AAPL,2026-07-17,2026-07-17T17:20:00+00:00,middle,0.3112701390844509,-0.0038606665757745517,true,true,true,172,172,3,165.03657950000002,0.033630049951088856,1.0,
AAPL:2026-07-17T17:25:00+00:00,AAPL,2026-07-17,2026-07-17T17:25:00+00:00,middle,0.30934936116426814,-0.005985534484140631,true,true,true,187,187,3,159.381972,0.03607214428857709,1.0,
AAPL:2026-07-17T17:30:00+00:00,AAPL,2026-07-17,2026-07-17T17:30:00+00:00,middle,0.3030797919781283,-0.0068083391878008825,true,true,true,153,153,3,156.960228,0.039525691699604744,0.9807692307692307,
AAPL:2026-07-17T17:35:00+00:00,AAPL,2026-07-17,2026-07-17T17:35:00+00:00,middle,0.30507254249248283,-0.003274827540606373,true,true,true,116,116,3,157.8943495,0.03334259516532374,1.0,
AAPL:2026-07-17T17:40:00+00:00,AAPL,2026-07-17,2026-07-17T17:40:00+00:00,middle,0.30718411111714317,0.0018434222826063662,true,true,true,100,100,3,142.01678850000002,0.033929033929033944,1.0,
AAPL:2026-07-17T17:45:00+00:00,AAPL,2026-07-17,2026-07-17T17:45:00+00:00,middle,0.3031752338964865,-0.005828513529464618,true,true,true,121,121,3,161.207275,0.03418803418803422,0.983739837398374,
AAPL:2026-07-17T17:50:00+00:00,AAPL,2026-07-17,2026-07-17T17:50:00+00:00,middle,0.29293096702134236,-0.004715397010907507,true,true,true,122,122,3,181.44170050000002,0.027472734820181907,1.0,
AAPL:2026-07-17T17:55:00+00:00,AAPL,2026-07-17,2026-07-17T17:55:00+00:00,middle,0.30458464131967355,0.00006433575058728547,true,true,true,99,99,3,138.492295,0.02666666666666657,0.99,
AAPL:2026-07-17T18:00:00+00:00,AAPL,2026-07-17,2026-07-17T18:00:00+00:00,middle,0.3022509895582869,-0.003036707032352648,true,true,true,157,157,3,164.917818,0.038709677419354965,1.0,
AAPL:2026-07-17T18:05:00+00:00,AAPL,2026-07-17,2026-07-17T18:05:00+00:00,middle,0.30694721995444224,-0.0008963791723399783,true,true,true,99,99,3,155.891231,0.045197740112994385,0.99,
AAPL:2026-07-17T18:10:00+00:00,AAPL,2026-07-17,2026-07-17T18:10:00+00:00,middle,0.30980172307473797,-0.007958298820041176,true,true,true,98,98,3,164.60488850000002,0.040336248389939704,1.0,
AAPL:2026-07-17T18:15:00+00:00,AAPL,2026-07-17,2026-07-17T18:15:00+00:00,middle,0.3087824093471356,-0.01159704989711935,true,true,true,171,171,3,158.782108,0.05128205128205133,0.9941860465116279,
AAPL:2026-07-17T18:20:00+00:00,AAPL,2026-07-17,2026-07-17T18:20:00+00:00,middle,0.3087266231360734,-0.008177085075512514,true,true,true,122,122,3,186.21525150000002,0.039377200633136274,0.991869918699187,
AAPL:2026-07-17T18:25:00+00:00,AAPL,2026-07-17,2026-07-17T18:25:00+00:00,middle,0.30998871398387107,0.008087827137812975,true,true,true,87,87,3,123.985779,0.043744531933508315,1.0,
AAPL:2026-07-17T18:30:00+00:00,AAPL,2026-07-17,2026-07-17T18:30:00+00:00,middle,0.308171890268676,-0.008247269530698764,true,true,true,100,100,3,123.187591,0.03970443349753684,0.9900990099009901,
AAPL:2026-07-17T18:35:00+00:00,AAPL,2026-07-17,2026-07-17T18:35:00+00:00,middle,0.2987180180780775,-0.0026793400054945793,true,true,true,111,111,3,157.923246,0.04232804232804224,1.0,
AAPL:2026-07-17T18:40:00+00:00,AAPL,2026-07-17,2026-07-17T18:40:00+00:00,middle,0.3078230355284475,-0.002034715901173434,true,true,true,95,95,3,147.797425,0.04618117229129665,1.0,
AAPL:2026-07-17T18:45:00+00:00,AAPL,2026-07-17,2026-07-17T18:45:00+00:00,middle,0.302397765966691,-0.0001473724547326194,true,true,true,133,133,3,167.020363,0.055045871559633,0.9708029197080292,
AAPL:2026-07-17T18:50:00+00:00,AAPL,2026-07-17,2026-07-17T18:50:00+00:00,middle,0.31397762365252146,0.0018135082074924869,true,true,true,175,175,3,128.000151,0.05470085470085475,0.9722222222222222,
AAPL:2026-07-17T18:55:00+00:00,AAPL,2026-07-17,2026-07-17T18:55:00+00:00,middle,0.310782051647164,-0.0017774474046154953,true,true,true,163,163,3,131.128392,0.054279749478079356,0.9939024390243902,
AAPL:2026-07-17T19:00:00+00:00,AAPL,2026-07-17,2026-07-17T19:00:00+00:00,last,0.3164784291561693,-0.008000059315934838,true,true,true,156,156,3,123.33879350000001,0.03952816186235453,1.0,
AAPL:2026-07-17T19:05:00+00:00,AAPL,2026-07-17,2026-07-17T19:05:00+00:00,last,0.31377331014696513,-0.00495068629910056,true,true,true,151,151,3,178.416541,0.04154302670623141,1.0,
AAPL:2026-07-17T19:10:00+00:00,AAPL,2026-07-17,2026-07-17T19:10:00+00:00,last,0.3157762307018004,-0.003143920865699701,true,true,true,145,145,3,146.649827,0.04511278195488719,1.0,
AAPL:2026-07-17T19:15:00+00:00,AAPL,2026-07-17,2026-07-17T19:15:00+00:00,last,0.3186565314522534,-0.01508697565653927,true,true,true,149,149,3,140.896514,0.040816326530612276,1.0,
AAPL:2026-07-17T19:20:00+00:00,AAPL,2026-07-17,2026-07-17T19:20:00+00:00,last,0.31627107953962685,-0.002557113255247434,true,true,true,169,169,3,146.328703,0.03571428571428575,0.9941176470588236,
AAPL:2026-07-17T19:25:00+00:00,AAPL,2026-07-17,2026-07-17T19:25:00+00:00,last,0.3194586421724445,-0.008331982615143008,true,true,true,139,139,3,138.177332,0.03468208092485557,1.0,
AMZN:2026-07-17T13:35:00+00:00,AMZN,2026-07-17,2026-07-17T13:35:00+00:00,first,0.4524200191586838,-0.01989855964371562,true,true,true,200,200,3,150.81399399999998,0.06957047791893523,0.9852216748768473,
AMZN:2026-07-17T13:40:00+00:00,AMZN,2026-07-17,2026-07-17T13:40:00+00:00,first,0.44718464623191206,0.001677125356942366,true,true,true,165,165,3,116.792718,0.05235602094240837,0.9880239520958084,
AMZN:2026-07-17T13:45:00+00:00,AMZN,2026-07-17,2026-07-17T13:45:00+00:00,first,0.4373917168126107,-0.03864548327489192,true,true,true,146,146,3,133.514461,0.05052653972981597,0.9931972789115646,
AMZN:2026-07-17T13:50:00+00:00,AMZN,2026-07-17,2026-07-17T13:50:00+00:00,middle,0.4465458149528467,-0.0326824122867585,true,true,true,162,162,3,140.48125449999998,0.049125226234594546,0.9938650306748467,
AMZN:2026-07-17T13:55:00+00:00,AMZN,2026-07-17,2026-07-17T13:55:00+00:00,middle,0.44731789983923737,-0.002689808069139543,true,true,true,153,153,3,126.20753,0.057361376673040115,0.9870967741935484,
AMZN:2026-07-17T14:00:00+00:00,AMZN,2026-07-17,2026-07-17T14:00:00+00:00,middle,0.44374286983997,-0.020888294572263932,true,true,true,125,125,3,130.05667,0.043415340086830685,1.0,
AMZN:2026-07-17T14:05:00+00:00,AMZN,2026-07-17,2026-07-17T14:05:00+00:00,middle,0.4401246264818832,-0.017980817834518936,true,true,true,111,111,3,132.492308,0.0454545454545455,0.9910714285714286,
AMZN:2026-07-17T14:10:00+00:00,AMZN,2026-07-17,2026-07-17T14:10:00+00:00,middle,0.4566689354117141,-0.03668400656633819,true,true,true,144,144,3,144.860275,0.04386049285343285,0.972972972972973,
AMZN:2026-07-17T14:15:00+00:00,AMZN,2026-07-17,2026-07-17T14:15:00+00:00,middle,0.4301472579767928,-0.007315127578645886,true,true,true,110,110,3,145.82176800000002,0.03896268184693237,0.9565217391304348,
AMZN:2026-07-17T14:20:00+00:00,AMZN,2026-07-17,2026-07-17T14:20:00+00:00,middle,0.44449755762414633,-0.03166186921360342,true,true,true,113,113,3,145.509556,0.040816326530612276,1.0,
AMZN:2026-07-17T14:25:00+00:00,AMZN,2026-07-17,2026-07-17T14:25:00+00:00,middle,0.4318148093395829,-0.013898459277421282,true,true,true,104,104,3,168.503378,0.03415886351039938,0.9811320754716981,
AMZN:2026-07-17T14:30:00+00:00,AMZN,2026-07-17,2026-07-17T14:30:00+00:00,middle,0.447039862853419,-0.029386387848593265,true,true,true,108,108,3,122.29463,0.04193430211258996,0.9908256880733946,
AMZN:2026-07-17T14:35:00+00:00,AMZN,2026-07-17,2026-07-17T14:35:00+00:00,middle,0.42103262927937507,-0.032478117407649665,true,true,true,106,106,3,121.260018,0.039665149727512755,1.0,
AMZN:2026-07-17T14:40:00+00:00,AMZN,2026-07-17,2026-07-17T14:40:00+00:00,middle,0.42651355466705937,0.0033428513278514482,true,true,true,101,101,3,139.953275,0.04511278195488726,0.9439252336448598,
AMZN:2026-07-17T14:45:00+00:00,AMZN,2026-07-17,2026-07-17T14:45:00+00:00,middle,0.44406123308520395,-0.026951985631234965,true,true,true,150,150,3,155.7934415,0.04438680967437497,0.9868421052631579,
AMZN:2026-07-17T14:50:00+00:00,AMZN,2026-07-17,2026-07-17T14:50:00+00:00,middle,0.45363107353959986,-0.04093307183095063,true,true,true,106,106,3,154.9038355,0.03842840819196627,0.9724770642201835,
AMZN:2026-07-17T14:55:00+00:00,AMZN,2026-07-17,2026-07-17T14:55:00+00:00,middle,0.4170425647709631,-0.044598868510186684,true,true,true,108,108,3,155.2142055,0.03668844604627648,0.9642857142857143,
AMZN:2026-07-17T15:00:00+00:00,AMZN,2026-07-17,2026-07-17T15:00:00+00:00,middle,0.43794881523887447,-0.025246846096850795,true,true,true,107,107,3,139.792115,0.04316546762589926,1.0,
AMZN:2026-07-17T15:05:00+00:00,AMZN,2026-07-17,2026-07-17T15:05:00+00:00,middle,0.4390793474860937,-0.013466213930539817,true,true,true,98,98,3,143.02194350000002,0.04535769390903967,0.98989898989899,
AMZN:2026-07-17T15:10:00+00:00,AMZN,2026-07-17,2026-07-17T15:10:00+00:00,middle,0.42858721847051384,-0.026957983347415948,true,true,true,85,85,3,153.550464,0.04283360790774296,1.0,
AMZN:2026-07-17T15:15:00+00:00,AMZN,2026-07-17,2026-07-17T15:15:00+00:00,middle,0.4256748616034538,-0.019561122915968343,true,true,true,89,89,3,115.634477,0.0394366197183099,0.967391304347826,
AMZN:2026-07-17T15:20:00+00:00,AMZN,2026-07-17,2026-07-17T15:20:00+00:00,middle,0.43963788014883554,0.002977251411080406,true,true,true,92,92,3,140.01259399999998,0.054861663477868326,0.968421052631579,
AMZN:2026-07-17T15:25:00+00:00,AMZN,2026-07-17,2026-07-17T15:25:00+00:00,middle,0.42963283274236325,-0.025448645031958872,true,true,true,75,75,3,106.731463,0.04580152671755725,1.0,
AMZN:2026-07-17T15:30:00+00:00,AMZN,2026-07-17,2026-07-17T15:30:00+00:00,middle,0.4241034972169324,-0.01928433390215034,true,true,true,85,85,3,147.562169,0.040160642570281124,0.9770114942528736,
AMZN:2026-07-17T15:35:00+00:00,AMZN,2026-07-17,2026-07-17T15:35:00+00:00,middle,0.44878674425724896,-0.025399620221435937,true,true,true,86,86,3,139.28002750000002,0.05018710873290669,0.9885057471264368,
AMZN:2026-07-17T15:40:00+00:00,AMZN,2026-07-17,2026-07-17T15:40:00+00:00,middle,0.4259016572314649,-0.0162879345027655,true,true,true,86,86,3,163.77275400000002,0.04562803608605136,1.0,
AMZN:2026-07-17T15:45:00+00:00,AMZN,2026-07-17,2026-07-17T15:45:00+00:00,middle,0.42724853566949816,-0.024293209224074963,true,true,true,80,80,3,108.763755,0.049115204044781494,1.0,
AMZN:2026-07-17T15:50:00+00:00,AMZN,2026-07-17,2026-07-17T15:50:00+00:00,middle,0.44631017176214605,-0.016244944661319316,true,true,true,72,72,3,138.7587405,0.04624431970061485,1.0,
AMZN:2026-07-17T15:55:00+00:00,AMZN,2026-07-17,2026-07-17T15:55:00+00:00,middle,0.44385930376496163,-0.02230379284387085,true,true,true,80,80,3,129.41632850000002,0.0447985735777567,1.0,
AMZN:2026-07-17T16:00:00+00:00,AMZN,2026-07-17,2026-07-17T16:00:00+00:00,middle,0.4266073760844618,-0.021838094396799956,true,true,true,86,86,3,131.5339415,0.042255616723701844,1.0,
AMZN:2026-07-17T16:05:00+00:00,AMZN,2026-07-17,2026-07-17T16:05:00+00:00,middle,0.4377686043567284,-0.01679695806734255,true,true,true,126,126,3,178.117365,0.048780487804878016,1.0,
AMZN:2026-07-17T16:10:00+00:00,AMZN,2026-07-17,2026-07-17T16:10:00+00:00,middle,0.43991465053620565,-0.01914444927942005,true,true,true,93,93,3,159.530506,0.04810996563573887,1.0,
AMZN:2026-07-17T16:15:00+00:00,AMZN,2026-07-17,2026-07-17T16:15:00+00:00,middle,0.4390609818085953,-0.014595162929698868,true,true,true,70,70,3,166.4622705,0.04476789337876095,0.9859154929577465,
AMZN:2026-07-17T16:20:00+00:00,AMZN,2026-07-17,2026-07-17T16:20:00+00:00,middle,0.42675541909131415,-0.026679406194612343,true,true,true,89,89,3,143.849232,0.04784688995215311,1.0,
AMZN:2026-07-17T16:25:00+00:00,AMZN,2026-07-17,2026-07-17T16:25:00+00:00,middle,0.41847573954150086,-0.03880846469285337,true,true,true,66,66,3,148.686041,0.044200244200244265,0.9428571428571428,
AMZN:2026-07-17T16:30:00+00:00,AMZN,2026-07-17,2026-07-17T16:30:00+00:00,middle,0.43468277938161415,-0.024552899158842845,true,true,true,80,80,3,153.985722,0.04048848455044671,0.9876543209876543,
AMZN:2026-07-17T16:35:00+00:00,AMZN,2026-07-17,2026-07-17T16:35:00+00:00,middle,0.4406607329015136,-0.024833897749856115,true,true,true,73,73,3,147.910014,0.03680981595092033,1.0,
AMZN:2026-07-17T16:40:00+00:00,AMZN,2026-07-17,2026-07-17T16:40:00+00:00,middle,0.4337164206450135,-0.00818542972411207,true,true,true,68,68,3,142.1188515,0.03968816442239548,1.0,
AMZN:2026-07-17T16:45:00+00:00,AMZN,2026-07-17,2026-07-17T16:45:00+00:00,middle,0.4416681257025451,-0.0320026214490533,true,true,true,96,96,3,123.51539650000001,0.046281433921883414,1.0,
AMZN:2026-07-17T16:50:00+00:00,AMZN,2026-07-17,2026-07-17T16:50:00+00:00,middle,0.4368203319009096,-0.017337870110496867,true,true,true,71,71,3,121.750755,0.03750000000000009,1.0,
AMZN:2026-07-17T16:55:00+00:00,AMZN,2026-07-17,2026-07-17T16:55:00+00:00,middle,0.44013412597024437,-0.013678741699561514,true,true,true,78,78,3,139.9949295,0.034285714285714336,1.0,
AMZN:2026-07-17T17:00:00+00:00,AMZN,2026-07-17,2026-07-17T17:00:00+00:00,middle,0.4216003634073138,-0.02492054798486837,true,true,true,73,73,3,136.257177,0.02805923616523768,1.0,
AMZN:2026-07-17T17:05:00+00:00,AMZN,2026-07-17,2026-07-17T17:05:00+00:00,middle,0.42113794321504977,-0.03174155315715088,true,true,true,62,62,3,163.906472,0.03192589594855881,1.0,
AMZN:2026-07-17T17:10:00+00:00,AMZN,2026-07-17,2026-07-17T17:10:00+00:00,middle,0.44494399632422627,-0.02191688427085431,true,true,true,83,83,3,133.754529,0.03278688524590167,1.0,
AMZN:2026-07-17T17:15:00+00:00,AMZN,2026-07-17,2026-07-17T17:15:00+00:00,middle,0.44415917094756296,-0.026114354275152185,true,true,true,72,72,3,166.87483650000001,0.036535769051270095,1.0,
AMZN:2026-07-17T17:20:00+00:00,AMZN,2026-07-17,2026-07-17T17:20:00+00:00,middle,0.422251134239398,-0.0325318360830098,true,true,true,57,57,3,131.867852,0.03468208092485557,1.0,
AMZN:2026-07-17T17:25:00+00:00,AMZN,2026-07-17,2026-07-17T17:25:00+00:00,middle,0.42261982614649835,-0.01959554459144175,true,true,true,62,62,3,125.48700199999999,0.03954531078491571,0.9841269841269841,
AMZN:2026-07-17T17:30:00+00:00,AMZN,2026-07-17,2026-07-17T17:30:00+00:00,middle,0.4403194777519741,-0.024111936634406472,true,true,true,73,73,3,141.544136,0.03571428571428575,0.9864864864864865,
AMZN:2026-07-17T17:35:00+00:00,AMZN,2026-07-17,2026-07-17T17:35:00+00:00,middle,0.4195992123650163,-0.0241913970605806,true,true,true,93,93,3,134.478891,0.04081632653061222,1.0,
AMZN:2026-07-17T17:40:00+00:00,AMZN,2026-07-17,2026-07-17T17:40:00+00:00,middle,0.44167993487042934,-0.005457847218900969,true,true,true,76,76,3,150.46432049999999,0.037884605539343676,0.9620253164556962,
AMZN:2026-07-17T17:45:00+00:00,AMZN,2026-07-17,2026-07-17T17:45:00+00:00,middle,0.4200807805455849,-0.027206087631672593,true,true,true,103,103,3,146.987709,0.04395604395604399,0.9809523809523809,
AMZN:2026-07-17T17:50:00+00:00,AMZN,2026-07-17,2026-07-17T17:50:00+00:00,middle,0.42077513726544385,-0.030611151295065864,true,true,true,87,87,3,176.52209,0.030895983522142123,1.0,
AMZN:2026-07-17T17:55:00+00:00,AMZN,2026-07-17,2026-07-17T17:55:00+00:00,middle,0.43796205864323684,-0.018799412960983863,true,true,true,124,124,3,119.400406,0.036062378167641386,0.9763779527559056,
AMZN:2026-07-17T18:00:00+00:00,AMZN,2026-07-17,2026-07-17T18:00:00+00:00,middle,0.4360852205133364,-0.012752336693420963,true,true,true,77,77,3,128.469369,0.02985074626865661,0.9746835443037974,
AMZN:2026-07-17T18:05:00+00:00,AMZN,2026-07-17,2026-07-17T18:05:00+00:00,middle,0.4427395748574473,-0.029832714789986614,true,true,true,80,80,3,165.6262685,0.03560342096927456,1.0,
AMZN:2026-07-17T18:10:00+00:00,AMZN,2026-07-17,2026-07-17T18:10:00+00:00,middle,0.44247833892751487,0.0005783884560615626,true,true,true,69,69,3,120.278438,0.027586206896551627,0.9583333333333334,
AMZN:2026-07-17T18:15:00+00:00,AMZN,2026-07-17,2026-07-17T18:15:00+00:00,middle,0.42862698593649645,-0.012388003375098045,true,true,true,86,86,3,124.1384725,0.039582665669622166,0.9885057471264368,
AMZN:2026-07-17T18:20:00+00:00,AMZN,2026-07-17,2026-07-17T18:20:00+00:00,middle,0.43825952301407606,-0.01768052224361888,true,true,true,76,76,3,120.31323499999999,0.04119468838827377,1.0,
AMZN:2026-07-17T18:25:00+00:00,AMZN,2026-07-17,2026-07-17T18:25:00+00:00,middle,0.4421311605675854,-0.020529549188271268,true,true,true,109,109,3,209.304216,0.03663003663003663,1.0,
AMZN:2026-07-17T18:30:00+00:00,AMZN,2026-07-17,2026-07-17T18:30:00+00:00,middle,0.4411233393582553,-0.025301123565643957,true,true,true,86,86,3,145.6309395,0.02994038814934339,1.0,
AMZN:2026-07-17T18:35:00+00:00,AMZN,2026-07-17,2026-07-17T18:35:00+00:00,middle,0.42473338780106984,-0.0212716268673091,true,true,true,76,76,3,143.443611,0.028791170779691046,1.0,
AMZN:2026-07-17T18:40:00+00:00,AMZN,2026-07-17,2026-07-17T18:40:00+00:00,middle,0.4439829088723437,-0.024660299256667573,true,true,true,71,71,3,139.753809,0.027586206896551627,1.0,
AMZN:2026-07-17T18:45:00+00:00,AMZN,2026-07-17,2026-07-17T18:45:00+00:00,middle,0.444570498793602,-0.029379123533964213,true,true,true,82,82,3,111.92315500000001,0.0342730094806611,1.0,
AMZN:2026-07-17T18:50:00+00:00,AMZN,2026-07-17,2026-07-17T18:50:00+00:00,middle,0.44004356418120116,0.00548031071490801,true,true,true,71,71,3,131.209239,0.03208556149732632,1.0,
AMZN:2026-07-17T18:55:00+00:00,AMZN,2026-07-17,2026-07-17T18:55:00+00:00,middle,0.442778541386176,-0.013518628754556228,true,true,true,61,61,3,151.829911,0.02690582959641262,1.0,
AMZN:2026-07-17T19:00:00+00:00,AMZN,2026-07-17,2026-07-17T19:00:00+00:00,last,0.4391076969395951,-0.021719294912941778,true,true,true,64,64,3,159.4143965,0.03132567049808432,1.0,
AMZN:2026-07-17T19:05:00+00:00,AMZN,2026-07-17,2026-07-17T19:05:00+00:00,last,0.42881177892479305,-0.018136385926268983,true,true,true,82,82,3,149.0182495,0.030497228837114587,1.0,
AMZN:2026-07-17T19:10:00+00:00,AMZN,2026-07-17,2026-07-17T19:10:00+00:00,last,0.42828550726958364,-0.01701809125523268,true,true,true,87,87,3,165.507214,0.04687499999999997,1.0,
AMZN:2026-07-17T19:15:00+00:00,AMZN,2026-07-17,2026-07-17T19:15:00+00:00,last,0.44749224339033666,-0.014873591070920344,true,true,true,75,75,3,185.695841,0.03460207612456748,1.0,
AMZN:2026-07-17T19:20:00+00:00,AMZN,2026-07-17,2026-07-17T19:20:00+00:00,last,0.44373335172516115,-0.02155273721700912,true,true,true,108,108,3,196.6334655,0.04040404040404045,1.0,
AMZN:2026-07-17T19:25:00+00:00,AMZN,2026-07-17,2026-07-17T19:25:00+00:00,last,0.4444139993794636,-0.02402372177778178,true,true,true,78,78,3,156.268729,0.029850746268656744,1.0,
META:2026-07-17T13:35:00+00:00,META,2026-07-17,2026-07-17T13:35:00+00:00,first,0.545766769479489,-0.04374307636753094,true,true,true,344,344,3,187.080151,0.08333333333333327,1.0,
META:2026-07-17T13:40:00+00:00,META,2026-07-17,2026-07-17T13:40:00+00:00,first,0.5550907408233602,-0.039554360793683685,true,true,true,320,320,3,137.59697749999998,0.05209168465412685,1.0,
META:2026-07-17T13:45:00+00:00,META,2026-07-17,2026-07-17T13:45:00+00:00,first,0.5588724964531697,-0.04193893726326536,true,true,true,278,278,3,151.6683985,0.04707334911979617,1.0,
META:2026-07-17T13:50:00+00:00,META,2026-07-17,2026-07-17T13:50:00+00:00,middle,0.5419704293410776,-0.01447414689855675,true,true,true,303,303,3,148.170471,0.04530744336569584,1.0,
META:2026-07-17T13:55:00+00:00,META,2026-07-17,2026-07-17T13:55:00+00:00,middle,0.5478529036897234,-0.03182259683138511,true,true,true,252,252,3,139.663002,0.04256063672853273,1.0,
META:2026-07-17T14:00:00+00:00,META,2026-07-17,2026-07-17T14:00:00+00:00,middle,0.5468212220008037,0.0020483318344916013,true,true,true,237,237,3,156.570776,0.05523710265763416,1.0,
META:2026-07-17T14:05:00+00:00,META,2026-07-17,2026-07-17T14:05:00+00:00,middle,0.5403841172302235,-0.037462387192074065,true,true,true,240,240,3,145.570617,0.047994716473568316,1.0,
META:2026-07-17T14:10:00+00:00,META,2026-07-17,2026-07-17T14:10:00+00:00,middle,0.5559053871428985,-0.06426482107418785,true,true,true,262,262,3,129.67123650000002,0.03907256333190211,1.0,
META:2026-07-17T14:15:00+00:00,META,2026-07-17,2026-07-17T14:15:00+00:00,middle,0.5468649475869369,-0.04072879557828968,true,true,true,247,247,3,149.564645,0.046740467404674,1.0,
META:2026-07-17T14:20:00+00:00,META,2026-07-17,2026-07-17T14:20:00+00:00,middle,0.5471429286934119,-0.06620003449139017,true,true,true,303,303,3,137.125652,0.057692307692307696,1.0,
META:2026-07-17T14:25:00+00:00,META,2026-07-17,2026-07-17T14:25:00+00:00,middle,0.5288015214565713,0.0015622001742200409,true,true,true,235,235,3,156.313358,0.046890927624872666,1.0,
META:2026-07-17T14:30:00+00:00,META,2026-07-17,2026-07-17T14:30:00+00:00,middle,0.5481611900267155,-0.04262386900055404,true,true,true,215,215,3,132.29485,0.04692082111436955,1.0,
META:2026-07-17T14:35:00+00:00,META,2026-07-17,2026-07-17T14:35:00+00:00,middle,0.5490818022076003,-0.02976472825563692,true,true,true,218,218,3,162.665406,0.04484921036880146,1.0,
META:2026-07-17T14:40:00+00:00,META,2026-07-17,2026-07-17T14:40:00+00:00,middle,0.5364324232042116,-0.013181583182212075,true,true,true,176,176,3,174.17343549999998,0.040629551707396044,1.0,
META:2026-07-17T14:45:00+00:00,META,2026-07-17,2026-07-17T14:45:00+00:00,middle,0.5542410395291243,-0.03852895621766139,true,true,true,186,186,3,161.8264475,0.04385986005242024,1.0,
META:2026-07-17T14:50:00+00:00,META,2026-07-17,2026-07-17T14:50:00+00:00,middle,0.5640039896807446,-0.048726526588253716,true,true,true,169,169,3,151.390867,0.03592814371257494,1.0,
META:2026-07-17T14:55:00+00:00,META,2026-07-17,2026-07-17T14:55:00+00:00,middle,0.5332680691253114,-0.04969782133351286,true,true,true,293,293,3,164.994074,0.04255319148936174,0.9965986394557823,
META:2026-07-17T15:00:00+00:00,META,2026-07-17,2026-07-17T15:00:00+00:00,middle,0.5410873308259957,-0.04466461987080428,true,true,true,315,315,3,112.101351,0.037296037296037324,0.9936908517350158,
META:2026-07-17T15:05:00+00:00,META,2026-07-17,2026-07-17T15:05:00+00:00,middle,0.5502366978484987,-0.027776839244149643,true,true,true,265,265,3,157.923321,0.04157043879907631,1.0,
META:2026-07-17T15:10:00+00:00,META,2026-07-17,2026-07-17T15:10:00+00:00,middle,0.5595011390653064,-0.022003031591776745,true,true,true,225,225,3,169.419599,0.03816793893129771,0.995575221238938,
META:2026-07-17T15:15:00+00:00,META,2026-07-17,2026-07-17T15:15:00+00:00,middle,0.5446862864974196,-0.025931926845721986,true,true,true,173,173,3,137.426518,0.040688575899843524,1.0,
META:2026-07-17T15:20:00+00:00,META,2026-07-17,2026-07-17T15:20:00+00:00,middle,0.5398773754054976,-0.033368182214196684,true,true,true,162,162,3,147.7777935,0.04414229837958657,1.0,
META:2026-07-17T15:25:00+00:00,META,2026-07-17,2026-07-17T15:25:00+00:00,middle,0.5647793807616142,-0.039496581552709964,true,true,true,171,171,3,139.200677,0.03921568627450985,1.0,
META:2026-07-17T15:30:00+00:00,META,2026-07-17,2026-07-17T15:30:00+00:00,middle,0.5297377053477896,-0.02020474119211002,true,true,true,127,127,3,159.976139,0.039215686274509776,1.0,
META:2026-07-17T15:35:00+00:00,META,2026-07-17,2026-07-17T15:35:00+00:00,middle,0.555040784690449,-0.054186795245364516,true,true,true,193,193,3,165.17888,0.03870967741935484,1.0,
META:2026-07-17T15:40:00+00:00,META,2026-07-17,2026-07-17T15:40:00+00:00,middle,0.5469076487184428,-0.021302602649945546,true,true,true,152,152,3,188.23972,0.038455177781020394,1.0,
META:2026-07-17T15:45:00+00:00,META,2026-07-17,2026-07-17T15:45:00+00:00,middle,0.5286643842348868,-0.026851775342248363,true,true,true,136,136,3,127.096148,0.04039035758502668,1.0,
META:2026-07-17T15:50:00+00:00,META,2026-07-17,2026-07-17T15:50:00+00:00,middle,0.5382809863864015,-0.019334588058225854,true,true,true,162,162,3,138.8689695,0.03703703703703707,1.0,
META:2026-07-17T15:55:00+00:00,META,2026-07-17,2026-07-17T15:55:00+00:00,middle,0.5265226221383958,-0.023780609381526707,true,true,true,175,175,3,186.829243,0.03667745415318237,1.0,
META:2026-07-17T16:00:00+00:00,META,2026-07-17,2026-07-17T16:00:00+00:00,middle,0.5435160612900088,-0.025050281193565782,true,true,true,164,164,3,157.485339,0.04082388336033323,0.9879518072289156,
META:2026-07-17T16:05:00+00:00,META,2026-07-17,2026-07-17T16:05:00+00:00,middle,0.5604780403713435,-0.024465895021322903,true,true,true,167,167,3,183.688865,0.040114613180515714,1.0,
META:2026-07-17T16:10:00+00:00,META,2026-07-17,2026-07-17T16:10:00+00:00,middle,0.5377544632741473,-0.013716888664588311,true,true,true,132,132,3,156.642029,0.03541932381290904,0.9850746268656716,
META:2026-07-17T16:15:00+00:00,META,2026-07-17,2026-07-17T16:15:00+00:00,middle,0.5473718384232447,-0.026159709675465104,true,true,true,127,127,3,168.895765,0.030415680973301794,0.9548872180451128,
META:2026-07-17T16:20:00+00:00,META,2026-07-17,2026-07-17T16:20:00+00:00,middle,0.5738868103369698,-0.03874064579653358,true,true,true,292,292,3,107.32605050000001,0.07606494539668768,0.9831649831649831,
META:2026-07-17T16:25:00+00:00,META,2026-07-17,2026-07-17T16:25:00+00:00,middle,0.566602528155826,-0.044788560254245935,true,true,true,223,223,3,152.807055,0.06185567010309273,1.0,
META:2026-07-17T16:30:00+00:00,META,2026-07-17,2026-07-17T16:30:00+00:00,middle,0.5907570355366039,-0.06690897571985055,true,true,true,238,238,3,109.83094,0.059238835275932655,1.0,
META:2026-07-17T16:35:00+00:00,META,2026-07-17,2026-07-17T16:35:00+00:00,middle,0.5570676961100082,-0.04360376916468145,true,true,true,191,191,3,161.024564,0.06593406593406582,1.0,
META:2026-07-17T16:40:00+00:00,META,2026-07-17,2026-07-17T16:40:00+00:00,middle,0.5283886010492482,0.01077119045602537,true,true,true,137,137,3,168.005347,0.054844606946983544,1.0,
META:2026-07-17T16:45:00+00:00,META,2026-07-17,2026-07-17T16:45:00+00:00,middle,0.5722121716108043,-0.01966321447617947,true,true,true,179,179,3,143.818162,0.042826552462526764,1.0,
META:2026-07-17T16:50:00+00:00,META,2026-07-17,2026-07-17T16:50:00+00:00,middle,0.5501043289974425,-0.01803138864020637,true,true,true,180,180,3,154.23807499999998,0.05128205128205133,0.994475138121547,
META:2026-07-17T16:55:00+00:00,META,2026-07-17,2026-07-17T16:55:00+00:00,middle,0.5681982745624745,-0.03869726479968438,true,true,true,192,192,3,153.62851899999998,0.0429413619932555,1.0,
META:2026-07-17T17:00:00+00:00,META,2026-07-17,2026-07-17T17:00:00+00:00,middle,0.5509947197668255,-0.023257951257183995,true,true,true,164,164,3,115.8684865,0.04555417937760519,0.9879518072289156,
META:2026-07-17T17:05:00+00:00,META,2026-07-17,2026-07-17T17:05:00+00:00,middle,0.5618553357985803,-0.032254823551818745,true,true,true,272,272,3,128.60144350000002,0.029340028694404635,1.0,
META:2026-07-17T17:10:00+00:00,META,2026-07-17,2026-07-17T17:10:00+00:00,middle,0.5369437005689686,-0.06183623030853269,true,true,true,207,207,3,155.360225,0.03415559772296027,1.0,
META:2026-07-17T17:15:00+00:00,META,2026-07-17,2026-07-17T17:15:00+00:00,middle,0.5473502689967303,-0.03919688200813887,true,true,true,168,168,3,156.656075,0.03446323657497585,1.0,
META:2026-07-17T17:20:00+00:00,META,2026-07-17,2026-07-17T17:20:00+00:00,middle,0.5669152755270581,-0.04529717403697242,true,true,true,119,119,3,174.353604,0.04255319148936162,1.0,
META:2026-07-17T17:25:00+00:00,META,2026-07-17,2026-07-17T17:25:00+00:00,middle,0.562865960288299,-0.032585815528638595,true,true,true,144,144,3,160.5230675,0.03397525923930822,1.0,
META:2026-07-17T17:30:00+00:00,META,2026-07-17,2026-07-17T17:30:00+00:00,middle,0.5449239320312552,0.011558139247733967,true,true,true,166,166,3,114.520168,0.04151546776710742,0.9822485207100592,
META:2026-07-17T17:35:00+00:00,META,2026-07-17,2026-07-17T17:35:00+00:00,middle,0.5547611830830181,-0.04486885887056968,true,true,true,202,202,3,158.4846255,0.027233829141362735,1.0,
META:2026-07-17T17:40:00+00:00,META,2026-07-17,2026-07-17T17:40:00+00:00,middle,0.5366691281024347,-0.029924207901418254,true,true,true,109,109,3,144.586328,0.04494382022471915,1.0,
META:2026-07-17T17:45:00+00:00,META,2026-07-17,2026-07-17T17:45:00+00:00,middle,0.5646558780996949,-0.05685613284840807,true,true,true,135,135,3,132.994018,0.04327666151468312,1.0,
META:2026-07-17T17:50:00+00:00,META,2026-07-17,2026-07-17T17:50:00+00:00,middle,0.5556638766211515,-0.036027182138729796,true,true,true,142,142,3,183.8481265,0.037557770954229686,1.0,
META:2026-07-17T17:55:00+00:00,META,2026-07-17,2026-07-17T17:55:00+00:00,middle,0.5426315192252248,-0.01220516616381695,true,true,true,113,113,3,125.836585,0.044280442804428014,1.0,
META:2026-07-17T18:00:00+00:00,META,2026-07-17,2026-07-17T18:00:00+00:00,middle,0.5395915246248411,-0.02140912730472566,true,true,true,97,97,3,146.140453,0.037533512064343126,0.9797979797979798,
META:2026-07-17T18:05:00+00:00,META,2026-07-17,2026-07-17T18:05:00+00:00,middle,0.5595110669619663,-0.04136304475120456,true,true,true,91,91,3,169.997861,0.04188481675392674,0.9891304347826086,
META:2026-07-17T18:10:00+00:00,META,2026-07-17,2026-07-17T18:10:00+00:00,middle,0.5439392355568278,-0.04952383168492125,true,true,true,118,118,3,141.36753149999998,0.04597725447089164,1.0,
META:2026-07-17T18:15:00+00:00,META,2026-07-17,2026-07-17T18:15:00+00:00,middle,0.5549233635637256,-0.0255748019626848,true,true,true,80,80,3,142.425185,0.038008607464327965,1.0,
META:2026-07-17T18:20:00+00:00,META,2026-07-17,2026-07-17T18:20:00+00:00,middle,0.5559423047623727,-0.05325899325564132,true,true,true,119,119,3,144.654297,0.04055032585083268,1.0,
META:2026-07-17T18:25:00+00:00,META,2026-07-17,2026-07-17T18:25:00+00:00,middle,0.5383922887250333,-0.028371618974246227,true,true,true,83,83,3,145.443304,0.04137931034482768,0.9880952380952381,
META:2026-07-17T18:30:00+00:00,META,2026-07-17,2026-07-17T18:30:00+00:00,middle,0.5389922093547136,-0.032234185447692854,true,true,true,79,79,3,158.395004,0.037800687285223296,1.0,
META:2026-07-17T18:35:00+00:00,META,2026-07-17,2026-07-17T18:35:00+00:00,middle,0.5501660756717901,-0.027475630957308983,true,true,true,83,83,3,204.029683,0.03131991051454135,1.0,
META:2026-07-17T18:40:00+00:00,META,2026-07-17,2026-07-17T18:40:00+00:00,middle,0.5584647914512215,-0.05788492743792395,true,true,true,72,72,3,130.90858300000002,0.035297554445082945,1.0,
META:2026-07-17T18:45:00+00:00,META,2026-07-17,2026-07-17T18:45:00+00:00,middle,0.5378601497387774,-0.06220764167700732,true,true,true,115,115,3,143.095842,0.04132231404958678,1.0,
META:2026-07-17T18:50:00+00:00,META,2026-07-17,2026-07-17T18:50:00+00:00,middle,0.5481115971095356,-0.023018061236392717,true,true,true,104,104,3,188.6408105,0.04608287405592973,1.0,
META:2026-07-17T18:55:00+00:00,META,2026-07-17,2026-07-17T18:55:00+00:00,middle,0.5572850388157776,-0.040415200703683984,true,true,true,75,75,3,172.176585,0.04092237739525809,1.0,
META:2026-07-17T19:00:00+00:00,META,2026-07-17,2026-07-17T19:00:00+00:00,last,0.5609335501514858,-0.04606696787028797,true,true,true,93,93,3,169.800448,0.04672897196261683,1.0,
META:2026-07-17T19:05:00+00:00,META,2026-07-17,2026-07-17T19:05:00+00:00,last,0.5694565376752558,-0.039352804002396824,true,true,true,127,127,3,120.73494,0.040920716112532014,1.0,
META:2026-07-17T19:10:00+00:00,META,2026-07-17,2026-07-17T19:10:00+00:00,last,0.550780813640669,-0.03481465626844027,true,true,true,129,129,3,163.088295,0.04255319148936167,1.0,
META:2026-07-17T19:15:00+00:00,META,2026-07-17,2026-07-17T19:15:00+00:00,last,0.5335190884486436,-0.03983234190015872,true,true,true,190,190,3,169.269006,0.0335861315358327,1.0,
META:2026-07-17T19:20:00+00:00,META,2026-07-17,2026-07-17T19:20:00+00:00,last,0.5372365362675375,-0.01541396294708941,true,true,true,155,155,3,210.808269,0.035805626598465444,1.0,
META:2026-07-17T19:25:00+00:00,META,2026-07-17,2026-07-17T19:25:00+00:00,last,0.5160497528698071,-0.042716051290553114,true,true,true,112,112,3,162.516018,0.03697657643977073,1.0,
MSFT:2026-07-17T13:35:00+00:00,MSFT,2026-07-17,2026-07-17T13:35:00+00:00,first,0.46935764415956294,-0.00015228983694315357,true,true,true,223,223,3,159.254115,0.10023866348448694,1.0,
MSFT:2026-07-17T13:40:00+00:00,MSFT,2026-07-17,2026-07-17T13:40:00+00:00,first,0.4648916180313603,-0.018293369628049616,true,true,true,191,191,3,136.032797,0.07246376811594193,0.9947916666666666,
MSFT:2026-07-17T13:45:00+00:00,MSFT,2026-07-17,2026-07-17T13:45:00+00:00,first,0.46380947729543975,-0.03998438959328088,true,true,true,193,193,3,110.776308,0.0695296523517382,1.0,
MSFT:2026-07-17T13:50:00+00:00,MSFT,2026-07-17,2026-07-17T13:50:00+00:00,middle,0.476043886982251,-0.01517682964056738,true,true,true,210,210,3,107.39800550000001,0.0674369595232904,1.0,
MSFT:2026-07-17T13:55:00+00:00,MSFT,2026-07-17,2026-07-17T13:55:00+00:00,middle,0.46087596078371634,-0.01620594087969507,true,true,true,159,159,3,130.89267,0.055137844611528895,1.0,
MSFT:2026-07-17T14:00:00+00:00,MSFT,2026-07-17,2026-07-17T14:00:00+00:00,middle,0.4711616342522465,-0.034833580739371484,true,true,true,165,165,3,123.598593,0.06315789473684226,1.0,
MSFT:2026-07-17T14:05:00+00:00,MSFT,2026-07-17,2026-07-17T14:05:00+00:00,middle,0.45340180059403556,-0.00707283474609266,true,true,true,179,179,3,142.024209,0.06779661016949143,0.988950276243094,
MSFT:2026-07-17T14:10:00+00:00,MSFT,2026-07-17,2026-07-17T14:10:00+00:00,middle,0.46045094249856855,-0.023305225181616818,true,true,true,174,174,3,104.48703599999999,0.054968110104061746,1.0,
MSFT:2026-07-17T14:15:00+00:00,MSFT,2026-07-17,2026-07-17T14:15:00+00:00,middle,0.45582627491473404,-0.004956423245012775,true,true,true,181,181,3,150.239766,0.049723756906077464,1.0,
MSFT:2026-07-17T14:20:00+00:00,MSFT,2026-07-17,2026-07-17T14:20:00+00:00,middle,0.45184544912441454,-0.021704281996041574,true,true,true,181,181,3,148.731031,0.04904632152588567,1.0,
MSFT:2026-07-17T14:25:00+00:00,MSFT,2026-07-17,2026-07-17T14:25:00+00:00,middle,0.4580889971630238,-0.03515481245756147,true,true,true,141,141,3,118.326733,0.04926108374384236,0.9929577464788732,
MSFT:2026-07-17T14:30:00+00:00,MSFT,2026-07-17,2026-07-17T14:30:00+00:00,middle,0.45408671370487663,-0.019760649424448662,true,true,true,137,137,3,127.99683,0.04545454545454549,1.0,
MSFT:2026-07-17T14:35:00+00:00,MSFT,2026-07-17,2026-07-17T14:35:00+00:00,middle,0.4568330157900937,-0.024747769055381452,true,true,true,117,117,3,138.71558,0.04129793510324479,1.0,
MSFT:2026-07-17T14:40:00+00:00,MSFT,2026-07-17,2026-07-17T14:40:00+00:00,middle,0.45901465711125367,-0.013616007823482157,true,true,true,171,171,3,129.454178,0.04999999999999993,1.0,
MSFT:2026-07-17T14:45:00+00:00,MSFT,2026-07-17,2026-07-17T14:45:00+00:00,middle,0.4590957566648312,-0.03966148149479193,true,true,true,133,133,3,131.402461,0.04513217279174726,1.0,
MSFT:2026-07-17T14:50:00+00:00,MSFT,2026-07-17,2026-07-17T14:50:00+00:00,middle,0.4535139876889363,-0.0110488362864406,true,true,true,175,175,3,179.264731,0.050761421319796954,1.0,
MSFT:2026-07-17T14:55:00+00:00,MSFT,2026-07-17,2026-07-17T14:55:00+00:00,middle,0.4592256575115584,-0.04097691848899421,true,true,true,142,142,3,130.399952,0.059351884466361395,1.0,
MSFT:2026-07-17T15:00:00+00:00,MSFT,2026-07-17,2026-07-17T15:00:00+00:00,middle,0.4488574316265248,0.003111361835002935,true,true,true,135,135,3,110.006556,0.05161290322580649,0.9854014598540146,
MSFT:2026-07-17T15:05:00+00:00,MSFT,2026-07-17,2026-07-17T15:05:00+00:00,middle,0.45741097583785656,-0.018503066177010474,true,true,true,103,103,3,170.004915,0.0571428571428572,1.0,
MSFT:2026-07-17T15:10:00+00:00,MSFT,2026-07-17,2026-07-17T15:10:00+00:00,middle,0.4494460087495149,-0.02396463868546489,true,true,true,99,99,3,157.69012,0.06222222222222216,1.0,
MSFT:2026-07-17T15:15:00+00:00,MSFT,2026-07-17,2026-07-17T15:15:00+00:00,middle,0.47118443302431334,-0.03183300901568692,true,true,true,165,165,3,118.20234,0.056338028169014086,1.0,
MSFT:2026-07-17T15:20:00+00:00,MSFT,2026-07-17,2026-07-17T15:20:00+00:00,middle,0.4531429115965217,-0.015281137748062723,true,true,true,170,170,3,173.49713450000002,0.05405405405405414,1.0,
MSFT:2026-07-17T15:25:00+00:00,MSFT,2026-07-17,2026-07-17T15:25:00+00:00,middle,0.44855868203078963,-0.006834751490734425,true,true,true,141,141,3,166.82168,0.03703703703703707,1.0,
MSFT:2026-07-17T15:30:00+00:00,MSFT,2026-07-17,2026-07-17T15:30:00+00:00,middle,0.45462278287161145,-0.01160718268470462,true,true,true,111,111,3,173.909095,0.040816326530612276,1.0,
MSFT:2026-07-17T15:35:00+00:00,MSFT,2026-07-17,2026-07-17T15:35:00+00:00,middle,0.4600691189457924,-0.02113982612290982,true,true,true,133,133,3,154.361953,0.03773584905660381,1.0,
MSFT:2026-07-17T15:40:00+00:00,MSFT,2026-07-17,2026-07-17T15:40:00+00:00,middle,0.4521992398733013,-0.008613577252484794,true,true,true,107,107,3,161.736785,0.040114613180515714,1.0,
MSFT:2026-07-17T15:45:00+00:00,MSFT,2026-07-17,2026-07-17T15:45:00+00:00,middle,0.45979637187113986,-0.014849153171449914,true,true,true,125,125,3,165.663468,0.040022870211549454,1.0,
MSFT:2026-07-17T15:50:00+00:00,MSFT,2026-07-17,2026-07-17T15:50:00+00:00,middle,0.4572187136440054,-0.013531704520888699,true,true,true,99,99,3,157.816419,0.03921568627450984,1.0,
MSFT:2026-07-17T15:55:00+00:00,MSFT,2026-07-17,2026-07-17T15:55:00+00:00,middle,0.4397383512080908,-0.015807521161958493,true,true,true,81,81,3,156.682138,0.04255319148936175,1.0,
MSFT:2026-07-17T16:00:00+00:00,MSFT,2026-07-17,2026-07-17T16:00:00+00:00,middle,0.4383233744770214,0.0022770087337270484,true,true,true,91,91,3,152.80216,0.04844290657439454,1.0,
MSFT:2026-07-17T16:05:00+00:00,MSFT,2026-07-17,2026-07-17T16:05:00+00:00,middle,0.43343611123256753,-0.02466022475087648,true,true,true,115,115,3,163.926413,0.04484304932735426,1.0,
MSFT:2026-07-17T16:10:00+00:00,MSFT,2026-07-17,2026-07-17T16:10:00+00:00,middle,0.4576033311639465,-0.01489862501671907,true,true,true,102,102,3,129.2701465,0.043986108533708115,1.0,
MSFT:2026-07-17T16:15:00+00:00,MSFT,2026-07-17,2026-07-17T16:15:00+00:00,middle,0.45672794399824,-0.010637340802371553,true,true,true,86,86,3,137.68625350000002,0.049973244544859984,1.0,
MSFT:2026-07-17T16:20:00+00:00,MSFT,2026-07-17,2026-07-17T16:20:00+00:00,middle,0.45170589977774395,-0.0173045660218894,true,true,true,138,138,3,127.4190635,0.0449478105976949,1.0,
MSFT:2026-07-17T16:25:00+00:00,MSFT,2026-07-17,2026-07-17T16:25:00+00:00,middle,0.45430007966404784,-0.01593410650098326,true,true,true,76,76,3,155.9121335,0.044543650793650844,1.0,
MSFT:2026-07-17T16:30:00+00:00,MSFT,2026-07-17,2026-07-17T16:30:00+00:00,middle,0.45251719333668433,-0.01008335299288482,true,true,true,92,92,3,169.297472,0.04962313490232263,1.0,
MSFT:2026-07-17T16:35:00+00:00,MSFT,2026-07-17,2026-07-17T16:35:00+00:00,middle,0.4563866888487004,-0.010725667417682883,true,true,true,91,91,3,147.041278,0.040816326530612276,1.0,
MSFT:2026-07-17T16:40:00+00:00,MSFT,2026-07-17,2026-07-17T16:40:00+00:00,middle,0.4616508955166154,-0.021876315867617957,true,true,true,100,100,3,149.2870505,0.040957990484804335,1.0,
MSFT:2026-07-17T16:45:00+00:00,MSFT,2026-07-17,2026-07-17T16:45:00+00:00,middle,0.4583843008659222,-0.011739318705163981,true,true,true,121,121,3,124.611345,0.036423841059602696,1.0,
MSFT:2026-07-17T16:50:00+00:00,MSFT,2026-07-17,2026-07-17T16:50:00+00:00,middle,0.4484239010547474,-0.012888831302657722,true,true,true,113,113,3,114.864519,0.04560260586319214,1.0,
MSFT:2026-07-17T16:55:00+00:00,MSFT,2026-07-17,2026-07-17T16:55:00+00:00,middle,0.44978057700430607,-0.019557621143788118,true,true,true,95,95,3,145.544716,0.03720930232558143,0.979381443298969,
MSFT:2026-07-17T17:00:00+00:00,MSFT,2026-07-17,2026-07-17T17:00:00+00:00,middle,0.44713295783935864,-0.034509331536643095,true,true,true,103,103,3,165.711167,0.05035971223021587,1.0,
MSFT:2026-07-17T17:05:00+00:00,MSFT,2026-07-17,2026-07-17T17:05:00+00:00,middle,0.460841371470213,-0.022306661316826792,true,true,true,97,97,3,166.300558,0.03893805309734518,0.9897959183673469,
MSFT:2026-07-17T17:10:00+00:00,MSFT,2026-07-17,2026-07-17T17:10:00+00:00,middle,0.45275954204858093,-0.013721359012052403,true,true,true,73,73,3,162.612745,0.04149377593360999,1.0,
MSFT:2026-07-17T17:15:00+00:00,MSFT,2026-07-17,2026-07-17T17:15:00+00:00,middle,0.4522729819800109,-0.017660927220568112,true,true,true,76,76,3,188.2882785,0.041494897987340164,1.0,
MSFT:2026-07-17T17:20:00+00:00,MSFT,2026-07-17,2026-07-17T17:20:00+00:00,middle,0.4637517911867053,-0.014122796214327327,true,true,true,82,82,3,164.13816500000001,0.040359352947562696,1.0,
MSFT:2026-07-17T17:25:00+00:00,MSFT,2026-07-17,2026-07-17T17:25:00+00:00,middle,0.46487245141660805,-0.016731281212516103,true,true,true,87,87,3,148.223075,0.04020100502512566,0.9886363636363636,
MSFT:2026-07-17T17:30:00+00:00,MSFT,2026-07-17,2026-07-17T17:30:00+00:00,middle,0.46290913068972533,-0.016911547974005292,true,true,true,84,84,3,162.644848,0.037416666666666785,1.0,
MSFT:2026-07-17T17:35:00+00:00,MSFT,2026-07-17,2026-07-17T17:35:00+00:00,middle,0.46285934219484404,0.01853674279457329,true,true,true,91,91,3,185.004681,0.04576043068640654,1.0,
MSFT:2026-07-17T17:40:00+00:00,MSFT,2026-07-17,2026-07-17T17:40:00+00:00,middle,0.4600937803626359,-0.015084516965433947,true,true,true,96,96,3,136.4508505,0.0380986937590711,1.0,
MSFT:2026-07-17T17:45:00+00:00,MSFT,2026-07-17,2026-07-17T17:45:00+00:00,middle,0.4668578258576468,-0.02303625927586106,true,true,true,93,93,3,178.261658,0.049586776859504175,1.0,
MSFT:2026-07-17T17:50:00+00:00,MSFT,2026-07-17,2026-07-17T17:50:00+00:00,middle,0.44608013513222344,-0.016276199840672245,true,true,true,104,104,3,155.9334875,0.03188397618577353,1.0,
MSFT:2026-07-17T17:55:00+00:00,MSFT,2026-07-17,2026-07-17T17:55:00+00:00,middle,0.44199056813983995,-0.025369743399217715,true,true,true,63,63,3,164.983362,0.03473945409429277,1.0,
MSFT:2026-07-17T18:00:00+00:00,MSFT,2026-07-17,2026-07-17T18:00:00+00:00,middle,0.4519315033130981,-0.014662776935093047,true,true,true,107,107,3,205.623818,0.02247191011235947,1.0,
MSFT:2026-07-17T18:05:00+00:00,MSFT,2026-07-17,2026-07-17T18:05:00+00:00,middle,0.4584027783021071,-0.013921891348712134,true,true,true,69,69,3,148.22522,0.03252032520325206,1.0,
MSFT:2026-07-17T18:10:00+00:00,MSFT,2026-07-17,2026-07-17T18:10:00+00:00,middle,0.4495797838973775,-0.013820786990232703,true,true,true,74,74,3,130.7543055,0.034645061728395134,1.0,
MSFT:2026-07-17T18:15:00+00:00,MSFT,2026-07-17,2026-07-17T18:15:00+00:00,middle,0.45796734783265747,-0.03097824132765814,true,true,true,106,106,3,137.046646,0.040884438881935714,1.0,
MSFT:2026-07-17T18:20:00+00:00,MSFT,2026-07-17,2026-07-17T18:20:00+00:00,middle,0.46229855573192236,-0.02070739451155068,true,true,true,82,82,3,128.26214,0.03439909520524485,1.0,
MSFT:2026-07-17T18:25:00+00:00,MSFT,2026-07-17,2026-07-17T18:25:00+00:00,middle,0.4652089754484148,-0.028149777981340884,true,true,true,87,87,3,167.026365,0.04081632653061224,1.0,
MSFT:2026-07-17T18:30:00+00:00,MSFT,2026-07-17,2026-07-17T18:30:00+00:00,middle,0.4580048987513557,-0.023171412780858602,true,true,true,102,102,3,138.48277000000002,0.03168124717729115,1.0,
MSFT:2026-07-17T18:35:00+00:00,MSFT,2026-07-17,2026-07-17T18:35:00+00:00,middle,0.4410832552426607,-0.017962154133856267,true,true,true,87,87,3,167.911167,0.04034582132564837,1.0,
MSFT:2026-07-17T18:40:00+00:00,MSFT,2026-07-17,2026-07-17T18:40:00+00:00,middle,0.4481811798138954,-0.024145352481700577,true,true,true,106,106,3,149.979043,0.03634881935370893,1.0,
MSFT:2026-07-17T18:45:00+00:00,MSFT,2026-07-17,2026-07-17T18:45:00+00:00,middle,0.44933549803491313,-0.014955137659244278,true,true,true,105,105,3,191.399098,0.03208556149732628,1.0,
MSFT:2026-07-17T18:50:00+00:00,MSFT,2026-07-17,2026-07-17T18:50:00+00:00,middle,0.4575214120466672,-0.0051544968905671285,true,true,true,94,94,3,167.6280075,0.04138718424432705,0.9894736842105263,
MSFT:2026-07-17T18:55:00+00:00,MSFT,2026-07-17,2026-07-17T18:55:00+00:00,middle,0.4498029846209698,-0.014371161268852684,true,true,true,64,64,3,162.98649,0.02868301068839229,1.0,
MSFT:2026-07-17T19:00:00+00:00,MSFT,2026-07-17,2026-07-17T19:00:00+00:00,last,0.45826175746606296,-0.016793493548057925,true,true,true,70,70,3,127.854616,0.040107130900569166,0.9859154929577465,
MSFT:2026-07-17T19:05:00+00:00,MSFT,2026-07-17,2026-07-17T19:05:00+00:00,last,0.4477456003328636,-0.025924066484764363,true,true,true,88,88,3,161.803287,0.03348101096906779,1.0,
MSFT:2026-07-17T19:10:00+00:00,MSFT,2026-07-17,2026-07-17T19:10:00+00:00,last,0.44628653479992975,-0.01728098493901642,true,true,true,76,76,3,164.720281,0.041025760905138126,1.0,
MSFT:2026-07-17T19:15:00+00:00,MSFT,2026-07-17,2026-07-17T19:15:00+00:00,last,0.44773168637638167,-0.021850127082057247,true,true,true,82,82,3,160.8459545,0.03897582992365124,1.0,
MSFT:2026-07-17T19:20:00+00:00,MSFT,2026-07-17,2026-07-17T19:20:00+00:00,last,0.460665407418158,-0.020683664417095515,true,true,true,164,164,3,181.014147,0.029418126757516712,1.0,
MSFT:2026-07-17T19:25:00+00:00,MSFT,2026-07-17,2026-07-17T19:25:00+00:00,last,0.4372058062374481,-0.01809958006548129,true,true,true,118,118,3,193.790371,0.03121195351411165,0.9915966386554622,
NVDA:2026-07-17T13:35:00+00:00,NVDA,2026-07-17,2026-07-17T13:35:00+00:00,first,0.42886117626427117,-0.013164353718027433,true,true,true,337,337,3,109.010707,0.0628930817610062,0.9796511627906976,
NVDA:2026-07-17T13:40:00+00:00,NVDA,2026-07-17,2026-07-17T13:40:00+00:00,first,0.4426956350671649,-0.025668288104027603,true,true,true,285,285,3,99.584746,0.03468208092485557,0.9965034965034965,
NVDA:2026-07-17T13:45:00+00:00,NVDA,2026-07-17,2026-07-17T13:45:00+00:00,first,0.43381003717149047,-0.010146347639232944,true,true,true,323,323,3,110.073402,0.03899721448467962,1.0,
NVDA:2026-07-17T13:50:00+00:00,NVDA,2026-07-17,2026-07-17T13:50:00+00:00,middle,0.44157901677642775,-0.017199140327528062,true,true,true,297,297,3,110.401986,0.03468208092485552,1.0,
NVDA:2026-07-17T13:55:00+00:00,NVDA,2026-07-17,2026-07-17T13:55:00+00:00,middle,0.41616002504931393,0.00134959789940714,true,true,true,283,283,3,115.993712,0.03120567375886509,0.9860627177700348,
NVDA:2026-07-17T14:00:00+00:00,NVDA,2026-07-17,2026-07-17T14:00:00+00:00,middle,0.4162636626046896,0.0067357705473005125,true,true,true,263,263,3,105.345473,0.030303030303030373,0.9962121212121212,
NVDA:2026-07-17T14:05:00+00:00,NVDA,2026-07-17,2026-07-17T14:05:00+00:00,middle,0.4299985444178209,-0.01937642305991044,true,true,true,275,275,3,104.232251,0.031746031746031654,0.9892086330935251,
NVDA:2026-07-17T14:10:00+00:00,NVDA,2026-07-17,2026-07-17T14:10:00+00:00,middle,0.43133242159531265,-0.01832954218961297,true,true,true,279,279,3,134.227028,0.033519553072625725,0.9823943661971831,
NVDA:2026-07-17T14:15:00+00:00,NVDA,2026-07-17,2026-07-17T14:15:00+00:00,middle,0.4216589994648844,-0.008782370122149663,true,true,true,249,249,3,110.572823,0.02919708029197083,0.9920318725099602,
NVDA:2026-07-17T14:20:00+00:00,NVDA,2026-07-17,2026-07-17T14:20:00+00:00,middle,0.42950565135701,-0.027414554835081095,true,true,true,247,247,3,117.693526,0.03433476394849789,0.9919678714859438,
NVDA:2026-07-17T14:25:00+00:00,NVDA,2026-07-17,2026-07-17T14:25:00+00:00,middle,0.4299871450317875,-0.018288564004525443,true,true,true,218,218,3,138.08749,0.030166530166530182,0.990909090909091,
NVDA:2026-07-17T14:30:00+00:00,NVDA,2026-07-17,2026-07-17T14:30:00+00:00,middle,0.43285781590874495,-0.025065908783242108,true,true,true,211,211,3,108.928199,0.027972027972027996,0.985981308411215,
NVDA:2026-07-17T14:35:00+00:00,NVDA,2026-07-17,2026-07-17T14:35:00+00:00,middle,0.4163518029555232,0.00012271103788913384,true,true,true,212,212,3,108.6203605,0.027973395931142436,1.0,
NVDA:2026-07-17T14:40:00+00:00,NVDA,2026-07-17,2026-07-17T14:40:00+00:00,middle,0.4169857354788259,-0.011772734552457975,true,true,true,196,196,3,120.1371115,0.025348908936695197,0.98989898989899,
NVDA:2026-07-17T14:45:00+00:00,NVDA,2026-07-17,2026-07-17T14:45:00+00:00,middle,0.423220752604358,-0.03181963522619008,true,true,true,201,201,3,116.618521,0.024432809773123853,1.0,
NVDA:2026-07-17T14:50:00+00:00,NVDA,2026-07-17,2026-07-17T14:50:00+00:00,middle,0.4274431075428724,-0.01118741705782722,true,true,true,220,220,3,110.43768800000001,0.020289159106110823,0.995475113122172,
NVDA:2026-07-17T14:55:00+00:00,NVDA,2026-07-17,2026-07-17T14:55:00+00:00,middle,0.43062804384655506,-0.02453103170916443,true,true,true,174,174,3,145.0351665,0.025478740668614108,0.9942857142857143,
NVDA:2026-07-17T15:00:00+00:00,NVDA,2026-07-17,2026-07-17T15:00:00+00:00,middle,0.43998742406763136,-0.021865959562659354,true,true,true,180,180,3,102.611097,0.02479880292797352,0.9836065573770492,
NVDA:2026-07-17T15:05:00+00:00,NVDA,2026-07-17,2026-07-17T15:05:00+00:00,middle,0.43919475695645804,-0.025871912431016664,true,true,true,186,186,3,127.756554,0.025078616352201225,1.0,
NVDA:2026-07-17T15:10:00+00:00,NVDA,2026-07-17,2026-07-17T15:10:00+00:00,middle,0.429331531323284,-0.018355097675949228,true,true,true,168,168,3,123.78580500000001,0.022202140113783422,1.0,
NVDA:2026-07-17T15:15:00+00:00,NVDA,2026-07-17,2026-07-17T15:15:00+00:00,middle,0.42508831476327036,-0.010530201474815537,true,true,true,165,165,3,143.899705,0.023952095808383148,0.9939759036144579,
NVDA:2026-07-17T15:20:00+00:00,NVDA,2026-07-17,2026-07-17T15:20:00+00:00,middle,0.42702557708972694,-0.013305318674728284,true,true,true,156,156,3,126.729962,0.026041843274219205,0.9873417721518988,
NVDA:2026-07-17T15:25:00+00:00,NVDA,2026-07-17,2026-07-17T15:25:00+00:00,middle,0.4130602861177176,-0.0347061385837496,true,true,true,144,144,3,113.1799115,0.021980676328502435,0.993103448275862,
NVDA:2026-07-17T15:30:00+00:00,NVDA,2026-07-17,2026-07-17T15:30:00+00:00,middle,0.42551452514107524,-0.014515218215882753,true,true,true,153,153,3,141.273416,0.0237154150197629,1.0,
NVDA:2026-07-17T15:35:00+00:00,NVDA,2026-07-17,2026-07-17T15:35:00+00:00,middle,0.4304688249710426,-0.022777388904795137,true,true,true,176,176,3,133.0403805,0.022347066167290854,0.9943502824858758,
NVDA:2026-07-17T15:40:00+00:00,NVDA,2026-07-17,2026-07-17T15:40:00+00:00,middle,0.4306292731921077,-0.019049268131330566,true,true,true,183,183,3,122.328359,0.023715415019762865,0.9945652173913043,
NVDA:2026-07-17T15:45:00+00:00,NVDA,2026-07-17,2026-07-17T15:45:00+00:00,middle,0.427708571676448,-0.011862663042277122,true,true,true,158,158,3,125.37919500000001,0.023122159850307477,0.9937106918238994,
NVDA:2026-07-17T15:50:00+00:00,NVDA,2026-07-17,2026-07-17T15:50:00+00:00,middle,0.4248464317125678,-0.009915156169548633,true,true,true,157,157,3,125.522484,0.0219780219780219,1.0,
NVDA:2026-07-17T15:55:00+00:00,NVDA,2026-07-17,2026-07-17T15:55:00+00:00,middle,0.4198394190354199,-0.00816866592112181,true,true,true,135,135,3,122.547272,0.01680672268907557,1.0,
NVDA:2026-07-17T16:00:00+00:00,NVDA,2026-07-17,2026-07-17T16:00:00+00:00,middle,0.4221876925583036,-0.01917361829662334,true,true,true,173,173,3,142.18906,0.020761245674740504,0.9942528735632183,
NVDA:2026-07-17T16:05:00+00:00,NVDA,2026-07-17,2026-07-17T16:05:00+00:00,middle,0.41311363226412234,-0.025291065283849834,true,true,true,171,171,3,116.535737,0.024896265560165887,0.9771428571428571,
NVDA:2026-07-17T16:10:00+00:00,NVDA,2026-07-17,2026-07-17T16:10:00+00:00,middle,0.4175214693695009,0.004113911759614952,true,true,true,158,158,3,141.16033099999999,0.023351960383444628,1.0,
NVDA:2026-07-17T16:15:00+00:00,NVDA,2026-07-17,2026-07-17T16:15:00+00:00,middle,0.41569637551149724,-0.005496068689718914,true,true,true,157,157,3,155.984659,0.023529411764705903,1.0,
NVDA:2026-07-17T16:20:00+00:00,NVDA,2026-07-17,2026-07-17T16:20:00+00:00,middle,0.4194271412405446,-0.012754124832406677,true,true,true,168,168,3,148.9292165,0.018099918099918108,0.9940828402366864,
NVDA:2026-07-17T16:25:00+00:00,NVDA,2026-07-17,2026-07-17T16:25:00+00:00,middle,0.40964870319760593,-0.025797555651530635,true,true,true,175,175,3,140.901351,0.022471910112359605,1.0,
NVDA:2026-07-17T16:30:00+00:00,NVDA,2026-07-17,2026-07-17T16:30:00+00:00,middle,0.4114347560210899,-0.015291866581976454,true,true,true,116,116,3,135.2648295,0.01932601488944532,1.0,
NVDA:2026-07-17T16:35:00+00:00,NVDA,2026-07-17,2026-07-17T16:35:00+00:00,middle,0.41940832852829996,-0.013468560862958445,true,true,true,144,144,3,139.7762415,0.02395295467584621,1.0,
NVDA:2026-07-17T16:40:00+00:00,NVDA,2026-07-17,2026-07-17T16:40:00+00:00,middle,0.4282197186560705,-0.01586824338167908,true,true,true,123,123,3,152.236347,0.020833333333333353,1.0,
NVDA:2026-07-17T16:45:00+00:00,NVDA,2026-07-17,2026-07-17T16:45:00+00:00,middle,0.41700138169495016,-0.011661720923766494,true,true,true,136,136,3,119.844453,0.020274278933917436,1.0,
NVDA:2026-07-17T16:50:00+00:00,NVDA,2026-07-17,2026-07-17T16:50:00+00:00,middle,0.4126200686511919,0.007024405981898352,true,true,true,154,154,3,116.027954,0.023122159850307362,1.0,
NVDA:2026-07-17T16:55:00+00:00,NVDA,2026-07-17,2026-07-17T16:55:00+00:00,middle,0.40490048638573284,-0.012217608630925358,true,true,true,162,162,3,131.580332,0.022329273687580788,0.9878048780487805,
NVDA:2026-07-17T17:00:00+00:00,NVDA,2026-07-17,2026-07-17T17:00:00+00:00,middle,0.42051790602178124,-0.014804151673644794,true,true,true,164,164,3,167.689681,0.020833333333333308,1.0,
NVDA:2026-07-17T17:05:00+00:00,NVDA,2026-07-17,2026-07-17T17:05:00+00:00,middle,0.4240597623175755,-0.007511599349692366,true,true,true,141,141,3,139.692406,0.022727272727272846,1.0,
NVDA:2026-07-17T17:10:00+00:00,NVDA,2026-07-17,2026-07-17T17:10:00+00:00,middle,0.42224100145181265,-0.015644055456355055,true,true,true,171,171,3,114.381847,0.024390243902439157,0.9884393063583815,
NVDA:2026-07-17T17:15:00+00:00,NVDA,2026-07-17,2026-07-17T17:15:00+00:00,middle,0.42570011906662586,-0.022523324157252944,true,true,true,146,146,3,141.034064,0.021449108683151148,0.9733333333333334,
NVDA:2026-07-17T17:20:00+00:00,NVDA,2026-07-17,2026-07-17T17:20:00+00:00,middle,0.42564871007078886,-0.02667836311353733,true,true,true,124,124,3,110.814385,0.01990493166963763,0.9841269841269841,
NVDA:2026-07-17T17:25:00+00:00,NVDA,2026-07-17,2026-07-17T17:25:00+00:00,middle,0.4224985307186395,-0.016029175890386105,true,true,true,140,140,3,166.0320105,0.020833333333333356,1.0,
NVDA:2026-07-17T17:30:00+00:00,NVDA,2026-07-17,2026-07-17T17:30:00+00:00,middle,0.4220608464490101,-0.014804896731555495,true,true,true,143,143,3,140.54483,0.02214022140221394,1.0,
NVDA:2026-07-17T17:35:00+00:00,NVDA,2026-07-17,2026-07-17T17:35:00+00:00,middle,0.42328896265608074,-0.01979037723508481,true,true,true,125,125,3,136.139263,0.019230769230769246,0.9920634920634921,
NVDA:2026-07-17T17:40:00+00:00,NVDA,2026-07-17,2026-07-17T17:40:00+00:00,middle,0.4225704660599158,-0.01859552786372609,true,true,true,127,127,3,163.884961,0.026315789473684233,1.0,
NVDA:2026-07-17T17:45:00+00:00,NVDA,2026-07-17,2026-07-17T17:45:00+00:00,middle,0.4184842332016826,-0.011661720923766494,true,true,true,144,144,3,123.535122,0.02228844601725953,1.0,
NVDA:2026-07-17T17:50:00+00:00,NVDA,2026-07-17,2026-07-17T17:50:00+00:00,middle,0.4236003968627453,-0.019448544665664425,true,true,true,139,139,3,157.507232,0.016085790884718395,1.0,
NVDA:2026-07-17T17:55:00+00:00,NVDA,2026-07-17,2026-07-17T17:55:00+00:00,middle,0.4129763180911839,-0.016916092827260476,true,true,true,148,148,3,172.1651365,0.01963998714239802,1.0,
NVDA:2026-07-17T18:00:00+00:00,NVDA,2026-07-17,2026-07-17T18:00:00+00:00,middle,0.4299387907733843,-0.016206648684710168,true,true,true,188,188,3,122.7043595,0.022059121690117887,0.9947089947089947,
NVDA:2026-07-17T18:05:00+00:00,NVDA,2026-07-17,2026-07-17T18:05:00+00:00,middle,0.39498916726442423,-0.022633369210660503,true,true,true,128,128,3,130.9139225,0.021978021978022004,1.0,
NVDA:2026-07-17T18:10:00+00:00,NVDA,2026-07-17,2026-07-17T18:10:00+00:00,middle,0.43212825520260634,-0.01622125181975964,true,true,true,167,167,3,152.168136,0.0235294117647058,0.9881656804733728,
NVDA:2026-07-17T18:15:00+00:00,NVDA,2026-07-17,2026-07-17T18:15:00+00:00,middle,0.43357377930801355,-0.02078122975049912,true,true,true,134,134,3,115.834048,0.02400960384153658,1.0,
NVDA:2026-07-17T18:20:00+00:00,NVDA,2026-07-17,2026-07-17T18:20:00+00:00,middle,0.42192885944013303,-0.006080119585901433,true,true,true,199,199,3,135.974769,0.021276595744680774,0.995,
NVDA:2026-07-17T18:25:00+00:00,NVDA,2026-07-17,2026-07-17T18:25:00+00:00,middle,0.4277341644156799,-0.020308266988798895,true,true,true,155,155,3,123.666207,0.02150537634408604,1.0,
NVDA:2026-07-17T18:30:00+00:00,NVDA,2026-07-17,2026-07-17T18:30:00+00:00,middle,0.42551281150788073,-0.008432416421502775,true,true,true,142,142,3,152.17131849999998,0.021071131255203067,0.9861111111111112,
NVDA:2026-07-17T18:35:00+00:00,NVDA,2026-07-17,2026-07-17T18:35:00+00:00,middle,0.4307003517167867,-0.01795172332310674,true,true,true,208,208,3,149.5388105,0.01926168686618849,0.9952153110047847,
NVDA:2026-07-17T18:40:00+00:00,NVDA,2026-07-17,2026-07-17T18:40:00+00:00,middle,0.4303233524139821,-0.016574558281004403,true,true,true,138,138,3,140.232015,0.018779756656674324,0.9928057553956835,
NVDA:2026-07-17T18:45:00+00:00,NVDA,2026-07-17,2026-07-17T18:45:00+00:00,middle,0.4276143218507468,-0.01167841022096594,true,true,true,196,196,3,153.78355349999998,0.025696991929567172,0.98989898989899,
NVDA:2026-07-17T18:50:00+00:00,NVDA,2026-07-17,2026-07-17T18:50:00+00:00,middle,0.4321954594261498,-0.023403833596095436,true,true,true,160,160,3,132.05964,0.021279003961516656,0.9937888198757764,
NVDA:2026-07-17T18:55:00+00:00,NVDA,2026-07-17,2026-07-17T18:55:00+00:00,middle,0.41523157113391906,0.005034132785096734,true,true,true,130,130,3,126.4364595,0.018869603916332946,1.0,
NVDA:2026-07-17T19:00:00+00:00,NVDA,2026-07-17,2026-07-17T19:00:00+00:00,last,0.4296869984524697,-0.013894659482076799,true,true,true,141,141,3,148.506079,0.02040816326530623,1.0,
NVDA:2026-07-17T19:05:00+00:00,NVDA,2026-07-17,2026-07-17T19:05:00+00:00,last,0.4291937328627035,-0.015045848459869615,true,true,true,144,144,3,125.945819,0.020202020202020176,1.0,
NVDA:2026-07-17T19:10:00+00:00,NVDA,2026-07-17,2026-07-17T19:10:00+00:00,last,0.4334020062067062,-0.01629247935602074,true,true,true,182,182,3,121.51112549999999,0.022224966045190683,0.994535519125683,
NVDA:2026-07-17T19:15:00+00:00,NVDA,2026-07-17,2026-07-17T19:15:00+00:00,last,0.43055107936438175,-0.011080724765017591,true,true,true,225,225,3,132.641762,0.0235294117647058,0.995575221238938,
NVDA:2026-07-17T19:20:00+00:00,NVDA,2026-07-17,2026-07-17T19:20:00+00:00,last,0.42535307109183085,-0.006468890803694949,true,true,true,217,217,3,143.879532,0.024096385542168697,0.9908675799086758,
NVDA:2026-07-17T19:25:00+00:00,NVDA,2026-07-17,2026-07-17T19:25:00+00:00,last,0.4313948574482277,-0.016788464407160808,true,true,true,167,167,3,125.564369,0.024691358024691242,1.0,
QQQ:2026-07-17T13:35:00+00:00,QQQ,2026-07-17,2026-07-17T13:35:00+00:00,first,0.26434641049622376,-0.010927615364372811,true,true,true,960,960,3,134.3416515,0.018622292307421837,0.9706774519716885,
QQQ:2026-07-17T13:40:00+00:00,QQQ,2026-07-17,2026-07-17T13:40:00+00:00,first,0.2715440145026836,0.005857589414428821,true,true,true,845,845,3,128.774998,0.013856812933025382,0.9871495327102804,
QQQ:2026-07-17T13:45:00+00:00,QQQ,2026-07-17,2026-07-17T13:45:00+00:00,first,0.27524930856440966,0.01093173180932927,true,true,true,884,884,3,134.5804675,0.011458191787563589,0.9921436588103255,
QQQ:2026-07-17T13:50:00+00:00,QQQ,2026-07-17,2026-07-17T13:50:00+00:00,middle,0.28634753287710435,0.021269391693577056,true,true,true,884,884,3,138.7673145,0.01237881682313655,0.9954954954954955,
QQQ:2026-07-17T13:55:00+00:00,QQQ,2026-07-17,2026-07-17T13:55:00+00:00,middle,0.272826920405861,0.01748380832875157,true,true,true,818,818,3,141.538567,0.011164281421798742,0.9987789987789988,
QQQ:2026-07-17T14:00:00+00:00,QQQ,2026-07-17,2026-07-17T14:00:00+00:00,middle,0.26302370918739215,0.01367868582021825,true,true,true,810,810,3,141.4650535,0.010734196783605848,0.996309963099631,
QQQ:2026-07-17T14:05:00+00:00,QQQ,2026-07-17,2026-07-17T14:05:00+00:00,middle,0.27817542106314563,-0.006815976031385396,true,true,true,769,769,3,136.532803,0.011498658489842743,0.9974059662775616,
QQQ:2026-07-17T14:10:00+00:00,QQQ,2026-07-17,2026-07-17T14:10:00+00:00,middle,0.2701348305968698,0.007234624071396856,true,true,true,654,654,3,132.9382615,0.010390383535784132,1.0,
QQQ:2026-07-17T14:15:00+00:00,QQQ,2026-07-17,2026-07-17T14:15:00+00:00,middle,0.2436340706627909,0.007082576378274641,true,true,true,631,631,3,138.630431,0.009834599910594495,0.9968404423380727,
QQQ:2026-07-17T14:20:00+00:00,QQQ,2026-07-17,2026-07-17T14:20:00+00:00,middle,0.25749144930966195,0.013463084687314775,true,true,true,614,614,3,152.360348,0.010172182900305877,1.0,
QQQ:2026-07-17T14:25:00+00:00,QQQ,2026-07-17,2026-07-17T14:25:00+00:00,middle,0.2584608069043532,0.019867881884243377,true,true,true,533,533,3,154.51092,0.009538950715421383,0.9962616822429906,
QQQ:2026-07-17T14:30:00+00:00,QQQ,2026-07-17,2026-07-17T14:30:00+00:00,middle,0.24324778607577457,0.008436924021862469,true,true,true,481,481,3,147.206534,0.009787928221859787,0.993801652892562,
QQQ:2026-07-17T14:35:00+00:00,QQQ,2026-07-17,2026-07-17T14:35:00+00:00,middle,0.2744621269421037,0.010652521357301714,true,true,true,624,624,3,136.09513850000002,0.008301353696932096,0.9984,
QQQ:2026-07-17T14:40:00+00:00,QQQ,2026-07-17,2026-07-17T14:40:00+00:00,middle,0.24732085934866033,0.01742144698162751,true,true,true,527,527,3,131.911585,0.009486166007905217,1.0,
QQQ:2026-07-17T14:45:00+00:00,QQQ,2026-07-17,2026-07-17T14:45:00+00:00,middle,0.25566494915485194,0.006594824217047546,true,true,true,460,460,3,134.89752249999998,0.009396929562169698,0.9913793103448276,
QQQ:2026-07-17T14:50:00+00:00,QQQ,2026-07-17,2026-07-17T14:50:00+00:00,middle,0.2609028739049677,0.008862985388085276,true,true,true,487,487,3,156.420867,0.008730574471800244,0.9918533604887984,
QQQ:2026-07-17T14:55:00+00:00,QQQ,2026-07-17,2026-07-17T14:55:00+00:00,middle,0.2771041209198255,0.006847827257066952,true,true,true,510,510,3,150.1204345,0.008679222385195971,1.0,
QQQ:2026-07-17T15:00:00+00:00,QQQ,2026-07-17,2026-07-17T15:00:00+00:00,middle,0.28047415754819294,0.007937213681168842,true,true,true,489,489,3,110.96808,0.009467455621301784,0.9939024390243902,
QQQ:2026-07-17T15:05:00+00:00,QQQ,2026-07-17,2026-07-17T15:05:00+00:00,middle,0.2636157135767713,0.009176971418094038,true,true,true,565,565,3,168.736182,0.008333333333333403,0.9947183098591549,
QQQ:2026-07-17T15:10:00+00:00,QQQ,2026-07-17,2026-07-17T15:10:00+00:00,middle,0.2638661089141034,0.015951410470958882,true,true,true,448,448,3,139.715128,0.007776054468661428,1.0,
QQQ:2026-07-17T15:15:00+00:00,QQQ,2026-07-17,2026-07-17T15:15:00+00:00,middle,0.28128601921379004,0.005916206845551719,true,true,true,436,436,3,143.91245650000002,0.007992207398181201,0.9977116704805492,
QQQ:2026-07-17T15:20:00+00:00,QQQ,2026-07-17,2026-07-17T15:20:00+00:00,middle,0.25951806270605693,0.017561666880417576,true,true,true,380,380,3,157.27369499999998,0.00854343392761479,0.9973753280839895,
QQQ:2026-07-17T15:25:00+00:00,QQQ,2026-07-17,2026-07-17T15:25:00+00:00,middle,0.27895710788336026,0.00737260879645496,true,true,true,378,378,3,157.306199,0.009156373980088351,0.9973614775725593,
QQQ:2026-07-17T15:30:00+00:00,QQQ,2026-07-17,2026-07-17T15:30:00+00:00,middle,0.26640645836636057,0.014476810480587132,true,true,true,415,415,3,117.659885,0.008574490889603438,0.9975961538461539,
QQQ:2026-07-17T15:35:00+00:00,QQQ,2026-07-17,2026-07-17T15:35:00+00:00,middle,0.2750071461169906,0.012333427883140735,true,true,true,457,457,3,152.254011,0.009646302250803795,0.9978165938864629,
QQQ:2026-07-17T15:40:00+00:00,QQQ,2026-07-17,2026-07-17T15:40:00+00:00,middle,0.2598798255745881,0.021870951450660925,true,true,true,448,448,3,126.191378,0.007600615759517629,0.9977728285077951,
QQQ:2026-07-17T15:45:00+00:00,QQQ,2026-07-17,2026-07-17T15:45:00+00:00,middle,0.275272936213402,0.017097700692988993,true,true,true,405,405,3,153.451391,0.007952286282306171,1.0,
QQQ:2026-07-17T15:50:00+00:00,QQQ,2026-07-17,2026-07-17T15:50:00+00:00,middle,0.2457748734972216,0.01913832117810471,true,true,true,310,310,3,138.1376355,0.008334237284007466,1.0,
QQQ:2026-07-17T15:55:00+00:00,QQQ,2026-07-17,2026-07-17T15:55:00+00:00,middle,0.26345840391215497,0.029489410731192656,true,true,true,324,324,3,159.6983185,0.008307381751365129,0.9969230769230769,
QQQ:2026-07-17T16:00:00+00:00,QQQ,2026-07-17,2026-07-17T16:00:00+00:00,middle,0.2671829763473198,0.017469000302776705,true,true,true,446,446,3,149.98633,0.008281893004115295,1.0,
QQQ:2026-07-17T16:05:00+00:00,QQQ,2026-07-17,2026-07-17T16:05:00+00:00,middle,0.256119453106815,0.01198958365736158,true,true,true,497,497,3,174.294798,0.009474590869939658,0.9920159680638723,
QQQ:2026-07-17T16:10:00+00:00,QQQ,2026-07-17,2026-07-17T16:10:00+00:00,middle,0.26257420643665463,0.028998547953188403,true,true,true,373,373,3,144.944959,0.0086268871315601,1.0,
QQQ:2026-07-17T16:15:00+00:00,QQQ,2026-07-17,2026-07-17T16:15:00+00:00,middle,0.25339100447178253,0.013277714279137542,true,true,true,351,351,3,156.759185,0.008784773060029269,1.0,
QQQ:2026-07-17T16:20:00+00:00,QQQ,2026-07-17,2026-07-17T16:20:00+00:00,middle,0.25497489514442717,0.013390162144306994,true,true,true,326,326,3,162.47669100000002,0.008580344518903382,1.0,
QQQ:2026-07-17T16:25:00+00:00,QQQ,2026-07-17,2026-07-17T16:25:00+00:00,middle,0.23923283663314582,0.010911484860606502,true,true,true,387,387,3,152.448232,0.007731958762886548,0.9948586118251928,
QQQ:2026-07-17T16:30:00+00:00,QQQ,2026-07-17,2026-07-17T16:30:00+00:00,middle,0.2719312117856406,0.02206701343985648,true,true,true,325,325,3,162.846219,0.008941877794336797,1.0,
QQQ:2026-07-17T16:35:00+00:00,QQQ,2026-07-17,2026-07-17T16:35:00+00:00,middle,0.2543407111640796,0.017171480052594,true,true,true,308,308,3,161.42040250000002,0.008033012867823566,1.0,
QQQ:2026-07-17T16:40:00+00:00,QQQ,2026-07-17,2026-07-17T16:40:00+00:00,middle,0.268696300722599,0.01338006660961738,true,true,true,267,267,3,146.206722,0.007197121151539372,1.0,
QQQ:2026-07-17T16:45:00+00:00,QQQ,2026-07-17,2026-07-17T16:45:00+00:00,middle,0.2500323858558964,0.011511088840674588,true,true,true,304,304,3,109.46443500000001,0.007423629071488092,0.9967213114754099,
QQQ:2026-07-17T16:50:00+00:00,QQQ,2026-07-17,2026-07-17T16:50:00+00:00,middle,0.23701931614663266,0.014497523090504089,true,true,true,386,386,3,134.66129,0.007995598083065653,0.9974160206718347,
QQQ:2026-07-17T16:55:00+00:00,QQQ,2026-07-17,2026-07-17T16:55:00+00:00,middle,0.23615731208364665,0.010012144083071495,true,true,true,410,410,3,177.08736199999998,0.008166089196255655,1.0,
QQQ:2026-07-17T17:00:00+00:00,QQQ,2026-07-17,2026-07-17T17:00:00+00:00,middle,0.252545279924145,0.006933248146526516,true,true,true,379,379,3,117.657197,0.007220216606498202,1.0,
QQQ:2026-07-17T17:05:00+00:00,QQQ,2026-07-17,2026-07-17T17:05:00+00:00,middle,0.2537277613341864,0.020769085306555024,true,true,true,362,362,3,191.10962849999999,0.007480407208328823,1.0,
QQQ:2026-07-17T17:10:00+00:00,QQQ,2026-07-17,2026-07-17T17:10:00+00:00,middle,0.237839876363337,0.007254274973791219,true,true,true,290,290,3,136.11801300000002,0.0078934405003203,1.0,
QQQ:2026-07-17T17:15:00+00:00,QQQ,2026-07-17,2026-07-17T17:15:00+00:00,middle,0.27267822547333687,0.001980866840679163,true,true,true,322,322,3,146.75755850000002,0.008400840840235228,1.0,
QQQ:2026-07-17T17:20:00+00:00,QQQ,2026-07-17,2026-07-17T17:20:00+00:00,middle,0.269822139104981,0.009750516997736047,true,true,true,335,335,3,168.036933,0.00898472596585801,1.0,
QQQ:2026-07-17T17:25:00+00:00,QQQ,2026-07-17,2026-07-17T17:25:00+00:00,middle,0.2527042380293887,0.007017421063985729,true,true,true,298,298,3,148.7010125,0.007905324187304014,0.9900332225913622,
QQQ:2026-07-17T17:30:00+00:00,QQQ,2026-07-17,2026-07-17T17:30:00+00:00,middle,0.26228597147068383,0.01748259760964671,true,true,true,325,325,3,160.569718,0.00695479384003977,0.9969325153374233,
QQQ:2026-07-17T17:35:00+00:00,QQQ,2026-07-17,2026-07-17T17:35:00+00:00,middle,0.26838783743435335,0.005920379169851497,true,true,true,295,295,3,165.026882,0.0071770334928230265,0.9966216216216216,
QQQ:2026-07-17T17:40:00+00:00,QQQ,2026-07-17,2026-07-17T17:40:00+00:00,middle,0.2523172549505811,0.00630378597068787,true,true,true,350,350,3,159.2549995,0.007684982171727245,0.9859154929577465,
QQQ:2026-07-17T17:45:00+00:00,QQQ,2026-07-17,2026-07-17T17:45:00+00:00,middle,0.25591823159158783,0.013589874917264988,true,true,true,342,342,3,171.49927100000002,0.006731740917474432,0.991304347826087,
QQQ:2026-07-17T17:50:00+00:00,QQQ,2026-07-17,2026-07-17T17:50:00+00:00,middle,0.252298637816038,0.011456066313970892,true,true,true,299,299,3,150.901658,0.008368200836820099,0.9933554817275747,
QQQ:2026-07-17T17:55:00+00:00,QQQ,2026-07-17,2026-07-17T17:55:00+00:00,middle,0.2543409905607962,0.012377274541184341,true,true,true,330,330,3,157.5931745,0.007449780629381114,0.990990990990991,
QQQ:2026-07-17T18:00:00+00:00,QQQ,2026-07-17,2026-07-17T18:00:00+00:00,middle,0.2539698865287099,0.011553333624210127,true,true,true,361,361,3,145.363738,0.007930214115781098,0.9944903581267218,
QQQ:2026-07-17T18:05:00+00:00,QQQ,2026-07-17,2026-07-17T18:05:00+00:00,middle,0.25620654106334967,0.006962826945580564,true,true,true,383,383,3,147.534244,0.008255933952528386,0.9948051948051948,
QQQ:2026-07-17T18:10:00+00:00,QQQ,2026-07-17,2026-07-17T18:10:00+00:00,middle,0.24104230290147288,0.013345570428352771,true,true,true,335,335,3,160.629779,0.006659267480576995,0.9940652818991098,
QQQ:2026-07-17T18:15:00+00:00,QQQ,2026-07-17,2026-07-17T18:15:00+00:00,middle,0.2565181894741636,0.01337544725057116,true,true,true,294,294,3,151.647676,0.007788166717718441,0.9865771812080537,
QQQ:2026-07-17T18:20:00+00:00,QQQ,2026-07-17,2026-07-17T18:20:00+00:00,middle,0.2575384065844826,0.01681105828830226,true,true,true,376,376,3,150.13487,0.006946167631651505,0.9973474801061007,
QQQ:2026-07-17T18:25:00+00:00,QQQ,2026-07-17,2026-07-17T18:25:00+00:00,middle,0.25950737112503874,0.013745014600716643,true,true,true,384,384,3,137.8184125,0.007222900428835232,0.9974025974025974,
QQQ:2026-07-17T18:30:00+00:00,QQQ,2026-07-17,2026-07-17T18:30:00+00:00,middle,0.24654146358152107,0.019626054712884144,true,true,true,321,321,3,155.755814,0.006773101112723609,1.0,
QQQ:2026-07-17T18:35:00+00:00,QQQ,2026-07-17,2026-07-17T18:35:00+00:00,middle,0.2749076063801236,0.012306102884266534,true,true,true,409,409,3,178.127418,0.007055630936227898,0.9951338199513382,
QQQ:2026-07-17T18:40:00+00:00,QQQ,2026-07-17,2026-07-17T18:40:00+00:00,middle,0.25848069063734447,0.014169883874282307,true,true,true,246,246,3,147.97494799999998,0.007276737077735452,0.9959514170040485,
QQQ:2026-07-17T18:45:00+00:00,QQQ,2026-07-17,2026-07-17T18:45:00+00:00,middle,0.27424433720158786,0.01535739442522066,true,true,true,372,372,3,146.5688915,0.006965672003881617,0.9946524064171123,
QQQ:2026-07-17T18:50:00+00:00,QQQ,2026-07-17,2026-07-17T18:50:00+00:00,middle,0.258130792816041,0.013629810021277666,true,true,true,377,377,3,144.417779,0.007474639615589993,0.9947229551451188,
QQQ:2026-07-17T18:55:00+00:00,QQQ,2026-07-17,2026-07-17T18:55:00+00:00,middle,0.25769780241124884,0.017510164752341906,true,true,true,283,283,3,145.126594,0.006734006734006741,1.0,
QQQ:2026-07-17T19:00:00+00:00,QQQ,2026-07-17,2026-07-17T19:00:00+00:00,last,0.27213863590797405,0.01406809033723555,true,true,true,275,275,3,168.898852,0.0071890726096334595,1.0,
QQQ:2026-07-17T19:05:00+00:00,QQQ,2026-07-17,2026-07-17T19:05:00+00:00,last,0.25768396296055796,0.018658746027447215,true,true,true,258,258,3,150.1913515,0.007215689030942194,0.9961389961389961,
QQQ:2026-07-17T19:10:00+00:00,QQQ,2026-07-17,2026-07-17T19:10:00+00:00,last,0.24113880652735378,0.006869303551342354,true,true,true,307,307,3,141.752077,0.0071736011477761576,1.0,
QQQ:2026-07-17T19:15:00+00:00,QQQ,2026-07-17,2026-07-17T19:15:00+00:00,last,0.27968937873764893,0.005002430570997363,true,true,true,411,411,3,142.177177,0.006357279084551902,0.9951573849878934,
QQQ:2026-07-17T19:20:00+00:00,QQQ,2026-07-17,2026-07-17T19:20:00+00:00,last,0.2729825536901783,0.014662423032585525,true,true,true,432,432,3,145.257611,0.0070990278267304,0.993103448275862,
QQQ:2026-07-17T19:25:00+00:00,QQQ,2026-07-17,2026-07-17T19:25:00+00:00,last,0.28087185083446653,0.008052939801145353,true,true,true,339,339,3,141.236006,0.007421150278293142,0.9912280701754386,
SPY:2026-07-17T13:35:00+00:00,SPY,2026-07-17,2026-07-17T13:35:00+00:00,first,0.17725723392919637,0.0170010853084214,true,true,true,1170,1170,3,146.367726,0.013986013986014012,0.9733777038269551,
SPY:2026-07-17T13:40:00+00:00,SPY,2026-07-17,2026-07-17T13:40:00+00:00,first,0.17456369125727939,0.030023393735777643,true,true,true,921,921,3,148.679912,0.009448818897637734,0.9956756756756757,
SPY:2026-07-17T13:45:00+00:00,SPY,2026-07-17,2026-07-17T13:45:00+00:00,first,0.17561914960677363,0.025710924042966155,true,true,true,859,859,3,159.312032,0.009066183136899332,0.9919168591224018,
SPY:2026-07-17T13:50:00+00:00,SPY,2026-07-17,2026-07-17T13:50:00+00:00,middle,0.1690718135183081,0.038584053250156375,true,true,true,824,824,3,129.39022749999998,0.00851063829787238,1.0,
SPY:2026-07-17T13:55:00+00:00,SPY,2026-07-17,2026-07-17T13:55:00+00:00,middle,0.16821649635007047,0.02736003522246705,true,true,true,680,680,3,144.253263,0.008714638314030767,0.9970674486803519,
SPY:2026-07-17T14:00:00+00:00,SPY,2026-07-17,2026-07-17T14:00:00+00:00,middle,0.16568823546241407,0.02978702411361414,true,true,true,611,611,3,136.534454,0.008368200836820152,0.9983660130718954,
SPY:2026-07-17T14:05:00+00:00,SPY,2026-07-17,2026-07-17T14:05:00+00:00,middle,0.16587956633387693,0.027775554019253662,true,true,true,671,671,3,164.211019,0.008995502248875636,0.9985119047619048,
SPY:2026-07-17T14:10:00+00:00,SPY,2026-07-17,2026-07-17T14:10:00+00:00,middle,0.16286246363779902,0.02867459677362444,true,true,true,576,576,3,147.6202315,0.009493694654539146,1.0,
SPY:2026-07-17T14:15:00+00:00,SPY,2026-07-17,2026-07-17T14:15:00+00:00,middle,0.15046779199440027,0.0278632100824453,true,true,true,532,532,3,130.9637945,0.00703812558823047,0.99812382739212,
SPY:2026-07-17T14:20:00+00:00,SPY,2026-07-17,2026-07-17T14:20:00+00:00,middle,0.16568126917094927,0.029196398081369646,true,true,true,579,579,3,146.293766,0.00796812749003985,0.9965576592082617,
SPY:2026-07-17T14:25:00+00:00,SPY,2026-07-17,2026-07-17T14:25:00+00:00,middle,0.16244763401957973,0.03004166628103705,true,true,true,431,431,3,148.036884,0.0076045627376425924,1.0,
SPY:2026-07-17T14:30:00+00:00,SPY,2026-07-17,2026-07-17T14:30:00+00:00,middle,0.16568432390838303,0.02079860822626578,true,true,true,464,464,3,111.739993,0.006894175241807067,0.9978494623655914,
SPY:2026-07-17T14:35:00+00:00,SPY,2026-07-17,2026-07-17T14:35:00+00:00,middle,0.16378098034331018,0.03137256322688606,true,true,true,491,491,3,134.744669,0.006674082313681726,1.0,
SPY:2026-07-17T14:40:00+00:00,SPY,2026-07-17,2026-07-17T14:40:00+00:00,middle,0.14993268208972552,0.025678812047015886,true,true,true,399,399,3,163.614279,0.006756756756756763,1.0,
SPY:2026-07-17T14:45:00+00:00,SPY,2026-07-17,2026-07-17T14:45:00+00:00,middle,0.16782342242284307,0.022668740834970114,true,true,true,356,356,3,128.647219,0.006446418367876999,0.994413407821229,
SPY:2026-07-17T14:50:00+00:00,SPY,2026-07-17,2026-07-17T14:50:00+00:00,middle,0.16998950134689364,0.026493272102076637,true,true,true,465,465,3,173.809977,0.0072727272727271175,0.9978540772532188,
SPY:2026-07-17T14:55:00+00:00,SPY,2026-07-17,2026-07-17T14:55:00+00:00,middle,0.16663150671700758,0.02620359358640384,true,true,true,347,347,3,152.257629,0.006600660066006606,0.9971264367816092,
SPY:2026-07-17T15:00:00+00:00,SPY,2026-07-17,2026-07-17T15:00:00+00:00,middle,0.1666866968817413,0.028937099302004998,true,true,true,388,388,3,112.62864049999999,0.006544639969846676,0.9847715736040609,
SPY:2026-07-17T15:05:00+00:00,SPY,2026-07-17,2026-07-17T15:05:00+00:00,middle,0.16972589985809478,0.021885237936098145,true,true,true,501,501,3,174.32946,0.006410256410256416,0.9940476190476191,
SPY:2026-07-17T15:10:00+00:00,SPY,2026-07-17,2026-07-17T15:10:00+00:00,middle,0.1666073202745821,0.02838745145484803,true,true,true,375,375,3,149.342527,0.006389776357827454,1.0,
SPY:2026-07-17T15:15:00+00:00,SPY,2026-07-17,2026-07-17T15:15:00+00:00,middle,0.16773690257296525,0.025652679140798773,true,true,true,410,410,3,169.574078,0.007762018325593107,1.0,
SPY:2026-07-17T15:20:00+00:00,SPY,2026-07-17,2026-07-17T15:20:00+00:00,middle,0.16480355369927174,0.030583453767236368,true,true,true,372,372,3,151.706416,0.007079845621773351,1.0,
SPY:2026-07-17T15:25:00+00:00,SPY,2026-07-17,2026-07-17T15:25:00+00:00,middle,0.1690984120857194,0.026827821730419976,true,true,true,366,366,3,150.463036,0.007293356140668093,0.991869918699187,
SPY:2026-07-17T15:30:00+00:00,SPY,2026-07-17,2026-07-17T15:30:00+00:00,middle,0.16443357656727545,0.03308742576700452,true,true,true,402,402,3,149.968568,0.006749190514692237,1.0,
SPY:2026-07-17T15:35:00+00:00,SPY,2026-07-17,2026-07-17T15:35:00+00:00,middle,0.16734107193146835,0.02773858052043615,true,true,true,454,454,3,147.79816,0.0076530736754764645,0.9978021978021978,
SPY:2026-07-17T15:40:00+00:00,SPY,2026-07-17,2026-07-17T15:40:00+00:00,middle,0.1588660568239223,0.026658060285471408,true,true,true,331,331,3,157.150663,0.007490636704119857,1.0,
SPY:2026-07-17T15:45:00+00:00,SPY,2026-07-17,2026-07-17T15:45:00+00:00,middle,0.16273917518002912,0.027345674231238737,true,true,true,313,313,3,154.461543,0.007067137809187128,1.0,
SPY:2026-07-17T15:50:00+00:00,SPY,2026-07-17,2026-07-17T15:50:00+00:00,middle,0.16389894163701868,0.030639742892388216,true,true,true,300,300,3,147.99145249999998,0.0071007508308718065,1.0,
SPY:2026-07-17T15:55:00+00:00,SPY,2026-07-17,2026-07-17T15:55:00+00:00,middle,0.15799742174553125,0.03131387128997226,true,true,true,294,294,3,151.4078425,0.00657901855759347,1.0,
SPY:2026-07-17T16:00:00+00:00,SPY,2026-07-17,2026-07-17T16:00:00+00:00,middle,0.1604665064086318,0.030087077560693037,true,true,true,441,441,3,145.808165,0.005865102639296193,1.0,
SPY:2026-07-17T16:05:00+00:00,SPY,2026-07-17,2026-07-17T16:05:00+00:00,middle,0.16539495272909852,0.021422221697505628,true,true,true,518,518,3,150.295355,0.007380073800738042,0.9961538461538462,
SPY:2026-07-17T16:10:00+00:00,SPY,2026-07-17,2026-07-17T16:10:00+00:00,middle,0.15999564843552933,0.03197801591155308,true,true,true,394,394,3,145.816151,0.00714285714285715,1.0,
SPY:2026-07-17T16:15:00+00:00,SPY,2026-07-17,2026-07-17T16:15:00+00:00,middle,0.14728192436832932,0.02764127595730126,true,true,true,293,293,3,158.086717,0.006615214994487376,1.0,
SPY:2026-07-17T16:20:00+00:00,SPY,2026-07-17,2026-07-17T16:20:00+00:00,middle,0.16225276412304118,0.02874034813424195,true,true,true,310,310,3,155.8568775,0.006257844333185136,1.0,
SPY:2026-07-17T16:25:00+00:00,SPY,2026-07-17,2026-07-17T16:25:00+00:00,middle,0.14891651623179578,0.01607015407547352,true,true,true,334,334,3,132.681715,0.006302527962502635,1.0,
SPY:2026-07-17T16:30:00+00:00,SPY,2026-07-17,2026-07-17T16:30:00+00:00,middle,0.15088883353294988,0.027459854356050417,true,true,true,308,308,3,157.62787250000002,0.006339160136628497,1.0,
SPY:2026-07-17T16:35:00+00:00,SPY,2026-07-17,2026-07-17T16:35:00+00:00,middle,0.1508309518465139,0.023477910978864924,true,true,true,286,286,3,169.7623365,0.006788296852064393,1.0,
SPY:2026-07-17T16:40:00+00:00,SPY,2026-07-17,2026-07-17T16:40:00+00:00,middle,0.14682016541496104,0.03365236592777815,true,true,true,218,218,3,152.8241265,0.006791347661654836,1.0,
SPY:2026-07-17T16:45:00+00:00,SPY,2026-07-17,2026-07-17T16:45:00+00:00,middle,0.16025225569319168,0.024213301763154504,true,true,true,360,360,3,155.96589649999999,0.004881026832246457,0.997229916897507,
SPY:2026-07-17T16:50:00+00:00,SPY,2026-07-17,2026-07-17T16:50:00+00:00,middle,0.16125337138132562,0.02750282557104894,true,true,true,301,301,3,120.056182,0.006615214994487376,1.0,
SPY:2026-07-17T16:55:00+00:00,SPY,2026-07-17,2026-07-17T16:55:00+00:00,middle,0.16412700386347806,0.026793567692976444,true,true,true,367,367,3,169.27941,0.006825938566552908,1.0,
SPY:2026-07-17T17:00:00+00:00,SPY,2026-07-17,2026-07-17T17:00:00+00:00,middle,0.16515998940374144,0.02955899914005025,true,true,true,262,262,3,159.87680949999998,0.006666740741563801,1.0,
SPY:2026-07-17T17:05:00+00:00,SPY,2026-07-17,2026-07-17T17:05:00+00:00,middle,0.1329432848772779,0.02567037426617741,true,true,true,283,283,3,169.510206,0.006116207951070388,1.0,
SPY:2026-07-17T17:10:00+00:00,SPY,2026-07-17,2026-07-17T17:10:00+00:00,middle,0.14835110109660402,0.025883181431915647,true,true,true,257,257,3,147.493374,0.005797101449275368,1.0,
SPY:2026-07-17T17:15:00+00:00,SPY,2026-07-17,2026-07-17T17:15:00+00:00,middle,0.14853019439188392,0.02659093056771905,true,true,true,307,307,3,137.298662,0.005230125523012627,1.0,
SPY:2026-07-17T17:20:00+00:00,SPY,2026-07-17,2026-07-17T17:20:00+00:00,middle,0.13024260827586612,0.024459394391052436,true,true,true,260,260,3,166.33557100000002,0.005167973992463893,0.9961685823754789,
SPY:2026-07-17T17:25:00+00:00,SPY,2026-07-17,2026-07-17T17:25:00+00:00,middle,0.1625965338430293,0.02619442937410249,true,true,true,287,287,3,172.40292,0.0054694621695533735,1.0,
SPY:2026-07-17T17:30:00+00:00,SPY,2026-07-17,2026-07-17T17:30:00+00:00,middle,0.131069603930274,0.025243642347834966,true,true,true,279,279,3,149.857446,0.006153846153846023,1.0,
SPY:2026-07-17T17:35:00+00:00,SPY,2026-07-17,2026-07-17T17:35:00+00:00,middle,0.1444363805694096,0.02098287967402493,true,true,true,242,242,3,153.7567995,0.005698745788854168,1.0,
SPY:2026-07-17T17:40:00+00:00,SPY,2026-07-17,2026-07-17T17:40:00+00:00,middle,0.14908299010871354,0.02424805871468788,true,true,true,316,316,3,187.77266350000002,0.005639395146446917,1.0,
SPY:2026-07-17T17:45:00+00:00,SPY,2026-07-17,2026-07-17T17:45:00+00:00,middle,0.1648186224955153,0.02083861783606933,true,true,true,330,330,3,171.6017335,0.005555598422827341,0.9939759036144579,
SPY:2026-07-17T17:50:00+00:00,SPY,2026-07-17,2026-07-17T17:50:00+00:00,middle,0.14905307603359966,0.0307538671378568,true,true,true,368,368,3,170.430583,0.004858350560480533,1.0,
SPY:2026-07-17T17:55:00+00:00,SPY,2026-07-17,2026-07-17T17:55:00+00:00,middle,0.16766304870756898,0.028272749789498786,true,true,true,379,379,3,137.535269,0.005546311702717574,0.9973684210526316,
SPY:2026-07-17T18:00:00+00:00,SPY,2026-07-17,2026-07-17T18:00:00+00:00,middle,0.1662659906192515,0.029180006807334735,true,true,true,434,434,3,148.845755,0.005581414667957773,1.0,
SPY:2026-07-17T18:05:00+00:00,SPY,2026-07-17,2026-07-17T18:05:00+00:00,middle,0.16799449703235925,0.02688615976482628,true,true,true,420,420,3,133.623172,0.0052886744516700696,0.997624703087886,
SPY:2026-07-17T18:10:00+00:00,SPY,2026-07-17,2026-07-17T18:10:00+00:00,middle,0.15225841761081105,0.03032979880154507,true,true,true,416,416,3,164.2981685,0.005258561292656704,1.0,
SPY:2026-07-17T18:15:00+00:00,SPY,2026-07-17,2026-07-17T18:15:00+00:00,middle,0.13641632576179688,0.028923893150538227,true,true,true,338,338,3,142.0080025,0.005563293098112045,1.0,
SPY:2026-07-17T18:20:00+00:00,SPY,2026-07-17,2026-07-17T18:20:00+00:00,middle,0.15418506286204045,0.028603723139870973,true,true,true,506,506,3,170.1394945,0.005105119086077881,0.9941060903732809,
SPY:2026-07-17T18:25:00+00:00,SPY,2026-07-17,2026-07-17T18:25:00+00:00,middle,0.1700352479026094,0.02644903428862999,true,true,true,429,429,3,159.751963,0.004968944099378997,1.0,
SPY:2026-07-17T18:30:00+00:00,SPY,2026-07-17,2026-07-17T18:30:00+00:00,middle,0.15435212347206287,0.03076928983660787,true,true,true,477,477,3,145.762794,0.005763688760806922,0.99375,
SPY:2026-07-17T18:35:00+00:00,SPY,2026-07-17,2026-07-17T18:35:00+00:00,middle,0.17045319745082965,0.027207503241702985,true,true,true,475,475,3,180.485373,0.005305039787798413,1.0,
SPY:2026-07-17T18:40:00+00:00,SPY,2026-07-17,2026-07-17T18:40:00+00:00,middle,0.15561106645018796,0.02514574173837153,true,true,true,329,329,3,174.886827,0.0057803468208092535,1.0,
SPY:2026-07-17T18:45:00+00:00,SPY,2026-07-17,2026-07-17T18:45:00+00:00,middle,0.1695457262288444,0.026782764353271565,true,true,true,395,395,3,138.714986,0.0050377833753148665,0.9899749373433584,
SPY:2026-07-17T18:50:00+00:00,SPY,2026-07-17,2026-07-17T18:50:00+00:00,middle,0.15458272820864247,0.02967956813644612,true,true,true,440,440,3,144.3221785,0.004674922600619096,0.9977324263038548,
SPY:2026-07-17T18:55:00+00:00,SPY,2026-07-17,2026-07-17T18:55:00+00:00,middle,0.13951354080972075,0.03314703039985892,true,true,true,402,402,3,136.39729,0.005226484801992222,0.9975186104218362,
SPY:2026-07-17T19:00:00+00:00,SPY,2026-07-17,2026-07-17T19:00:00+00:00,last,0.16735141892320288,0.026080156117051945,true,true,true,409,409,3,150.414938,0.005714285714285593,0.9975609756097561,
SPY:2026-07-17T19:05:00+00:00,SPY,2026-07-17,2026-07-17T19:05:00+00:00,last,0.15313472678568216,0.026301959857061574,true,true,true,377,377,3,169.543703,0.005665722379603404,0.9921052631578947,
SPY:2026-07-17T19:10:00+00:00,SPY,2026-07-17,2026-07-17T19:10:00+00:00,last,0.15381553276479054,0.02118572169020777,true,true,true,339,339,3,153.469023,0.005555555555555561,0.9941348973607038,
SPY:2026-07-17T19:15:00+00:00,SPY,2026-07-17,2026-07-17T19:15:00+00:00,last,0.1733970423278399,0.025934273778140615,true,true,true,394,394,3,147.8709045,0.006349206349206354,0.9949494949494949,
SPY:2026-07-17T19:20:00+00:00,SPY,2026-07-17,2026-07-17T19:20:00+00:00,last,0.16963774088081346,0.03050583735939122,true,true,true,479,479,3,156.557575,0.005865102639296193,0.9979166666666667,
SPY:2026-07-17T19:25:00+00:00,SPY,2026-07-17,2026-07-17T19:25:00+00:00,last,0.13949844407380557,0.027019338866360543,true,true,true,428,428,3,147.53086,0.0062848369052732455,0.9953488372093023,
TSLA:2026-07-17T13:35:00+00:00,TSLA,2026-07-17,2026-07-17T13:35:00+00:00,first,0.49655056289266425,-0.030812167919367472,true,true,true,535,535,3,133.848802,0.02976190476190476,1.0,
TSLA:2026-07-17T13:40:00+00:00,TSLA,2026-07-17,2026-07-17T13:40:00+00:00,first,0.5259854726376905,-0.0531995190079213,true,true,true,417,417,3,127.702339,0.024738344433872586,0.9881516587677726,
TSLA:2026-07-17T13:45:00+00:00,TSLA,2026-07-17,2026-07-17T13:45:00+00:00,first,0.5125208605816587,-0.04471230357708755,true,true,true,441,441,3,121.599534,0.02076124567474041,0.997737556561086,
TSLA:2026-07-17T13:50:00+00:00,TSLA,2026-07-17,2026-07-17T13:50:00+00:00,middle,0.5050529775048755,-0.019136328148193438,true,true,true,392,392,3,124.124829,0.021798526966025203,0.9974554707379135,
TSLA:2026-07-17T13:55:00+00:00,TSLA,2026-07-17,2026-07-17T13:55:00+00:00,middle,0.5069273941965662,-0.025345901546076022,true,true,true,360,360,3,133.103374,0.0212278615683084,1.0,
TSLA:2026-07-17T14:00:00+00:00,TSLA,2026-07-17,2026-07-17T14:00:00+00:00,middle,0.500068148927018,-0.018245611415974805,true,true,true,385,385,3,133.723286,0.018461538461538578,0.9974093264248705,
TSLA:2026-07-17T14:05:00+00:00,TSLA,2026-07-17,2026-07-17T14:05:00+00:00,middle,0.5017746109391935,-0.020389776324227338,true,true,true,371,371,3,166.588768,0.0213903743315507,0.9919786096256684,
TSLA:2026-07-17T14:10:00+00:00,TSLA,2026-07-17,2026-07-17T14:10:00+00:00,middle,0.5064152041358685,-0.033658512655541095,true,true,true,322,322,3,145.645699,0.01866256457885884,1.0,
TSLA:2026-07-17T14:15:00+00:00,TSLA,2026-07-17,2026-07-17T14:15:00+00:00,middle,0.5090882297755703,-0.03194059537798877,true,true,true,280,280,3,137.27052650000002,0.018462237623199894,1.0,
TSLA:2026-07-17T14:20:00+00:00,TSLA,2026-07-17,2026-07-17T14:20:00+00:00,middle,0.5152510135366619,-0.03454602563874409,true,true,true,278,278,3,144.8649825,0.01807245311777036,0.9928571428571429,
TSLA:2026-07-17T14:25:00+00:00,TSLA,2026-07-17,2026-07-17T14:25:00+00:00,middle,0.5043179033701977,-0.02148750739692895,true,true,true,293,293,3,161.162542,0.01937984496124031,1.0,
TSLA:2026-07-17T14:30:00+00:00,TSLA,2026-07-17,2026-07-17T14:30:00+00:00,middle,0.5108371787151023,-0.032939047484092265,true,true,true,279,279,3,141.392169,0.018604651162790715,1.0,
TSLA:2026-07-17T14:35:00+00:00,TSLA,2026-07-17,2026-07-17T14:35:00+00:00,middle,0.49177910027397786,-0.010262017879866026,true,true,true,377,377,3,128.627795,0.018761726078799182,0.9973544973544973,
TSLA:2026-07-17T14:40:00+00:00,TSLA,2026-07-17,2026-07-17T14:40:00+00:00,middle,0.49340835566015917,-0.010690277166925277,true,true,true,254,254,3,150.59943149999998,0.016806722689075633,1.0,
TSLA:2026-07-17T14:45:00+00:00,TSLA,2026-07-17,2026-07-17T14:45:00+00:00,middle,0.5183738306370416,-0.03899413312419475,true,true,true,235,235,3,122.019728,0.01861427094105478,0.9832635983263598,
TSLA:2026-07-17T14:50:00+00:00,TSLA,2026-07-17,2026-07-17T14:50:00+00:00,middle,0.49153669568273783,-0.029033342157617326,true,true,true,279,279,3,149.421298,0.02044989775051125,0.9964285714285714,
TSLA:2026-07-17T14:55:00+00:00,TSLA,2026-07-17,2026-07-17T14:55:00+00:00,middle,0.4990740554096922,-0.01874196899607028,true,true,true,240,240,3,154.5689135,0.017699115044247836,0.9876543209876543,
TSLA:2026-07-17T15:00:00+00:00,TSLA,2026-07-17,2026-07-17T15:00:00+00:00,middle,0.5043429745688921,-0.02758025571441647,true,true,true,267,267,3,137.817374,0.01646090534979418,0.996268656716418,
TSLA:2026-07-17T15:05:00+00:00,TSLA,2026-07-17,2026-07-17T15:05:00+00:00,middle,0.5039341240404062,-0.028463000326991006,true,true,true,256,256,3,133.406748,0.017830648579906808,1.0,
TSLA:2026-07-17T15:10:00+00:00,TSLA,2026-07-17,2026-07-17T15:10:00+00:00,middle,0.48411968143480644,-0.022437009198300495,true,true,true,219,219,3,140.514514,0.017391304347826105,1.0,
TSLA:2026-07-17T15:15:00+00:00,TSLA,2026-07-17,2026-07-17T15:15:00+00:00,middle,0.49800966567849364,-0.02392336247721305,true,true,true,227,227,3,160.853482,0.015819209039548088,1.0,
TSLA:2026-07-17T15:20:00+00:00,TSLA,2026-07-17,2026-07-17T15:20:00+00:00,middle,0.49517850149724996,-0.021641659878648578,true,true,true,203,203,3,140.84081,0.01574803149606308,0.9950980392156863,
TSLA:2026-07-17T15:25:00+00:00,TSLA,2026-07-17,2026-07-17T15:25:00+00:00,middle,0.5047606167807244,-0.02800423091848936,true,true,true,222,222,3,118.37036499999999,0.013998320056457663,1.0,
TSLA:2026-07-17T15:30:00+00:00,TSLA,2026-07-17,2026-07-17T15:30:00+00:00,middle,0.49640749314736576,-0.014695149701312193,true,true,true,192,192,3,157.29785900000002,0.01503759398496244,1.0,
TSLA:2026-07-17T15:35:00+00:00,TSLA,2026-07-17,2026-07-17T15:35:00+00:00,middle,0.5174141960480847,-0.0445252567886113,true,true,true,228,228,3,168.93079949999998,0.016771562181357925,0.9956331877729258,
TSLA:2026-07-17T15:40:00+00:00,TSLA,2026-07-17,2026-07-17T15:40:00+00:00,middle,0.4984996530134528,-0.01538816531693199,true,true,true,229,229,3,162.915384,0.016528925619834725,0.9870689655172413,
TSLA:2026-07-17T15:45:00+00:00,TSLA,2026-07-17,2026-07-17T15:45:00+00:00,middle,0.4926641359396277,-0.03244101352369777,true,true,true,203,203,3,143.813558,0.016806722689075643,1.0,
TSLA:2026-07-17T15:50:00+00:00,TSLA,2026-07-17,2026-07-17T15:50:00+00:00,middle,0.4951674001343809,-0.019348371629573258,true,true,true,159,159,3,142.337723,0.016528925619834652,1.0,
TSLA:2026-07-17T15:55:00+00:00,TSLA,2026-07-17,2026-07-17T15:55:00+00:00,middle,0.48262325124765193,-0.02693432775875182,true,true,true,222,222,3,142.6731965,0.01761287235857625,0.9910714285714286,
TSLA:2026-07-17T16:00:00+00:00,TSLA,2026-07-17,2026-07-17T16:00:00+00:00,middle,0.4958856732131727,-0.019386369583018093,true,true,true,235,235,3,148.376378,0.0162601626016261,1.0,
TSLA:2026-07-17T16:05:00+00:00,TSLA,2026-07-17,2026-07-17T16:05:00+00:00,middle,0.5036275885895044,-0.03204199775963268,true,true,true,228,228,3,191.112319,0.01784908334541653,1.0,
TSLA:2026-07-17T16:10:00+00:00,TSLA,2026-07-17,2026-07-17T16:10:00+00:00,middle,0.4968445813706666,-0.009509956424824828,true,true,true,174,174,3,166.592352,0.01601102293239915,0.9886363636363636,
TSLA:2026-07-17T16:15:00+00:00,TSLA,2026-07-17,2026-07-17T16:15:00+00:00,middle,0.4974552867136039,-0.012310442846596104,true,true,true,259,259,3,179.067829,0.01581027667984184,1.0,
TSLA:2026-07-17T16:20:00+00:00,TSLA,2026-07-17,2026-07-17T16:20:00+00:00,middle,0.5052784134021998,-0.027647757961124064,true,true,true,215,215,3,156.516847,0.015915119363395264,0.9953703703703703,
TSLA:2026-07-17T16:25:00+00:00,TSLA,2026-07-17,2026-07-17T16:25:00+00:00,middle,0.5129862796320133,-0.051204626452073465,true,true,true,208,208,3,118.71188599999999,0.014842351645325637,0.9952153110047847,
TSLA:2026-07-17T16:30:00+00:00,TSLA,2026-07-17,2026-07-17T16:30:00+00:00,middle,0.5100415686251819,-0.03611012571063654,true,true,true,164,164,3,157.38842,0.014796569968983753,1.0,
TSLA:2026-07-17T16:35:00+00:00,TSLA,2026-07-17,2026-07-17T16:35:00+00:00,middle,0.5027363875696436,-0.024619283818684445,true,true,true,160,160,3,142.71389299999998,0.015616290412486102,1.0,
TSLA:2026-07-17T16:40:00+00:00,TSLA,2026-07-17,2026-07-17T16:40:00+00:00,middle,0.500631226443015,-0.01572325511226047,true,true,true,166,166,3,154.6295485,0.014354149138922741,1.0,
TSLA:2026-07-17T16:45:00+00:00,TSLA,2026-07-17,2026-07-17T16:45:00+00:00,middle,0.48686492181250085,-0.024702506787307454,true,true,true,160,160,3,147.4984565,0.01569874188261683,0.9937888198757764,
TSLA:2026-07-17T16:50:00+00:00,TSLA,2026-07-17,2026-07-17T16:50:00+00:00,middle,0.5001301749980822,-0.015550178159609351,true,true,true,253,253,3,114.452737,0.015037593984962485,1.0,
TSLA:2026-07-17T16:55:00+00:00,TSLA,2026-07-17,2026-07-17T16:55:00+00:00,middle,0.5054393459109068,-0.029897348563738047,true,true,true,225,225,3,142.414053,0.016528925619834652,1.0,
TSLA:2026-07-17T17:00:00+00:00,TSLA,2026-07-17,2026-07-17T17:00:00+00:00,middle,0.5010070709060579,-0.025162729058734956,true,true,true,158,158,3,148.7150165,0.014320135340658582,1.0,
TSLA:2026-07-17T17:05:00+00:00,TSLA,2026-07-17,2026-07-17T17:05:00+00:00,middle,0.49540617256830627,-0.02263627493651188,true,true,true,202,202,3,152.98263,0.015037593984962445,1.0,
TSLA:2026-07-17T17:10:00+00:00,TSLA,2026-07-17,2026-07-17T17:10:00+00:00,middle,0.4960857398886382,-0.02131327560451618,true,true,true,197,197,3,120.699166,0.013986013986014,0.9949494949494949,
TSLA:2026-07-17T17:15:00+00:00,TSLA,2026-07-17,2026-07-17T17:15:00+00:00,middle,0.5024009066189117,-0.03408572886152561,true,true,true,215,215,3,166.396787,0.01405152224824347,0.9862385321100917,
TSLA:2026-07-17T17:20:00+00:00,TSLA,2026-07-17,2026-07-17T17:20:00+00:00,middle,0.5058338168217167,-0.032316775117091634,true,true,true,195,195,3,143.074228,0.013793103448275773,0.9948979591836735,
TSLA:2026-07-17T17:25:00+00:00,TSLA,2026-07-17,2026-07-17T17:25:00+00:00,middle,0.49546877605925127,-0.007363779860213415,true,true,true,169,169,3,143.385174,0.01526717557251903,0.9883040935672515,
TSLA:2026-07-17T17:30:00+00:00,TSLA,2026-07-17,2026-07-17T17:30:00+00:00,middle,0.49676728161243344,-0.008121205732211312,true,true,true,151,151,3,151.236798,0.015686274509803866,0.993421052631579,
TSLA:2026-07-17T17:35:00+00:00,TSLA,2026-07-17,2026-07-17T17:35:00+00:00,middle,0.48050594567707927,-0.02817447665107975,true,true,true,170,170,3,116.3023415,0.013759482886854458,0.9941520467836257,
TSLA:2026-07-17T17:40:00+00:00,TSLA,2026-07-17,2026-07-17T17:40:00+00:00,middle,0.5060259486304335,-0.0285059529155417,true,true,true,219,219,3,156.860708,0.016393442622950907,0.9909502262443439,
TSLA:2026-07-17T17:45:00+00:00,TSLA,2026-07-17,2026-07-17T17:45:00+00:00,middle,0.48326981250254064,-0.022407691169515354,true,true,true,181,181,3,165.172139,0.0178253119429591,0.9890710382513661,
TSLA:2026-07-17T17:50:00+00:00,TSLA,2026-07-17,2026-07-17T17:50:00+00:00,middle,0.4830804746609889,-0.023814546769358125,true,true,true,172,172,3,152.9746715,0.014337101747173595,0.9942196531791907,
TSLA:2026-07-17T17:55:00+00:00,TSLA,2026-07-17,2026-07-17T17:55:00+00:00,middle,0.4968788354081101,-0.02763956232410658,true,true,true,219,219,3,112.882999,0.014814814814814675,1.0,
TSLA:2026-07-17T18:00:00+00:00,TSLA,2026-07-17,2026-07-17T18:00:00+00:00,middle,0.4976991627942174,-0.022941115380667065,true,true,true,174,174,3,162.150431,0.01685446453934293,1.0,
TSLA:2026-07-17T18:05:00+00:00,TSLA,2026-07-17,2026-07-17T18:05:00+00:00,middle,0.49814306829740107,-0.022423672661699257,true,true,true,179,179,3,147.909016,0.015503875968992192,0.9944444444444445,
TSLA:2026-07-17T18:10:00+00:00,TSLA,2026-07-17,2026-07-17T18:10:00+00:00,middle,0.49835561469287054,-0.020975801623873358,true,true,true,208,208,3,131.2277545,0.012738853503184782,1.0,
TSLA:2026-07-17T18:15:00+00:00,TSLA,2026-07-17,2026-07-17T18:15:00+00:00,middle,0.48282974404759715,-0.02313427164401105,true,true,true,156,156,3,139.62001049999998,0.014726735844649785,1.0,
TSLA:2026-07-17T18:20:00+00:00,TSLA,2026-07-17,2026-07-17T18:20:00+00:00,middle,0.46553082183938105,-0.022711265015221915,true,true,true,196,196,3,170.280179,0.01577005968169764,1.0,
TSLA:2026-07-17T18:25:00+00:00,TSLA,2026-07-17,2026-07-17T18:25:00+00:00,middle,0.49987113698898633,-0.026118265829182974,true,true,true,189,189,3,166.600358,0.01709401709401711,1.0,
TSLA:2026-07-17T18:30:00+00:00,TSLA,2026-07-17,2026-07-17T18:30:00+00:00,middle,0.4956754551236741,-0.018811780922301125,true,true,true,150,150,3,143.3368365,0.015004164696877608,1.0,
TSLA:2026-07-17T18:35:00+00:00,TSLA,2026-07-17,2026-07-17T18:35:00+00:00,middle,0.5010996070985644,-0.026315370899453683,true,true,true,212,212,3,157.19804,0.015464020246706945,1.0,
TSLA:2026-07-17T18:40:00+00:00,TSLA,2026-07-17,2026-07-17T18:40:00+00:00,middle,0.4829287063645833,-0.018141228802688314,true,true,true,177,177,3,158.425189,0.01526717557251903,1.0,
TSLA:2026-07-17T18:45:00+00:00,TSLA,2026-07-17,2026-07-17T18:45:00+00:00,middle,0.4976698075125366,-0.025468389066591657,true,true,true,227,227,3,158.138396,0.016666666666666607,1.0,
TSLA:2026-07-17T18:50:00+00:00,TSLA,2026-07-17,2026-07-17T18:50:00+00:00,middle,0.49784579019103936,-0.026416773281097372,true,true,true,172,172,3,132.49512850000002,0.015307018971071501,1.0,
TSLA:2026-07-17T18:55:00+00:00,TSLA,2026-07-17,2026-07-17T18:55:00+00:00,middle,0.4930595940521695,-0.01580666434536121,true,true,true,170,170,3,117.40290949999999,0.016183419361175067,1.0,
TSLA:2026-07-17T19:00:00+00:00,TSLA,2026-07-17,2026-07-17T19:00:00+00:00,last,0.5003664514880068,-0.02754069313935925,true,true,true,167,167,3,155.390768,0.02004008016032064,1.0,
TSLA:2026-07-17T19:05:00+00:00,TSLA,2026-07-17,2026-07-17T19:05:00+00:00,last,0.49533488915270185,-0.025625447274163382,true,true,true,180,180,3,163.59275200000002,0.01568651574803156,0.989010989010989,
TSLA:2026-07-17T19:10:00+00:00,TSLA,2026-07-17,2026-07-17T19:10:00+00:00,last,0.477932981314782,-0.01878823709232358,true,true,true,165,165,3,153.571474,0.01729106628242079,0.9880239520958084,
TSLA:2026-07-17T19:15:00+00:00,TSLA,2026-07-17,2026-07-17T19:15:00+00:00,last,0.5002727790821864,-0.02741995650493334,true,true,true,193,193,3,144.563266,0.015665796344647556,0.9948453608247423,
TSLA:2026-07-17T19:20:00+00:00,TSLA,2026-07-17,2026-07-17T19:20:00+00:00,last,0.4829969164163061,-0.010582579045936291,true,true,true,196,196,3,172.21533399999998,0.015584836156819874,1.0,
TSLA:2026-07-17T19:25:00+00:00,TSLA,2026-07-17,2026-07-17T19:25:00+00:00,last,0.499521872466907,-0.02278808048581321,true,true,true,156,156,3,164.89327550000002,0.016086253369272233,1.0,
